person_id,label,mp_name,n_speeches,p_hallitus,a_hallitus,b_hallitus,p_oppositio,a_oppositio,b_oppositio,term,rep
1031,hallitus,Alexander Stubb,190,0.554125095342672,0.5682585007514128,0.5399916899339312,0.445874904657328,0.43174149924858707,0.4600083100660689,2015-2019,0
1041,hallitus,Vesa-Matti Saarakkala,77,0.5112467544168628,0.5026891862461981,0.5198043225875277,0.48875324558313715,0.497310813753802,0.4801956774124723,2015-2019,0
1056,hallitus,Kalle Jokinen,135,0.5150224798050321,0.5079141727245796,0.5221307868854846,0.48497752019496787,0.4920858272754204,0.47786921311451536,2015-2019,0
1087,oppositio,Merja Mäkisalo-Ropponen,555,0.458901576436078,0.46018028386137555,0.4576228690107804,0.5410984235639219,0.5398197161386245,0.5423771309892194,2015-2019,0
1088,hallitus,Hanna Mäntylä,82,0.5142699142928115,0.49446061393238433,0.5340792146532387,0.48573008570718845,0.5055393860676156,0.46592078534676135,2015-2019,0
1091,hallitus,Martti Mölsä,74,0.525325742032287,0.5290970018266624,0.5215544822379116,0.474674257967713,0.4709029981733376,0.4784455177620884,2015-2019,0
1093,hallitus,Juho Eerola,67,0.4977981883081658,0.4825121380568948,0.5130842385594369,0.5022018116918341,0.5174878619431051,0.48691576144056314,2015-2019,0
1093,oppositio,Juho Eerola,83,0.49229821822094433,0.48536931589225896,0.4992271205496297,0.5077017817790557,0.514630684107741,0.5007728794503702,2015-2019,0
1094,hallitus,Markku Eestilä,355,0.4942126090081701,0.49623011465785066,0.4921951033584895,0.5057873909918299,0.5037698853421493,0.5078048966415105,2015-2019,0
1096,hallitus,Ritva Elomaa,187,0.5134440082847129,0.5177642094961735,0.5091238070732524,0.4865559917152872,0.4822357905038265,0.49087619292674783,2015-2019,0
1096,oppositio,Ritva Elomaa,199,0.5157483716667755,0.5233524081324976,0.5081443352010533,0.48425162833322466,0.4766475918675025,0.4918556647989468,2015-2019,0
1097,oppositio,Aino-Kaisa Pekonen,197,0.421705380813249,0.4118807295146021,0.4315300321118959,0.5782946191867511,0.5881192704853979,0.5684699678881041,2015-2019,0
1098,hallitus,Jaana Pelkonen,87,0.5112568258580401,0.4939170841677674,0.5285965675483129,0.4887431741419599,0.5060829158322326,0.4714034324516872,2015-2019,0
1099,oppositio,Eeva-Johanna Eloranta,194,0.4361630489208647,0.4604848459761272,0.4118412518656022,0.5638369510791352,0.5395151540238727,0.5881587481343977,2015-2019,0
1101,hallitus,Arto Pirttilahti,168,0.550880028740969,0.556627135027531,0.545132922454407,0.4491199712590309,0.44337286497246886,0.4548670775455929,2015-2019,0
1102,oppositio,Kristiina Salonen,218,0.45064427051844885,0.4707925945116972,0.4304959465252005,0.549355729481551,0.5292074054883027,0.5695040534747994,2015-2019,0
1106,hallitus,Mikko Savola,230,0.5531998428141369,0.5541356653767255,0.5522640202515483,0.4468001571858632,0.44586433462327457,0.4477359797484518,2015-2019,0
1107,hallitus,Teuvo Hakkarainen,211,0.5396061798182261,0.5520581894265668,0.5271541702098853,0.4603938201817739,0.4479418105734331,0.4728458297901147,2015-2019,0
1107,oppositio,Teuvo Hakkarainen,86,0.531944515282573,0.5197985619362384,0.5440904686289078,0.46805548471742686,0.48020143806376164,0.455909531371092,2015-2019,0
1108,hallitus,Juha Sipilä,663,0.5616780783449917,0.5603006953395387,0.5630554613504448,0.43832192165500816,0.43969930466046125,0.43694453864955507,2015-2019,0
1111,hallitus,Eero Suutari,195,0.5159456501711748,0.5308525641105386,0.5010387362318108,0.48405434982882534,0.4691474358894614,0.4989612637681892,2015-2019,0
1114,oppositio,Jani Toivola,95,0.5077459888928365,0.5071647579313239,0.5083272198543491,0.4922540111071636,0.49283524206867624,0.4916727801456509,2015-2019,0
1116,hallitus,Maria Tolppanen,115,0.5185533255818893,0.5254830258900328,0.5116236252737456,0.48144667441811073,0.4745169741099672,0.48837637472625434,2015-2019,0
1116,oppositio,Maria Tolppanen,318,0.5021522919517589,0.5137210956332208,0.49058348827029696,0.49784770804824113,0.48627890436677923,0.509416511729703,2015-2019,0
1118,hallitus,Kari Tolvanen,103,0.5115773019209326,0.5181899851371373,0.5049646187047279,0.48842269807906746,0.4818100148628627,0.4950353812952722,2015-2019,0
1119,hallitus,Reijo Hongisto,164,0.50234271087678,0.50319276276567,0.5014926589878898,0.49765728912322016,0.49680723723433007,0.49850734101211025,2015-2019,0
1121,oppositio,Lauri Ihalainen,154,0.5024883371648088,0.5131369911185898,0.4918396832110279,0.4975116628351912,0.4868630088814102,0.5081603167889722,2015-2019,0
1122,oppositio,Olli Immonen,51,0.4871307797795362,0.4815354721125412,0.4927260874465313,0.5128692202204637,0.5184645278874588,0.5072739125534687,2015-2019,0
1124,hallitus,Ari Jalonen,195,0.5219174062885279,0.5173954502245062,0.5264393623525496,0.47808259371147205,0.48260454977549383,0.47356063764745027,2015-2019,0
1126,oppositio,Tytti Tuppurainen,221,0.5117254578881701,0.5093272054115375,0.5141237103648028,0.48827454211182986,0.49067279458846247,0.48587628963519724,2015-2019,0
1128,hallitus,Kaj Turunen,288,0.5085594052930543,0.5267917322197957,0.490327078366313,0.4914405947069457,0.4732082677802043,0.509672921633687,2015-2019,0
1129,hallitus,Arja Juvonen,189,0.5187335123343071,0.5223028599019373,0.515164164766677,0.4812664876656928,0.4776971400980627,0.48483583523332285,2015-2019,0
1129,oppositio,Arja Juvonen,237,0.48421158543734766,0.48793619225170354,0.48048697862299183,0.5157884145626525,0.5120638077482966,0.5195130213770083,2015-2019,0
1133,oppositio,Mika Kari,366,0.4806495292048867,0.4886658023282317,0.4726332560815417,0.5193504707951132,0.5113341976717682,0.5273667439184582,2015-2019,0
1136,oppositio,Ville Vähämäki,79,0.4910826807854617,0.487928685691163,0.49423667587976033,0.5089173192145384,0.512071314308837,0.5057633241202397,2015-2019,0
1137,hallitus,Pauli Kiuru,339,0.5252681508121574,0.533106079002223,0.5174302226220918,0.4747318491878426,0.46689392099777705,0.4825697773779082,2015-2019,0
1141,oppositio,Peter Östman,321,0.4792297813208424,0.479511842477579,0.47894772016410575,0.5207702186791576,0.520488157522421,0.5210522798358943,2015-2019,0
1142,hallitus,Jukka Kopra,159,0.5235198510489216,0.5185087064540258,0.5285309956438173,0.4764801489510785,0.48149129354597414,0.4714690043561829,2015-2019,0
1144,oppositio,Suna Kymäläinen,198,0.48571477460315593,0.4665624559595495,0.5048670932467624,0.5142852253968442,0.5334375440404506,0.4951329067532376,2015-2019,0
1147,oppositio,Antti Lindtman,600,0.4417662368222824,0.4565158558238796,0.4270166178206852,0.5582337631777177,0.5434841441761205,0.5729833821793148,2015-2019,0
1149,hallitus,Markus Lohi,230,0.4789938727872479,0.4674452789298388,0.49054246664465706,0.521006127212752,0.5325547210701612,0.5094575333553428,2015-2019,0
1150,hallitus,Anne Louhelainen,79,0.526261218165351,0.5209311546162894,0.5315912817144126,0.4737387818346491,0.4790688453837107,0.4684087182855875,2015-2019,0
1152,hallitus,Pirkko Mattila,261,0.5346560170176717,0.5621776419068387,0.5071343921285048,0.46534398298232815,0.43782235809316106,0.4928656078714953,2015-2019,0
1153,oppositio,Silvia Modig,205,0.48087718696097626,0.4856152608961054,0.4761391130258471,0.5191228130390237,0.5143847391038946,0.5238608869741528,2015-2019,0
1154,oppositio,Jari Myllykoski,720,0.5210219507371772,0.5379097407195343,0.50413416075482,0.47897804926282284,0.4620902592804656,0.4958658392451801,2015-2019,0
1157,hallitus,Annika Saarikko,536,0.5019833981271246,0.5047352961542712,0.499231500099978,0.4980166018728755,0.49526470384572896,0.500768499900022,2015-2019,0
116,oppositio,Jukka Gustafsson,316,0.4820924750967427,0.49044904055211064,0.4737359096413747,0.5179075249032574,0.5095509594478893,0.5262640903586254,2015-2019,0
118,oppositio,Pekka Haavisto,145,0.5010753681243838,0.49441162651819415,0.5077391097305733,0.4989246318756163,0.5055883734818059,0.4922608902694267,2015-2019,0
1202,oppositio,Nasima Razmyar,86,0.5070586262424367,0.526485864324713,0.4876313881601604,0.4929413737575633,0.47351413567528694,0.5123686118398396,2015-2019,0
1217,oppositio,Carl Haglund,50,0.4480949020138959,0.43018476470308664,0.4660050393247051,0.5519050979861042,0.5698152352969134,0.533994960675295,2015-2019,0
1219,hallitus,Saara-Sofia Sirén,80,0.5284870292703743,0.5184473591894888,0.5385266993512596,0.47151297072962584,0.48155264081051136,0.46147330064874037,2015-2019,0
127,hallitus,Sirkka-Liisa Anttila,153,0.5202496585334613,0.5165865014492356,0.5239128156176871,0.47975034146653867,0.4834134985507645,0.47608718438231284,2015-2019,0
1276,oppositio,Katja Hänninen,176,0.4597313355164193,0.46526216175046614,0.45420050928237254,0.5402686644835808,0.5347378382495338,0.5457994907176277,2015-2019,0
1282,hallitus,Wille Rydman,95,0.5067202992597081,0.5026289037478417,0.5108116947715744,0.49327970074029187,0.4973710962521583,0.48918830522842544,2015-2019,0
1297,oppositio,Sanna Marin,228,0.44652931556656,0.4482975124652529,0.4447611186678671,0.55347068443344,0.5517024875347472,0.5552388813321328,2015-2019,0
1298,oppositio,Krista Mikkonen,465,0.48117824324229663,0.4849918205741336,0.4773646659104597,0.5188217567577034,0.5150081794258664,0.5226353340895403,2015-2019,0
1299,hallitus,Sari Multala,174,0.5210893763365111,0.521798463708944,0.5203802889640782,0.4789106236634888,0.47820153629105605,0.4796197110359216,2015-2019,0
1300,hallitus,Kai Mykkänen,218,0.5449132822326362,0.5362214427002657,0.5536051217650068,0.45508671776736387,0.4637785572997344,0.44639487823499335,2015-2019,0
1301,hallitus,Jani Mäkelä,278,0.4950637418773965,0.48340913401687746,0.5067183497379155,0.5049362581226035,0.5165908659831225,0.4932816502620844,2015-2019,0
1301,oppositio,Jani Mäkelä,328,0.4952571198251971,0.49287365640252945,0.49764058324786475,0.5047428801748028,0.5071263435974706,0.5023594167521352,2015-2019,0
1302,oppositio,Ilmari Nurminen,131,0.4431890983185174,0.45280071671946953,0.43357747991756523,0.5568109016814826,0.5471992832805304,0.5664225200824348,2015-2019,0
1304,oppositio,Olli-Poika Parviainen,260,0.48633547056824233,0.4897663033287122,0.48290463780777254,0.5136645294317577,0.5102336966712879,0.5170953621922274,2015-2019,0
1305,hallitus,Juha Pylväs,69,0.5473450320751418,0.5455988235458215,0.5490912406044621,0.45265496792485815,0.45440117645417855,0.4509087593955378,2015-2019,0
1306,oppositio,Anders Adlercreutz,203,0.4881220570870166,0.4848629011761162,0.491381212997917,0.5118779429129834,0.5151370988238838,0.5086187870020831,2015-2019,0
1308,oppositio,Jari Ronkainen,71,0.4869949077304162,0.4741753782522114,0.49981443720862107,0.5130050922695837,0.5258246217477885,0.5001855627913788,2015-2019,0
1309,hallitus,Veera Ruoho,174,0.5035659852789371,0.5055992537317093,0.501532716826165,0.49643401472106286,0.4944007462682906,0.49846728317383515,2015-2019,0
1310,oppositio,Li Andersson,699,0.4611130099750169,0.4488898043332014,0.4733362156168324,0.5388869900249831,0.5511101956667985,0.5266637843831676,2015-2019,0
1311,oppositio,Joona Räsänen,328,0.49325203884867885,0.48332429656219933,0.5031797811351584,0.5067479611513213,0.5166757034378007,0.49682021886484173,2015-2019,0
1312,oppositio,Hanna Sarkkinen,440,0.4785114048251665,0.4941737241288175,0.4628490855215156,0.5214885951748335,0.5058262758711825,0.5371509144784845,2015-2019,0
1313,hallitus,Anne Berner,250,0.5289074100864577,0.5259034591616153,0.5319113610113,0.47109258991354236,0.4740965408383847,0.4680886389887,2015-2019,0
1314,hallitus,Sami Savio,185,0.532263537578266,0.5426843000265635,0.5218427751299687,0.46773646242173383,0.45731569997343646,0.47815722487003126,2015-2019,0
1314,oppositio,Sami Savio,303,0.48043413743686714,0.46723638211327206,0.49363189276046215,0.5195658625631328,0.5327636178867279,0.5063681072395377,2015-2019,0
1315,oppositio,Matti Semi,222,0.519001751520286,0.5216885753747588,0.5163149276658132,0.48099824847971406,0.47831142462524123,0.48368507233418684,2015-2019,0
1317,hallitus,Simon Elo,444,0.5161948728926624,0.5292585538776723,0.5031311919076527,0.4838051271073376,0.4707414461223277,0.49686880809234746,2015-2019,0
1318,oppositio,Joakim Strand,79,0.5014709904879087,0.5055366333079585,0.4974053476678589,0.49852900951209134,0.49446336669204144,0.5025946523321412,2015-2019,0
1319,oppositio,Satu Taavitsainen,268,0.4676001155578522,0.460118715332388,0.47508151578331637,0.5323998844421478,0.5398812846676119,0.5249184842166837,2015-2019,0
1321,hallitus,Martti Talja,119,0.5149242189170304,0.509212300944866,0.5206361368891947,0.48507578108296967,0.49078769905513403,0.47936386311080526,2015-2019,0
1322,hallitus,Pertti Hakanen,140,0.516156054846124,0.5099271881162989,0.5223849215759492,0.48384394515387597,0.4900728118837011,0.4776150784240508,2015-2019,0
1323,hallitus,Mari-Leena Talvitie,117,0.5439714280826045,0.5433210701274003,0.5446217860378088,0.4560285719173956,0.4566789298725998,0.4553782139621914,2015-2019,0
1324,oppositio,Hanna Halmeenpää,332,0.5123757658657851,0.5078131012102675,0.5169384305213028,0.4876242341342149,0.49218689878973254,0.4830615694786973,2015-2019,0
1325,oppositio,Sari Tanus,390,0.4972504043764362,0.4814174646223659,0.5130833441305065,0.5027495956235637,0.518582535377634,0.4869166558694934,2015-2019,0
1327,hallitus,Ville Tavio,55,0.5130184695364295,0.518209336373576,0.507827602699283,0.48698153046357046,0.4817906636264239,0.492172397300717,2015-2019,0
1327,oppositio,Ville Tavio,128,0.4680440323180669,0.46932752757945345,0.4667605370566803,0.5319559676819332,0.5306724724205466,0.5332394629433198,2015-2019,0
1333,hallitus,Laura Huhtasaari,121,0.4804654549462335,0.46832757490891697,0.49260333498355,0.5195345450537665,0.531672425091083,0.50739666501645,2015-2019,0
1333,oppositio,Laura Huhtasaari,147,0.4899397512147321,0.47596184600397945,0.5039176564254847,0.5100602487852679,0.5240381539960206,0.4960823435745153,2015-2019,0
1334,hallitus,Antti Häkkänen,201,0.5474335905297043,0.5363450045304047,0.5585221765290039,0.4525664094702957,0.4636549954695954,0.44147782347099607,2015-2019,0
1337,hallitus,Susanna Koski,50,0.5225229708001635,0.5160149535356615,0.5290309880646655,0.4774770291998364,0.48398504646433843,0.4709690119353344,2015-2019,0
1338,hallitus,Hanna Kosonen,157,0.5091344919873861,0.5154210787760313,0.5028479051987409,0.4908655080126139,0.48457892122396873,0.4971520948012591,2015-2019,0
1339,hallitus,Kari Kulmala,415,0.5759242061092886,0.5817491186892313,0.570099293529346,0.4240757938907113,0.4182508813107687,0.4299007064706539,2015-2019,0
1340,hallitus,Katri Kulmuni,280,0.5272764008087605,0.5296902684399335,0.5248625331775874,0.47272359919123963,0.4703097315600666,0.4751374668224126,2015-2019,0
1341,hallitus,Antti Kurvinen,265,0.517311584616329,0.507416474127034,0.527206695105624,0.4826884153836709,0.49258352587296594,0.47279330489437593,2015-2019,0
1342,hallitus,Jaana Laitinen-Pesola,49,0.5160916150846099,0.5098349674368707,0.522348262732349,0.48390838491539,0.4901650325631291,0.4776517372676509,2015-2019,0
1343,oppositio,Antero Laukkanen,602,0.5022538231338864,0.5088791922062169,0.49562845406155603,0.4977461768661135,0.4911208077937831,0.5043715459384439,2015-2019,0
1344,hallitus,Rami Lehto,46,0.5334489201947517,0.5318725844882655,0.5350252559012377,0.46655107980524846,0.4681274155117346,0.46497474409876227,2015-2019,0
1344,oppositio,Rami Lehto,80,0.47117964969923587,0.47482489497707075,0.46753440442140093,0.5288203503007641,0.5251751050229292,0.5324655955785991,2015-2019,0
1346,oppositio,Touko Aalto,490,0.4837560330338554,0.47817087104467487,0.48934119502303586,0.5162439669661446,0.5218291289553252,0.510658804976964,2015-2019,0
1347,hallitus,Sampo Terho,212,0.5203306205788081,0.5228153382724485,0.5178459028851677,0.4796693794211919,0.47718466172755153,0.4821540971148323,2015-2019,0
1348,hallitus,Mikko Kärnä,199,0.502641621973997,0.48859963694258124,0.5166836070054127,0.497358378026003,0.5114003630574188,0.4833163929945873,2015-2019,0
1349,hallitus,Leena Meri,286,0.4897630625481598,0.48304571521712747,0.4964804098791921,0.5102369374518403,0.5169542847828726,0.5035195901208079,2015-2019,0
1349,oppositio,Leena Meri,277,0.49405551107830403,0.49704027708644416,0.4910707450701639,0.505944488921696,0.502959722913556,0.5089292549298361,2015-2019,0
1372,hallitus,Matti Torvinen,57,0.49122530184691177,0.4889950501368149,0.49345555355700865,0.5087746981530883,0.5110049498631852,0.5065444464429915,2015-2019,0
1374,oppositio,Veronica Rehn-Kivi,68,0.4663846052473637,0.46482402506915965,0.4679451854255678,0.5336153947526362,0.5351759749308402,0.5320548145744322,2015-2019,0
1378,oppositio,Pilvi Torsti,94,0.47717972848294066,0.4865887321821269,0.4677707247837544,0.5228202715170593,0.513411267817873,0.5322292752162456,2015-2019,0
1379,hallitus,Mia Laiho,71,0.5054094911745908,0.5103017569232924,0.5005172254258893,0.4945905088254091,0.4896982430767077,0.4994827745741106,2015-2019,0
1382,hallitus,Hanna-Leena Mattila,40,0.49406041666788103,0.5009499544539369,0.48717087888182514,0.505939583332119,0.499050045546063,0.5128291211181748,2015-2019,0
157,hallitus,Kauko Juhantalo,109,0.5134322486160794,0.5143540927229224,0.5125104045092364,0.4865677513839206,0.4856459072770776,0.4874895954907636,2015-2019,0
202,hallitus,Seppo Kääriäinen,117,0.520176811755476,0.5218212247902632,0.5185323987206889,0.4798231882445239,0.47817877520973673,0.4814676012793111,2015-2019,0
214,hallitus,Lea Mäkipää,263,0.509433743630904,0.5227304334097208,0.4961370538520871,0.490566256369096,0.47726956659027914,0.5038629461479129,2015-2019,0
242,hallitus,Pekka Puska,93,0.5016847104642194,0.5069935296305289,0.4963758912979099,0.49831528953578064,0.49300647036947104,0.5036241087020902,2015-2019,0
259,hallitus,Pertti Salolainen,126,0.506196433592499,0.5074977931708314,0.5048950740141666,0.493803566407501,0.49250220682916857,0.49510492598583344,2015-2019,0
301,hallitus,Ben Zyskowicz,691,0.48624568758299475,0.4712059218838812,0.5012854532821083,0.5137543124170053,0.5287940781161188,0.4987145467178918,2015-2019,0
351,oppositio,Eva Biaudet,172,0.4685395329132871,0.46916913891834183,0.4679099269082324,0.5314604670867129,0.5308308610816582,0.5320900730917675,2015-2019,0
356,hallitus,Olli Rehn,96,0.5848050194788733,0.5813008838191492,0.5883091551385974,0.4151949805211267,0.41869911618085076,0.41169084486140256,2015-2019,0
357,oppositio,Erkki Tuomioja,60,0.5096773871380365,0.4948100817965021,0.5245446924795709,0.49032261286196355,0.5051899182034979,0.4754553075204292,2015-2019,0
363,oppositio,Satu Hassi,411,0.4940203252243405,0.470117278340751,0.5179233721079299,0.5059796747756596,0.5298827216592491,0.48207662789207023,2015-2019,0
375,hallitus,Markku Rossi,184,0.4995312551213324,0.5139635739361641,0.4850989363065007,0.5004687448786675,0.48603642606383585,0.5149010636934993,2015-2019,0
402,hallitus,Timo Kalli,153,0.5335521353521342,0.5395748096667222,0.527529461037546,0.4664478646478658,0.4604251903332778,0.4724705389624539,2015-2019,0
414,hallitus,Matti Vanhanen,130,0.5296294374785633,0.5055445053272363,0.5537143696298903,0.4703705625214367,0.4944554946727638,0.4462856303701096,2015-2019,0
451,oppositio,Tarja Filatov,345,0.4899719785614485,0.4873059946205488,0.4926379625023481,0.5100280214385517,0.5126940053794513,0.5073620374976521,2015-2019,0
479,oppositio,Annika Lapintie,64,0.4676283424935226,0.45935679648362493,0.47589988850342024,0.5323716575064774,0.5406432035163751,0.5241001114965796,2015-2019,0
499,oppositio,Päivi Räsänen,490,0.4862255162831573,0.4977792451740588,0.4746717873922558,0.5137744837168428,0.5022207548259412,0.5253282126077443,2015-2019,0
507,oppositio,Kari Uotila,288,0.48654182936275286,0.4728826554542528,0.5002010032712529,0.5134581706372472,0.5271173445457473,0.499798996728747,2015-2019,0
508,hallitus,Anu Vehviläinen,242,0.5573444663227356,0.560979875415533,0.5537090572299382,0.4426555336772644,0.43902012458446704,0.44629094277006176,2015-2019,0
511,oppositio,Pia Viitanen,1007,0.4472093085739456,0.44714092808023853,0.4472776890676526,0.5527906914260545,0.5528590719197616,0.5527223109323474,2015-2019,0
538,oppositio,Tuula Haatainen,214,0.4724405102955561,0.4655210750214084,0.4793599455697038,0.527559489704444,0.5344789249785916,0.5206400544302963,2015-2019,0
541,hallitus,Juha Rehula,387,0.5305492068942766,0.5228245246275787,0.5382738891609746,0.46945079310572335,0.4771754753724212,0.4617261108390254,2015-2019,0
565,oppositio,Susanna Huovinen,121,0.473211607319472,0.47422564109540516,0.47219757354353875,0.5267883926805281,0.5257743589045949,0.5278024264564614,2015-2019,0
573,hallitus,Niilo Keränen,63,0.5172441345740034,0.5104210197403687,0.5240672494076382,0.4827558654259966,0.48957898025963137,0.47593275059236184,2015-2019,0
582,hallitus,Jari Leppä,177,0.5693324730081679,0.5716448544531867,0.5670200915631491,0.430667526991832,0.4283551455468132,0.4329799084368508,2015-2019,0
592,hallitus,Antti Rantakangas,139,0.5245232331690087,0.5068260364824468,0.5422204298555706,0.47547676683099127,0.49317396351755327,0.45777957014442927,2015-2019,0
609,oppositio,Harry Wallin,115,0.50946048954579,0.506805945085411,0.5121150340061691,0.49053951045420985,0.49319405491458895,0.4878849659938308,2015-2019,0
612,hallitus,Sari Sarkomaa,271,0.47945561954161897,0.4833389325975378,0.47557230648570015,0.5205443804583809,0.5166610674024621,0.5244276935142999,2015-2019,0
768,oppositio,Eero Heinäluoma,727,0.48583590310385816,0.48390304064130596,0.48776876556641036,0.5141640968961418,0.5160969593586939,0.5122312344335898,2015-2019,0
769,oppositio,Mikaela Nylander,122,0.4516581944258383,0.4449790330198928,0.4583373558317839,0.5483418055741616,0.5550209669801072,0.541662644168216,2015-2019,0
771,oppositio,Jyrki Kasvi,130,0.50441487292716,0.4950598115247158,0.5137699343296042,0.49558512707284,0.5049401884752842,0.48623006567039584,2015-2019,0
772,hallitus,Antti Kaikkonen,128,0.515190115962133,0.5190925653055459,0.5112876666187203,0.48480988403786685,0.48090743469445396,0.4887123333812797,2015-2019,0
778,oppositio,Sari Essayah,636,0.5024482245482862,0.5037971767156522,0.5010992723809203,0.4975517754517137,0.4962028232843478,0.49890072761907966,2015-2019,0
779,hallitus,Esko Kiviranta,232,0.5500126777913981,0.5375340118688443,0.5624913437139517,0.4499873222086021,0.4624659881311558,0.4375086562860484,2015-2019,0
784,hallitus,Arto Satonen,183,0.5139709417985101,0.5203185712852145,0.5076233123118056,0.48602905820148984,0.47968142871478525,0.4923766876881944,2015-2019,0
786,hallitus,Mikko Alatalo,108,0.5454308029753425,0.5418232213554113,0.5490383845952738,0.4545691970246576,0.45817677864458883,0.45096161540472635,2015-2019,0
790,hallitus,Kimmo Tiilikainen,338,0.5407135932246048,0.5365998997199322,0.5448272867292774,0.4592864067753951,0.4634001002800677,0.4551727132707225,2015-2019,0
791,oppositio,Anneli Kiljunen,405,0.4537830198319718,0.45323988503374785,0.45432615463019577,0.5462169801680283,0.5467601149662522,0.5456738453698045,2015-2019,0
796,hallitus,Eero Reijonen,62,0.5569370176316691,0.5568865664383074,0.5569874688250309,0.44306298236833086,0.44311343356169264,0.44301253117496914,2015-2019,0
797,hallitus,Hannu Hoskonen,971,0.5675585263311536,0.5833615415988846,0.5517555110634225,0.43244147366884644,0.41663845840111524,0.4482444889365776,2015-2019,0
800,hallitus,Tapani Tölli,69,0.5171551315463128,0.5309427484935865,0.5033675145990391,0.48284486845368724,0.4690572515064135,0.49663248540096105,2015-2019,0
802,oppositio,Markus Mustajärvi,190,0.49260586429916386,0.5018888299903692,0.4833228986079585,0.507394135700836,0.49811117000963073,0.5166771013920414,2015-2019,0
805,hallitus,Lasse Hautala,135,0.5589510270221523,0.5643884111511362,0.5535136428931683,0.4410489729778477,0.43561158884886364,0.4464863571068317,2015-2019,0
808,oppositio,Jutta Urpilainen,40,0.4810657959480663,0.4751474173517728,0.4869841745443598,0.5189342040519338,0.5248525826482273,0.5130158254556402,2015-2019,0
809,hallitus,Paula Risikko,151,0.5332755610625465,0.5326399778121129,0.53391114431298,0.4667244389374535,0.46736002218788714,0.46608885568701997,2015-2019,0
887,oppositio,Sirpa Paatero,286,0.5175021547836032,0.523893834895139,0.5111104746720675,0.4824978452163967,0.47610616510486103,0.48888952532793245,2015-2019,0
910,oppositio,Stefan Wallin,130,0.48388650676636147,0.47390717042059843,0.49386584311212445,0.5161134932336386,0.5260928295794016,0.5061341568878756,2015-2019,0
913,hallitus,Eerikki Viljanen,155,0.5537962166948158,0.5538596430135845,0.5537327903760472,0.4462037833051842,0.44614035698641547,0.4462672096239529,2015-2019,0
914,oppositio,Outi Alanko-Kahiluoto,341,0.4167988716444144,0.42074050373362387,0.412857239555205,0.5832011283555856,0.5792594962663761,0.587142760444795,2015-2019,0
917,oppositio,Paavo Arhinmäki,429,0.4534393589165363,0.46256413734228446,0.4443145804907882,0.5465606410834637,0.5374358626577156,0.5556854195092118,2015-2019,0
921,oppositio,Johanna Karimäki,347,0.4588973503457173,0.44361931960917644,0.47417538108225815,0.5411026496542827,0.5563806803908236,0.5258246189177418,2015-2019,0
923,oppositio,Thomas Blomqvist,46,0.4566972756919936,0.46747565980789985,0.4459188915760873,0.5433027243080064,0.5325243401921002,0.5540811084239127,2015-2019,0
925,hallitus,Markku Pakkanen,354,0.5245847138959465,0.5351846396288581,0.5139847881630348,0.4754152861040535,0.4648153603711419,0.48601521183696506,2015-2019,0
926,oppositio,Maria Guzenina,134,0.46214630927910505,0.45669761902870487,0.4675949995295053,0.537853690720895,0.5433023809712951,0.5324050004704948,2015-2019,0
935,hallitus,Eero Lehti,155,0.5029432923341212,0.49478605612162535,0.5111005285466169,0.4970567076658788,0.5052139438783745,0.4888994714533831,2015-2019,0
938,hallitus,Hannakaisa Heikkinen,294,0.4858626101793656,0.49627283780053927,0.4754523825581919,0.5141373898206345,0.5037271621994608,0.5245476174418082,2015-2019,0
939,hallitus,Elsi Katainen,117,0.497384770944864,0.5086790565230243,0.4860904853667038,0.502615229055136,0.4913209434769759,0.5139095146332961,2015-2019,0
940,hallitus,Outi Mäkelä,133,0.5079623246881215,0.5284144396468189,0.48751020972942405,0.4920376753118785,0.47158556035318105,0.5124897902705758,2015-2019,0
941,oppositio,Anna-Maja Henriksson,220,0.47257827159510357,0.4525612954496099,0.4925952477405973,0.5274217284048964,0.5474387045503901,0.5074047522594027,2015-2019,0
943,oppositio,Mats Nylund,57,0.4970767770157374,0.5002633439084774,0.49389021012299744,0.5029232229842627,0.4997366560915227,0.5061097898770027,2015-2019,0
946,hallitus,Tuomo Puumala,142,0.511440193403264,0.4970920868725798,0.5257882999339483,0.48855980659673603,0.5029079131274202,0.47421170006605184,2015-2019,0
947,hallitus,Petteri Orpo,618,0.5259018645852966,0.5203822594038069,0.5314214697667864,0.47409813541470347,0.4796177405961933,0.4685785302332136,2015-2019,0
948,hallitus,Anne-Mari Virolainen,76,0.5125466365085567,0.4948318257253933,0.5302614472917202,0.4874533634914432,0.5051681742746066,0.46973855270827986,2015-2019,0
953,hallitus,Anne Kalmari,233,0.5124798642728919,0.4934551940800004,0.5315045344657835,0.48752013572710795,0.5065448059199995,0.4684954655342164,2015-2019,0
956,oppositio,Ville Niinistö,331,0.4755095535031494,0.4753124461798047,0.475706660826494,0.5244904464968505,0.5246875538201952,0.524293339173506,2015-2019,0
959,hallitus,Timo V. Korhonen,212,0.5445578809596028,0.5424886190983398,0.5466271428208659,0.45544211904039716,0.4575113809016602,0.4533728571791341,2015-2019,0
960,oppositio,Krista Kiuru,488,0.4691492539819134,0.48140116192174176,0.456897346042085,0.5308507460180867,0.5185988380782582,0.543102653957915,2015-2019,0
962,hallitus,Mirja Vehkaperä,132,0.5622699236975385,0.5555138998057814,0.5690259475892956,0.4377300763024615,0.44448610019421875,0.43097405241070436,2015-2019,0
967,hallitus,Timo Heinonen,926,0.5108406006986286,0.5064784673578708,0.5152027340393862,0.48915939930137153,0.4935215326421292,0.4847972659606139,2015-2019,0
971,oppositio,Johanna Ojala-Niemelä,255,0.4711098455256626,0.46141121830572845,0.48080847274559674,0.5288901544743375,0.5385887816942716,0.5191915272544034,2015-2019,0
972,hallitus,Harri Jaskari,136,0.5143796416877431,0.5110860384995061,0.5176732448759802,0.48562035831225686,0.48891396150049393,0.4823267551240198,2015-2019,0
1031,hallitus,Alexander Stubb,190,0.5344133518350007,0.5153822100091145,0.5534444936608868,0.46558664816499934,0.4846177899908855,0.4465555063391132,2015-2019,1
1041,hallitus,Vesa-Matti Saarakkala,77,0.4825275362399984,0.4865374587984069,0.4785176136815899,0.5174724637600017,0.5134625412015932,0.5214823863184102,2015-2019,1
1056,hallitus,Kalle Jokinen,135,0.5162756095049744,0.5038495704558761,0.5287016485540728,0.4837243904950256,0.4961504295441239,0.4712983514459273,2015-2019,1
1087,oppositio,Merja Mäkisalo-Ropponen,555,0.4629751429715564,0.45603758333310684,0.4699127026100059,0.5370248570284437,0.5439624166668933,0.5300872973899942,2015-2019,1
1091,hallitus,Martti Mölsä,74,0.5261091567112657,0.5255047407678672,0.526713572654664,0.4738908432887343,0.4744952592321326,0.473286427345336,2015-2019,1
1092,hallitus,Mika Niikko,198,0.5130255281954677,0.5133048237417601,0.5127462326491753,0.48697447180453224,0.48669517625823977,0.4872537673508247,2015-2019,1
1092,oppositio,Mika Niikko,168,0.4856930374017794,0.48743699003324464,0.4839490847703141,0.5143069625982206,0.5125630099667553,0.5160509152296859,2015-2019,1
1094,hallitus,Markku Eestilä,355,0.5198580583296676,0.5359511184555293,0.5037649982038058,0.4801419416703325,0.46404888154447077,0.4962350017961942,2015-2019,1
1096,hallitus,Ritva Elomaa,187,0.49552982442012805,0.48971660165880343,0.5013430471814526,0.504470175579872,0.5102833983411966,0.4986569528185473,2015-2019,1
1096,oppositio,Ritva Elomaa,199,0.47279596479521385,0.46090401566960815,0.48468791392081956,0.5272040352047862,0.5390959843303919,0.5153120860791804,2015-2019,1
1097,oppositio,Aino-Kaisa Pekonen,197,0.4232319993627168,0.42308859367848284,0.4233754050469508,0.5767680006372833,0.5769114063215172,0.5766245949530493,2015-2019,1
1098,hallitus,Jaana Pelkonen,87,0.5076500971117667,0.497074703834421,0.5182254903891124,0.4923499028882333,0.502925296165579,0.4817745096108877,2015-2019,1
1099,oppositio,Eeva-Johanna Eloranta,194,0.475378587329468,0.4651747412533497,0.4855824334055863,0.524621412670532,0.5348252587466504,0.5144175665944136,2015-2019,1
1100,hallitus,Sanni Grahn-Laasonen,466,0.5089815600851179,0.48726778771994966,0.5306953324502861,0.4910184399148822,0.5127322122800504,0.469304667549714,2015-2019,1
1102,oppositio,Kristiina Salonen,218,0.4694427581592905,0.4473148064545779,0.4915707098640031,0.5305572418407095,0.5526851935454221,0.5084292901359969,2015-2019,1
1106,hallitus,Mikko Savola,230,0.5553945865562827,0.5412084663827645,0.5695807067298009,0.4446054134437174,0.45879153361723557,0.4304192932701992,2015-2019,1
1107,hallitus,Teuvo Hakkarainen,211,0.47197221525556443,0.4791853335490369,0.4647590969620919,0.5280277847444357,0.5208146664509631,0.5352409030379082,2015-2019,1
1107,oppositio,Teuvo Hakkarainen,86,0.48095649002482266,0.48353740630150466,0.47837557374814066,0.5190435099751773,0.5164625936984953,0.5216244262518593,2015-2019,1
1111,hallitus,Eero Suutari,195,0.5259777697885448,0.51863112038219,0.5333244191948998,0.47402223021145506,0.48136887961781005,0.46667558080510013,2015-2019,1
1114,oppositio,Jani Toivola,95,0.46461047415023193,0.46704031558682024,0.46218063271364357,0.5353895258497681,0.5329596844131796,0.5378193672863564,2015-2019,1
1116,hallitus,Maria Tolppanen,115,0.5378419442457388,0.5471133252367404,0.5285705632547373,0.46215805575426105,0.4528866747632595,0.4714294367452626,2015-2019,1
1116,oppositio,Maria Tolppanen,318,0.4937963093900921,0.5062506225512429,0.4813419962289413,0.5062036906099079,0.4937493774487571,0.5186580037710586,2015-2019,1
1118,hallitus,Kari Tolvanen,103,0.5149049842993136,0.5151121042469792,0.5146978643516482,0.48509501570068625,0.4848878957530206,0.48530213564835184,2015-2019,1
1119,hallitus,Reijo Hongisto,164,0.5325218551004905,0.538232942283566,0.5268107679174151,0.4674781448995094,0.461767057716434,0.4731892320825848,2015-2019,1
1120,hallitus,Ari Torniainen,267,0.5690610782629045,0.5800160044105702,0.5581061521152388,0.4309389217370956,0.4199839955894299,0.44189384788476127,2015-2019,1
1121,oppositio,Lauri Ihalainen,154,0.5163308458418865,0.5308938564105398,0.5017678352732331,0.4836691541581136,0.46910614358946023,0.49823216472676696,2015-2019,1
1122,oppositio,Olli Immonen,51,0.4968727586835633,0.5021083449750814,0.49163717239204524,0.5031272413164367,0.49789165502491856,0.5083628276079548,2015-2019,1
1124,hallitus,Ari Jalonen,195,0.5201537241986067,0.5261528948761645,0.514154553521049,0.4798462758013933,0.47384710512383554,0.485845446478951,2015-2019,1
1126,oppositio,Tytti Tuppurainen,221,0.4758934153961616,0.4668722804028954,0.48491455038942777,0.5241065846038384,0.5331277195971046,0.5150854496105721,2015-2019,1
1128,hallitus,Kaj Turunen,288,0.5042218703729553,0.49595380594096605,0.5124899348049446,0.49577812962704465,0.504046194059034,0.48751006519505535,2015-2019,1
1129,hallitus,Arja Juvonen,189,0.5396415967216965,0.5428166498793233,0.5364665435640698,0.46035840327830346,0.45718335012067657,0.46353345643593036,2015-2019,1
1129,oppositio,Arja Juvonen,237,0.5223743853510442,0.5235270886125746,0.5212216820895138,0.4776256146489557,0.4764729113874252,0.4787783179104862,2015-2019,1
1131,hallitus,Sinuhe Wallinheimo,181,0.5204034109237681,0.5188195192376251,0.521987302609911,0.4795965890762318,0.48118048076237485,0.4780126973900888,2015-2019,1
1136,oppositio,Ville Vähämäki,79,0.5395189737170658,0.526403830008259,0.5526341174258727,0.46048102628293425,0.4735961699917411,0.4473658825741274,2015-2019,1
1141,oppositio,Peter Östman,321,0.47732356050221414,0.4771141316227558,0.47753298938167255,0.5226764394977856,0.5228858683772442,0.5224670106183272,2015-2019,1
1142,hallitus,Jukka Kopra,159,0.5472168906372676,0.5437814775503809,0.5506523037241543,0.45278310936273236,0.456218522449619,0.4493476962758457,2015-2019,1
1144,oppositio,Suna Kymäläinen,198,0.47523697438698265,0.4955782522887303,0.45489569648523503,0.5247630256130172,0.5044217477112696,0.5451043035147649,2015-2019,1
1146,hallitus,Jari Lindström,524,0.5151405906708868,0.5111444910491227,0.5191366902926507,0.48485940932911326,0.4888555089508773,0.4808633097073492,2015-2019,1
1147,oppositio,Antti Lindtman,600,0.4455615780134091,0.455836895963677,0.4352862600631412,0.554438421986591,0.544163104036323,0.5647137399368589,2015-2019,1
1149,hallitus,Markus Lohi,230,0.5096574596041228,0.48989542707055717,0.5294194921376885,0.4903425403958772,0.5101045729294429,0.4705805078623116,2015-2019,1
1151,hallitus,Eeva-Maria Maijala,406,0.5198027593883228,0.5092400621054536,0.530365456671192,0.48019724061167735,0.49075993789454664,0.469634543328808,2015-2019,1
1152,hallitus,Pirkko Mattila,261,0.5406241512423391,0.544307199971052,0.5369411025136261,0.459375848757661,0.4556928000289481,0.46305889748637397,2015-2019,1
1153,oppositio,Silvia Modig,205,0.49390539797151833,0.48911775629043647,0.49869303965260026,0.5060946020284817,0.5108822437095635,0.5013069603473999,2015-2019,1
1154,oppositio,Jari Myllykoski,720,0.4847966304583407,0.49101165014978676,0.47858161076689465,0.5152033695416594,0.5089883498502134,0.5214183892331054,2015-2019,1
1155,oppositio,Anna Kontula,333,0.49846906742473235,0.5032849441748504,0.49365319067461433,0.5015309325752677,0.4967150558251497,0.5063468093253857,2015-2019,1
1157,hallitus,Annika Saarikko,536,0.4940580092095499,0.4963109819851884,0.49180503643391144,0.5059419907904501,0.5036890180148116,0.5081949635660885,2015-2019,1
116,oppositio,Jukka Gustafsson,316,0.43431386634132,0.4274897415965076,0.44113799108613244,0.56568613365868,0.5725102584034923,0.5588620089138676,2015-2019,1
118,oppositio,Pekka Haavisto,145,0.5371091960820733,0.5593248053230272,0.5148935868411195,0.4628908039179267,0.44067519467697275,0.4851064131588806,2015-2019,1
1202,oppositio,Nasima Razmyar,86,0.507635426839835,0.5097167235813332,0.5055541300983367,0.492364573160165,0.49028327641866676,0.4944458699016633,2015-2019,1
1217,oppositio,Carl Haglund,50,0.4580057597915837,0.4556117741255239,0.4603997454576435,0.5419942402084164,0.5443882258744762,0.5396002545423565,2015-2019,1
1219,hallitus,Saara-Sofia Sirén,80,0.5028576480790454,0.5173480299905308,0.48836726616756004,0.49714235192095463,0.48265197000946924,0.51163273383244,2015-2019,1
127,hallitus,Sirkka-Liisa Anttila,153,0.5358552080040776,0.5414227180502413,0.5302876979579139,0.4641447919959224,0.45857728194975866,0.4697123020420862,2015-2019,1
1274,oppositio,Antti Rinne,489,0.4553735156920674,0.4608478481540021,0.44989918323013267,0.5446264843079325,0.5391521518459979,0.5501008167698672,2015-2019,1
1276,oppositio,Katja Hänninen,176,0.4377902230932628,0.4253047086657748,0.45027573752075084,0.5622097769067372,0.5746952913342253,0.5497242624792492,2015-2019,1
1282,hallitus,Wille Rydman,95,0.5332705480435147,0.5379135094123937,0.5286275866746356,0.4667294519564853,0.4620864905876063,0.4713724133253643,2015-2019,1
1298,oppositio,Krista Mikkonen,465,0.4968150853747586,0.4833524561586516,0.5102777145908657,0.5031849146252414,0.5166475438413486,0.48972228540913426,2015-2019,1
1299,hallitus,Sari Multala,174,0.5482559005865875,0.5581349216264363,0.5383768795467387,0.4517440994134124,0.4418650783735637,0.4616231204532612,2015-2019,1
1300,hallitus,Kai Mykkänen,218,0.5428154547659587,0.55045524930145,0.5351756602304676,0.4571845452340413,0.44954475069855004,0.46482433976953247,2015-2019,1
1301,hallitus,Jani Mäkelä,278,0.4861874530033175,0.49667583127454995,0.47569907473208506,0.5138125469966824,0.5033241687254499,0.5243009252679149,2015-2019,1
1301,oppositio,Jani Mäkelä,328,0.473631493086753,0.47293653166360733,0.47432645450989874,0.526368506913247,0.5270634683363927,0.5256735454901013,2015-2019,1
1303,hallitus,Ulla Parviainen,162,0.5221905930152173,0.5316375788590959,0.5127436071713388,0.47780940698478275,0.4683624211409043,0.4872563928286612,2015-2019,1
1304,oppositio,Olli-Poika Parviainen,260,0.501640317402817,0.4952983971835955,0.5079822376220386,0.49835968259718294,0.5047016028164045,0.49201776237796135,2015-2019,1
1305,hallitus,Juha Pylväs,69,0.5733419581119927,0.5723485255453136,0.5743353906786719,0.4266580418880072,0.4276514744546864,0.42566460932132805,2015-2019,1
1308,oppositio,Jari Ronkainen,71,0.5122331008953249,0.5080468631205488,0.516419338670101,0.487766899104675,0.49195313687945114,0.4835806613298989,2015-2019,1
1309,hallitus,Veera Ruoho,174,0.5258674020334253,0.5174525791082589,0.5342822249585918,0.47413259796657464,0.482547420891741,0.46571777504140827,2015-2019,1
1311,oppositio,Joona Räsänen,328,0.48417539726959113,0.4810897902820658,0.48726100425711644,0.515824602730409,0.5189102097179342,0.5127389957428836,2015-2019,1
1314,hallitus,Sami Savio,185,0.5334368018854428,0.5455926380861754,0.5212809656847103,0.46656319811455715,0.45440736191382464,0.4787190343152896,2015-2019,1
1314,oppositio,Sami Savio,303,0.4967000501876875,0.5003160500814718,0.4930840502939032,0.5032999498123125,0.4996839499185282,0.5069159497060969,2015-2019,1
1315,oppositio,Matti Semi,222,0.485402916845754,0.4765175094328927,0.4942883242586153,0.5145970831542459,0.5234824905671073,0.5057116757413846,2015-2019,1
1317,hallitus,Simon Elo,444,0.5165440196657318,0.5238421571965096,0.5092458821349539,0.4834559803342683,0.47615784280349055,0.4907541178650461,2015-2019,1
1318,oppositio,Joakim Strand,79,0.49678591579960474,0.5085249451935645,0.485046886405645,0.5032140842003953,0.49147505480643555,0.514953113594355,2015-2019,1
1319,oppositio,Satu Taavitsainen,268,0.45956504328825387,0.44988911672836596,0.4692409698481418,0.5404349567117461,0.550110883271634,0.5307590301518583,2015-2019,1
1320,hallitus,Tiina Elovaara,84,0.4891805083478492,0.49163707400496504,0.4867239426907333,0.5108194916521508,0.508362925995035,0.5132760573092666,2015-2019,1
1321,hallitus,Martti Talja,119,0.5079729939313478,0.5029737977969614,0.5129721900657342,0.4920270060686522,0.4970262022030386,0.48702780993426575,2015-2019,1
1322,hallitus,Pertti Hakanen,140,0.5576526225594802,0.5610117315667759,0.5542935135521846,0.4423473774405198,0.4389882684332241,0.44570648644781546,2015-2019,1
1323,hallitus,Mari-Leena Talvitie,117,0.5069359181267328,0.5066808997395652,0.5071909365139003,0.4930640818732672,0.4933191002604348,0.49280906348609965,2015-2019,1
1324,oppositio,Hanna Halmeenpää,332,0.5302033549234149,0.5430748252456505,0.5173318846011792,0.46979664507658514,0.4569251747543495,0.4826681153988207,2015-2019,1
1327,hallitus,Ville Tavio,55,0.5038952209828172,0.5007040235768475,0.507086418388787,0.49610477901718275,0.49929597642315243,0.492913581611213,2015-2019,1
1327,oppositio,Ville Tavio,128,0.48042100745564614,0.4837024261274676,0.4771395887838247,0.5195789925443538,0.5162975738725323,0.5228604112161753,2015-2019,1
1329,oppositio,Antero Vartia,87,0.4878847204757061,0.4766620383080677,0.4991074026433445,0.5121152795242938,0.5233379616919323,0.5008925973566554,2015-2019,1
1330,hallitus,Juhana Vartiainen,61,0.4747587693350207,0.4734658225441778,0.47605171612586367,0.5252412306649792,0.5265341774558221,0.5239482838741363,2015-2019,1
1331,hallitus,Petri Honkonen,160,0.5283795385847596,0.5180739958970949,0.5386850812724242,0.4716204614152404,0.4819260041029051,0.46131491872757574,2015-2019,1
1332,oppositio,Ozan Yanar,213,0.44361764396982334,0.4390871602755803,0.44814812766406636,0.5563823560301766,0.5609128397244196,0.5518518723359336,2015-2019,1
1333,hallitus,Laura Huhtasaari,121,0.5163507783608909,0.5199371831362105,0.5127643735855713,0.4836492216391092,0.48006281686378954,0.48723562641442886,2015-2019,1
1333,oppositio,Laura Huhtasaari,147,0.48883534155168595,0.4769582434179355,0.5007124396854364,0.5111646584483142,0.5230417565820646,0.4992875603145636,2015-2019,1
1334,hallitus,Antti Häkkänen,201,0.5179984271595743,0.5173704693341936,0.5186263849849551,0.4820015728404258,0.48262953066580644,0.48137361501504505,2015-2019,1
1335,hallitus,Marisanna Jarva,278,0.5293912328184796,0.5157514552507856,0.5430310103861735,0.47060876718152045,0.48424854474921436,0.45696898961382654,2015-2019,1
1336,oppositio,Emma Kari,109,0.4435174782868843,0.442164605129583,0.44487035144418563,0.5564825217131157,0.5578353948704171,0.5551296485558144,2015-2019,1
1337,hallitus,Susanna Koski,50,0.5352047424259316,0.5269868451720411,0.5434226396798223,0.46479525757406825,0.4730131548279589,0.45657736032017765,2015-2019,1
1338,hallitus,Hanna Kosonen,157,0.5335123869902152,0.533333632288047,0.5336911416923834,0.46648761300978486,0.466666367711953,0.4663088583076167,2015-2019,1
1339,hallitus,Kari Kulmala,415,0.5660046189999783,0.5534910561428852,0.5785181818570714,0.43399538100002155,0.4465089438571147,0.4214818181429284,2015-2019,1
1340,hallitus,Katri Kulmuni,280,0.5325440844056428,0.5268055171164296,0.5382826516948559,0.4674559155943573,0.47319448288357047,0.4617173483051441,2015-2019,1
1341,hallitus,Antti Kurvinen,265,0.5330413928174533,0.5383600246848645,0.5277227609500421,0.46695860718254656,0.46163997531513523,0.47227723904995783,2015-2019,1
1342,hallitus,Jaana Laitinen-Pesola,49,0.4973188556757636,0.5084968509164275,0.48614086043509974,0.5026811443242364,0.4915031490835725,0.5138591395649003,2015-2019,1
1344,hallitus,Rami Lehto,46,0.4981581350477371,0.5038207326867521,0.49249553740872215,0.5018418649522628,0.49617926731324785,0.5075044625912778,2015-2019,1
1344,oppositio,Rami Lehto,80,0.5048560435292555,0.5245797135576511,0.48513237350085986,0.4951439564707445,0.47542028644234885,0.5148676264991401,2015-2019,1
1346,oppositio,Touko Aalto,490,0.4703793365551736,0.46615829497118016,0.47460037813916706,0.5296206634448264,0.5338417050288198,0.525399621860833,2015-2019,1
1347,hallitus,Sampo Terho,212,0.5093236781549759,0.5140472642829944,0.5046000920269574,0.4906763218450241,0.4859527357170056,0.4953999079730426,2015-2019,1
1348,hallitus,Mikko Kärnä,199,0.5042215754504017,0.5246772251933859,0.48376592570741755,0.4957784245495983,0.4753227748066141,0.5162340742925825,2015-2019,1
1349,hallitus,Leena Meri,286,0.4930448511058191,0.4835182760310455,0.5025714261805927,0.5069551488941808,0.5164817239689545,0.497428573819407,2015-2019,1
1349,oppositio,Leena Meri,277,0.4820394348632321,0.4720337901110582,0.492045079615406,0.517960565136768,0.5279662098889418,0.5079549203845941,2015-2019,1
1372,hallitus,Matti Torvinen,57,0.5265389614816951,0.508776862660645,0.5443010603027453,0.4734610385183049,0.4912231373393551,0.4556989396972547,2015-2019,1
1374,oppositio,Veronica Rehn-Kivi,68,0.4816014993551271,0.48078400242312036,0.48241899628713386,0.5183985006448729,0.5192159975768796,0.5175810037128662,2015-2019,1
1378,oppositio,Pilvi Torsti,94,0.45727940232147646,0.4539802837012192,0.4605785209417338,0.5427205976785234,0.5460197162987808,0.5394214790582662,2015-2019,1
1379,hallitus,Mia Laiho,71,0.5395062254861598,0.5668651635804672,0.5121472873918524,0.4604937745138402,0.43313483641953293,0.48785271260814744,2015-2019,1
1382,hallitus,Hanna-Leena Mattila,40,0.5035550141402905,0.49887890967247356,0.5082311186081074,0.49644498585970953,0.5011210903275265,0.4917688813918926,2015-2019,1
170,hallitus,Ilkka Kanerva,117,0.5439976122150935,0.5508385531780704,0.5371566712521165,0.45600238778490654,0.44916144682192966,0.46284332874788336,2015-2019,1
175,hallitus,Toimi Kankaanniemi,303,0.48568955915847345,0.48559421140620235,0.4857849069107446,0.5143104408415267,0.5144057885937977,0.5142150930892555,2015-2019,1
175,oppositio,Toimi Kankaanniemi,238,0.490064340005964,0.49559635157897536,0.4845323284329526,0.509935659994036,0.5044036484210246,0.5154676715670474,2015-2019,1
202,hallitus,Seppo Kääriäinen,117,0.5361655395645455,0.5412174275517231,0.5311136515773678,0.4638344604354546,0.45878257244827686,0.4688863484226323,2015-2019,1
214,hallitus,Lea Mäkipää,263,0.533343552878406,0.5438568136309723,0.5228302921258396,0.46665644712159404,0.45614318636902773,0.4771697078741603,2015-2019,1
242,hallitus,Pekka Puska,93,0.49561492586248146,0.4965199421261174,0.49470990959884553,0.5043850741375187,0.5034800578738827,0.5052900904011546,2015-2019,1
259,hallitus,Pertti Salolainen,126,0.5153761134058766,0.5249907188832582,0.5057615079284951,0.48462388659412325,0.4750092811167416,0.49423849207150494,2015-2019,1
301,hallitus,Ben Zyskowicz,691,0.5053786980475322,0.49720673365685586,0.5135506624382086,0.4946213019524678,0.5027932663431441,0.48644933756179143,2015-2019,1
351,oppositio,Eva Biaudet,172,0.4598645749095013,0.46613484546729544,0.45359430435170706,0.5401354250904987,0.5338651545327044,0.546405695648293,2015-2019,1
356,hallitus,Olli Rehn,96,0.5481340592817261,0.5409719914846577,0.5552961270787946,0.4518659407182739,0.4590280085153423,0.44470387292120545,2015-2019,1
357,oppositio,Erkki Tuomioja,60,0.5189024515988413,0.5149941887934268,0.5228107144042557,0.48109754840115854,0.48500581120657305,0.47718928559574403,2015-2019,1
363,oppositio,Satu Hassi,411,0.5208644042183777,0.532336630235603,0.5093921782011522,0.47913559578162246,0.4676633697643971,0.49060782179884777,2015-2019,1
392,hallitus,Olavi Ala-Nissilä,418,0.5184398404134687,0.5249425286707463,0.5119371521561911,0.48156015958653126,0.47505747132925363,0.4880628478438089,2015-2019,1
414,hallitus,Matti Vanhanen,130,0.5331121704798891,0.5228751871479316,0.5433491538118466,0.466887829520111,0.4771248128520685,0.45665084618815344,2015-2019,1
451,oppositio,Tarja Filatov,345,0.46866959875648795,0.4656215909465119,0.47171760656646394,0.531330401243512,0.5343784090534881,0.5282823934335361,2015-2019,1
479,oppositio,Annika Lapintie,64,0.4992399270129915,0.5027455656855511,0.495734288340432,0.5007600729870085,0.49725443431444905,0.5042657116595679,2015-2019,1
499,oppositio,Päivi Räsänen,490,0.4822056635819214,0.47488097005210095,0.48953035711174187,0.5177943364180786,0.525119029947899,0.5104696428882581,2015-2019,1
507,oppositio,Kari Uotila,288,0.4621343872309256,0.46745818125662114,0.45681059320523004,0.5378656127690744,0.5325418187433788,0.5431894067947699,2015-2019,1
508,hallitus,Anu Vehviläinen,242,0.5383605656785299,0.5502963150934349,0.5264248162636248,0.46163943432147014,0.4497036849065651,0.4735751837363752,2015-2019,1
511,oppositio,Pia Viitanen,1007,0.43937357103729047,0.4343003892341155,0.44444675284046536,0.5606264289627095,0.5656996107658845,0.5555532471595346,2015-2019,1
538,oppositio,Tuula Haatainen,214,0.4711195334743473,0.46787987666117575,0.47435919028751894,0.5288804665256526,0.5321201233388242,0.5256408097124811,2015-2019,1
541,hallitus,Juha Rehula,387,0.495767692444862,0.503576454757556,0.48795893013216807,0.504232307555138,0.49642354524244403,0.512041069867832,2015-2019,1
565,oppositio,Susanna Huovinen,121,0.47013276003931304,0.47879460664839374,0.46147091343023233,0.529867239960687,0.5212053933516063,0.5385290865697676,2015-2019,1
573,hallitus,Niilo Keränen,63,0.5106423454308229,0.5135791092418576,0.5077055816197881,0.4893576545691771,0.4864208907581424,0.4922944183802119,2015-2019,1
582,hallitus,Jari Leppä,177,0.5688795396390322,0.5433554620156553,0.594403617262409,0.43112046036096785,0.4566445379843448,0.4055963827375909,2015-2019,1
583,hallitus,Mika Lintilä,97,0.558312197664685,0.5551776234683609,0.5614467718610092,0.441687802335315,0.44482237653163914,0.43855322813899084,2015-2019,1
592,hallitus,Antti Rantakangas,139,0.5129147254171018,0.5011535100515683,0.5246759407826354,0.48708527458289813,0.49884648994843167,0.4753240592173646,2015-2019,1
612,hallitus,Sari Sarkomaa,271,0.4915268795669975,0.5045890874743643,0.47846467165963064,0.5084731204330024,0.49541091252563574,0.5215353283403692,2015-2019,1
767,hallitus,Timo Soini,320,0.5262094541392964,0.5174039929632549,0.535014915315338,0.4737905458607035,0.4825960070367451,0.46498508468466193,2015-2019,1
768,oppositio,Eero Heinäluoma,727,0.49458862504810974,0.5087311689610735,0.48044608113514603,0.5054113749518903,0.4912688310389265,0.5195539188648539,2015-2019,1
769,oppositio,Mikaela Nylander,122,0.48812130781935237,0.47559878221272056,0.5006438334259842,0.5118786921806476,0.5244012177872793,0.4993561665740159,2015-2019,1
772,hallitus,Antti Kaikkonen,128,0.5168523309765756,0.4927096879648797,0.5409949739882715,0.4831476690234243,0.5072903120351202,0.4590050260117284,2015-2019,1
778,oppositio,Sari Essayah,636,0.5150190130622805,0.5029804973609384,0.5270575287636224,0.48498098693771946,0.49701950263906136,0.47294247123637756,2015-2019,1
779,hallitus,Esko Kiviranta,232,0.5384384905555023,0.5342873038152802,0.5425896772957244,0.4615615094444977,0.4657126961847197,0.45741032270427573,2015-2019,1
784,hallitus,Arto Satonen,183,0.5554449049059746,0.5529957592398322,0.557894050572117,0.44455509509402535,0.4470042407601678,0.4421059494278829,2015-2019,1
786,hallitus,Mikko Alatalo,108,0.5702969638612179,0.5666994293567738,0.5738944983656621,0.4297030361387819,0.4333005706432262,0.4261055016343377,2015-2019,1
790,hallitus,Kimmo Tiilikainen,338,0.5430346613841519,0.5493649968481591,0.5367043259201447,0.4569653386158481,0.45063500315184096,0.4632956740798552,2015-2019,1
791,oppositio,Anneli Kiljunen,405,0.44577843809700357,0.45583754713364194,0.43571932906036526,0.5542215619029964,0.544162452866358,0.5642806709396349,2015-2019,1
796,hallitus,Eero Reijonen,62,0.5321771267486954,0.5189462962350437,0.5454079572623471,0.46782287325130456,0.48105370376495626,0.45459204273765286,2015-2019,1
800,hallitus,Tapani Tölli,69,0.5155231949084553,0.5235950581899542,0.5074513316269565,0.48447680509154467,0.4764049418100459,0.49254866837304345,2015-2019,1
802,oppositio,Markus Mustajärvi,190,0.4686398742726988,0.4576943674909696,0.47958538105442805,0.5313601257273012,0.5423056325090304,0.520414618945572,2015-2019,1
805,hallitus,Lasse Hautala,135,0.5644917603544947,0.5760949688018792,0.5528885519071102,0.43550823964550534,0.42390503119812084,0.4471114480928898,2015-2019,1
808,oppositio,Jutta Urpilainen,40,0.4992826054776206,0.500346367027214,0.4982188439280272,0.5007173945223795,0.4996536329727861,0.5017811560719728,2015-2019,1
809,hallitus,Paula Risikko,151,0.5546687158238401,0.5522116662718246,0.5571257653758557,0.4453312841761599,0.4477883337281754,0.44287423462414444,2015-2019,1
811,hallitus,Aila Paloniemi,206,0.5122554624339098,0.5290514174130031,0.4954595074548166,0.4877445375660901,0.4709485825869968,0.5045404925451834,2015-2019,1
887,oppositio,Sirpa Paatero,286,0.48748420621893807,0.48934532934387975,0.4856230830939963,0.512515793781062,0.5106546706561202,0.5143769169060037,2015-2019,1
910,oppositio,Stefan Wallin,130,0.48567299810955333,0.4941291034601635,0.47721689275894325,0.5143270018904467,0.5058708965398365,0.5227831072410567,2015-2019,1
913,hallitus,Eerikki Viljanen,155,0.5606879894933434,0.5692560732561576,0.5521199057305293,0.43931201050665664,0.4307439267438425,0.4478800942694708,2015-2019,1
914,oppositio,Outi Alanko-Kahiluoto,341,0.4240642928324031,0.4284892262355334,0.4196393594292728,0.5759357071675969,0.5715107737644667,0.5803606405707271,2015-2019,1
917,oppositio,Paavo Arhinmäki,429,0.4602886750621388,0.45066732456730857,0.46991002555696904,0.5397113249378611,0.5493326754326914,0.5300899744430309,2015-2019,1
921,oppositio,Johanna Karimäki,347,0.5061419906072078,0.5034538877002281,0.5088300935141874,0.49385800939279223,0.49654611229977175,0.4911699064858127,2015-2019,1
923,oppositio,Thomas Blomqvist,46,0.47314066778602437,0.47273965064364915,0.4735416849283996,0.5268593322139756,0.5272603493563508,0.5264583150716005,2015-2019,1
925,hallitus,Markku Pakkanen,354,0.5259138819238893,0.5349100202553257,0.5169177435924529,0.4740861180761107,0.46508997974467425,0.4830822564075471,2015-2019,1
926,oppositio,Maria Guzenina,134,0.4673176500144149,0.48193193954439995,0.45270336048442983,0.5326823499855852,0.5180680604556,0.5472966395155703,2015-2019,1
931,oppositio,Maarit Feldt-Ranta,111,0.47824442623777785,0.48862615554002503,0.4678626969355307,0.5217555737622221,0.5113738444599749,0.5321373030644694,2015-2019,1
934,hallitus,Sanna Lauslahti,172,0.504484658740634,0.5177329377457325,0.4912363797355356,0.495515341259366,0.48226706225426763,0.5087636202644644,2015-2019,1
935,hallitus,Eero Lehti,155,0.529780930859397,0.526756483348118,0.5328053783706761,0.4702190691406031,0.47324351665188225,0.46719462162932396,2015-2019,1
938,hallitus,Hannakaisa Heikkinen,294,0.5049313199628775,0.5280335824504644,0.48182905747529076,0.4950686800371224,0.4719664175495356,0.5181709425247092,2015-2019,1
939,hallitus,Elsi Katainen,117,0.5208090710237556,0.5262566422237519,0.5153614998237595,0.47919092897624427,0.4737433577762481,0.48463850017624044,2015-2019,1
941,oppositio,Anna-Maja Henriksson,220,0.49689661724520273,0.5032529515688758,0.4905402829215297,0.5031033827547973,0.49674704843112416,0.5094597170784703,2015-2019,1
943,oppositio,Mats Nylund,57,0.4988984211727901,0.49669579733634295,0.5011010450092372,0.50110157882721,0.5033042026636572,0.4988989549907627,2015-2019,1
946,hallitus,Tuomo Puumala,142,0.5164858351996835,0.5122949490086118,0.5206767213907553,0.4835141648003165,0.48770505099138817,0.47932327860924484,2015-2019,1
947,hallitus,Petteri Orpo,618,0.5484960422047949,0.5378981702882599,0.5590939141213297,0.45150395779520514,0.46210182971174,0.4409060858786703,2015-2019,1
953,hallitus,Anne Kalmari,233,0.5479348966120325,0.5654261725904609,0.5304436206336041,0.45206510338796746,0.4345738274095391,0.4695563793663958,2015-2019,1
954,oppositio,Ilkka Kantola,118,0.4971915358496001,0.49748740035604255,0.49689567134315754,0.5028084641503999,0.5025125996439574,0.5031043286568424,2015-2019,1
956,oppositio,Ville Niinistö,331,0.44447892478716655,0.4462903031573421,0.442667546416991,0.5555210752128336,0.553709696842658,0.5573324535830091,2015-2019,1
959,hallitus,Timo V. Korhonen,212,0.5411976082513955,0.5320776216244162,0.5503175948783748,0.4588023917486045,0.4679223783755838,0.44968240512162516,2015-2019,1
960,oppositio,Krista Kiuru,488,0.44233460639040845,0.44719233545928694,0.43747687732153,0.5576653936095916,0.5528076645407131,0.56252312267847,2015-2019,1
962,hallitus,Mirja Vehkaperä,132,0.5289861402833886,0.5509016919369591,0.5070705886298182,0.47101385971661125,0.44909830806304074,0.49292941137018176,2015-2019,1
967,hallitus,Timo Heinonen,926,0.5161234496834658,0.5269701297394194,0.5052767696275122,0.48387655031653426,0.47302987026058074,0.4947232303724878,2015-2019,1
971,oppositio,Johanna Ojala-Niemelä,255,0.4682303697500422,0.4555716251749726,0.4808891143251118,0.5317696302499578,0.5444283748250274,0.5191108856748883,2015-2019,1
972,hallitus,Harri Jaskari,136,0.49842380630798655,0.5015362193911581,0.495311393224815,0.5015761936920133,0.4984637806088418,0.504688606775185,2015-2019,1
1041,hallitus,Vesa-Matti Saarakkala,77,0.4914768463293717,0.4881646295895014,0.49478906306924203,0.5085231536706283,0.5118353704104985,0.505210936930758,2015-2019,2
1056,hallitus,Kalle Jokinen,135,0.5128534643945466,0.5295444853627552,0.496162443426338,0.4871465356054534,0.4704555146372448,0.503837556573662,2015-2019,2
1087,oppositio,Merja Mäkisalo-Ropponen,555,0.45158327151199507,0.4462587313373236,0.4569078116866666,0.5484167284880048,0.5537412686626764,0.5430921883133333,2015-2019,2
1088,hallitus,Hanna Mäntylä,82,0.5398683488517739,0.5498614087179539,0.529875288985594,0.4601316511482261,0.4501385912820462,0.4701247110144059,2015-2019,2
1091,hallitus,Martti Mölsä,74,0.5098046781883661,0.5227544050177763,0.49685495135895597,0.49019532181163394,0.47724559498222385,0.503145048641044,2015-2019,2
1092,hallitus,Mika Niikko,198,0.5130556408459477,0.5265530645174878,0.49955821717440757,0.4869443591540523,0.4734469354825122,0.5004417828255924,2015-2019,2
1092,oppositio,Mika Niikko,168,0.5191524817052878,0.5194093109647209,0.5188956524458548,0.4808475182947122,0.4805906890352791,0.48110434755414533,2015-2019,2
1093,hallitus,Juho Eerola,67,0.48893427436837555,0.4801404149327719,0.4977281338039793,0.5110657256316244,0.5198595850672282,0.5022718661960208,2015-2019,2
1093,oppositio,Juho Eerola,83,0.4783358781433409,0.4727778618922106,0.48389389439447117,0.521664121856659,0.5272221381077892,0.5161061056055288,2015-2019,2
1094,hallitus,Markku Eestilä,355,0.5045781310311901,0.5093928028248499,0.4997634592375303,0.4954218689688099,0.4906071971751501,0.5002365407624697,2015-2019,2
1096,hallitus,Ritva Elomaa,187,0.5094956793489566,0.5062417090788449,0.5127496496190682,0.49050432065104355,0.49375829092115514,0.48725035038093195,2015-2019,2
1096,oppositio,Ritva Elomaa,199,0.5022458070675536,0.4939319517686611,0.5105596623664461,0.49775419293244644,0.5060680482313389,0.489440337633554,2015-2019,2
1097,oppositio,Aino-Kaisa Pekonen,197,0.4316779408488943,0.43545126246782867,0.4279046192299599,0.5683220591511058,0.5645487375321714,0.5720953807700401,2015-2019,2
1099,oppositio,Eeva-Johanna Eloranta,194,0.4483234393701181,0.45808234450594,0.4385645342342962,0.5516765606298819,0.54191765549406,0.5614354657657038,2015-2019,2
1100,hallitus,Sanni Grahn-Laasonen,466,0.49123445681763406,0.4901111827630819,0.4923577308721862,0.5087655431823659,0.5098888172369181,0.5076422691278137,2015-2019,2
1101,hallitus,Arto Pirttilahti,168,0.5439439477333916,0.559277691026318,0.5286102044404654,0.4560560522666083,0.440722308973682,0.47138979555953464,2015-2019,2
1102,oppositio,Kristiina Salonen,218,0.4318542793115705,0.4496479710630579,0.414060587560083,0.5681457206884295,0.550352028936942,0.585939412439917,2015-2019,2
1106,hallitus,Mikko Savola,230,0.5565553048457925,0.5258636203418987,0.5872469893496864,0.44344469515420737,0.47413637965810135,0.41275301065031345,2015-2019,2
1107,hallitus,Teuvo Hakkarainen,211,0.5190804618540964,0.5203619880727206,0.5177989356354722,0.48091953814590355,0.4796380119272793,0.4822010643645278,2015-2019,2
1107,oppositio,Teuvo Hakkarainen,86,0.506997603300746,0.5037438898619649,0.5102513167395271,0.49300239669925394,0.49625611013803494,0.489748683260473,2015-2019,2
1108,hallitus,Juha Sipilä,663,0.5293201187787048,0.5142655454048238,0.5443746921525857,0.4706798812212952,0.48573445459517617,0.45562530784741434,2015-2019,2
1116,hallitus,Maria Tolppanen,115,0.5364072197102723,0.5398821946496453,0.5329322447708994,0.46359278028972767,0.46011780535035474,0.4670677552291006,2015-2019,2
1116,oppositio,Maria Tolppanen,318,0.4844339048530638,0.49641905950819776,0.4724487501979298,0.5155660951469363,0.5035809404918022,0.5275512498020702,2015-2019,2
1120,hallitus,Ari Torniainen,267,0.5418507060619643,0.5543834243896857,0.5293179877342429,0.4581492939380356,0.44561657561031415,0.47068201226575707,2015-2019,2
1121,oppositio,Lauri Ihalainen,154,0.5136664099310895,0.492573315151499,0.53475950471068,0.4863335900689104,0.5074266848485008,0.46524049528932,2015-2019,2
1122,oppositio,Olli Immonen,51,0.487952463902975,0.49835083804728414,0.47755408975866587,0.5120475360970249,0.5016491619527159,0.522445910241334,2015-2019,2
1129,hallitus,Arja Juvonen,189,0.542217815348849,0.5354690111710858,0.5489666195266122,0.457782184651151,0.4645309888289142,0.4510333804733878,2015-2019,2
1129,oppositio,Arja Juvonen,237,0.5137780780867076,0.5113068814738189,0.5162492746995965,0.4862219219132924,0.4886931185261812,0.48375072530040353,2015-2019,2
1133,oppositio,Mika Kari,366,0.4905661516528231,0.49333650601455564,0.4877957972910905,0.509433848347177,0.5066634939854444,0.5122042027089095,2015-2019,2
1134,hallitus,Sofia Vikman,121,0.5151960395200313,0.5177281232600548,0.5126639557800079,0.48480396047996865,0.48227187673994526,0.487336044219992,2015-2019,2
1136,oppositio,Ville Vähämäki,79,0.5323014061580897,0.5126103976192521,0.5519924146969274,0.46769859384191015,0.4873896023807478,0.44800758530307255,2015-2019,2
1137,hallitus,Pauli Kiuru,339,0.5108103910239703,0.5179816980650405,0.5036390839829001,0.4891896089760297,0.4820183019349595,0.4963609160170999,2015-2019,2
1138,hallitus,Kimmo Kivelä,288,0.47754097987437405,0.4764191370212463,0.4786628227275019,0.522459020125626,0.5235808629787537,0.5213371772724982,2015-2019,2
1141,oppositio,Peter Östman,321,0.4925290905121692,0.49491996607360356,0.4901382149507348,0.5074709094878309,0.5050800339263966,0.5098617850492652,2015-2019,2
1142,hallitus,Jukka Kopra,159,0.5336776559628962,0.5380226831117889,0.5293326288140033,0.46632234403710393,0.46197731688821103,0.4706673711859968,2015-2019,2
1146,hallitus,Jari Lindström,524,0.5281861584276206,0.5288312718214069,0.5275410450338344,0.47181384157237943,0.4711687281785931,0.47245895496616575,2015-2019,2
1147,oppositio,Antti Lindtman,600,0.4666309263815776,0.4761862123084236,0.4570756404547316,0.5333690736184225,0.5238137876915764,0.5429243595452686,2015-2019,2
1149,hallitus,Markus Lohi,230,0.5036283904673482,0.5050441051355418,0.5022126757991547,0.4963716095326518,0.49495589486445823,0.4977873242008453,2015-2019,2
1150,hallitus,Anne Louhelainen,79,0.5081143681516431,0.5083104273002546,0.5079183090030317,0.49188563184835693,0.49168957269974545,0.4920816909969684,2015-2019,2
1151,hallitus,Eeva-Maria Maijala,406,0.5188257019791811,0.5327067033897926,0.5049447005685697,0.4811742980208189,0.46729329661020735,0.4950552994314304,2015-2019,2
1152,hallitus,Pirkko Mattila,261,0.49554323847247844,0.5010063679514867,0.4900801089934702,0.5044567615275216,0.4989936320485134,0.5099198910065298,2015-2019,2
1153,oppositio,Silvia Modig,205,0.46300620168992246,0.45907340425597376,0.46693899912387116,0.5369937983100774,0.5409265957440262,0.5330610008761287,2015-2019,2
116,oppositio,Jukka Gustafsson,316,0.4643757970182507,0.45377296111815274,0.4749786329183487,0.5356242029817493,0.5462270388818473,0.5250213670816513,2015-2019,2
118,oppositio,Pekka Haavisto,145,0.49565625898070265,0.511985328287621,0.4793271896737843,0.5043437410192974,0.48801467171237906,0.5206728103262157,2015-2019,2
1202,oppositio,Nasima Razmyar,86,0.46754087562962254,0.4598210114995195,0.4752607397597256,0.5324591243703776,0.5401789885004806,0.5247392602402745,2015-2019,2
1217,oppositio,Carl Haglund,50,0.4679230504590489,0.4652627526072747,0.4705833483108231,0.5320769495409512,0.5347372473927253,0.529416651689177,2015-2019,2
1219,hallitus,Saara-Sofia Sirén,80,0.5217738764591322,0.5288485105340046,0.5146992423842598,0.47822612354086785,0.47115148946599544,0.48530075761574026,2015-2019,2
127,hallitus,Sirkka-Liisa Anttila,153,0.5232945870507661,0.5156441760597441,0.5309449980417882,0.4767054129492339,0.4843558239402559,0.4690550019582119,2015-2019,2
1274,oppositio,Antti Rinne,489,0.4485846036474931,0.4547512564148998,0.44241795088008634,0.551415396352507,0.5452487435851003,0.5575820491199137,2015-2019,2
1276,oppositio,Katja Hänninen,176,0.44025544294719177,0.44206899868615357,0.43844188720822996,0.5597445570528083,0.5579310013138464,0.5615581127917701,2015-2019,2
1282,hallitus,Wille Rydman,95,0.5080719263777955,0.5146311456568603,0.5015127070987309,0.49192807362220436,0.4853688543431397,0.4984872929012691,2015-2019,2
1297,oppositio,Sanna Marin,228,0.4309257055646964,0.4043929618751904,0.45745844925420237,0.5690742944353036,0.5956070381248095,0.5425415507457976,2015-2019,2
1298,oppositio,Krista Mikkonen,465,0.4971132472500479,0.5086495010257929,0.485576993474303,0.5028867527499521,0.49135049897420713,0.514423006525697,2015-2019,2
1300,hallitus,Kai Mykkänen,218,0.5308401573474303,0.5363914677765964,0.5252888469182642,0.4691598426525697,0.46360853222340365,0.47471115308173584,2015-2019,2
1301,hallitus,Jani Mäkelä,278,0.5013691769014426,0.5051607119243637,0.4975776418785215,0.4986308230985574,0.49483928807563615,0.5024223581214786,2015-2019,2
1301,oppositio,Jani Mäkelä,328,0.4978071469079683,0.495578945931444,0.5000353478844926,0.5021928530920317,0.504421054068556,0.4999646521155074,2015-2019,2
1302,oppositio,Ilmari Nurminen,131,0.44564499790316414,0.45014093203939715,0.4411490637669312,0.5543550020968359,0.5498590679606028,0.5588509362330689,2015-2019,2
1303,hallitus,Ulla Parviainen,162,0.5117858057033429,0.5211857802857893,0.5023858311208963,0.48821419429665713,0.47881421971421056,0.4976141688791037,2015-2019,2
1304,oppositio,Olli-Poika Parviainen,260,0.49931083519972086,0.499169411679509,0.49945225871993265,0.5006891648002791,0.500830588320491,0.5005477412800674,2015-2019,2
1305,hallitus,Juha Pylväs,69,0.542207972864138,0.556876812418806,0.5275391333094699,0.457792027135862,0.4431231875811938,0.47246086669053017,2015-2019,2
1306,oppositio,Anders Adlercreutz,203,0.4911377462861357,0.4818002656668227,0.5004752269054487,0.5088622537138643,0.5181997343331772,0.4995247730945514,2015-2019,2
1308,oppositio,Jari Ronkainen,71,0.4876539373543439,0.48969384589632836,0.48561402881235943,0.5123460626456562,0.5103061541036716,0.5143859711876406,2015-2019,2
1309,hallitus,Veera Ruoho,174,0.48230875437000265,0.47725242040396865,0.4873650883360366,0.5176912456299974,0.5227475795960312,0.5126349116639635,2015-2019,2
1310,oppositio,Li Andersson,699,0.4725687411294671,0.4758414080794444,0.4692960741794899,0.5274312588705328,0.5241585919205556,0.5307039258205101,2015-2019,2
1311,oppositio,Joona Räsänen,328,0.5310695624505006,0.5218496361923377,0.5402894887086634,0.4689304375494995,0.4781503638076624,0.45971051129133655,2015-2019,2
1312,oppositio,Hanna Sarkkinen,440,0.47142261099194116,0.4616017778120307,0.48124344417185155,0.5285773890080588,0.5383982221879693,0.5187565558281484,2015-2019,2
1313,hallitus,Anne Berner,250,0.5814874258444065,0.5767856790328062,0.5861891726560069,0.41851257415559345,0.4232143209671938,0.4138108273439931,2015-2019,2
1314,hallitus,Sami Savio,185,0.5176101194396723,0.5213713874891895,0.5138488513901549,0.48238988056032783,0.47862861251081046,0.48615114860984515,2015-2019,2
1314,oppositio,Sami Savio,303,0.4936841313361465,0.4835767802301997,0.5037914824420934,0.5063158686638535,0.5164232197698003,0.4962085175579066,2015-2019,2
1315,oppositio,Matti Semi,222,0.5117992946028772,0.516579087462222,0.5070195017435324,0.48820070539712285,0.48342091253777797,0.4929804982564677,2015-2019,2
1316,oppositio,Ville Skinnari,199,0.5183781456979683,0.5142766504702365,0.5224796409257,0.4816218543020318,0.4857233495297635,0.4775203590743001,2015-2019,2
1317,hallitus,Simon Elo,444,0.5103238241354346,0.5066863067803484,0.5139613414905209,0.48967617586456536,0.4933136932196516,0.48603865850947914,2015-2019,2
1318,oppositio,Joakim Strand,79,0.488634051443534,0.4685307612497314,0.5087373416373365,0.5113659485564661,0.5314692387502686,0.4912626583626635,2015-2019,2
1320,hallitus,Tiina Elovaara,84,0.46136474438761765,0.46954983983955223,0.45317964893568313,0.5386352556123822,0.5304501601604477,0.5468203510643168,2015-2019,2
1321,hallitus,Martti Talja,119,0.4919147647611475,0.4827904592839438,0.5010390702383511,0.5080852352388525,0.5172095407160561,0.49896092976164885,2015-2019,2
1322,hallitus,Pertti Hakanen,140,0.5723581313879461,0.583234686734573,0.5614815760413192,0.4276418686120538,0.4167653132654269,0.4385184239586807,2015-2019,2
1323,hallitus,Mari-Leena Talvitie,117,0.5009506996838083,0.4958429911847146,0.5060584081829022,0.4990493003161916,0.5041570088152854,0.49394159181709785,2015-2019,2
1324,oppositio,Hanna Halmeenpää,332,0.4629275433163995,0.47464763537741445,0.4512074512553846,0.5370724566836005,0.5253523646225855,0.5487925487446155,2015-2019,2
1325,oppositio,Sari Tanus,390,0.4674984023422261,0.4521566503383509,0.48284015434610134,0.5325015976577738,0.547843349661649,0.5171598456538986,2015-2019,2
1326,oppositio,Timo Harakka,585,0.4817411412936002,0.48501031629038904,0.4784719662968113,0.5182588587063999,0.514989683709611,0.5215280337031888,2015-2019,2
1327,hallitus,Ville Tavio,55,0.5093007716851617,0.4979007460209869,0.5207007973493366,0.4906992283148383,0.5020992539790132,0.4792992026506634,2015-2019,2
1327,oppositio,Ville Tavio,128,0.4733798892586303,0.4787638998143834,0.4679958787028771,0.5266201107413697,0.5212361001856165,0.5320041212971229,2015-2019,2
1330,hallitus,Juhana Vartiainen,61,0.5051168751951185,0.5089441882204218,0.5012895621698154,0.49488312480488145,0.4910558117795782,0.4987104378301847,2015-2019,2
1331,hallitus,Petri Honkonen,160,0.5579633838338178,0.5650652431370974,0.5508615245305382,0.4420366161661823,0.4349347568629026,0.44913847546946195,2015-2019,2
1332,oppositio,Ozan Yanar,213,0.4271575086622187,0.4340392654048899,0.4202757519195474,0.5728424913377813,0.5659607345951101,0.5797242480804525,2015-2019,2
1333,hallitus,Laura Huhtasaari,121,0.5162386223876058,0.5346189893378048,0.4978582554374067,0.48376137761239424,0.4653810106621952,0.5021417445625933,2015-2019,2
1333,oppositio,Laura Huhtasaari,147,0.4876593630436393,0.4875582094007734,0.4877605166865052,0.5123406369563608,0.5124417905992267,0.5122394833134948,2015-2019,2
1334,hallitus,Antti Häkkänen,201,0.5266147893497325,0.5267194594948377,0.5265101192046273,0.4733852106502675,0.47328054050516233,0.47348988079537274,2015-2019,2
1336,oppositio,Emma Kari,109,0.44331963492555826,0.4535380597569484,0.4331012100941682,0.5566803650744417,0.5464619402430516,0.5668987899058319,2015-2019,2
1337,hallitus,Susanna Koski,50,0.5271944935869743,0.5355877930543056,0.5188011941196431,0.4728055064130257,0.46441220694569446,0.48119880588035696,2015-2019,2
1338,hallitus,Hanna Kosonen,157,0.5414952490367757,0.5463590105432738,0.5366314875302777,0.4585047509632242,0.4536409894567261,0.4633685124697223,2015-2019,2
1339,hallitus,Kari Kulmala,415,0.5442160379379332,0.5398729217556877,0.5485591541201786,0.4557839620620669,0.4601270782443123,0.4514408458798215,2015-2019,2
1341,hallitus,Antti Kurvinen,265,0.5211127725282039,0.5250939992588084,0.5171315457975992,0.47888722747179624,0.47490600074119166,0.4828684542024009,2015-2019,2
1342,hallitus,Jaana Laitinen-Pesola,49,0.49393044680160136,0.4988399908472144,0.48902090275598836,0.5060695531983985,0.5011600091527856,0.5109790972440116,2015-2019,2
1343,oppositio,Antero Laukkanen,602,0.493894822308914,0.49186154467034315,0.4959280999474848,0.506105177691086,0.5081384553296568,0.5040719000525151,2015-2019,2
1344,hallitus,Rami Lehto,46,0.47203036026271517,0.4751492365526054,0.46891148397282495,0.5279696397372848,0.5248507634473946,0.531088516027175,2015-2019,2
1344,oppositio,Rami Lehto,80,0.4577103309332007,0.44363403481970193,0.4717866270466994,0.5422896690667993,0.556365965180298,0.5282133729533006,2015-2019,2
1347,hallitus,Sampo Terho,212,0.5149275124713865,0.526166328917193,0.50368869602558,0.4850724875286136,0.4738336710828072,0.49631130397441997,2015-2019,2
1348,hallitus,Mikko Kärnä,199,0.5105528852738301,0.51320309782329,0.5079026727243703,0.4894471147261698,0.48679690217670996,0.49209732727562966,2015-2019,2
1349,hallitus,Leena Meri,286,0.48360096296989086,0.48148307849468097,0.4857188474451008,0.516399037030109,0.518516921505319,0.5142811525548991,2015-2019,2
1349,oppositio,Leena Meri,277,0.45450909370658366,0.4423138591798475,0.46670432823331975,0.5454909062934163,0.5576861408201523,0.5332956717666802,2015-2019,2
1372,hallitus,Matti Torvinen,57,0.510261622033424,0.5049516270299493,0.5155716170368985,0.4897383779665761,0.49504837297005067,0.48442838296310153,2015-2019,2
1378,oppositio,Pilvi Torsti,94,0.47917477765221966,0.48528178305737696,0.47306777224706237,0.5208252223477803,0.514718216942623,0.5269322277529376,2015-2019,2
1379,hallitus,Mia Laiho,71,0.5074369361498623,0.513341774308945,0.5015320979907796,0.49256306385013765,0.4866582256910549,0.4984679020092204,2015-2019,2
157,hallitus,Kauko Juhantalo,109,0.5295513177716926,0.5378699106908835,0.5212327248525018,0.4704486822283073,0.4621300893091164,0.47876727514749823,2015-2019,2
175,hallitus,Toimi Kankaanniemi,303,0.5050387777718919,0.5073739035269482,0.5027036520168354,0.4949612222281081,0.49262609647305167,0.49729634798316463,2015-2019,2
175,oppositio,Toimi Kankaanniemi,238,0.4875244060378954,0.4861621529502808,0.48888665912551,0.5124755939621046,0.5138378470497192,0.51111334087449,2015-2019,2
202,hallitus,Seppo Kääriäinen,117,0.5273840253585638,0.5280879887385906,0.5266800619785368,0.47261597464143634,0.47191201126140936,0.4733199380214633,2015-2019,2
203,oppositio,Riitta Myller,300,0.5132885098659816,0.5361886157333979,0.4903884039985654,0.4867114901340184,0.4638113842666021,0.5096115960014346,2015-2019,2
214,hallitus,Lea Mäkipää,263,0.5182502259625071,0.49644526084528023,0.5400551910797341,0.48174977403749275,0.5035547391547197,0.45994480892026585,2015-2019,2
242,hallitus,Pekka Puska,93,0.4962345696284528,0.49856546290490716,0.4939036763519984,0.5037654303715473,0.5014345370950928,0.5060963236480017,2015-2019,2
259,hallitus,Pertti Salolainen,126,0.5401237785566126,0.5266172172801478,0.5536303398330776,0.45987622144338725,0.4733827827198522,0.44636966016692226,2015-2019,2
351,oppositio,Eva Biaudet,172,0.471886621882843,0.47344348871520003,0.470329755050486,0.528113378117157,0.5265565112848,0.529670244949514,2015-2019,2
363,oppositio,Satu Hassi,411,0.47891551268143284,0.4574792946967207,0.500351730666145,0.5210844873185672,0.5425207053032792,0.499648269333855,2015-2019,2
375,hallitus,Markku Rossi,184,0.5499854776445533,0.5632907631782446,0.536680192110862,0.45001452235544664,0.4367092368217554,0.4633198078891379,2015-2019,2
392,hallitus,Olavi Ala-Nissilä,418,0.5201085489854875,0.5167782870001607,0.5234388109708145,0.47989145101451236,0.48322171299983924,0.47656118902918554,2015-2019,2
402,hallitus,Timo Kalli,153,0.5175495450285452,0.515443402698611,0.5196556873584796,0.4824504549714548,0.48455659730138906,0.48034431264152044,2015-2019,2
414,hallitus,Matti Vanhanen,130,0.513595088102085,0.5031966063259671,0.523993569878203,0.486404911897915,0.4968033936740329,0.47600643012179705,2015-2019,2
451,oppositio,Tarja Filatov,345,0.48443248071573125,0.4663962348369256,0.5024687265945369,0.5155675192842687,0.5336037651630743,0.4975312734054631,2015-2019,2
479,oppositio,Annika Lapintie,64,0.49129619726810314,0.4839381897683081,0.4986542047678982,0.5087038027318969,0.516061810231692,0.5013457952321019,2015-2019,2
499,oppositio,Päivi Räsänen,490,0.47600685540983473,0.4860900425034531,0.46592366831621634,0.5239931445901652,0.5139099574965468,0.5340763316837837,2015-2019,2
507,oppositio,Kari Uotila,288,0.4784647828302224,0.47593276703826887,0.48099679862217604,0.5215352171697776,0.5240672329617312,0.519003201377824,2015-2019,2
508,hallitus,Anu Vehviläinen,242,0.5469559556994029,0.5455814586861831,0.5483304527126227,0.4530440443005971,0.454418541313817,0.45166954728737724,2015-2019,2
538,oppositio,Tuula Haatainen,214,0.4807164047718725,0.4657754694331814,0.49565734011056356,0.5192835952281276,0.5342245305668186,0.5043426598894365,2015-2019,2
541,hallitus,Juha Rehula,387,0.4922434096561561,0.4916995685498363,0.4927872507624758,0.5077565903438439,0.5083004314501637,0.5072127492375242,2015-2019,2
565,oppositio,Susanna Huovinen,121,0.48050481762530706,0.47655867173693284,0.4844509635136812,0.519495182374693,0.5234413282630672,0.5155490364863189,2015-2019,2
573,hallitus,Niilo Keränen,63,0.4772372459727578,0.48329777038358557,0.47117672156193,0.5227627540272423,0.5167022296164144,0.5288232784380701,2015-2019,2
582,hallitus,Jari Leppä,177,0.5979430724650248,0.586165471437382,0.6097206734926677,0.40205692753497513,0.413834528562618,0.3902793265073323,2015-2019,2
583,hallitus,Mika Lintilä,97,0.5491710276017163,0.5565435897529503,0.5417984654504823,0.4508289723982838,0.4434564102470498,0.45820153454951773,2015-2019,2
592,hallitus,Antti Rantakangas,139,0.5294713112427663,0.535178415740402,0.5237642067451304,0.47052868875723375,0.4648215842595979,0.47623579325486964,2015-2019,2
609,oppositio,Harry Wallin,115,0.49357919253734384,0.5008695943791027,0.4862887906955849,0.5064208074626563,0.4991304056208974,0.5137112093044152,2015-2019,2
612,hallitus,Sari Sarkomaa,271,0.49292184507216286,0.475665029274657,0.5101786608696688,0.5070781549278371,0.5243349707253431,0.48982133913033116,2015-2019,2
767,hallitus,Timo Soini,320,0.5422890184918667,0.5502397922204352,0.5343382447632983,0.4577109815081332,0.44976020777956477,0.46566175523670167,2015-2019,2
768,oppositio,Eero Heinäluoma,727,0.4942691967799176,0.4808654431997209,0.5076729503601143,0.5057308032200823,0.5191345568002791,0.49232704963988566,2015-2019,2
769,oppositio,Mikaela Nylander,122,0.4365197308385147,0.4425052919430631,0.43053416973396635,0.5634802691614852,0.5574947080569368,0.5694658302660336,2015-2019,2
771,oppositio,Jyrki Kasvi,130,0.4957783571631866,0.4826046697547203,0.5089520445716529,0.5042216428368134,0.5173953302452797,0.491047955428347,2015-2019,2
772,hallitus,Antti Kaikkonen,128,0.5210652441878487,0.5388156833975029,0.5033148049781946,0.4789347558121513,0.46118431660249704,0.49668519502180547,2015-2019,2
778,oppositio,Sari Essayah,636,0.477057184125811,0.46035778009474815,0.49375658815687384,0.5229428158741889,0.5396422199052519,0.506243411843126,2015-2019,2
779,hallitus,Esko Kiviranta,232,0.526985069975783,0.5453089861083732,0.5086611538431928,0.4730149300242169,0.45469101389162664,0.49133884615680723,2015-2019,2
786,hallitus,Mikko Alatalo,108,0.5577802229611131,0.5668802993317194,0.5486801465905067,0.44221977703888704,0.4331197006682806,0.45131985340949343,2015-2019,2
790,hallitus,Kimmo Tiilikainen,338,0.5324255070603323,0.5470893340332159,0.5177616800874486,0.4675744929396678,0.4529106659667841,0.48223831991255145,2015-2019,2
791,oppositio,Anneli Kiljunen,405,0.4516261990854056,0.4374918620094944,0.46576053616131674,0.5483738009145944,0.5625081379905056,0.5342394638386831,2015-2019,2
796,hallitus,Eero Reijonen,62,0.5256035279264111,0.5253921362111933,0.5258149196416289,0.4743964720735889,0.47460786378880665,0.4741850803583712,2015-2019,2
797,hallitus,Hannu Hoskonen,971,0.5305307950164241,0.534171296968567,0.5268902930642811,0.4694692049835759,0.4658287030314329,0.47310970693571897,2015-2019,2
800,hallitus,Tapani Tölli,69,0.5204592188674768,0.5349625857513507,0.5059558519836029,0.4795407811325232,0.4650374142486493,0.49404414801639707,2015-2019,2
802,oppositio,Markus Mustajärvi,190,0.4942271256908255,0.5016732744962515,0.4867809768853994,0.5057728743091745,0.4983267255037484,0.5132190231146007,2015-2019,2
809,hallitus,Paula Risikko,151,0.5530584989647443,0.5600018887212156,0.5461151092082731,0.44694150103525565,0.4399981112787845,0.45388489079172684,2015-2019,2
811,hallitus,Aila Paloniemi,206,0.5192658501027592,0.5321148595411347,0.5064168406643837,0.4807341498972408,0.4678851404588653,0.49358315933561625,2015-2019,2
856,hallitus,Jussi Niinistö,113,0.5390582896172846,0.5400417267060097,0.5380748525285596,0.4609417103827153,0.4599582732939903,0.4619251474714403,2015-2019,2
887,oppositio,Sirpa Paatero,286,0.4905124294552441,0.4969477677239852,0.48407709118650305,0.5094875705447559,0.5030522322760149,0.5159229088134969,2015-2019,2
910,oppositio,Stefan Wallin,130,0.4756228511905161,0.4930769226571581,0.45816877972387415,0.5243771488094839,0.5069230773428419,0.5418312202761258,2015-2019,2
914,oppositio,Outi Alanko-Kahiluoto,341,0.40033925327251385,0.4124832836457825,0.38819522289924524,0.5996607467274861,0.5875167163542174,0.6118047771007549,2015-2019,2
917,oppositio,Paavo Arhinmäki,429,0.4360949732528025,0.41452213359590606,0.45766781290969893,0.5639050267471974,0.5854778664040937,0.5423321870903011,2015-2019,2
921,oppositio,Johanna Karimäki,347,0.48570306732491286,0.4819093846527431,0.4894967499970827,0.5142969326750872,0.518090615347257,0.5105032500029175,2015-2019,2
925,hallitus,Markku Pakkanen,354,0.5280852199594093,0.5304509298882216,0.5257195100305969,0.4719147800405908,0.4695490701117785,0.4742804899694031,2015-2019,2
926,oppositio,Maria Guzenina,134,0.4451782013362737,0.4440885319707343,0.44626787070181323,0.554821798663726,0.5559114680292655,0.5537321292981867,2015-2019,2
930,oppositio,Heli Järvinen,266,0.441414843732015,0.4487959389515315,0.43403374851249854,0.5585851562679849,0.5512040610484685,0.5659662514875013,2015-2019,2
931,oppositio,Maarit Feldt-Ranta,111,0.47246459385507633,0.4777660634330097,0.467163124277143,0.5275354061449237,0.5222339365669904,0.532836875722857,2015-2019,2
934,hallitus,Sanna Lauslahti,172,0.5206040653799899,0.5370123102455577,0.5041958205144221,0.47939593462001007,0.4629876897544424,0.4958041794855778,2015-2019,2
935,hallitus,Eero Lehti,155,0.5319059359669949,0.5321875509060691,0.5316243210279208,0.4680940640330051,0.467812449093931,0.46837567897207916,2015-2019,2
938,hallitus,Hannakaisa Heikkinen,294,0.48483123389634447,0.4779371899267737,0.49172527786591524,0.5151687661036555,0.5220628100732263,0.5082747221340848,2015-2019,2
940,hallitus,Outi Mäkelä,133,0.5134508760415046,0.5105984616404592,0.51630329044255,0.4865491239584956,0.48940153835954103,0.4836967095574501,2015-2019,2
941,oppositio,Anna-Maja Henriksson,220,0.46951855544435195,0.45790693676758654,0.48113017412111736,0.530481444555648,0.5420930632324136,0.5188698258788825,2015-2019,2
943,oppositio,Mats Nylund,57,0.4763867116482564,0.4840880878910269,0.46868533540548596,0.5236132883517435,0.515911912108973,0.531314664594514,2015-2019,2
946,hallitus,Tuomo Puumala,142,0.5103246793727549,0.4878585043932791,0.5327908543522307,0.48967532062724506,0.5121414956067208,0.4672091456477693,2015-2019,2
947,hallitus,Petteri Orpo,618,0.5583522495685819,0.5506873827321437,0.5660171164050201,0.4416477504314179,0.44931261726785604,0.43398288359497983,2015-2019,2
952,oppositio,Katja Taimela,198,0.475213596823839,0.4707632447056428,0.47966394894203523,0.5247864031761611,0.5292367552943573,0.5203360510579648,2015-2019,2
953,hallitus,Anne Kalmari,233,0.5464099276232989,0.5512961092424158,0.541523746004182,0.4535900723767011,0.4487038907575842,0.4584762539958181,2015-2019,2
954,oppositio,Ilkka Kantola,118,0.47685398230936726,0.46444095701616234,0.48926700760257213,0.5231460176906327,0.5355590429838377,0.5107329923974278,2015-2019,2
959,hallitus,Timo V. Korhonen,212,0.5430332743471995,0.549048581078882,0.537017967615517,0.4569667256528005,0.450951418921118,0.462982032384483,2015-2019,2
967,hallitus,Timo Heinonen,926,0.5148435198566796,0.5270021258950269,0.5026849138183325,0.4851564801433203,0.47299787410497307,0.49731508618166753,2015-2019,2
971,oppositio,Johanna Ojala-Niemelä,255,0.4678212830124655,0.46379522544523494,0.471847340579696,0.5321787169875345,0.5362047745547651,0.528152659420304,2015-2019,2
972,hallitus,Harri Jaskari,136,0.4984742244530327,0.5006954547660719,0.4962529941399934,0.5015257755469673,0.4993045452339281,0.5037470058600065,2015-2019,2
1041,hallitus,Vesa-Matti Saarakkala,77,0.5055578402622216,0.48852650816029597,0.5225891723641474,0.4944421597377783,0.5114734918397039,0.47741082763585263,2015-2019,3
1056,hallitus,Kalle Jokinen,135,0.5063088174854649,0.5034279272831867,0.5091897076877429,0.49369118251453514,0.49657207271681314,0.49081029231225715,2015-2019,3
1087,oppositio,Merja Mäkisalo-Ropponen,555,0.4754150165174773,0.4824131697525768,0.46841686328237786,0.5245849834825227,0.5175868302474231,0.5315831367176221,2015-2019,3
1088,hallitus,Hanna Mäntylä,82,0.5556305774215142,0.5420483394606382,0.5692128153823902,0.4443694225784858,0.4579516605393617,0.43078718461760984,2015-2019,3
1091,hallitus,Martti Mölsä,74,0.5234472213798762,0.5435502494183919,0.5033441933413604,0.47655277862012385,0.4564497505816081,0.4966558066586396,2015-2019,3
1092,hallitus,Mika Niikko,198,0.52493533951211,0.5349927839258749,0.5148778950983451,0.47506466048788987,0.46500721607412493,0.48512210490165486,2015-2019,3
1092,oppositio,Mika Niikko,168,0.49376721455540773,0.49882767845670717,0.4887067506541083,0.5062327854445923,0.5011723215432928,0.5112932493458918,2015-2019,3
1093,hallitus,Juho Eerola,67,0.5052163411333181,0.49224107110782367,0.5181916111588125,0.49478365886668185,0.5077589288921763,0.48180838884118743,2015-2019,3
1093,oppositio,Juho Eerola,83,0.49550352496031497,0.48911067792678786,0.5018963719938421,0.5044964750396851,0.5108893220732121,0.49810362800615804,2015-2019,3
1097,oppositio,Aino-Kaisa Pekonen,197,0.41949587860626936,0.42805054756602534,0.41094120964651343,0.5805041213937305,0.5719494524339745,0.5890587903534865,2015-2019,3
1098,hallitus,Jaana Pelkonen,87,0.5019228522053081,0.5230816140992748,0.4807640903113414,0.4980771477946919,0.4769183859007253,0.5192359096886585,2015-2019,3
1099,oppositio,Eeva-Johanna Eloranta,194,0.4972605594705527,0.4789657321820141,0.5155553867590913,0.5027394405294473,0.5210342678179859,0.4844446132409087,2015-2019,3
1102,oppositio,Kristiina Salonen,218,0.45683136951352576,0.460008914863279,0.4536538241637726,0.5431686304864742,0.5399910851367211,0.5463461758362274,2015-2019,3
1106,hallitus,Mikko Savola,230,0.5858039252113479,0.5755679601920092,0.5960398902306867,0.41419607478865195,0.42443203980799077,0.4039601097693132,2015-2019,3
1107,hallitus,Teuvo Hakkarainen,211,0.49985257435011166,0.5019545557039129,0.49775059299631036,0.5001474256498885,0.4980454442960872,0.5022494070036897,2015-2019,3
1107,oppositio,Teuvo Hakkarainen,86,0.4623804553602898,0.45613778482993866,0.46862312589064103,0.5376195446397101,0.5438622151700613,0.531376874109359,2015-2019,3
1108,hallitus,Juha Sipilä,663,0.5088661387060783,0.506567990342738,0.5111642870694186,0.4911338612939217,0.49343200965726197,0.4888357129305815,2015-2019,3
1111,hallitus,Eero Suutari,195,0.5098659898163536,0.518124664045291,0.501607315587416,0.49013401018364655,0.481875335954709,0.49839268441258405,2015-2019,3
1116,hallitus,Maria Tolppanen,115,0.5443121113325868,0.550229272912161,0.5383949497530128,0.45568788866741305,0.449770727087839,0.46160505024698717,2015-2019,3
1116,oppositio,Maria Tolppanen,318,0.5111892390153372,0.5001995648699232,0.522178913160751,0.4888107609846628,0.49980043513007677,0.4778210868392489,2015-2019,3
1119,hallitus,Reijo Hongisto,164,0.5089420342273439,0.509111879536184,0.5087721889185037,0.49105796577265604,0.4908881204638159,0.4912278110814962,2015-2019,3
1120,hallitus,Ari Torniainen,267,0.5851562431799047,0.5874423591269672,0.5828701272328422,0.4148437568200953,0.4125576408730329,0.41712987276715763,2015-2019,3
1122,oppositio,Olli Immonen,51,0.4899567761894854,0.48854380612575177,0.4913697462532191,0.5100432238105146,0.5114561938742482,0.5086302537467808,2015-2019,3
1124,hallitus,Ari Jalonen,195,0.49659339985228723,0.5104095063639023,0.4827772933406722,0.5034066001477128,0.4895904936360977,0.5172227066593278,2015-2019,3
1128,hallitus,Kaj Turunen,288,0.5078007626976946,0.5200603172146818,0.4955412081807074,0.4921992373023054,0.4799396827853181,0.5044587918192927,2015-2019,3
1129,hallitus,Arja Juvonen,189,0.5507722982584393,0.5575654456426775,0.5439791508742012,0.4492277017415607,0.44243455435732254,0.4560208491257988,2015-2019,3
1129,oppositio,Arja Juvonen,237,0.5009926433549607,0.49981029443784086,0.5021749922720805,0.4990073566450393,0.5001897055621591,0.4978250077279195,2015-2019,3
1131,hallitus,Sinuhe Wallinheimo,181,0.5178858595124356,0.5213560939728559,0.5144156250520153,0.4821141404875644,0.4786439060271441,0.4855843749479848,2015-2019,3
1134,hallitus,Sofia Vikman,121,0.5179534433042183,0.5150232464362896,0.5208836401721472,0.48204655669578156,0.4849767535637103,0.47911635982785283,2015-2019,3
1135,hallitus,Pia Kauma,72,0.49712793720414716,0.4978963010786101,0.4963595733296843,0.5028720627958527,0.5021036989213898,0.5036404266703157,2015-2019,3
1136,oppositio,Ville Vähämäki,79,0.5007672492752364,0.48358536851554357,0.5179491300349294,0.49923275072476353,0.5164146314844564,0.4820508699650706,2015-2019,3
1137,hallitus,Pauli Kiuru,339,0.5268523765139841,0.5231241305680715,0.5305806224598968,0.4731476234860159,0.47687586943192856,0.4694193775401033,2015-2019,3
1138,hallitus,Kimmo Kivelä,288,0.4965177053239004,0.5135694893558048,0.479465921291996,0.5034822946760995,0.4864305106441952,0.5205340787080039,2015-2019,3
1141,oppositio,Peter Östman,321,0.4901293239200126,0.48274063257862226,0.49751801526140305,0.5098706760799874,0.5172593674213778,0.5024819847385968,2015-2019,3
1142,hallitus,Jukka Kopra,159,0.5379252630030549,0.5262518374207351,0.5495986885853745,0.46207473699694523,0.4737481625792649,0.4504013114146256,2015-2019,3
1144,oppositio,Suna Kymäläinen,198,0.4728069655060991,0.4740669004888689,0.47154703052332925,0.5271930344939009,0.5259330995111311,0.5284529694766708,2015-2019,3
1147,oppositio,Antti Lindtman,600,0.4130659331991854,0.4074138810184653,0.4187179853799055,0.5869340668008145,0.5925861189815346,0.5812820146200944,2015-2019,3
1149,hallitus,Markus Lohi,230,0.4888406449502378,0.4780776253823464,0.49960366451812926,0.5111593550497622,0.5219223746176537,0.5003963354818708,2015-2019,3
1150,hallitus,Anne Louhelainen,79,0.5221647773192344,0.5115927766757193,0.5327367779627494,0.4778352226807656,0.4884072233242806,0.4672632220372506,2015-2019,3
1151,hallitus,Eeva-Maria Maijala,406,0.5190757908303,0.5238040875624812,0.5143474940981188,0.4809242091697,0.47619591243751874,0.48565250590188136,2015-2019,3
1152,hallitus,Pirkko Mattila,261,0.5112733460774945,0.5078718623036595,0.5146748298513296,0.48872665392250547,0.4921281376963405,0.4853251701486704,2015-2019,3
1153,oppositio,Silvia Modig,205,0.47402717787374404,0.4819149243286508,0.4661394314188373,0.5259728221262561,0.5180850756713493,0.5338605685811627,2015-2019,3
1155,oppositio,Anna Kontula,333,0.4905838619417527,0.4771021354978756,0.5040655883856298,0.5094161380582474,0.5228978645021244,0.49593441161437024,2015-2019,3
1157,hallitus,Annika Saarikko,536,0.4755910416259933,0.45695034556876574,0.49423173768322093,0.5244089583740066,0.5430496544312342,0.5057682623167791,2015-2019,3
116,oppositio,Jukka Gustafsson,316,0.4468489214223441,0.4484807888668965,0.44521705397779165,0.5531510785776559,0.5515192111331035,0.5547829460222083,2015-2019,3
118,oppositio,Pekka Haavisto,145,0.5097394572029964,0.49428464380438547,0.5251942706016074,0.49026054279700354,0.5057153561956145,0.4748057293983926,2015-2019,3
1202,oppositio,Nasima Razmyar,86,0.4574899877097517,0.4429639043342492,0.47201607108525423,0.5425100122902482,0.5570360956657507,0.5279839289147458,2015-2019,3
1217,oppositio,Carl Haglund,50,0.4939257561715284,0.48964044075734064,0.49821107158571615,0.5060742438284715,0.5103595592426593,0.5017889284142839,2015-2019,3
127,hallitus,Sirkka-Liisa Anttila,153,0.5513924059268424,0.5655163084744842,0.5372685033792005,0.44860759407315753,0.4344836915255156,0.46273149662079954,2015-2019,3
1274,oppositio,Antti Rinne,489,0.5114056281378263,0.49357405660223097,0.5292371996734216,0.4885943718621737,0.5064259433977689,0.47076280032657847,2015-2019,3
1276,oppositio,Katja Hänninen,176,0.43933722563857325,0.44063070769600987,0.4380437435811366,0.5606627743614268,0.5593692923039901,0.5619562564188635,2015-2019,3
1282,hallitus,Wille Rydman,95,0.4923519549828642,0.4901859968935967,0.49451791307213167,0.5076480450171359,0.5098140031064033,0.5054820869278683,2015-2019,3
1297,oppositio,Sanna Marin,228,0.420163242272072,0.4342714808106507,0.40605500373349335,0.5798367577279278,0.5657285191893492,0.5939449962665064,2015-2019,3
1299,hallitus,Sari Multala,174,0.5142587136548,0.5201805899642664,0.5083368373453335,0.4857412863452001,0.47981941003573364,0.4916631626546665,2015-2019,3
1300,hallitus,Kai Mykkänen,218,0.5475251365821356,0.549108955143111,0.5459413180211603,0.45247486341786447,0.45089104485688924,0.45405868197883975,2015-2019,3
1301,hallitus,Jani Mäkelä,278,0.49286885505247635,0.5034303828477932,0.4823073272571595,0.5071311449475236,0.4965696171522068,0.5176926727428405,2015-2019,3
1301,oppositio,Jani Mäkelä,328,0.4705310454067448,0.4783084420875611,0.46275364872592845,0.5294689545932552,0.5216915579124388,0.5372463512740716,2015-2019,3
1302,oppositio,Ilmari Nurminen,131,0.481162882096862,0.49406642440945214,0.46825933978427176,0.518837117903138,0.5059335755905479,0.5317406602157282,2015-2019,3
1303,hallitus,Ulla Parviainen,162,0.5243039794798505,0.5303797847777428,0.5182281741819581,0.47569602052014964,0.4696202152222573,0.481771825818042,2015-2019,3
1304,oppositio,Olli-Poika Parviainen,260,0.5141912206696595,0.511042592993461,0.5173398483458581,0.4858087793303404,0.48895740700653895,0.4826601516541419,2015-2019,3
1305,hallitus,Juha Pylväs,69,0.5416896746422193,0.5501324433918727,0.533246905892566,0.45831032535778066,0.4498675566081273,0.46675309410743404,2015-2019,3
1306,oppositio,Anders Adlercreutz,203,0.47872905276450717,0.4796816726515332,0.4777764328774811,0.5212709472354928,0.5203183273484668,0.5222235671225188,2015-2019,3
1308,oppositio,Jari Ronkainen,71,0.48366274179550417,0.4972427091528299,0.4700827744381785,0.5163372582044958,0.50275729084717,0.5299172255618215,2015-2019,3
1309,hallitus,Veera Ruoho,174,0.5159885141281686,0.5168452165754095,0.5151318116809277,0.4840114858718314,0.4831547834245905,0.4848681883190723,2015-2019,3
1310,oppositio,Li Andersson,699,0.48026916206041265,0.4755212786968679,0.4850170454239574,0.5197308379395874,0.5244787213031321,0.5149829545760427,2015-2019,3
1311,oppositio,Joona Räsänen,328,0.5001227761021012,0.4893296802237505,0.5109158719804519,0.49987722389789874,0.5106703197762494,0.48908412801954804,2015-2019,3
1313,hallitus,Anne Berner,250,0.5626761934352136,0.5570641889621892,0.568288197908238,0.4373238065647863,0.4429358110378107,0.43171180209176185,2015-2019,3
1314,hallitus,Sami Savio,185,0.5300195870198715,0.5280587366993258,0.5319804373404172,0.46998041298012855,0.4719412633006742,0.4680195626595829,2015-2019,3
1314,oppositio,Sami Savio,303,0.49707515807269476,0.5057257017221246,0.4884246144232649,0.5029248419273052,0.49427429827787545,0.5115753855767351,2015-2019,3
1316,oppositio,Ville Skinnari,199,0.5159726931687622,0.5147754065190815,0.5171699798184428,0.48402730683123785,0.48522459348091856,0.4828300201815572,2015-2019,3
1317,hallitus,Simon Elo,444,0.515569302514062,0.5276700340854155,0.5034685709427086,0.484430697485938,0.47232996591458454,0.4965314290572914,2015-2019,3
1318,oppositio,Joakim Strand,79,0.4858753753571614,0.487280775472823,0.4844699752414998,0.5141246246428386,0.512719224527177,0.5155300247585002,2015-2019,3
1319,oppositio,Satu Taavitsainen,268,0.47404964228136287,0.48889144790263284,0.4592078366600929,0.5259503577186371,0.5111085520973672,0.5407921633399071,2015-2019,3
1321,hallitus,Martti Talja,119,0.49582140363733723,0.5144712054199128,0.4771716018547617,0.5041785963626628,0.4855287945800873,0.5228283981452383,2015-2019,3
1322,hallitus,Pertti Hakanen,140,0.5797199621779218,0.5866577473623442,0.5727821769934993,0.42028003782207823,0.4133422526376558,0.42721782300650074,2015-2019,3
1323,hallitus,Mari-Leena Talvitie,117,0.5305862875675235,0.518650537051838,0.542522038083209,0.4694137124324767,0.4813494629481623,0.45747796191679113,2015-2019,3
1325,oppositio,Sari Tanus,390,0.5179183464802297,0.5223394893464953,0.513497203613964,0.4820816535197704,0.4776605106535047,0.48650279638603616,2015-2019,3
1326,oppositio,Timo Harakka,585,0.486442560173428,0.4930766208167496,0.4798084995301065,0.5135574398265719,0.5069233791832504,0.5201915004698935,2015-2019,3
1327,hallitus,Ville Tavio,55,0.48765859813964896,0.48110098259389966,0.4942162136853983,0.5123414018603512,0.5188990174061006,0.5057837863146017,2015-2019,3
1327,oppositio,Ville Tavio,128,0.45829437215459234,0.4633704394993859,0.45321830480979874,0.5417056278454078,0.5366295605006142,0.5467816951902014,2015-2019,3
1329,oppositio,Antero Vartia,87,0.49104092493109025,0.48170544803934867,0.5003764018228318,0.5089590750689098,0.5182945519606514,0.4996235981771681,2015-2019,3
1330,hallitus,Juhana Vartiainen,61,0.47435237785813567,0.48630408960212596,0.46240066611414543,0.5256476221418642,0.513695910397874,0.5375993338858546,2015-2019,3
1331,hallitus,Petri Honkonen,160,0.5238955868796642,0.5299497915652387,0.5178413821940897,0.4761044131203358,0.47005020843476136,0.4821586178059102,2015-2019,3
1332,oppositio,Ozan Yanar,213,0.44124584551797275,0.46901681875456713,0.4134748722813784,0.5587541544820274,0.530983181245433,0.5865251277186216,2015-2019,3
1333,hallitus,Laura Huhtasaari,121,0.4756696587212895,0.46678225455198585,0.4845570628905932,0.5243303412787104,0.5332177454480141,0.5154429371094067,2015-2019,3
1333,oppositio,Laura Huhtasaari,147,0.46709037641542284,0.46159448046275087,0.4725862723680948,0.5329096235845772,0.5384055195372491,0.5274137276319052,2015-2019,3
1334,hallitus,Antti Häkkänen,201,0.5367100074810645,0.5160576784871583,0.5573623364749707,0.46328999251893543,0.4839423215128417,0.4426376635250292,2015-2019,3
1336,oppositio,Emma Kari,109,0.42421666527673607,0.4149070701591368,0.43352626039433534,0.5757833347232639,0.5850929298408631,0.5664737396056647,2015-2019,3
1337,hallitus,Susanna Koski,50,0.5119089816418245,0.513699724695749,0.5101182385879002,0.48809101835817537,0.486300275304251,0.48988176141209977,2015-2019,3
1338,hallitus,Hanna Kosonen,157,0.5405264455176564,0.5492736623500739,0.5317792286852389,0.45947355448234367,0.45072633764992603,0.4682207713147613,2015-2019,3
1339,hallitus,Kari Kulmala,415,0.5184090595323225,0.5225173355427175,0.5143007835219275,0.48159094046767736,0.47748266445728255,0.48569921647807224,2015-2019,3
1340,hallitus,Katri Kulmuni,280,0.5508502259113303,0.5393539409951031,0.5623465108275574,0.44914977408866974,0.4606460590048969,0.4376534891724425,2015-2019,3
1341,hallitus,Antti Kurvinen,265,0.5164931866178226,0.5201115854614755,0.5128747877741697,0.4835068133821775,0.47988841453852443,0.4871252122258305,2015-2019,3
1342,hallitus,Jaana Laitinen-Pesola,49,0.5145375084524293,0.5215978408748116,0.5074771760300469,0.4854624915475707,0.47840215912518846,0.49252282396995295,2015-2019,3
1343,oppositio,Antero Laukkanen,602,0.4863129606728085,0.4849357835997307,0.48769013774588627,0.5136870393271915,0.5150642164002693,0.5123098622541138,2015-2019,3
1344,hallitus,Rami Lehto,46,0.5120136643182518,0.5005192893088558,0.5235080393276477,0.4879863356817482,0.4994807106911442,0.4764919606723523,2015-2019,3
1344,oppositio,Rami Lehto,80,0.47213366349824837,0.4926828010089248,0.451584525987572,0.5278663365017515,0.5073171989910751,0.5484154740124281,2015-2019,3
1346,oppositio,Touko Aalto,490,0.43595704344901753,0.4222280358665296,0.4496860510315055,0.5640429565509824,0.5777719641334703,0.5503139489684945,2015-2019,3
1347,hallitus,Sampo Terho,212,0.5406313324049599,0.5257421401406986,0.555520524669221,0.4593686675950402,0.47425785985930136,0.44447947533077903,2015-2019,3
1348,hallitus,Mikko Kärnä,199,0.5067542168563517,0.5224064593972425,0.49110197431546093,0.49324578314364825,0.4775935406027575,0.508898025684539,2015-2019,3
1349,hallitus,Leena Meri,286,0.5074569428549962,0.5136433196627751,0.5012705660472172,0.4925430571450038,0.48635668033722473,0.49872943395278285,2015-2019,3
1349,oppositio,Leena Meri,277,0.478811048367084,0.47264475814248,0.4849773385916879,0.521188951632916,0.52735524185752,0.515022661408312,2015-2019,3
1372,hallitus,Matti Torvinen,57,0.5096055686463403,0.5239864721394856,0.4952246651531951,0.4903944313536597,0.4760135278605143,0.504775334846805,2015-2019,3
1378,oppositio,Pilvi Torsti,94,0.46873069766501063,0.4640661458729592,0.47339524945706213,0.5312693023349894,0.5359338541270409,0.5266047505429379,2015-2019,3
1379,hallitus,Mia Laiho,71,0.5186610294542598,0.5336769783517252,0.5036450805567945,0.4813389705457401,0.46632302164827477,0.4963549194432054,2015-2019,3
1382,hallitus,Hanna-Leena Mattila,40,0.5106125814112106,0.5243448338928101,0.496880328929611,0.4893874185887895,0.47565516610718994,0.503119671070389,2015-2019,3
157,hallitus,Kauko Juhantalo,109,0.5397978177033516,0.5356062550158269,0.5439893803908763,0.4602021822966485,0.4643937449841733,0.4560106196091237,2015-2019,3
170,hallitus,Ilkka Kanerva,117,0.5216549881963979,0.5249754883343647,0.5183344880584311,0.4783450118036022,0.47502451166563525,0.48166551194156915,2015-2019,3
175,hallitus,Toimi Kankaanniemi,303,0.5151517256250437,0.5204499073131901,0.5098535439368973,0.48484827437495637,0.47955009268681004,0.4901464560631027,2015-2019,3
175,oppositio,Toimi Kankaanniemi,238,0.4911627103765084,0.5067483025975672,0.4755771181554496,0.5088372896234916,0.49325169740243285,0.5244228818445504,2015-2019,3
202,hallitus,Seppo Kääriäinen,117,0.5285035863719347,0.5273027067233247,0.5297044660205449,0.47149641362806527,0.47269729327667537,0.47029553397945517,2015-2019,3
203,oppositio,Riitta Myller,300,0.4948158772865372,0.482167111643894,0.5074646429291805,0.5051841227134628,0.5178328883561061,0.4925353570708196,2015-2019,3
214,hallitus,Lea Mäkipää,263,0.5426586252530197,0.5477003356574427,0.5376169148485965,0.45734137474698044,0.4522996643425574,0.46238308515140353,2015-2019,3
242,hallitus,Pekka Puska,93,0.5009889562032811,0.4893950597312983,0.5125828526752639,0.4990110437967189,0.5106049402687017,0.48741714732473607,2015-2019,3
259,hallitus,Pertti Salolainen,126,0.5245249825496328,0.5125582649396405,0.536491700159625,0.4754750174503672,0.4874417350603594,0.46350829984037495,2015-2019,3
301,hallitus,Ben Zyskowicz,691,0.4669411650919305,0.4658233330712048,0.46805899711265625,0.5330588349080694,0.5341766669287952,0.5319410028873437,2015-2019,3
351,oppositio,Eva Biaudet,172,0.48247244418441754,0.48557234538125044,0.47937254298758464,0.5175275558155825,0.5144276546187496,0.5206274570124154,2015-2019,3
356,hallitus,Olli Rehn,96,0.5410113405445905,0.5351076716150118,0.5469150094741693,0.45898865945540945,0.4648923283849881,0.45308499052583073,2015-2019,3
357,oppositio,Erkki Tuomioja,60,0.5086177181271745,0.4982817018561999,0.518953734398149,0.4913822818728256,0.5017182981438002,0.4810462656018511,2015-2019,3
363,oppositio,Satu Hassi,411,0.4729438010617093,0.47282496997828655,0.47306263214513206,0.5270561989382907,0.5271750300217135,0.5269373678548679,2015-2019,3
375,hallitus,Markku Rossi,184,0.5530639557779176,0.5489399326889652,0.5571879788668699,0.44693604422208244,0.4510600673110347,0.4428120211331302,2015-2019,3
402,hallitus,Timo Kalli,153,0.5343658943414638,0.5310806819024618,0.5376511067804657,0.46563410565853625,0.4689193180975382,0.4623488932195343,2015-2019,3
414,hallitus,Matti Vanhanen,130,0.5273538129467665,0.5410920998026325,0.5136155260909006,0.4726461870532335,0.45890790019736755,0.4863844739090995,2015-2019,3
479,oppositio,Annika Lapintie,64,0.5163809044763787,0.49820764258338224,0.5345541663693754,0.48361909552362126,0.5017923574166179,0.4654458336306247,2015-2019,3
507,oppositio,Kari Uotila,288,0.49171500094778187,0.4943029475813566,0.48912705431420705,0.5082849990522182,0.5056970524186435,0.510872945685793,2015-2019,3
508,hallitus,Anu Vehviläinen,242,0.5404387136701274,0.5436270385622631,0.5372503887779917,0.4595612863298727,0.45637296143773687,0.4627496112220085,2015-2019,3
511,oppositio,Pia Viitanen,1007,0.4755450763828645,0.49331668909819354,0.45777346366753546,0.5244549236171355,0.5066833109018065,0.5422265363324645,2015-2019,3
538,oppositio,Tuula Haatainen,214,0.479007292740256,0.44973892096631446,0.5082756645141975,0.520992707259744,0.5502610790336855,0.49172433548580247,2015-2019,3
565,oppositio,Susanna Huovinen,121,0.4733838575239319,0.4800598405360185,0.4667078745118453,0.526616142476068,0.5199401594639814,0.5332921254881546,2015-2019,3
573,hallitus,Niilo Keränen,63,0.5090884976701435,0.5149835295117688,0.5031934658285182,0.4909115023298565,0.48501647048823104,0.49680653417148185,2015-2019,3
582,hallitus,Jari Leppä,177,0.589674926725855,0.5762374996947376,0.6031123537569723,0.4103250732741451,0.4237625003052624,0.39688764624302775,2015-2019,3
592,hallitus,Antti Rantakangas,139,0.5317450010874156,0.5448197536240105,0.5186702485508209,0.46825499891258426,0.4551802463759895,0.4813297514491791,2015-2019,3
609,oppositio,Harry Wallin,115,0.490521932134638,0.49388435591599267,0.4871595083532834,0.5094780678653621,0.5061156440840073,0.5128404916467167,2015-2019,3
612,hallitus,Sari Sarkomaa,271,0.4741228939450115,0.4802669644777963,0.46797882341222674,0.5258771060549883,0.5197330355222036,0.532021176587773,2015-2019,3
767,hallitus,Timo Soini,320,0.5363632827454987,0.5423172436064176,0.5304093218845799,0.4636367172545013,0.4576827563935824,0.46959067811542016,2015-2019,3
768,oppositio,Eero Heinäluoma,727,0.4778398112118774,0.5011980526344266,0.4544815697893282,0.5221601887881225,0.49880194736557326,0.5455184302106718,2015-2019,3
769,oppositio,Mikaela Nylander,122,0.4917627699597647,0.500679393776078,0.48284614614345145,0.5082372300402352,0.4993206062239219,0.5171538538565486,2015-2019,3
771,oppositio,Jyrki Kasvi,130,0.491493916028788,0.4939384382705995,0.4890493937869764,0.508506083971212,0.5060615617294004,0.5109506062130236,2015-2019,3
772,hallitus,Antti Kaikkonen,128,0.5058074639187063,0.5039624194100767,0.507652508427336,0.49419253608129365,0.49603758058992325,0.492347491572664,2015-2019,3
778,oppositio,Sari Essayah,636,0.497116743567911,0.49322801055324617,0.5010054765825759,0.5028832564320891,0.5067719894467541,0.4989945234174241,2015-2019,3
779,hallitus,Esko Kiviranta,232,0.5265268790103393,0.5348828563147795,0.5181709017058992,0.47347312098966066,0.46511714368522056,0.4818290982941007,2015-2019,3
784,hallitus,Arto Satonen,183,0.523353021029932,0.5169510717588861,0.5297549703009777,0.4766469789700681,0.4830489282411139,0.47024502969902227,2015-2019,3
790,hallitus,Kimmo Tiilikainen,338,0.5361184368790549,0.5404745309476323,0.5317623428104775,0.4638815631209451,0.4595254690523677,0.4682376571895225,2015-2019,3
796,hallitus,Eero Reijonen,62,0.5639088224608437,0.5825404853438207,0.5452771595778666,0.43609117753915627,0.4174595146561792,0.4547228404221334,2015-2019,3
797,hallitus,Hannu Hoskonen,971,0.5536953551838879,0.5463619193031464,0.5610287910646294,0.44630464481611215,0.4536380806968537,0.4389712089353706,2015-2019,3
802,oppositio,Markus Mustajärvi,190,0.48789375174451977,0.5035291852042401,0.47225831828479947,0.5121062482554803,0.49647081479576005,0.5277416817152005,2015-2019,3
805,hallitus,Lasse Hautala,135,0.5276589497552906,0.5196211994550388,0.5356967000555424,0.4723410502447094,0.48037880054496107,0.4643032999444577,2015-2019,3
808,oppositio,Jutta Urpilainen,40,0.5099359442906533,0.5026544260175898,0.5172174625637166,0.4900640557093468,0.4973455739824102,0.4827825374362834,2015-2019,3
809,hallitus,Paula Risikko,151,0.5659499628586784,0.5739372881058692,0.5579626376114877,0.4340500371413216,0.4260627118941308,0.44203736238851243,2015-2019,3
811,hallitus,Aila Paloniemi,206,0.540453460528455,0.5296220061930454,0.5512849148638644,0.459546539471545,0.47037799380695455,0.44871508513613545,2015-2019,3
856,hallitus,Jussi Niinistö,113,0.5798651050866097,0.589841616423511,0.5698885937497086,0.4201348949133901,0.4101583835764889,0.4301114062502913,2015-2019,3
887,oppositio,Sirpa Paatero,286,0.5112705330296983,0.5048569564574505,0.517684109601946,0.48872946697030173,0.4951430435425494,0.4823158903980541,2015-2019,3
910,oppositio,Stefan Wallin,130,0.47229364998187623,0.47122308226839726,0.4733642176953552,0.5277063500181238,0.5287769177316027,0.5266357823046448,2015-2019,3
913,hallitus,Eerikki Viljanen,155,0.5623182802061073,0.5611804250255674,0.5634561353866473,0.43768171979389275,0.4388195749744327,0.4365438646133528,2015-2019,3
914,oppositio,Outi Alanko-Kahiluoto,341,0.383173110317208,0.39381921783719165,0.37252700279722434,0.616826889682792,0.6061807821628085,0.6274729972027756,2015-2019,3
917,oppositio,Paavo Arhinmäki,429,0.44240316401978386,0.44630791567642447,0.43849841236314324,0.5575968359802161,0.5536920843235758,0.5615015876368566,2015-2019,3
921,oppositio,Johanna Karimäki,347,0.477593671718916,0.49420624154725024,0.4609811018905817,0.522406328281084,0.5057937584527497,0.5390188981094183,2015-2019,3
923,oppositio,Thomas Blomqvist,46,0.48671465392554936,0.47582097722241884,0.49760833062867993,0.5132853460744506,0.5241790227775811,0.5023916693713201,2015-2019,3
925,hallitus,Markku Pakkanen,354,0.5424182899219838,0.5436395242543275,0.5411970555896403,0.457581710078016,0.4563604757456724,0.4588029444103596,2015-2019,3
926,oppositio,Maria Guzenina,134,0.42696557220733755,0.41934165860316786,0.4345894858115072,0.5730344277926624,0.580658341396832,0.565410514188493,2015-2019,3
930,oppositio,Heli Järvinen,266,0.46087572148184475,0.45175981912344615,0.4699916238402434,0.5391242785181554,0.5482401808765538,0.5300083761597568,2015-2019,3
931,oppositio,Maarit Feldt-Ranta,111,0.47736591318812904,0.46218080876035683,0.4925510176159012,0.5226340868118711,0.5378191912396433,0.5074489823840989,2015-2019,3
934,hallitus,Sanna Lauslahti,172,0.4978587847580951,0.5137079536391571,0.48200961587703306,0.5021412152419049,0.4862920463608429,0.5179903841229669,2015-2019,3
935,hallitus,Eero Lehti,155,0.5214393333159983,0.5169839484473095,0.5258947181846871,0.47856066668400155,0.4830160515526901,0.4741052818153129,2015-2019,3
939,hallitus,Elsi Katainen,117,0.5245923537447104,0.5062525277613362,0.5429321797280846,0.47540764625528953,0.4937474722386638,0.45706782027191534,2015-2019,3
940,hallitus,Outi Mäkelä,133,0.5320847168830681,0.5231802960736971,0.5409891376924392,0.46791528311693187,0.4768197039263028,0.4590108623075609,2015-2019,3
943,oppositio,Mats Nylund,57,0.49413595286079603,0.48741141073847716,0.5008604949831149,0.505864047139204,0.512588589261523,0.4991395050168851,2015-2019,3
946,hallitus,Tuomo Puumala,142,0.5109213850279073,0.515737412025344,0.5061053580304706,0.48907861497209276,0.48426258797465627,0.49389464196952926,2015-2019,3
947,hallitus,Petteri Orpo,618,0.5376545639974819,0.5268183306236491,0.5484907973713147,0.4623454360025181,0.4731816693763508,0.4515092026286854,2015-2019,3
948,hallitus,Anne-Mari Virolainen,76,0.5430673689198482,0.5361485221064728,0.5499862157332237,0.4569326310801518,0.4638514778935273,0.45001378426677635,2015-2019,3
952,oppositio,Katja Taimela,198,0.5106562196072041,0.5133878367767117,0.5079246024376964,0.4893437803927959,0.4866121632232884,0.4920753975623035,2015-2019,3
953,hallitus,Anne Kalmari,233,0.522638258423155,0.5111238509220722,0.5341526659242379,0.47736174157684497,0.4888761490779278,0.4658473340757622,2015-2019,3
954,oppositio,Ilkka Kantola,118,0.46505880624307505,0.46318381903240546,0.4669337934537447,0.5349411937569248,0.5368161809675945,0.5330662065462553,2015-2019,3
956,oppositio,Ville Niinistö,331,0.44778619597671526,0.4344691756667317,0.4611032162866988,0.5522138040232847,0.5655308243332684,0.5388967837133011,2015-2019,3
959,hallitus,Timo V. Korhonen,212,0.5309524612179379,0.5263900783733872,0.5355148440624886,0.4690475387820622,0.47360992162661286,0.46448515593751144,2015-2019,3
960,oppositio,Krista Kiuru,488,0.4552832003655972,0.45778654217185544,0.45277985855933894,0.5447167996344027,0.5422134578281445,0.547220141440661,2015-2019,3
962,hallitus,Mirja Vehkaperä,132,0.5289512726970973,0.5215974188233391,0.5363051265708554,0.4710487273029028,0.4784025811766609,0.4636948734291447,2015-2019,3
971,oppositio,Johanna Ojala-Niemelä,255,0.4662769107202872,0.4703928007638968,0.46216102067667764,0.5337230892797128,0.5296071992361032,0.5378389793233224,2015-2019,3
972,hallitus,Harri Jaskari,136,0.5201046769548994,0.5283603993794361,0.5118489545303626,0.47989532304510074,0.471639600620564,0.48815104546963745,2015-2019,3
1041,hallitus,Vesa-Matti Saarakkala,77,0.4855164902282868,0.48503891572894,0.4859940647276336,0.5144835097717131,0.51496108427106,0.5140059352723663,2015-2019,4
1056,hallitus,Kalle Jokinen,135,0.5074523034657273,0.5022965819780006,0.512608024953454,0.49254769653427266,0.49770341802199936,0.48739197504654597,2015-2019,4
1087,oppositio,Merja Mäkisalo-Ropponen,555,0.46393066609154554,0.4636488323416866,0.46421249984140445,0.5360693339084546,0.5363511676583135,0.5357875001585956,2015-2019,4
1088,hallitus,Hanna Mäntylä,82,0.5490498862079762,0.5520360050027133,0.5460637674132391,0.45095011379202377,0.4479639949972866,0.4539362325867609,2015-2019,4
1091,hallitus,Martti Mölsä,74,0.5076466874604708,0.5070883430132207,0.508205031907721,0.4923533125395291,0.49291165698677925,0.49179496809227896,2015-2019,4
1092,hallitus,Mika Niikko,198,0.5073487559519276,0.5082775295769428,0.5064199823269123,0.4926512440480724,0.49172247042305717,0.4935800176730877,2015-2019,4
1092,oppositio,Mika Niikko,168,0.5029055864315204,0.4959762000749743,0.5098349727880666,0.49709441356847955,0.5040237999250257,0.49016502721193345,2015-2019,4
1093,hallitus,Juho Eerola,67,0.5009309147335672,0.514730566853063,0.48713126261407147,0.4990690852664328,0.48526943314693705,0.5128687373859285,2015-2019,4
1093,oppositio,Juho Eerola,83,0.4951739256757037,0.4791264013663593,0.511221449985048,0.5048260743242965,0.5208735986336409,0.488778550014952,2015-2019,4
1096,hallitus,Ritva Elomaa,187,0.5272223398907552,0.5267257139992607,0.5277189657822496,0.4727776601092449,0.47327428600073934,0.4722810342177504,2015-2019,4
1096,oppositio,Ritva Elomaa,199,0.47928193895418847,0.4863124570976514,0.47225142081072546,0.5207180610458115,0.5136875429023486,0.5277485791892745,2015-2019,4
1097,oppositio,Aino-Kaisa Pekonen,197,0.4162202955920824,0.4252256728669038,0.4072149183172609,0.5837797044079176,0.5747743271330961,0.5927850816827391,2015-2019,4
1098,hallitus,Jaana Pelkonen,87,0.5109081033436694,0.5203377665915379,0.501478440095801,0.48909189665633057,0.47966223340846215,0.49852155990419894,2015-2019,4
1099,oppositio,Eeva-Johanna Eloranta,194,0.43966383130508657,0.4441670528075624,0.43516060980261073,0.5603361686949134,0.5558329471924376,0.5648393901973893,2015-2019,4
1100,hallitus,Sanni Grahn-Laasonen,466,0.5242761014982402,0.519896735552652,0.5286554674438283,0.47572389850175983,0.480103264447348,0.47134453255617165,2015-2019,4
1101,hallitus,Arto Pirttilahti,168,0.555790978146719,0.5521471861683592,0.5594347701250786,0.44420902185328126,0.447852813831641,0.4405652298749215,2015-2019,4
1106,hallitus,Mikko Savola,230,0.5649577520948053,0.5727082961371198,0.5572072080524906,0.43504224790519475,0.4272917038628802,0.44279279194750937,2015-2019,4
1107,hallitus,Teuvo Hakkarainen,211,0.5181413947931877,0.5365824721484499,0.49970031743792537,0.48185860520681234,0.46341752785155005,0.5002996825620747,2015-2019,4
1107,oppositio,Teuvo Hakkarainen,86,0.5090970350571633,0.4945314700443032,0.5236626000700235,0.4909029649428365,0.5054685299556966,0.47633739992997637,2015-2019,4
1108,hallitus,Juha Sipilä,663,0.533412843007366,0.5360090689102116,0.5308166171045204,0.4665871569926341,0.4639909310897884,0.46918338289547973,2015-2019,4
1111,hallitus,Eero Suutari,195,0.5171019275946911,0.5149271071846627,0.5192767480047193,0.48289807240530896,0.4850728928153372,0.4807232519952807,2015-2019,4
1116,hallitus,Maria Tolppanen,115,0.5494889350259546,0.5442275314299447,0.5547503386219647,0.45051106497404525,0.45577246857005527,0.4452496613780353,2015-2019,4
1116,oppositio,Maria Tolppanen,318,0.5516459456567208,0.540278500975292,0.5630133903381496,0.4483540543432792,0.45972149902470794,0.43698660966185043,2015-2019,4
1118,hallitus,Kari Tolvanen,103,0.5382002689523434,0.5213776449359264,0.5550228929687604,0.4617997310476567,0.47862235506407363,0.44497710703123977,2015-2019,4
1119,hallitus,Reijo Hongisto,164,0.4953722968073351,0.5023608594116945,0.48838373420297565,0.5046277031926649,0.49763914058830555,0.5116162657970243,2015-2019,4
1120,hallitus,Ari Torniainen,267,0.5048756453932086,0.4939985424831878,0.5157527483032294,0.4951243546067914,0.5060014575168121,0.4842472516967707,2015-2019,4
1121,oppositio,Lauri Ihalainen,154,0.5265296362459441,0.525032230774812,0.5280270417170762,0.4734703637540559,0.4749677692251879,0.47197295828292385,2015-2019,4
1122,oppositio,Olli Immonen,51,0.4937290737819342,0.4856353352627026,0.5018228123011658,0.5062709262180658,0.5143646647372975,0.49817718769883423,2015-2019,4
1124,hallitus,Ari Jalonen,195,0.5050111230237944,0.5114146031401601,0.4986076429074286,0.49498887697620564,0.48858539685984,0.5013923570925714,2015-2019,4
1126,oppositio,Tytti Tuppurainen,221,0.4734127757995775,0.4635758654027815,0.4832496861963735,0.5265872242004226,0.5364241345972186,0.5167503138036265,2015-2019,4
1128,hallitus,Kaj Turunen,288,0.5161197243308664,0.5077627496008841,0.5244766990608488,0.4838802756691335,0.4922372503991159,0.47552330093915113,2015-2019,4
1129,hallitus,Arja Juvonen,189,0.5093509270333312,0.4983843920689538,0.5203174619977085,0.4906490729666688,0.5016156079310462,0.47968253800229144,2015-2019,4
1129,oppositio,Arja Juvonen,237,0.49627628343793473,0.4969514497749783,0.4956011171008911,0.5037237165620653,0.5030485502250217,0.5043988828991088,2015-2019,4
1131,hallitus,Sinuhe Wallinheimo,181,0.51387326218458,0.5187436213401607,0.5090029030289992,0.48612673781542,0.48125637865983917,0.4909970969710008,2015-2019,4
1134,hallitus,Sofia Vikman,121,0.4987967644762935,0.49021029718121084,0.5073832317713761,0.5012032355237066,0.5097897028187892,0.4926167682286239,2015-2019,4
1135,hallitus,Pia Kauma,72,0.5285292140898716,0.5242681829809841,0.5327902451987592,0.4714707859101283,0.47573181701901585,0.4672097548012408,2015-2019,4
1136,oppositio,Ville Vähämäki,79,0.5341931225419965,0.5289704922041396,0.5394157528798533,0.4658068774580035,0.47102950779586034,0.4605842471201466,2015-2019,4
1137,hallitus,Pauli Kiuru,339,0.5065497214526293,0.5036637312437582,0.5094357116615005,0.4934502785473706,0.49633626875624176,0.49056428833849947,2015-2019,4
1138,hallitus,Kimmo Kivelä,288,0.49587135244759906,0.4975338909566237,0.49420881393857446,0.5041286475524009,0.5024661090433763,0.5057911860614255,2015-2019,4
1141,oppositio,Peter Östman,321,0.47383051710465984,0.47039187494107804,0.4772691592682417,0.5261694828953402,0.529608125058922,0.5227308407317584,2015-2019,4
1144,oppositio,Suna Kymäläinen,198,0.4540353614694872,0.45974777365075664,0.44832294928821775,0.5459646385305128,0.5402522263492433,0.5516770507117823,2015-2019,4
1146,hallitus,Jari Lindström,524,0.5134482376846811,0.4966021770801115,0.5302942982892506,0.486551762315319,0.5033978229198885,0.46970570171074943,2015-2019,4
1147,oppositio,Antti Lindtman,600,0.47385407893339715,0.48101065804731113,0.46669749981948316,0.5261459210666027,0.5189893419526886,0.5333025001805168,2015-2019,4
1151,hallitus,Eeva-Maria Maijala,406,0.5223641815361304,0.5102788367471697,0.5344495263250912,0.4776358184638696,0.4897211632528303,0.4655504736749088,2015-2019,4
1152,hallitus,Pirkko Mattila,261,0.5328278140707283,0.521867372031654,0.5437882561098025,0.4671721859292717,0.4781326279683459,0.4562117438901975,2015-2019,4
1153,oppositio,Silvia Modig,205,0.45996820273736483,0.45433063833376136,0.46560576714096824,0.5400317972626352,0.5456693616662386,0.5343942328590318,2015-2019,4
1154,oppositio,Jari Myllykoski,720,0.4917890586073622,0.48758524041083023,0.49599287680389426,0.5082109413926377,0.5124147595891697,0.5040071231961056,2015-2019,4
116,oppositio,Jukka Gustafsson,316,0.46104389926773104,0.4630073961972382,0.4590804023382239,0.538956100732269,0.5369926038027619,0.5409195976617761,2015-2019,4
118,oppositio,Pekka Haavisto,145,0.5210962335467488,0.5115855132058971,0.5306069538876006,0.47890376645325117,0.48841448679410293,0.4693930461123994,2015-2019,4
1202,oppositio,Nasima Razmyar,86,0.4768532021826052,0.4811965187986038,0.4725098855666065,0.5231467978173949,0.5188034812013962,0.5274901144333936,2015-2019,4
1217,oppositio,Carl Haglund,50,0.48097123061245084,0.4648403329011102,0.4971021283237914,0.5190287693875493,0.5351596670988898,0.5028978716762086,2015-2019,4
1219,hallitus,Saara-Sofia Sirén,80,0.5294457643332402,0.522217950700419,0.5366735779660614,0.47055423566675975,0.47778204929958096,0.46332642203393853,2015-2019,4
127,hallitus,Sirkka-Liisa Anttila,153,0.5250776678612654,0.5240138140972046,0.5261415216253262,0.4749223321387345,0.47598618590279534,0.4738584783746737,2015-2019,4
1276,oppositio,Katja Hänninen,176,0.4503937202714947,0.44785016235755915,0.4529372781854303,0.5496062797285052,0.5521498376424407,0.5470627218145696,2015-2019,4
1282,hallitus,Wille Rydman,95,0.5320441919871203,0.53597357411221,0.5281148098620305,0.46795580801287984,0.4640264258877901,0.47188519013796953,2015-2019,4
1297,oppositio,Sanna Marin,228,0.41860773534634793,0.4403300321198909,0.39688543857280495,0.581392264653652,0.5596699678801091,0.603114561427195,2015-2019,4
1298,oppositio,Krista Mikkonen,465,0.49042189980278883,0.48335686637991493,0.49748693322566273,0.5095781001972111,0.516643133620085,0.5025130667743372,2015-2019,4
1299,hallitus,Sari Multala,174,0.5172784251513927,0.5130397813858977,0.5215170689168878,0.4827215748486072,0.4869602186141023,0.47848293108311213,2015-2019,4
1300,hallitus,Kai Mykkänen,218,0.5507750739431555,0.5523822641049704,0.5491678837813406,0.4492249260568445,0.4476177358950296,0.4508321162186594,2015-2019,4
1301,hallitus,Jani Mäkelä,278,0.4947296924457488,0.48980589555755183,0.4996534893339458,0.5052703075542513,0.5101941044424482,0.5003465106660543,2015-2019,4
1301,oppositio,Jani Mäkelä,328,0.48331224426436786,0.49492311905843733,0.4717013694702984,0.5166877557356322,0.5050768809415628,0.5282986305297016,2015-2019,4
1302,oppositio,Ilmari Nurminen,131,0.4403921537645511,0.43991264735795366,0.44087166017114854,0.5596078462354488,0.5600873526420463,0.5591283398288514,2015-2019,4
1303,hallitus,Ulla Parviainen,162,0.5104997209297052,0.5085764172283078,0.5124230246311026,0.4895002790702948,0.4914235827716921,0.48757697536889744,2015-2019,4
1304,oppositio,Olli-Poika Parviainen,260,0.510307189224875,0.5143094486713797,0.5063049297783702,0.48969281077512505,0.4856905513286202,0.4936950702216299,2015-2019,4
1305,hallitus,Juha Pylväs,69,0.5491993915675435,0.5419204479241421,0.5564783352109449,0.4508006084324564,0.45807955207585777,0.4435216647890551,2015-2019,4
1306,oppositio,Anders Adlercreutz,203,0.5053830026703907,0.5070788885818789,0.5036871167589024,0.4946169973296093,0.49292111141812106,0.49631288324109757,2015-2019,4
1308,oppositio,Jari Ronkainen,71,0.4864691079741692,0.49349467802878016,0.47944353791955824,0.5135308920258308,0.50650532197122,0.5205564620804417,2015-2019,4
1309,hallitus,Veera Ruoho,174,0.5191874727951508,0.5061035900812311,0.5322713555090705,0.48081252720484935,0.49389640991876915,0.46772864449092955,2015-2019,4
1310,oppositio,Li Andersson,699,0.4703700131054998,0.47608181104327435,0.46465821516772526,0.5296299868945002,0.5239181889567257,0.5353417848322748,2015-2019,4
1311,oppositio,Joona Räsänen,328,0.5496351171479654,0.5540432685724465,0.5452269657234844,0.45036488285203446,0.44595673142755343,0.45477303427651555,2015-2019,4
1312,oppositio,Hanna Sarkkinen,440,0.4700074410957832,0.4671288882245618,0.47288599396700465,0.5299925589042168,0.5328711117754383,0.5271140060329953,2015-2019,4
1313,hallitus,Anne Berner,250,0.5279116100214074,0.5292879729341389,0.5265352471086758,0.4720883899785927,0.4707120270658612,0.47346475289132417,2015-2019,4
1314,hallitus,Sami Savio,185,0.5170463159553067,0.5023879700752696,0.5317046618353439,0.48295368404469324,0.4976120299247304,0.46829533816465607,2015-2019,4
1314,oppositio,Sami Savio,303,0.48067608485217994,0.4853464008239762,0.4760057688803837,0.5193239151478202,0.514653599176024,0.5239942311196164,2015-2019,4
1315,oppositio,Matti Semi,222,0.521560104249055,0.5241731676800111,0.518947040818099,0.478439895750945,0.4758268323199889,0.48105295918190105,2015-2019,4
1316,oppositio,Ville Skinnari,199,0.5051600322252056,0.5019591413934895,0.5083609230569216,0.49483996777479444,0.4980408586065105,0.49163907694307846,2015-2019,4
1317,hallitus,Simon Elo,444,0.5006206700744656,0.5089383787451607,0.49230296140377067,0.4993793299255343,0.4910616212548392,0.5076970385962294,2015-2019,4
1320,hallitus,Tiina Elovaara,84,0.4524208443586907,0.43694671491514275,0.46789497380223855,0.5475791556413093,0.5630532850848573,0.5321050261977613,2015-2019,4
1322,hallitus,Pertti Hakanen,140,0.536221603479508,0.5219172854213567,0.5505259215376592,0.46377839652049196,0.4780827145786432,0.4494740784623407,2015-2019,4
1323,hallitus,Mari-Leena Talvitie,117,0.5237056138835323,0.525654393312059,0.5217568344550056,0.4762943861164677,0.47434560668794096,0.4782431655449944,2015-2019,4
1324,oppositio,Hanna Halmeenpää,332,0.4751767995107954,0.4670089661123682,0.4833446329092226,0.5248232004892046,0.5329910338876318,0.5166553670907775,2015-2019,4
1325,oppositio,Sari Tanus,390,0.46079283339363186,0.4601677437033464,0.46141792308391727,0.5392071666063682,0.5398322562966537,0.5385820769160827,2015-2019,4
1327,hallitus,Ville Tavio,55,0.48154570961435805,0.48924407543981185,0.4738473437889043,0.518454290385642,0.5107559245601881,0.5261526562110957,2015-2019,4
1327,oppositio,Ville Tavio,128,0.4659396201793282,0.4777819552033004,0.4540972851553561,0.5340603798206718,0.5222180447966996,0.5459027148446439,2015-2019,4
1329,oppositio,Antero Vartia,87,0.5051974898378919,0.5014089061123373,0.5089860735634466,0.49480251016210797,0.4985910938876626,0.4910139264365534,2015-2019,4
1331,hallitus,Petri Honkonen,160,0.5845490593186972,0.5593420919812816,0.6097560266561127,0.41545094068130284,0.4406579080187184,0.3902439733438873,2015-2019,4
1332,oppositio,Ozan Yanar,213,0.4349430475209848,0.4338529504126732,0.4360331446292964,0.5650569524790151,0.5661470495873266,0.5639668553707036,2015-2019,4
1333,hallitus,Laura Huhtasaari,121,0.4967738173850833,0.5193911193317629,0.47415651543840376,0.5032261826149167,0.48060888066823726,0.5258434845615961,2015-2019,4
1333,oppositio,Laura Huhtasaari,147,0.4997309445723359,0.4892702571837148,0.510191631960957,0.5002690554276641,0.5107297428162851,0.4898083680390431,2015-2019,4
1335,hallitus,Marisanna Jarva,278,0.5223758020840605,0.5213676483884804,0.5233839557796407,0.4776241979159395,0.4786323516115196,0.4766160442203594,2015-2019,4
1337,hallitus,Susanna Koski,50,0.5036926917395363,0.49327722755854675,0.5141081559205258,0.49630730826046376,0.5067227724414533,0.4858918440794742,2015-2019,4
1338,hallitus,Hanna Kosonen,157,0.5143810624702284,0.5025985488618383,0.5261635760786185,0.4856189375297716,0.49740145113816175,0.47383642392138137,2015-2019,4
1339,hallitus,Kari Kulmala,415,0.5040412412373279,0.5119197610856503,0.4961627213890053,0.4959587587626722,0.4880802389143497,0.5038372786109947,2015-2019,4
1340,hallitus,Katri Kulmuni,280,0.5334619047945758,0.529851642841735,0.5370721667474165,0.4665380952054242,0.4701483571582649,0.46292783325258346,2015-2019,4
1341,hallitus,Antti Kurvinen,265,0.5264371387249839,0.5272068897277563,0.5256673877222114,0.4735628612750161,0.47279311027224385,0.47433261227778845,2015-2019,4
1342,hallitus,Jaana Laitinen-Pesola,49,0.4934419635728064,0.49004010683183763,0.49684382031377516,0.5065580364271937,0.5099598931681624,0.503156179686225,2015-2019,4
1343,oppositio,Antero Laukkanen,602,0.49698812699451445,0.5070314978767481,0.4869447561122808,0.5030118730054856,0.492968502123252,0.5130552438877192,2015-2019,4
1344,hallitus,Rami Lehto,46,0.5080519658983682,0.5154829576211386,0.5006209741755978,0.4919480341016318,0.48451704237886145,0.49937902582440213,2015-2019,4
1344,oppositio,Rami Lehto,80,0.48267757130398514,0.49252255465391725,0.4728325879540531,0.5173224286960147,0.5074774453460827,0.5271674120459469,2015-2019,4
1346,oppositio,Touko Aalto,490,0.47983389721245623,0.47576524903470296,0.4839025453902095,0.5201661027875437,0.524234750965297,0.5160974546097905,2015-2019,4
1347,hallitus,Sampo Terho,212,0.48968243534115563,0.4823891882667205,0.4969756824155908,0.5103175646588443,0.5176108117332795,0.5030243175844091,2015-2019,4
1349,hallitus,Leena Meri,286,0.4877247049046425,0.5047921657867975,0.4706572440224875,0.5122752950953575,0.4952078342132024,0.5293427559775126,2015-2019,4
1349,oppositio,Leena Meri,277,0.49344773755619725,0.511107620897217,0.47578785421517755,0.5065522624438027,0.488892379102783,0.5242121457848224,2015-2019,4
1372,hallitus,Matti Torvinen,57,0.5183484989807816,0.5299918932460878,0.5067051047154754,0.4816515010192185,0.47000810675391236,0.4932948952845246,2015-2019,4
1374,oppositio,Veronica Rehn-Kivi,68,0.4416299240011636,0.42916401773642043,0.4540958302659067,0.5583700759988364,0.5708359822635795,0.5459041697340934,2015-2019,4
1378,oppositio,Pilvi Torsti,94,0.4809187593300046,0.47896853309254767,0.48286898556746155,0.5190812406699954,0.5210314669074523,0.5171310144325385,2015-2019,4
1379,hallitus,Mia Laiho,71,0.5335165854199597,0.5218863400994146,0.545146830740505,0.4664834145800403,0.4781136599005854,0.4548531692594951,2015-2019,4
1382,hallitus,Hanna-Leena Mattila,40,0.4828344136852896,0.48648395928410615,0.4791848680864731,0.5171655863147104,0.5135160407158939,0.5208151319135269,2015-2019,4
170,hallitus,Ilkka Kanerva,117,0.5228477343623623,0.5141558411265833,0.5315396275981412,0.47715226563763774,0.4858441588734168,0.46846037240185867,2015-2019,4
175,hallitus,Toimi Kankaanniemi,303,0.5488788988470034,0.5210317711842104,0.5767260265097963,0.4511211011529966,0.4789682288157895,0.4232739734902037,2015-2019,4
175,oppositio,Toimi Kankaanniemi,238,0.5246662641116331,0.5077317449463105,0.5416007832769558,0.4753337358883668,0.49226825505368943,0.45839921672304423,2015-2019,4
202,hallitus,Seppo Kääriäinen,117,0.5439872596356822,0.5243643815882074,0.5636101376831569,0.4560127403643178,0.4756356184117926,0.43638986231684307,2015-2019,4
203,oppositio,Riitta Myller,300,0.522212899468292,0.5114771897558963,0.5329486091806876,0.47778710053170803,0.48852281024410366,0.4670513908193124,2015-2019,4
214,hallitus,Lea Mäkipää,263,0.5104521231006474,0.5004279500381211,0.5204762961631736,0.4895478768993526,0.49957204996187876,0.4795237038368264,2015-2019,4
242,hallitus,Pekka Puska,93,0.5173908850088897,0.5228138692281635,0.5119679007896161,0.4826091149911102,0.47718613077183647,0.48803209921038393,2015-2019,4
259,hallitus,Pertti Salolainen,126,0.5366909254601122,0.5332805625760432,0.5401012883441811,0.4633090745398878,0.46671943742395683,0.4598987116558188,2015-2019,4
301,hallitus,Ben Zyskowicz,691,0.46974348923289444,0.4614476554596852,0.4780393230061037,0.5302565107671056,0.5385523445403149,0.5219606769938963,2015-2019,4
351,oppositio,Eva Biaudet,172,0.445303432787731,0.45210075876473005,0.438506106810732,0.554696567212269,0.5478992412352699,0.5614938931892681,2015-2019,4
356,hallitus,Olli Rehn,96,0.5469392002449562,0.5287630632736822,0.5651153372162302,0.45306079975504376,0.4712369367263178,0.4348846627837698,2015-2019,4
357,oppositio,Erkki Tuomioja,60,0.533553311009267,0.5471683968236853,0.5199382251948486,0.46644668899073305,0.4528316031763147,0.48006177480515133,2015-2019,4
363,oppositio,Satu Hassi,411,0.511116256050222,0.504846945887449,0.5173855662129949,0.48888374394977807,0.49515305411255095,0.4826144337870052,2015-2019,4
375,hallitus,Markku Rossi,184,0.5249354012338262,0.5243505286602059,0.5255202738074465,0.47506459876617385,0.47564947133979407,0.47447972619255363,2015-2019,4
392,hallitus,Olavi Ala-Nissilä,418,0.5448088196545231,0.535649280097443,0.5539683592116033,0.4551911803454769,0.46435071990255705,0.44603164078839674,2015-2019,4
402,hallitus,Timo Kalli,153,0.5452327937378705,0.5253693792008473,0.5650962082748936,0.4547672062621295,0.4746306207991527,0.43490379172510635,2015-2019,4
451,oppositio,Tarja Filatov,345,0.4867072286568778,0.4798419281791322,0.49357252913462346,0.5132927713431221,0.5201580718208678,0.5064274708653765,2015-2019,4
479,oppositio,Annika Lapintie,64,0.48014135764084165,0.4645431393181937,0.4957395759634896,0.5198586423591582,0.5354568606818063,0.5042604240365103,2015-2019,4
499,oppositio,Päivi Räsänen,490,0.4822076447306783,0.47951933224590626,0.4848959572154503,0.5177923552693218,0.5204806677540937,0.5151040427845498,2015-2019,4
507,oppositio,Kari Uotila,288,0.481347652534713,0.4730625080118386,0.4896327970575875,0.5186523474652869,0.5269374919881614,0.5103672029424124,2015-2019,4
508,hallitus,Anu Vehviläinen,242,0.5290861380128435,0.534034978673464,0.5241372973522233,0.47091386198715635,0.465965021326536,0.47586270264777675,2015-2019,4
511,oppositio,Pia Viitanen,1007,0.4629283763508516,0.4707431353953326,0.4551136173063707,0.5370716236491484,0.5292568646046674,0.5448863826936293,2015-2019,4
541,hallitus,Juha Rehula,387,0.5007235861274926,0.5143145366338766,0.4871326356211084,0.49927641387250743,0.4856854633661234,0.5128673643788915,2015-2019,4
582,hallitus,Jari Leppä,177,0.6207708548571047,0.6174721525837226,0.6240695571304867,0.37922914514289546,0.38252784741627754,0.3759304428695134,2015-2019,4
583,hallitus,Mika Lintilä,97,0.5471274941578067,0.5404214478757907,0.5538335404398227,0.45287250584219335,0.4595785521242092,0.4461664595601775,2015-2019,4
592,hallitus,Antti Rantakangas,139,0.5614238042152879,0.5581621595913823,0.5646854488391936,0.43857619578471196,0.4418378404086177,0.4353145511608063,2015-2019,4
609,oppositio,Harry Wallin,115,0.5104569108534427,0.49023677595387277,0.5306770457530126,0.4895430891465573,0.5097632240461272,0.4693229542469874,2015-2019,4
612,hallitus,Sari Sarkomaa,271,0.4728635337548552,0.4763928090187206,0.46933425849098975,0.5271364662451448,0.5236071909812794,0.5306657415090102,2015-2019,4
767,hallitus,Timo Soini,320,0.5411863469140503,0.5555411326124368,0.526831561215664,0.45881365308594957,0.44445886738756324,0.4731684387843359,2015-2019,4
768,oppositio,Eero Heinäluoma,727,0.49219426820815537,0.4893307828194535,0.4950577535968573,0.5078057317918445,0.5106692171805465,0.5049422464031427,2015-2019,4
769,oppositio,Mikaela Nylander,122,0.47225347387455063,0.47004283523584656,0.47446411251325465,0.5277465261254495,0.5299571647641534,0.5255358874867454,2015-2019,4
771,oppositio,Jyrki Kasvi,130,0.4806024443637299,0.49020008774444895,0.4710048009830108,0.51939755563627,0.509799912255551,0.5289951990169891,2015-2019,4
772,hallitus,Antti Kaikkonen,128,0.5426921867642013,0.5414102471873796,0.5439741263410229,0.45730781323579883,0.45858975281262043,0.45602587365897723,2015-2019,4
778,oppositio,Sari Essayah,636,0.524111058822971,0.51416844674369,0.5340536709022521,0.47588894117702896,0.4858315532563099,0.465946329097748,2015-2019,4
779,hallitus,Esko Kiviranta,232,0.510587249166554,0.5155651725050404,0.5056093258280676,0.48941275083344604,0.4844348274949596,0.49439067417193244,2015-2019,4
786,hallitus,Mikko Alatalo,108,0.5673150809143629,0.5770307707122679,0.5575993911164578,0.4326849190856371,0.42296922928773206,0.4424006088835421,2015-2019,4
790,hallitus,Kimmo Tiilikainen,338,0.5693326551852556,0.5667259156822219,0.5719393946882891,0.4306673448147445,0.43327408431777814,0.42806060531171086,2015-2019,4
791,oppositio,Anneli Kiljunen,405,0.4187384772894506,0.40626054373351,0.4312164108453912,0.5812615227105493,0.5937394562664899,0.5687835891546088,2015-2019,4
796,hallitus,Eero Reijonen,62,0.5508155909063945,0.5440130759096762,0.5576181059031129,0.44918440909360546,0.45598692409032376,0.4423818940968872,2015-2019,4
797,hallitus,Hannu Hoskonen,971,0.5894784112073821,0.5785788675592534,0.6003779548555108,0.410521588792618,0.42142113244074675,0.3996220451444893,2015-2019,4
802,oppositio,Markus Mustajärvi,190,0.5164931278251561,0.49788718735273435,0.5350990682975779,0.4835068721748438,0.5021128126472656,0.46490093170242197,2015-2019,4
805,hallitus,Lasse Hautala,135,0.582374082799351,0.5971779835932431,0.5675701820054588,0.41762591720064907,0.40282201640675686,0.4324298179945413,2015-2019,4
808,oppositio,Jutta Urpilainen,40,0.4868678550056509,0.49192231298348227,0.48181339702781945,0.5131321449943491,0.5080776870165178,0.5181866029721806,2015-2019,4
809,hallitus,Paula Risikko,151,0.5556595956004792,0.5722943356111676,0.5390248555897907,0.4443404043995207,0.42770566438883223,0.4609751444102092,2015-2019,4
811,hallitus,Aila Paloniemi,206,0.5134012947959279,0.5228462376533328,0.5039563519385228,0.4865987052040722,0.4771537623466672,0.49604364806147727,2015-2019,4
856,hallitus,Jussi Niinistö,113,0.5675906440607926,0.5806571207654614,0.5545241673561239,0.4324093559392074,0.41934287923453867,0.445475832643876,2015-2019,4
887,oppositio,Sirpa Paatero,286,0.5510242829579035,0.5510068627449204,0.5510417031708867,0.4489757170420964,0.4489931372550795,0.4489582968291133,2015-2019,4
914,oppositio,Outi Alanko-Kahiluoto,341,0.42897639114449804,0.4441949911958689,0.4137577910931272,0.5710236088555019,0.555805008804131,0.5862422089068728,2015-2019,4
917,oppositio,Paavo Arhinmäki,429,0.47593939833103016,0.4566653992461151,0.49521339741594517,0.52406060166897,0.543334600753885,0.5047866025840548,2015-2019,4
921,oppositio,Johanna Karimäki,347,0.47799197311353614,0.48702756053789714,0.4689563856891752,0.5220080268864637,0.5129724394621029,0.5310436143108246,2015-2019,4
923,oppositio,Thomas Blomqvist,46,0.4598663568937069,0.48036014768017576,0.43937256610723807,0.540133643106293,0.519639852319824,0.5606274338927619,2015-2019,4
925,hallitus,Markku Pakkanen,354,0.554063273369462,0.5566774764953892,0.5514490702435348,0.44593672663053785,0.44332252350461054,0.44855092975646516,2015-2019,4
926,oppositio,Maria Guzenina,134,0.4595252780226853,0.46594641606302434,0.45310413998234617,0.5404747219773147,0.5340535839369758,0.5468958600176538,2015-2019,4
930,oppositio,Heli Järvinen,266,0.44374506438749683,0.43227230936464955,0.45521781941034406,0.5562549356125033,0.5677276906353504,0.544782180589656,2015-2019,4
931,oppositio,Maarit Feldt-Ranta,111,0.47162790630154644,0.4867134443505168,0.4565423682525761,0.5283720936984535,0.5132865556494832,0.5434576317474239,2015-2019,4
934,hallitus,Sanna Lauslahti,172,0.4918935382036463,0.4814231231197964,0.5023639532874962,0.5081064617963538,0.5185768768802035,0.49763604671250394,2015-2019,4
935,hallitus,Eero Lehti,155,0.5168646669950118,0.5137735935531602,0.5199557404368633,0.4831353330049881,0.48622640644683973,0.48004425956313657,2015-2019,4
938,hallitus,Hannakaisa Heikkinen,294,0.5088294003076514,0.5052021591096022,0.5124566415057006,0.49117059969234855,0.4947978408903978,0.48754335849429936,2015-2019,4
940,hallitus,Outi Mäkelä,133,0.5148866852732914,0.512802872452818,0.5169704980937647,0.4851133147267087,0.4871971275471821,0.4830295019062353,2015-2019,4
941,oppositio,Anna-Maja Henriksson,220,0.46495136692816,0.4551739969569919,0.47472873689932815,0.53504863307184,0.5448260030430083,0.5252712631006718,2015-2019,4
943,oppositio,Mats Nylund,57,0.5156859100736595,0.5092101425964712,0.5221616775508476,0.4843140899263406,0.4907898574035288,0.47783832244915236,2015-2019,4
946,hallitus,Tuomo Puumala,142,0.48031397195096537,0.47230313617986164,0.4883248077220691,0.5196860280490346,0.5276968638201384,0.5116751922779309,2015-2019,4
947,hallitus,Petteri Orpo,618,0.5139275662584394,0.5260949233888699,0.5017602091280089,0.48607243374156056,0.4739050766111301,0.498239790871991,2015-2019,4
948,hallitus,Anne-Mari Virolainen,76,0.5192650461595837,0.5175269152962807,0.5210031770228867,0.4807349538404163,0.4824730847037193,0.4789968229771134,2015-2019,4
952,oppositio,Katja Taimela,198,0.4776451596580647,0.4788193349761417,0.4764709843399877,0.5223548403419354,0.5211806650238583,0.5235290156600123,2015-2019,4
953,hallitus,Anne Kalmari,233,0.529733007226793,0.5261968092500593,0.5332692052035266,0.47026699277320694,0.47380319074994065,0.4667307947964733,2015-2019,4
954,oppositio,Ilkka Kantola,118,0.5051565177508864,0.5064055842364139,0.503907451265359,0.49484348224911356,0.4935944157635861,0.496092548734641,2015-2019,4
956,oppositio,Ville Niinistö,331,0.4668804802704371,0.4710384390229027,0.4627225215179715,0.5331195197295628,0.5289615609770972,0.5372774784820284,2015-2019,4
960,oppositio,Krista Kiuru,488,0.45653579921095855,0.4485508816436499,0.46452071677826723,0.5434642007890413,0.5514491183563501,0.5354792832217325,2015-2019,4
962,hallitus,Mirja Vehkaperä,132,0.5430348637810751,0.5522394771260906,0.5338302504360598,0.45696513621892476,0.44776052287390933,0.46616974956394025,2015-2019,4
967,hallitus,Timo Heinonen,926,0.5177252144843885,0.5150012995701302,0.5204491293986466,0.4822747855156116,0.4849987004298698,0.4795508706013534,2015-2019,4
971,oppositio,Johanna Ojala-Niemelä,255,0.48444230449737335,0.488155185481722,0.48072942351302467,0.5155576955026266,0.511844814518278,0.5192705764869754,2015-2019,4
972,hallitus,Harri Jaskari,136,0.5090700837985833,0.5014963479271635,0.5166438196700032,0.4909299162014166,0.49850365207283653,0.4833561803299967,2015-2019,4
1031,hallitus,Alexander Stubb,190,0.5454908261288005,0.53861742574782,0.5523642265097811,0.4545091738711994,0.4613825742521799,0.4476357734902189,2015-2019,5
1041,hallitus,Vesa-Matti Saarakkala,77,0.5062512022643642,0.5073849672570806,0.5051174372716478,0.49374879773563585,0.4926150327429194,0.49488256272835224,2015-2019,5
1088,hallitus,Hanna Mäntylä,82,0.5411061767949941,0.5594595497593564,0.5227528038306317,0.45889382320500594,0.44054045024064353,0.4772471961693684,2015-2019,5
1092,hallitus,Mika Niikko,198,0.49809798533014626,0.5121409306821378,0.4840550399781547,0.5019020146698537,0.4878590693178622,0.5159449600218453,2015-2019,5
1092,oppositio,Mika Niikko,168,0.4979598591312422,0.5066013225593772,0.4893183957031072,0.5020401408687578,0.4933986774406228,0.5106816042968928,2015-2019,5
1093,hallitus,Juho Eerola,67,0.5083462231550779,0.5304359377382656,0.4862565085718904,0.491653776844922,0.4695640622617344,0.5137434914281096,2015-2019,5
1093,oppositio,Juho Eerola,83,0.5138698535031467,0.5275086668681783,0.5002310401381151,0.4861301464968534,0.4724913331318216,0.4997689598618851,2015-2019,5
1094,hallitus,Markku Eestilä,355,0.5029052706257959,0.49681686613628956,0.5089936751153024,0.49709472937420407,0.5031831338637105,0.4910063248846976,2015-2019,5
1096,hallitus,Ritva Elomaa,187,0.5183783782246891,0.5327862873155436,0.5039704691338346,0.481621621775311,0.46721371268445644,0.4960295308661656,2015-2019,5
1096,oppositio,Ritva Elomaa,199,0.5101436356721082,0.4961027794908257,0.5241844918533907,0.4898563643278918,0.5038972205091743,0.4758155081466094,2015-2019,5
1097,oppositio,Aino-Kaisa Pekonen,197,0.4311401311781764,0.42552279802211873,0.4367574643342341,0.5688598688218236,0.5744772019778812,0.5632425356657659,2015-2019,5
1098,hallitus,Jaana Pelkonen,87,0.4828862317074576,0.46410828377741753,0.5016641796374977,0.5171137682925424,0.5358917162225826,0.49833582036250224,2015-2019,5
1099,oppositio,Eeva-Johanna Eloranta,194,0.46474464059176407,0.4627307464647143,0.46675853471881384,0.5352553594082359,0.5372692535352858,0.5332414652811861,2015-2019,5
1100,hallitus,Sanni Grahn-Laasonen,466,0.5150320822487153,0.5252128905174238,0.504851273980007,0.48496791775128456,0.47478710948257624,0.49514872601999294,2015-2019,5
1101,hallitus,Arto Pirttilahti,168,0.5521242294268434,0.5489083096464598,0.555340149207227,0.44787577057315653,0.45109169035354013,0.4446598507927729,2015-2019,5
1102,oppositio,Kristiina Salonen,218,0.4494316128458963,0.4496123861622772,0.4492508395295153,0.5505683871541037,0.5503876138377228,0.5507491604704846,2015-2019,5
1107,hallitus,Teuvo Hakkarainen,211,0.5243033422894654,0.5130842847683691,0.5355223998105618,0.47569665771053454,0.4869157152316309,0.4644776001894382,2015-2019,5
1107,oppositio,Teuvo Hakkarainen,86,0.5005704539777148,0.5015592017015928,0.4995817062538368,0.4994295460222852,0.4984407982984071,0.5004182937461632,2015-2019,5
1108,hallitus,Juha Sipilä,663,0.5443115619816035,0.5482003792053327,0.5404227447578742,0.45568843801839654,0.45179962079466723,0.45957725524212584,2015-2019,5
1114,oppositio,Jani Toivola,95,0.4700651761879593,0.48399610135194554,0.4561342510239731,0.5299348238120405,0.5160038986480544,0.5438657489760267,2015-2019,5
1116,hallitus,Maria Tolppanen,115,0.5281771932930333,0.5247333521242126,0.5316210344618539,0.47182280670696675,0.4752666478757874,0.4683789655381461,2015-2019,5
1116,oppositio,Maria Tolppanen,318,0.4911824033318336,0.47213931579969426,0.510225490863973,0.5088175966681664,0.5278606842003057,0.4897745091360271,2015-2019,5
1118,hallitus,Kari Tolvanen,103,0.5141066729161978,0.5324968787462482,0.4957164670861475,0.48589332708380223,0.4675031212537518,0.5042835329138526,2015-2019,5
1119,hallitus,Reijo Hongisto,164,0.5223083287982915,0.520142040589332,0.5244746170072508,0.47769167120170863,0.47985795941066806,0.47552538299274916,2015-2019,5
1120,hallitus,Ari Torniainen,267,0.5507479892618945,0.5621678586812138,0.5393281198425752,0.44925201073810545,0.4378321413187861,0.4606718801574248,2015-2019,5
1121,oppositio,Lauri Ihalainen,154,0.5103949690215859,0.5159436957610164,0.5048462422821554,0.4896050309784142,0.4840563042389837,0.49515375771784464,2015-2019,5
1122,oppositio,Olli Immonen,51,0.49659630126856663,0.49312538818946183,0.5000672143476714,0.5034036987314334,0.5068746118105382,0.4999327856523286,2015-2019,5
1124,hallitus,Ari Jalonen,195,0.4876324254336386,0.4996895696372423,0.4755752812300349,0.5123675745663614,0.5003104303627577,0.5244247187699651,2015-2019,5
1126,oppositio,Tytti Tuppurainen,221,0.4762789491364603,0.4809294590475762,0.47162843922534436,0.5237210508635397,0.5190705409524237,0.5283715607746556,2015-2019,5
1129,hallitus,Arja Juvonen,189,0.5090721949399061,0.5001232059424641,0.5180211839373481,0.49092780506009404,0.49987679405753604,0.481978816062652,2015-2019,5
1129,oppositio,Arja Juvonen,237,0.46924299195895447,0.4842623664196438,0.4542236174982651,0.5307570080410455,0.5157376335803561,0.545776382501735,2015-2019,5
1131,hallitus,Sinuhe Wallinheimo,181,0.5140718533642323,0.5154935125703833,0.5126501941580812,0.4859281466357678,0.48450648742961666,0.4873498058419189,2015-2019,5
1133,oppositio,Mika Kari,366,0.495353379308649,0.5126387731974209,0.47806798541987705,0.504646620691351,0.48736122680257915,0.521932014580123,2015-2019,5
1134,hallitus,Sofia Vikman,121,0.5368568066069389,0.5317132337277196,0.5420003794861582,0.4631431933930611,0.4682867662722804,0.45799962051384185,2015-2019,5
1135,hallitus,Pia Kauma,72,0.5199799321663353,0.5167929810125141,0.5231668833201565,0.4800200678336648,0.48320701898748597,0.4768331166798436,2015-2019,5
1136,oppositio,Ville Vähämäki,79,0.5483902476796232,0.5349863722000983,0.5617941231591481,0.4516097523203767,0.4650136277999016,0.43820587684085177,2015-2019,5
1138,hallitus,Kimmo Kivelä,288,0.49854139992504987,0.4913879986645268,0.5056948011855729,0.5014586000749501,0.5086120013354731,0.4943051988144271,2015-2019,5
1141,oppositio,Peter Östman,321,0.47276799719740237,0.46461140176537635,0.48092459262942844,0.5272320028025976,0.5353885982346236,0.5190754073705716,2015-2019,5
1142,hallitus,Jukka Kopra,159,0.5313846105158837,0.5315870623215535,0.5311821587102138,0.4686153894841163,0.46841293767844644,0.4688178412897862,2015-2019,5
1146,hallitus,Jari Lindström,524,0.5048580019459159,0.5087365060830705,0.5009794978087612,0.4951419980540841,0.4912634939169295,0.4990205021912388,2015-2019,5
1147,oppositio,Antti Lindtman,600,0.43634418297430905,0.4439518265651401,0.428736539383478,0.5636558170256909,0.5560481734348599,0.571263460616522,2015-2019,5
1149,hallitus,Markus Lohi,230,0.49862340931065147,0.48444511254672784,0.5128017060745751,0.5013765906893486,0.5155548874532722,0.487198293925425,2015-2019,5
1150,hallitus,Anne Louhelainen,79,0.5112743202802659,0.5155508224577543,0.5069978181027776,0.48872567971973413,0.4844491775422458,0.49300218189722245,2015-2019,5
1151,hallitus,Eeva-Maria Maijala,406,0.5226970436349851,0.5273659667447472,0.5180281205252232,0.47730295636501474,0.47263403325525266,0.4819718794747768,2015-2019,5
1152,hallitus,Pirkko Mattila,261,0.5213961376694918,0.5184952482596081,0.5242970270793754,0.47860386233050817,0.48150475174039176,0.4757029729206246,2015-2019,5
1153,oppositio,Silvia Modig,205,0.49202680775793595,0.4924951701049053,0.49155844541096655,0.507973192242064,0.5075048298950946,0.5084415545890335,2015-2019,5
1154,oppositio,Jari Myllykoski,720,0.4956080596428519,0.5002024067979527,0.49101371248775105,0.5043919403571482,0.4997975932020474,0.508986287512249,2015-2019,5
116,oppositio,Jukka Gustafsson,316,0.4552465466685913,0.4559734344379612,0.45451965889922147,0.5447534533314087,0.5440265655620389,0.5454803411007785,2015-2019,5
118,oppositio,Pekka Haavisto,145,0.4940594283281662,0.4919231285766618,0.4961957280796706,0.5059405716718337,0.5080768714233381,0.5038042719203294,2015-2019,5
1202,oppositio,Nasima Razmyar,86,0.4853900193683096,0.47961690481205566,0.4911631339245635,0.5146099806316904,0.5203830951879443,0.5088368660754365,2015-2019,5
1217,oppositio,Carl Haglund,50,0.47435737976321074,0.46985703980639837,0.4788577197200231,0.5256426202367892,0.5301429601936016,0.5211422802799769,2015-2019,5
1219,hallitus,Saara-Sofia Sirén,80,0.5248312781180642,0.5130091942258204,0.536653362010308,0.4751687218819358,0.4869908057741797,0.4633466379896919,2015-2019,5
127,hallitus,Sirkka-Liisa Anttila,153,0.5171279389235386,0.5168038490176292,0.5174520288294479,0.4828720610764615,0.48319615098237084,0.48254797117055215,2015-2019,5
1274,oppositio,Antti Rinne,489,0.4478094339687442,0.44299204073568743,0.452626827201801,0.5521905660312558,0.5570079592643126,0.547373172798199,2015-2019,5
1276,oppositio,Katja Hänninen,176,0.4471319540353868,0.43899779715083254,0.45526611091994107,0.5528680459646131,0.5610022028491672,0.5447338890800589,2015-2019,5
1282,hallitus,Wille Rydman,95,0.5241407751007261,0.5319761863877448,0.5163053638137074,0.4758592248992739,0.4680238136122553,0.48369463618629255,2015-2019,5
1299,hallitus,Sari Multala,174,0.5408767043917486,0.5425742324674746,0.5391791763160227,0.4591232956082513,0.45742576753252545,0.4608208236839772,2015-2019,5
1300,hallitus,Kai Mykkänen,218,0.5261885970892897,0.5378400713361763,0.5145371228424032,0.4738114029107104,0.46215992866382394,0.48546287715759684,2015-2019,5
1301,hallitus,Jani Mäkelä,278,0.48851007722345924,0.48989341345426507,0.4871267409926534,0.5114899227765408,0.5101065865457349,0.5128732590073467,2015-2019,5
1301,oppositio,Jani Mäkelä,328,0.49509419317587916,0.48407425672565785,0.5061141296261005,0.5049058068241209,0.5159257432743422,0.4938858703738996,2015-2019,5
1303,hallitus,Ulla Parviainen,162,0.5382565419906769,0.5348058471168547,0.541707236864499,0.46174345800932315,0.4651941528831453,0.458292763135501,2015-2019,5
1304,oppositio,Olli-Poika Parviainen,260,0.475573767942961,0.4741750721726977,0.4769724637132243,0.524426232057039,0.5258249278273023,0.5230275362867757,2015-2019,5
1305,hallitus,Juha Pylväs,69,0.5341066431425119,0.5401763453015888,0.5280369409834351,0.4658933568574881,0.4598236546984113,0.47196305901656493,2015-2019,5
1306,oppositio,Anders Adlercreutz,203,0.4862255392665884,0.4835160673445754,0.4889350111886014,0.5137744607334116,0.5164839326554246,0.5110649888113986,2015-2019,5
1308,oppositio,Jari Ronkainen,71,0.47255648343912,0.48993492063822597,0.455178046240014,0.52744351656088,0.5100650793617739,0.544821953759986,2015-2019,5
1309,hallitus,Veera Ruoho,174,0.49464870301227676,0.5118857025158141,0.4774117035087394,0.5053512969877233,0.48811429748418594,0.5225882964912606,2015-2019,5
1310,oppositio,Li Andersson,699,0.4498201697715468,0.4515765276384146,0.44806381190467903,0.5501798302284531,0.5484234723615853,0.551936188095321,2015-2019,5
1311,oppositio,Joona Räsänen,328,0.48083975326111517,0.48189210122128945,0.47978740530094094,0.5191602467388847,0.5181078987787106,0.520212594699059,2015-2019,5
1312,oppositio,Hanna Sarkkinen,440,0.47078210188548675,0.46530837167190386,0.47625583209906963,0.5292178981145133,0.5346916283280961,0.5237441679009304,2015-2019,5
1314,hallitus,Sami Savio,185,0.5346255208536345,0.5185258596078572,0.5507251820994117,0.4653744791463654,0.48147414039214265,0.4492748179005882,2015-2019,5
1314,oppositio,Sami Savio,303,0.4702829333286709,0.465792560896966,0.47477330576037574,0.5297170666713291,0.534207439103034,0.5252266942396242,2015-2019,5
1316,oppositio,Ville Skinnari,199,0.5021944863024888,0.5004499707214084,0.5039390018835691,0.4978055136975113,0.4995500292785917,0.4960609981164309,2015-2019,5
1317,hallitus,Simon Elo,444,0.5083169827452911,0.505964241117474,0.5106697243731084,0.49168301725470875,0.49403575888252604,0.4893302756268915,2015-2019,5
1318,oppositio,Joakim Strand,79,0.49772501394673796,0.48645045440483603,0.5089995734886399,0.502274986053262,0.5135495455951641,0.49100042651136,2015-2019,5
1319,oppositio,Satu Taavitsainen,268,0.49395997127474744,0.4887505733687222,0.4991693691807727,0.5060400287252527,0.5112494266312778,0.5008306308192274,2015-2019,5
1320,hallitus,Tiina Elovaara,84,0.47261029543407407,0.4828920686827239,0.4623285221854242,0.527389704565926,0.5171079313172761,0.537671477814576,2015-2019,5
1321,hallitus,Martti Talja,119,0.5152510163819652,0.5209894997553465,0.5095125330085841,0.48474898361803465,0.4790105002446535,0.4904874669914158,2015-2019,5
1322,hallitus,Pertti Hakanen,140,0.5554717921517491,0.5520844613605105,0.5588591229429877,0.4445282078482509,0.4479155386394895,0.4411408770570123,2015-2019,5
1325,oppositio,Sari Tanus,390,0.49293809784134246,0.48520066557474484,0.5006755301079401,0.5070619021586575,0.514799334425255,0.4993244698920599,2015-2019,5
1326,oppositio,Timo Harakka,585,0.466268922772058,0.4806768405435656,0.45186100500055043,0.533731077227942,0.5193231594564345,0.5481389949994495,2015-2019,5
1329,oppositio,Antero Vartia,87,0.4952308877981219,0.49830203923323885,0.492159736363005,0.504769112201878,0.501697960766761,0.507840263636995,2015-2019,5
1331,hallitus,Petri Honkonen,160,0.5193227118338211,0.5282292405923099,0.5104161830753322,0.480677288166179,0.47177075940769014,0.48958381692466785,2015-2019,5
1332,oppositio,Ozan Yanar,213,0.46338481423704847,0.4675275216413904,0.4592421068327065,0.5366151857629515,0.5324724783586097,0.5407578931672935,2015-2019,5
1333,hallitus,Laura Huhtasaari,121,0.5210141959278531,0.5277612088775976,0.5142671829781087,0.47898580407214675,0.4722387911224023,0.4857328170218912,2015-2019,5
1333,oppositio,Laura Huhtasaari,147,0.5106983335518197,0.5048802315098456,0.5165164355937938,0.4893016664481803,0.4951197684901544,0.4834835644062062,2015-2019,5
1335,hallitus,Marisanna Jarva,278,0.526341020228969,0.5325432294357638,0.5201388110221742,0.473658979771031,0.4674567705642362,0.47986118897782576,2015-2019,5
1336,oppositio,Emma Kari,109,0.45132979195164136,0.4584749371262327,0.44418464677705005,0.5486702080483586,0.5415250628737673,0.55581535322295,2015-2019,5
1337,hallitus,Susanna Koski,50,0.4910430733256743,0.48599913435107417,0.4960870123002744,0.5089569266743257,0.5140008656489259,0.5039129876997256,2015-2019,5
1339,hallitus,Kari Kulmala,415,0.509606583257592,0.5134471991583068,0.5057659673568772,0.4903934167424081,0.48655280084169333,0.4942340326431228,2015-2019,5
1340,hallitus,Katri Kulmuni,280,0.5670447248002964,0.5574011539353751,0.5766882956652177,0.43295527519970356,0.44259884606462474,0.4233117043347823,2015-2019,5
1341,hallitus,Antti Kurvinen,265,0.5279516532739151,0.526903918681502,0.5289993878663283,0.472048346726085,0.47309608131849823,0.47100061213367167,2015-2019,5
1343,oppositio,Antero Laukkanen,602,0.48170209108378614,0.4772228524126009,0.4861813297549714,0.5182979089162137,0.5227771475873991,0.5138186702450284,2015-2019,5
1344,hallitus,Rami Lehto,46,0.4936771253929175,0.4846088914424079,0.5027453593434272,0.5063228746070825,0.5153911085575922,0.4972546406565729,2015-2019,5
1344,oppositio,Rami Lehto,80,0.48964112987141106,0.4808192988420107,0.49846296090081144,0.510358870128589,0.5191807011579894,0.5015370390991886,2015-2019,5
1346,oppositio,Touko Aalto,490,0.4672623377154436,0.48069848389784653,0.4538261915330407,0.5327376622845564,0.5193015161021535,0.5461738084669594,2015-2019,5
1347,hallitus,Sampo Terho,212,0.5005102402221877,0.505100102297623,0.4959203781467524,0.4994897597778122,0.4948998977023769,0.5040796218532475,2015-2019,5
1348,hallitus,Mikko Kärnä,199,0.5231005289839095,0.530922125318342,0.5152789326494769,0.47689947101609065,0.469077874681658,0.4847210673505232,2015-2019,5
1349,hallitus,Leena Meri,286,0.46369979436951625,0.4661161351312944,0.4612834536077381,0.5363002056304838,0.5338838648687056,0.5387165463922619,2015-2019,5
1349,oppositio,Leena Meri,277,0.4592767438818708,0.4528541384089049,0.46569934935483664,0.5407232561181292,0.5471458615910951,0.5343006506451633,2015-2019,5
1372,hallitus,Matti Torvinen,57,0.5055021502512662,0.49557975666474324,0.5154245438377891,0.4944978497487338,0.5044202433352567,0.4845754561622108,2015-2019,5
1374,oppositio,Veronica Rehn-Kivi,68,0.4705003650063656,0.46608287095821677,0.4749178590545144,0.5294996349936344,0.5339171290417832,0.5250821409454856,2015-2019,5
1378,oppositio,Pilvi Torsti,94,0.4761382695398968,0.47832321269863,0.4739533263811636,0.5238617304601032,0.52167678730137,0.5260466736188364,2015-2019,5
1379,hallitus,Mia Laiho,71,0.5388548598963481,0.5312396913357074,0.5464700284569887,0.46114514010365204,0.4687603086642927,0.45352997154301133,2015-2019,5
1382,hallitus,Hanna-Leena Mattila,40,0.4984659621218529,0.4822448360807619,0.5146870881629438,0.5015340378781471,0.517755163919238,0.48531291183705616,2015-2019,5
170,hallitus,Ilkka Kanerva,117,0.5116405929804517,0.5163491905574248,0.5069319954034788,0.48835940701954816,0.4836508094425751,0.4930680045965213,2015-2019,5
202,hallitus,Seppo Kääriäinen,117,0.5061751222929574,0.5015624428377108,0.510787801748204,0.49382487770704264,0.4984375571622892,0.48921219825179607,2015-2019,5
203,oppositio,Riitta Myller,300,0.502478931239206,0.5016577898294287,0.5033000726489831,0.49752106876079405,0.4983422101705714,0.49669992735101676,2015-2019,5
214,hallitus,Lea Mäkipää,263,0.5031763574442661,0.5051971873732506,0.5011555275152817,0.4968236425557339,0.4948028126267494,0.4988444724847184,2015-2019,5
242,hallitus,Pekka Puska,93,0.48343675316272083,0.4821228929126569,0.48475061341278475,0.5165632468372792,0.5178771070873431,0.5152493865872152,2015-2019,5
259,hallitus,Pertti Salolainen,126,0.5109105700491101,0.5149819904656849,0.5068391496325353,0.4890894299508899,0.485018009534315,0.49316085036746476,2015-2019,5
301,hallitus,Ben Zyskowicz,691,0.5073279435919356,0.49843373519927275,0.5162221519845984,0.49267205640806444,0.5015662648007273,0.4837778480154015,2015-2019,5
351,oppositio,Eva Biaudet,172,0.46301230491969014,0.46000363055888605,0.46602097928049424,0.5369876950803099,0.539996369441114,0.5339790207195059,2015-2019,5
356,hallitus,Olli Rehn,96,0.5807686236570918,0.5729317285720386,0.5886055187421451,0.41923137634290825,0.42706827142796155,0.41139448125785494,2015-2019,5
357,oppositio,Erkki Tuomioja,60,0.5223398626872005,0.5059766844175883,0.5387030409568127,0.47766013731279955,0.49402331558241175,0.46129695904318735,2015-2019,5
375,hallitus,Markku Rossi,184,0.516733584642552,0.5196135343509183,0.5138536349341858,0.483266415357448,0.48038646564908183,0.4861463650658142,2015-2019,5
392,hallitus,Olavi Ala-Nissilä,418,0.5109004736355329,0.5190903107530433,0.5027106365180225,0.489099526364467,0.4809096892469566,0.49728936348197744,2015-2019,5
402,hallitus,Timo Kalli,153,0.5336469751665652,0.5391713143769401,0.5281226359561904,0.4663530248334349,0.46082868562306,0.47187736404380975,2015-2019,5
414,hallitus,Matti Vanhanen,130,0.5172806721528647,0.5170021331270792,0.5175592111786502,0.4827193278471352,0.4829978668729208,0.4824407888213497,2015-2019,5
479,oppositio,Annika Lapintie,64,0.5086895700935994,0.5215158798427226,0.49586326034447603,0.4913104299064005,0.4784841201572772,0.5041367396555239,2015-2019,5
507,oppositio,Kari Uotila,288,0.46912468887023206,0.45851379665277053,0.4797355810876936,0.5308753111297679,0.5414862033472294,0.5202644189123063,2015-2019,5
508,hallitus,Anu Vehviläinen,242,0.5252551548295697,0.5162146559998801,0.5342956536592594,0.47474484517043025,0.4837853440001199,0.46570434634074065,2015-2019,5
511,oppositio,Pia Viitanen,1007,0.4615131440990675,0.45428447767208613,0.4687418105260489,0.5384868559009324,0.545715522327914,0.5312581894739509,2015-2019,5
538,oppositio,Tuula Haatainen,214,0.43823470696164146,0.4511277180578951,0.42534169586538784,0.5617652930383585,0.548872281942105,0.5746583041346122,2015-2019,5
541,hallitus,Juha Rehula,387,0.4973165584144759,0.4890410513010405,0.5055920655279114,0.5026834415855241,0.5109589486989596,0.4944079344720886,2015-2019,5
565,oppositio,Susanna Huovinen,121,0.44852707141070036,0.4241656906939129,0.4728884521274878,0.5514729285892996,0.5758343093060871,0.5271115478725121,2015-2019,5
582,hallitus,Jari Leppä,177,0.5743441174247492,0.5931240677817785,0.55556416706772,0.4256558825752508,0.4068759322182215,0.44443583293228006,2015-2019,5
583,hallitus,Mika Lintilä,97,0.5761355145771875,0.568009056316269,0.584261972838106,0.4238644854228125,0.4319909436837309,0.41573802716189406,2015-2019,5
592,hallitus,Antti Rantakangas,139,0.5077772081644414,0.5045538993704229,0.5110005169584599,0.4922227918355585,0.49544610062957706,0.48899948304154,2015-2019,5
612,hallitus,Sari Sarkomaa,271,0.49393229275392725,0.49343201994596486,0.4944325655618897,0.5060677072460729,0.5065679800540354,0.5055674344381104,2015-2019,5
767,hallitus,Timo Soini,320,0.5458851118020314,0.5527113260641034,0.5390588975399593,0.4541148881979687,0.4472886739358966,0.4609411024600408,2015-2019,5
768,oppositio,Eero Heinäluoma,727,0.485483303269255,0.48909599740159715,0.4818706091369128,0.5145166967307451,0.5109040025984029,0.5181293908630872,2015-2019,5
771,oppositio,Jyrki Kasvi,130,0.4746954614908612,0.4735775628856085,0.47581336009611397,0.5253045385091387,0.5264224371143915,0.5241866399038859,2015-2019,5
772,hallitus,Antti Kaikkonen,128,0.5263004909085696,0.5171628592831425,0.5354381225339966,0.47369950909143044,0.48283714071685757,0.4645618774660033,2015-2019,5
778,oppositio,Sari Essayah,636,0.4854375819416355,0.4751051258802617,0.4957700380030093,0.5145624180583646,0.5248948741197383,0.5042299619969908,2015-2019,5
779,hallitus,Esko Kiviranta,232,0.5073891930404105,0.5130888544354486,0.5016895316453724,0.49261080695958953,0.4869111455645515,0.49831046835462756,2015-2019,5
784,hallitus,Arto Satonen,183,0.5456251714464739,0.5416993221553195,0.5495510207376284,0.45437482855352607,0.4583006778446806,0.45044897926237154,2015-2019,5
786,hallitus,Mikko Alatalo,108,0.553037681526136,0.5532809299209853,0.5527944331312865,0.446962318473864,0.44671907007901446,0.4472055668687135,2015-2019,5
790,hallitus,Kimmo Tiilikainen,338,0.5369086384555566,0.5228493943367137,0.5509678825743995,0.4630913615444434,0.47715060566328626,0.4490321174256005,2015-2019,5
791,oppositio,Anneli Kiljunen,405,0.4700248042356264,0.46812104766186646,0.47192856080938644,0.5299751957643737,0.5318789523381336,0.5280714391906136,2015-2019,5
796,hallitus,Eero Reijonen,62,0.5700091039384618,0.5658037913744907,0.5742144165024329,0.42999089606153823,0.43419620862550934,0.4257855834975671,2015-2019,5
797,hallitus,Hannu Hoskonen,971,0.5356436409534799,0.5280651880049698,0.5432220939019899,0.46435635904652006,0.4719348119950301,0.45677790609801006,2015-2019,5
802,oppositio,Markus Mustajärvi,190,0.49129686695872066,0.5066567245467637,0.4759370093706776,0.5087031330412793,0.49334327545323625,0.5240629906293224,2015-2019,5
805,hallitus,Lasse Hautala,135,0.5355527765114034,0.5532396670207491,0.5178658860020576,0.4644472234885967,0.44676033297925094,0.48213411399794237,2015-2019,5
808,oppositio,Jutta Urpilainen,40,0.5306831299263619,0.5437757359825527,0.5175905238701712,0.469316870073638,0.4562242640174473,0.4824094761298287,2015-2019,5
887,oppositio,Sirpa Paatero,286,0.49886737545300275,0.4922917693505234,0.5054429815554821,0.5011326245469974,0.5077082306494767,0.494557018444518,2015-2019,5
910,oppositio,Stefan Wallin,130,0.49983820342262086,0.49285060265123526,0.5068258041940065,0.5001617965773791,0.5071493973487647,0.49317419580599353,2015-2019,5
913,hallitus,Eerikki Viljanen,155,0.5328366837235261,0.531625728614917,0.5340476388321354,0.4671633162764738,0.46837427138508303,0.4659523611678645,2015-2019,5
914,oppositio,Outi Alanko-Kahiluoto,341,0.4502448835584778,0.46264153825361226,0.4378482288633433,0.5497551164415223,0.5373584617463878,0.5621517711366568,2015-2019,5
917,oppositio,Paavo Arhinmäki,429,0.45469327174883534,0.4740599275793211,0.43532661591834954,0.5453067282511647,0.5259400724206789,0.5646733840816505,2015-2019,5
921,oppositio,Johanna Karimäki,347,0.5095132450347583,0.5216266471582794,0.4973998429112371,0.4904867549652417,0.47837335284172056,0.5026001570887628,2015-2019,5
923,oppositio,Thomas Blomqvist,46,0.463306125687112,0.4572500879076699,0.46936216346655407,0.536693874312888,0.54274991209233,0.5306378365334459,2015-2019,5
925,hallitus,Markku Pakkanen,354,0.5243820369528245,0.519100152070109,0.52966392183554,0.4756179630471755,0.48089984792989116,0.4703360781644599,2015-2019,5
926,oppositio,Maria Guzenina,134,0.4668921637737159,0.4690794178812725,0.46470490966615924,0.5331078362262841,0.5309205821187275,0.5352950903338407,2015-2019,5
930,oppositio,Heli Järvinen,266,0.4984985160787955,0.4933199286652011,0.5036771034923899,0.5015014839212044,0.5066800713347989,0.4963228965076101,2015-2019,5
931,oppositio,Maarit Feldt-Ranta,111,0.4566907619791743,0.4507205271958634,0.4626609967624852,0.5433092380208256,0.5492794728041365,0.5373390032375148,2015-2019,5
934,hallitus,Sanna Lauslahti,172,0.5223292642718071,0.5316230054823265,0.5130355230612877,0.47767073572819285,0.46837699451767334,0.48696447693871237,2015-2019,5
935,hallitus,Eero Lehti,155,0.5106325539167194,0.5029459806859975,0.5183191271474412,0.4893674460832807,0.49705401931400256,0.48168087285255884,2015-2019,5
938,hallitus,Hannakaisa Heikkinen,294,0.49862661753477033,0.49770186067253785,0.49955137439700276,0.5013733824652297,0.5022981393274621,0.5004486256029972,2015-2019,5
940,hallitus,Outi Mäkelä,133,0.5139617498350502,0.5042898032616104,0.52363369640849,0.4860382501649499,0.49571019673838956,0.4763663035915102,2015-2019,5
941,oppositio,Anna-Maja Henriksson,220,0.45366199019953746,0.44879086473230234,0.4585331156667725,0.5463380098004625,0.5512091352676977,0.5414668843332274,2015-2019,5
943,oppositio,Mats Nylund,57,0.4992297513573985,0.49608768454289087,0.5023718181719061,0.5007702486426016,0.5039123154571091,0.49762818182809393,2015-2019,5
947,hallitus,Petteri Orpo,618,0.5568549037915225,0.5584688596770065,0.5552409479060384,0.4431450962084775,0.44153114032299345,0.4447590520939615,2015-2019,5
948,hallitus,Anne-Mari Virolainen,76,0.5218128892175118,0.5285015512615703,0.5151242271734532,0.4781871107824883,0.4714984487384298,0.4848757728265468,2015-2019,5
953,hallitus,Anne Kalmari,233,0.52698404393522,0.5285060351117027,0.5254620527587375,0.4730159560647799,0.4714939648882973,0.4745379472412625,2015-2019,5
954,oppositio,Ilkka Kantola,118,0.4906255834983694,0.48998131456472993,0.4912698524320088,0.5093744165016306,0.5100186854352701,0.5087301475679912,2015-2019,5
959,hallitus,Timo V. Korhonen,212,0.5226477417172105,0.5380384817394585,0.5072570016949626,0.4773522582827895,0.4619615182605415,0.4927429983050374,2015-2019,5
960,oppositio,Krista Kiuru,488,0.4469601691134473,0.42632122332665345,0.4675991149002412,0.5530398308865525,0.5736787766733464,0.5324008850997587,2015-2019,5
962,hallitus,Mirja Vehkaperä,132,0.5227382397756064,0.5097994751104811,0.5356770044407319,0.47726176022439337,0.4902005248895189,0.4643229955592679,2015-2019,5
971,oppositio,Johanna Ojala-Niemelä,255,0.47517350776002154,0.4737032108062487,0.4766438047137944,0.5248264922399785,0.5262967891937513,0.5233561952862056,2015-2019,5
1041,hallitus,Vesa-Matti Saarakkala,77,0.4822296293502057,0.46430342291330506,0.5001558357871063,0.5177703706497944,0.5356965770866949,0.49984416421289374,2015-2019,6
1056,hallitus,Kalle Jokinen,135,0.5239500208803451,0.5270003627431359,0.5208996790175544,0.47604997911965474,0.4729996372568639,0.47910032098244565,2015-2019,6
1087,oppositio,Merja Mäkisalo-Ropponen,555,0.4658113544448461,0.4684610401077524,0.4631616687819398,0.5341886455551539,0.5315389598922475,0.5368383312180602,2015-2019,6
1088,hallitus,Hanna Mäntylä,82,0.544784167456954,0.5413953356294142,0.5481729992844939,0.4552158325430459,0.4586046643705858,0.45182700071550597,2015-2019,6
1092,hallitus,Mika Niikko,198,0.5041037375735986,0.48250645328421704,0.5257010218629803,0.4958962624264013,0.517493546715783,0.47429897813701966,2015-2019,6
1092,oppositio,Mika Niikko,168,0.48091419466000074,0.48373631221536495,0.47809207710463647,0.5190858053399993,0.516263687784635,0.5219079228953635,2015-2019,6
1093,hallitus,Juho Eerola,67,0.4803078502730694,0.46997920358478096,0.4906364969613578,0.5196921497269307,0.530020796415219,0.5093635030386422,2015-2019,6
1093,oppositio,Juho Eerola,83,0.4688071433128619,0.4656590592883882,0.4719552273373355,0.5311928566871382,0.534340940711612,0.5280447726626645,2015-2019,6
1094,hallitus,Markku Eestilä,355,0.49793141196036594,0.5013043892186844,0.49455843470204747,0.5020685880396342,0.4986956107813157,0.5054415652979526,2015-2019,6
1096,hallitus,Ritva Elomaa,187,0.4890351934523167,0.49670158718672547,0.48136879971790797,0.5109648065476834,0.5032984128132746,0.5186312002820922,2015-2019,6
1096,oppositio,Ritva Elomaa,199,0.49566432674154715,0.4905497531910107,0.5007789002920836,0.504335673258453,0.5094502468089894,0.4992210997079164,2015-2019,6
1098,hallitus,Jaana Pelkonen,87,0.5262680327793742,0.5302296992038908,0.5223063663548575,0.47373196722062594,0.4697703007961092,0.4776936336451426,2015-2019,6
1099,oppositio,Eeva-Johanna Eloranta,194,0.4133466942156041,0.4233092612629489,0.4033841271682593,0.5866533057843959,0.5766907387370512,0.5966158728317407,2015-2019,6
1100,hallitus,Sanni Grahn-Laasonen,466,0.49737363631627163,0.4991140784330742,0.49563319419946905,0.5026263636837284,0.5008859215669258,0.504366805800531,2015-2019,6
1101,hallitus,Arto Pirttilahti,168,0.5584184489542203,0.5526232790105129,0.5642136188979278,0.4415815510457797,0.4473767209894871,0.43578638110207224,2015-2019,6
1102,oppositio,Kristiina Salonen,218,0.4400534179636294,0.4423612114137179,0.4377456245135408,0.5599465820363707,0.5576387885862821,0.5622543754864592,2015-2019,6
1106,hallitus,Mikko Savola,230,0.5608172184310656,0.5768960655082881,0.544738371353843,0.43918278156893453,0.4231039344917119,0.4552616286461572,2015-2019,6
1107,hallitus,Teuvo Hakkarainen,211,0.5137388031721344,0.5219309886604507,0.5055466176838181,0.4862611968278655,0.4780690113395492,0.49445338231618186,2015-2019,6
1107,oppositio,Teuvo Hakkarainen,86,0.5015381659677675,0.49992482131684823,0.5031515106186867,0.49846183403223254,0.5000751786831518,0.4968484893813133,2015-2019,6
1108,hallitus,Juha Sipilä,663,0.5431344069040291,0.5495241055216079,0.5367447082864505,0.4568655930959707,0.45047589447839204,0.46325529171354934,2015-2019,6
1111,hallitus,Eero Suutari,195,0.5254175193354462,0.5287031948783731,0.5221318437925193,0.47458248066455383,0.47129680512162686,0.4778681562074808,2015-2019,6
1114,oppositio,Jani Toivola,95,0.4850927315110727,0.47595286759063854,0.4942325954315069,0.5149072684889273,0.5240471324093614,0.5057674045684931,2015-2019,6
1116,hallitus,Maria Tolppanen,115,0.531171867859435,0.5287435978524778,0.5336001378663924,0.4688281321405649,0.4712564021475222,0.4663998621336076,2015-2019,6
1116,oppositio,Maria Tolppanen,318,0.4896867316116159,0.4841609087913409,0.49521255443189094,0.510313268388384,0.5158390912086591,0.504787445568109,2015-2019,6
1118,hallitus,Kari Tolvanen,103,0.5140032400178953,0.5285035166040715,0.49950296343171924,0.4859967599821048,0.47149648339592876,0.5004970365682808,2015-2019,6
1119,hallitus,Reijo Hongisto,164,0.5055558675896988,0.5260316925818339,0.4850800425975638,0.4944441324103013,0.4739683074181662,0.5149199574024363,2015-2019,6
1120,hallitus,Ari Torniainen,267,0.5626376683888202,0.5474346283043507,0.5778407084732897,0.4373623316111797,0.45256537169564925,0.42215929152671017,2015-2019,6
1121,oppositio,Lauri Ihalainen,154,0.5257473641895027,0.523728896785579,0.5277658315934266,0.47425263581049715,0.47627110321442095,0.4722341684065734,2015-2019,6
1122,oppositio,Olli Immonen,51,0.49793795059027857,0.5006437628805247,0.49523213830003243,0.5020620494097214,0.4993562371194752,0.5047678616999676,2015-2019,6
1124,hallitus,Ari Jalonen,195,0.4936428810439082,0.4960134700106852,0.49127229207713113,0.5063571189560918,0.5039865299893148,0.5087277079228689,2015-2019,6
1128,hallitus,Kaj Turunen,288,0.49718932534298443,0.49997068281822876,0.49440796786774016,0.5028106746570156,0.5000293171817712,0.5055920321322598,2015-2019,6
1129,hallitus,Arja Juvonen,189,0.5364962679915319,0.5291854345970846,0.5438071013859792,0.46350373200846806,0.47081456540291544,0.4561928986140207,2015-2019,6
1129,oppositio,Arja Juvonen,237,0.5103001399583211,0.4982677609451211,0.5223325189715211,0.48969986004167887,0.5017322390548788,0.47766748102847884,2015-2019,6
1131,hallitus,Sinuhe Wallinheimo,181,0.4854189351842312,0.4747746849658093,0.496063185402653,0.5145810648157689,0.5252253150341908,0.5039368145973471,2015-2019,6
1133,oppositio,Mika Kari,366,0.4951717018130399,0.4978058207080595,0.49253758291802024,0.5048282981869601,0.5021941792919404,0.5074624170819798,2015-2019,6
1135,hallitus,Pia Kauma,72,0.5141078795035312,0.5000452318206683,0.528170527186394,0.4858921204964689,0.49995476817933177,0.471829472813606,2015-2019,6
1136,oppositio,Ville Vähämäki,79,0.5169390978366962,0.5059647788391254,0.5279134168342671,0.4830609021633038,0.4940352211608746,0.4720865831657329,2015-2019,6
1138,hallitus,Kimmo Kivelä,288,0.49578855750408135,0.48839542972774985,0.5031816852804128,0.5042114424959186,0.5116045702722501,0.49681831471958715,2015-2019,6
1142,hallitus,Jukka Kopra,159,0.5412380287140555,0.5509001932649534,0.5315758641631576,0.4587619712859444,0.4490998067350465,0.4684241358368424,2015-2019,6
1147,oppositio,Antti Lindtman,600,0.4452286316460953,0.4452672386625912,0.44519002462959933,0.5547713683539048,0.5547327613374089,0.5548099753704008,2015-2019,6
1150,hallitus,Anne Louhelainen,79,0.5332714974548239,0.5414870773489749,0.5250559175606729,0.46672850254517606,0.458512922651025,0.47494408243932706,2015-2019,6
1151,hallitus,Eeva-Maria Maijala,406,0.5546377585342483,0.5455302308809267,0.5637452861875699,0.4453622414657517,0.45446976911907333,0.4362547138124301,2015-2019,6
1152,hallitus,Pirkko Mattila,261,0.5302433203088193,0.5250111713007514,0.5354754693168873,0.46975667969118057,0.47498882869924863,0.4645245306831125,2015-2019,6
1153,oppositio,Silvia Modig,205,0.4646897576969014,0.45544539520003335,0.47393412019376946,0.5353102423030984,0.5445546047999666,0.5260658798062303,2015-2019,6
1154,oppositio,Jari Myllykoski,720,0.5114944719185718,0.5125028614829197,0.5104860823542239,0.4885055280814282,0.4874971385170803,0.4895139176457762,2015-2019,6
1155,oppositio,Anna Kontula,333,0.45702185912611604,0.4532028682652121,0.46084084998702,0.542978140873884,0.546797131734788,0.53915915001298,2015-2019,6
1157,hallitus,Annika Saarikko,536,0.5105966654289206,0.5121933360749591,0.508999994782882,0.48940333457107943,0.48780666392504096,0.49100000521711784,2015-2019,6
116,oppositio,Jukka Gustafsson,316,0.4812787496269749,0.47496149780603636,0.48759600144791343,0.5187212503730252,0.5250385021939638,0.5124039985520865,2015-2019,6
118,oppositio,Pekka Haavisto,145,0.4980328339369233,0.5057909862000878,0.4902746816737588,0.5019671660630767,0.4942090137999123,0.5097253183262411,2015-2019,6
1202,oppositio,Nasima Razmyar,86,0.48934484200769324,0.4882255792684669,0.49046410474691965,0.5106551579923068,0.5117744207315331,0.5095358952530804,2015-2019,6
1217,oppositio,Carl Haglund,50,0.4462219029690382,0.44162336051962087,0.45082044541845556,0.5537780970309618,0.5583766394803792,0.5491795545815444,2015-2019,6
1219,hallitus,Saara-Sofia Sirén,80,0.4907941296880335,0.47772482070006606,0.5038634386760009,0.5092058703119664,0.5222751792999338,0.4961365613239991,2015-2019,6
1274,oppositio,Antti Rinne,489,0.4696393625604185,0.47410584978542836,0.4651728753354087,0.5303606374395815,0.5258941502145716,0.5348271246645913,2015-2019,6
1276,oppositio,Katja Hänninen,176,0.45581688628145867,0.44939245855904086,0.4622413140038765,0.5441831137185413,0.5506075414409591,0.5377586859961234,2015-2019,6
1298,oppositio,Krista Mikkonen,465,0.4689067317200986,0.4589875296084128,0.4788259338317844,0.5310932682799014,0.5410124703915872,0.5211740661682156,2015-2019,6
1300,hallitus,Kai Mykkänen,218,0.5267529074658948,0.5198119684952995,0.5336938464364901,0.47324709253410513,0.4801880315047004,0.4663061535635099,2015-2019,6
1301,hallitus,Jani Mäkelä,278,0.4902512785211507,0.4926121030081238,0.48789045403417763,0.5097487214788492,0.5073878969918761,0.5121095459658224,2015-2019,6
1301,oppositio,Jani Mäkelä,328,0.48370256188504723,0.4866555430571646,0.4807495807129299,0.5162974381149528,0.5133444569428354,0.5192504192870702,2015-2019,6
1302,oppositio,Ilmari Nurminen,131,0.45145270524849423,0.44805403087787327,0.4548513796191152,0.5485472947515058,0.5519459691221267,0.5451486203808849,2015-2019,6
1303,hallitus,Ulla Parviainen,162,0.5035772880823906,0.5150514482191328,0.4921031279456482,0.49642271191760945,0.4849485517808671,0.5078968720543519,2015-2019,6
1304,oppositio,Olli-Poika Parviainen,260,0.5036556543661873,0.5000263748112905,0.5072849339210841,0.4963443456338127,0.49997362518870947,0.49271506607891585,2015-2019,6
1305,hallitus,Juha Pylväs,69,0.5591837051674146,0.5527119850152996,0.5656554253195295,0.44081629483258544,0.44728801498470033,0.4343445746804705,2015-2019,6
1306,oppositio,Anders Adlercreutz,203,0.4808969059167031,0.48524850309056716,0.47654530874283907,0.519103094083297,0.514751496909433,0.5234546912571609,2015-2019,6
1308,oppositio,Jari Ronkainen,71,0.47466101929030247,0.47289031127210024,0.47643172730850464,0.5253389807096976,0.5271096887278998,0.5235682726914955,2015-2019,6
1309,hallitus,Veera Ruoho,174,0.5063590709876278,0.4929538168134104,0.5197643251618451,0.4936409290123722,0.5070461831865896,0.48023567483815494,2015-2019,6
1310,oppositio,Li Andersson,699,0.47616441746566773,0.4629528861514925,0.4893759487798429,0.5238355825343324,0.5370471138485076,0.5106240512201572,2015-2019,6
1311,oppositio,Joona Räsänen,328,0.5143456462598581,0.5116600995330034,0.5170311929867129,0.4856543537401419,0.4883399004669965,0.4829688070132872,2015-2019,6
1312,oppositio,Hanna Sarkkinen,440,0.4848154346243478,0.4856884907003324,0.4839423785483632,0.5151845653756522,0.5143115092996675,0.5160576214516368,2015-2019,6
1313,hallitus,Anne Berner,250,0.5834829703401807,0.6009373238226486,0.5660286168577129,0.4165170296598193,0.39906267617735136,0.43397138314228717,2015-2019,6
1314,hallitus,Sami Savio,185,0.5209668105023135,0.5053899960774231,0.536543624927204,0.4790331894976866,0.49461000392257715,0.46345637507279597,2015-2019,6
1314,oppositio,Sami Savio,303,0.49275651636840523,0.4969712854441304,0.48854174729268013,0.5072434836315949,0.5030287145558697,0.5114582527073199,2015-2019,6
1316,oppositio,Ville Skinnari,199,0.4906542291156673,0.49001010982317156,0.49129834840816305,0.5093457708843327,0.5099898901768285,0.508701651591837,2015-2019,6
1317,hallitus,Simon Elo,444,0.5066596261819565,0.4976915200355029,0.5156277323284102,0.4933403738180434,0.5023084799644971,0.4843722676715897,2015-2019,6
1318,oppositio,Joakim Strand,79,0.5145750140170553,0.5138849757092807,0.5152650523248299,0.4854249859829447,0.48611502429071923,0.48473494767517017,2015-2019,6
1319,oppositio,Satu Taavitsainen,268,0.47688662812048255,0.4780650828688563,0.4757081733721088,0.5231133718795175,0.5219349171311437,0.5242918266278912,2015-2019,6
1320,hallitus,Tiina Elovaara,84,0.50253697064332,0.49450713271213687,0.5105668085745033,0.49746302935667985,0.5054928672878631,0.4894331914254966,2015-2019,6
1321,hallitus,Martti Talja,119,0.49956401944139356,0.5065225697806455,0.49260546910214165,0.5004359805586065,0.4934774302193546,0.5073945308978584,2015-2019,6
1322,hallitus,Pertti Hakanen,140,0.5383096401794696,0.5437731760788068,0.5328461042801325,0.4616903598205304,0.4562268239211932,0.4671538957198676,2015-2019,6
1323,hallitus,Mari-Leena Talvitie,117,0.5295478875606445,0.5241706457212295,0.5349251294000597,0.47045211243935536,0.47582935427877027,0.4650748705999404,2015-2019,6
1324,oppositio,Hanna Halmeenpää,332,0.45834605632758585,0.47125614955392836,0.4454359631012433,0.5416539436724142,0.5287438504460716,0.5545640368987568,2015-2019,6
1325,oppositio,Sari Tanus,390,0.47735375731706764,0.4846546724661792,0.470052842167956,0.5226462426829324,0.5153453275338207,0.5299471578320439,2015-2019,6
1326,oppositio,Timo Harakka,585,0.49808433812381886,0.5057475475345361,0.4904211287131016,0.5019156618761812,0.49425245246546395,0.5095788712868984,2015-2019,6
1327,hallitus,Ville Tavio,55,0.49319419796629943,0.5066487108110587,0.4797396851215402,0.5068058020337006,0.49335128918894133,0.5202603148784599,2015-2019,6
1327,oppositio,Ville Tavio,128,0.4661059418143503,0.46898289569952994,0.46322898792917055,0.5338940581856498,0.5310171043004701,0.5367710120708296,2015-2019,6
1329,oppositio,Antero Vartia,87,0.5058223112899711,0.49741021708794,0.5142344054920023,0.4941776887100289,0.50258978291206,0.4857655945079977,2015-2019,6
1330,hallitus,Juhana Vartiainen,61,0.4696568818068344,0.4669109916214184,0.47240277199225045,0.5303431181931655,0.5330890083785815,0.5275972280077496,2015-2019,6
1331,hallitus,Petri Honkonen,160,0.5388932136750288,0.5435405304173524,0.5342458969327054,0.46110678632497115,0.4564594695826476,0.4657541030672947,2015-2019,6
1332,oppositio,Ozan Yanar,213,0.4267421631602568,0.4344925067446119,0.4189918195759018,0.5732578368397432,0.5655074932553881,0.5810081804240982,2015-2019,6
1333,hallitus,Laura Huhtasaari,121,0.5218858554224148,0.5314060060806862,0.5123657047641434,0.4781141445775851,0.46859399391931367,0.48763429523585655,2015-2019,6
1333,oppositio,Laura Huhtasaari,147,0.4746332189830548,0.4779943407636802,0.47127209720242946,0.5253667810169452,0.5220056592363198,0.5287279027975706,2015-2019,6
1334,hallitus,Antti Häkkänen,201,0.524187569424719,0.5211665537377305,0.5272085851117075,0.475812430575281,0.47883344626226954,0.47279141488829246,2015-2019,6
1335,hallitus,Marisanna Jarva,278,0.501706027624329,0.49896058967654594,0.5044514655721122,0.49829397237567097,0.5010394103234541,0.49554853442788777,2015-2019,6
1337,hallitus,Susanna Koski,50,0.511427689760912,0.5138847812705347,0.5089705982512893,0.488572310239088,0.4861152187294652,0.49102940174871074,2015-2019,6
1338,hallitus,Hanna Kosonen,157,0.5345061197555243,0.5358396328044451,0.5331726067066035,0.46549388024447574,0.464160367195555,0.4668273932933965,2015-2019,6
1339,hallitus,Kari Kulmala,415,0.513191184138426,0.501892812710812,0.52448955556604,0.486808815861574,0.49810718728918807,0.4755104444339599,2015-2019,6
1340,hallitus,Katri Kulmuni,280,0.5449616110091837,0.5464423536978994,0.543480868320468,0.45503838899081633,0.4535576463021007,0.45651913167953195,2015-2019,6
1341,hallitus,Antti Kurvinen,265,0.5301872699972703,0.5299970781817211,0.5303774618128194,0.4698127300027297,0.4700029218182788,0.46962253818718064,2015-2019,6
1342,hallitus,Jaana Laitinen-Pesola,49,0.49812506409731017,0.5020981988158888,0.4941519293787315,0.50187493590269,0.4979018011841113,0.5058480706212685,2015-2019,6
1343,oppositio,Antero Laukkanen,602,0.4834365074144127,0.48924813840532605,0.47762487642349927,0.5165634925855873,0.510751861594674,0.5223751235765007,2015-2019,6
1344,hallitus,Rami Lehto,46,0.4817296389730977,0.4951084161470175,0.46835086179917784,0.5182703610269023,0.5048915838529825,0.531649138200822,2015-2019,6
1344,oppositio,Rami Lehto,80,0.45274086618210535,0.45416705807496244,0.45131467428924826,0.5472591338178947,0.5458329419250376,0.5486853257107517,2015-2019,6
1346,oppositio,Touko Aalto,490,0.474702429163919,0.4741337347143884,0.47527112361344964,0.525297570836081,0.5258662652856116,0.5247288763865503,2015-2019,6
1347,hallitus,Sampo Terho,212,0.5303787336250158,0.5319794744535133,0.5287779927965182,0.46962126637498425,0.46802052554648677,0.47122200720348173,2015-2019,6
1348,hallitus,Mikko Kärnä,199,0.5142479454174987,0.5167796732945659,0.5117162175404316,0.48575205458250126,0.48322032670543413,0.4882837824595684,2015-2019,6
1349,hallitus,Leena Meri,286,0.468971867554449,0.47797118953793427,0.4599725455709637,0.531028132445551,0.5220288104620657,0.5400274544290363,2015-2019,6
1349,oppositio,Leena Meri,277,0.4852914983635981,0.47977436592450234,0.4908086308026939,0.5147085016364019,0.5202256340754976,0.5091913691973061,2015-2019,6
1372,hallitus,Matti Torvinen,57,0.5057225391285969,0.5167830439499892,0.49466203430720457,0.4942774608714031,0.4832169560500108,0.5053379656927954,2015-2019,6
1374,oppositio,Veronica Rehn-Kivi,68,0.4653428799780849,0.46155416384992404,0.4691315961062458,0.534657120021915,0.5384458361500759,0.5308684038937542,2015-2019,6
1378,oppositio,Pilvi Torsti,94,0.46886203129864634,0.46874748749887696,0.4689765750984158,0.5311379687013535,0.531252512501123,0.5310234249015842,2015-2019,6
1379,hallitus,Mia Laiho,71,0.5358303182841389,0.5428540552196044,0.5288065813486734,0.46416968171586115,0.45714594478039566,0.4711934186513266,2015-2019,6
157,hallitus,Kauko Juhantalo,109,0.5281430226395147,0.5281073338098505,0.5281787114691789,0.47185697736048515,0.4718926661901494,0.47182128853082095,2015-2019,6
170,hallitus,Ilkka Kanerva,117,0.5172575398314171,0.518902158912506,0.5156129207503282,0.48274246016858285,0.4810978410874941,0.4843870792496716,2015-2019,6
175,hallitus,Toimi Kankaanniemi,303,0.5017991775506022,0.5035064198753545,0.5000919352258499,0.4982008224493978,0.49649358012464556,0.49990806477415006,2015-2019,6
175,oppositio,Toimi Kankaanniemi,238,0.503834960335334,0.5042835766593534,0.5033863440113148,0.49616503966466585,0.4957164233406465,0.4966136559886853,2015-2019,6
202,hallitus,Seppo Kääriäinen,117,0.5194315099550035,0.52679370084545,0.5120693190645571,0.48056849004499647,0.47320629915455,0.487930680935443,2015-2019,6
203,oppositio,Riitta Myller,300,0.505070870430878,0.5052257481433943,0.5049159927183616,0.49492912956912216,0.49477425185660595,0.49508400728163837,2015-2019,6
214,hallitus,Lea Mäkipää,263,0.5219212981162229,0.5147372878525369,0.5291053083799089,0.47807870188377705,0.485262712147463,0.47089469162009107,2015-2019,6
242,hallitus,Pekka Puska,93,0.5090943590717978,0.5013975435458962,0.5167911745976993,0.49090564092820227,0.49860245645410384,0.4832088254023007,2015-2019,6
259,hallitus,Pertti Salolainen,126,0.5378727803733738,0.5349984054090469,0.5407471553377007,0.4621272196266263,0.4650015945909532,0.4592528446622993,2015-2019,6
301,hallitus,Ben Zyskowicz,691,0.4832173680694938,0.4833175709841641,0.4831171651548235,0.5167826319305062,0.5166824290158358,0.5168828348451765,2015-2019,6
351,oppositio,Eva Biaudet,172,0.4760085438298097,0.46306016859381893,0.4889569190658006,0.5239914561701902,0.536939831406181,0.5110430809341995,2015-2019,6
357,oppositio,Erkki Tuomioja,60,0.504690985107467,0.5168933247465148,0.49248864546841914,0.49530901489253293,0.48310667525348494,0.5075113545315809,2015-2019,6
363,oppositio,Satu Hassi,411,0.5144244834519172,0.5039120508665708,0.5249369160372634,0.48557551654808295,0.49608794913342924,0.4750630839627366,2015-2019,6
375,hallitus,Markku Rossi,184,0.5253453397945651,0.5202293236489033,0.5304613559402268,0.4746546602054349,0.4797706763510966,0.4695386440597732,2015-2019,6
392,hallitus,Olavi Ala-Nissilä,418,0.5499964218439874,0.5468079027694204,0.5531849409185545,0.4500035781560125,0.4531920972305796,0.44681505908144536,2015-2019,6
402,hallitus,Timo Kalli,153,0.5494463662694198,0.5489274333601167,0.5499652991787227,0.4505536337305802,0.45107256663988327,0.4500347008212772,2015-2019,6
414,hallitus,Matti Vanhanen,130,0.5178507166954808,0.5186973190113483,0.5170041143796132,0.48214928330451917,0.4813026809886517,0.48299588562038664,2015-2019,6
451,oppositio,Tarja Filatov,345,0.45326370149179485,0.4573274331370206,0.4491999698465691,0.5467362985082052,0.5426725668629794,0.5508000301534308,2015-2019,6
479,oppositio,Annika Lapintie,64,0.4938721077968146,0.48898470115411596,0.4987595144395133,0.5061278922031853,0.511015298845884,0.5012404855604866,2015-2019,6
499,oppositio,Päivi Räsänen,490,0.4584776659235601,0.4445543563877468,0.4724009754593733,0.5415223340764399,0.5554456436122532,0.5275990245406266,2015-2019,6
508,hallitus,Anu Vehviläinen,242,0.5341808208167624,0.5162163097145529,0.5521453319189721,0.46581917918323756,0.4837836902854472,0.447854668081028,2015-2019,6
538,oppositio,Tuula Haatainen,214,0.47304071464558106,0.4836716699921949,0.4624097592989672,0.5269592853544189,0.5163283300078051,0.5375902407010328,2015-2019,6
541,hallitus,Juha Rehula,387,0.50143746715913,0.5115212483231986,0.49135368599506135,0.49856253284087004,0.4884787516768016,0.5086463140049385,2015-2019,6
573,hallitus,Niilo Keränen,63,0.4901936111930686,0.4915440314460812,0.488843190940056,0.5098063888069314,0.5084559685539187,0.5111568090599441,2015-2019,6
582,hallitus,Jari Leppä,177,0.5730924911304682,0.5618099587118466,0.5843750235490898,0.4269075088695319,0.4381900412881534,0.4156249764509104,2015-2019,6
583,hallitus,Mika Lintilä,97,0.5298655897150277,0.5247770683525814,0.5349541110774739,0.4701344102849724,0.47522293164741863,0.4650458889225261,2015-2019,6
592,hallitus,Antti Rantakangas,139,0.5597236093444287,0.5588360836585216,0.5606111350303358,0.44027639065557134,0.4411639163414785,0.4393888649696642,2015-2019,6
609,oppositio,Harry Wallin,115,0.5178456659753709,0.5196755986485793,0.5160157333021624,0.48215433402462915,0.4803244013514207,0.48398426669783756,2015-2019,6
767,hallitus,Timo Soini,320,0.5394275770558912,0.5334747734181369,0.5453803806936456,0.4605724229441087,0.4665252265818632,0.4546196193063543,2015-2019,6
768,oppositio,Eero Heinäluoma,727,0.48541950055542965,0.4634649979953257,0.5073740031155336,0.5145804994445704,0.5365350020046743,0.4926259968844664,2015-2019,6
769,oppositio,Mikaela Nylander,122,0.4721480453843028,0.4786849031069182,0.46561118766168735,0.5278519546156972,0.5213150968930818,0.5343888123383127,2015-2019,6
771,oppositio,Jyrki Kasvi,130,0.49547240654817337,0.492597424008234,0.4983473890881127,0.5045275934518266,0.5074025759917661,0.5016526109118872,2015-2019,6
772,hallitus,Antti Kaikkonen,128,0.5139358543234132,0.5113573969297489,0.5165143117170773,0.48606414567658696,0.4886426030702512,0.4834856882829227,2015-2019,6
778,oppositio,Sari Essayah,636,0.49733447809277836,0.5169365215833421,0.4777324346022146,0.5026655219072217,0.48306347841665787,0.5222675653977855,2015-2019,6
779,hallitus,Esko Kiviranta,232,0.5491295869583334,0.5398646273432699,0.5583945465733968,0.4508704130416666,0.4601353726567301,0.44160545342660307,2015-2019,6
784,hallitus,Arto Satonen,183,0.5240945984817321,0.5288889523844461,0.5193002445790181,0.4759054015182678,0.4711110476155538,0.48069975542098187,2015-2019,6
786,hallitus,Mikko Alatalo,108,0.5442755099005072,0.5375718693429586,0.5509791504580557,0.45572449009949273,0.46242813065704125,0.4490208495419442,2015-2019,6
796,hallitus,Eero Reijonen,62,0.5575272155735347,0.5754545348931595,0.5395998962539098,0.4424727844264653,0.42454546510684044,0.4604001037460902,2015-2019,6
800,hallitus,Tapani Tölli,69,0.5001966514723493,0.5061701803978748,0.49422312254682366,0.4998033485276508,0.49382981960212513,0.5057768774531765,2015-2019,6
802,oppositio,Markus Mustajärvi,190,0.48099997818395723,0.47413454302321456,0.48786541334469985,0.5190000218160428,0.5258654569767854,0.5121345866553001,2015-2019,6
805,hallitus,Lasse Hautala,135,0.556923454692152,0.5492375262275153,0.5646093831567887,0.44307654530784807,0.45076247377248474,0.4353906168432114,2015-2019,6
808,oppositio,Jutta Urpilainen,40,0.4779005060981853,0.47586626156696593,0.47993475062940466,0.5220994939018146,0.524133738433034,0.5200652493705953,2015-2019,6
809,hallitus,Paula Risikko,151,0.5417854265083428,0.5595324068202492,0.5240384461964365,0.45821457349165706,0.4404675931797507,0.4759615538035635,2015-2019,6
856,hallitus,Jussi Niinistö,113,0.5425166517019067,0.5404469040962805,0.5445863993075328,0.45748334829809323,0.45955309590371946,0.45541360069246706,2015-2019,6
887,oppositio,Sirpa Paatero,286,0.4938871557342004,0.4959304697684144,0.4918438416999864,0.5061128442657996,0.5040695302315855,0.5081561583000136,2015-2019,6
910,oppositio,Stefan Wallin,130,0.503513579240944,0.5137212104309912,0.4933059480508968,0.496486420759056,0.48627878956900883,0.5066940519491032,2015-2019,6
914,oppositio,Outi Alanko-Kahiluoto,341,0.45380667075304143,0.4704796008479663,0.43713374065811655,0.5461933292469585,0.5295203991520336,0.5628662593418834,2015-2019,6
917,oppositio,Paavo Arhinmäki,429,0.45076346242214627,0.4398776436004933,0.4616492812437992,0.5492365375778536,0.5601223563995067,0.5383507187562007,2015-2019,6
921,oppositio,Johanna Karimäki,347,0.4790469560141282,0.45260320274544463,0.5054907092828118,0.5209530439858717,0.5473967972545553,0.49450929071718813,2015-2019,6
925,hallitus,Markku Pakkanen,354,0.5549299701587376,0.5428476911264916,0.5670122491909835,0.4450700298412624,0.45715230887350844,0.4329877508090164,2015-2019,6
926,oppositio,Maria Guzenina,134,0.4715045232520201,0.47478689812972463,0.4682221483743156,0.5284954767479798,0.5252131018702753,0.5317778516256844,2015-2019,6
930,oppositio,Heli Järvinen,266,0.48406783196479075,0.48884548782019166,0.47929017610938984,0.5159321680352094,0.5111545121798083,0.5207098238906103,2015-2019,6
931,oppositio,Maarit Feldt-Ranta,111,0.46099346538171415,0.4737634224540338,0.44822350830939445,0.539006534618286,0.5262365775459662,0.5517764916906056,2015-2019,6
934,hallitus,Sanna Lauslahti,172,0.5076325498683629,0.4987747660830596,0.5164903336536661,0.4923674501316371,0.5012252339169403,0.48350966634633386,2015-2019,6
939,hallitus,Elsi Katainen,117,0.5368788460053731,0.547953502016607,0.5258041899941392,0.4631211539946268,0.4520464979833929,0.47419581000586064,2015-2019,6
940,hallitus,Outi Mäkelä,133,0.5173284253651103,0.5206903700957302,0.5139664806344905,0.48267157463488963,0.47930962990426984,0.4860335193655095,2015-2019,6
941,oppositio,Anna-Maja Henriksson,220,0.46931283389448086,0.47258584363395106,0.4660398241550106,0.5306871661055191,0.5274141563660489,0.5339601758449893,2015-2019,6
947,hallitus,Petteri Orpo,618,0.5253511910811981,0.505342801563766,0.5453595805986301,0.4746488089188019,0.49465719843623407,0.45464041940136973,2015-2019,6
948,hallitus,Anne-Mari Virolainen,76,0.5171847519559389,0.5254916059188546,0.5088778979930233,0.4828152480440611,0.4745083940811455,0.49112210200697676,2015-2019,6
952,oppositio,Katja Taimela,198,0.4935905699762486,0.4965807055846101,0.49060043436788714,0.5064094300237514,0.50341929441539,0.5093995656321129,2015-2019,6
953,hallitus,Anne Kalmari,233,0.5399775795606325,0.5425329588986995,0.5374222002225655,0.46002242043936753,0.45746704110130054,0.4625777997774345,2015-2019,6
954,oppositio,Ilkka Kantola,118,0.5048193486444779,0.5202133846165957,0.48942531267236006,0.49518065135552214,0.4797866153834042,0.51057468732764,2015-2019,6
956,oppositio,Ville Niinistö,331,0.43496665839634846,0.42837101046184356,0.44156230633085336,0.5650333416036516,0.5716289895381564,0.5584376936691468,2015-2019,6
959,hallitus,Timo V. Korhonen,212,0.5380383279529147,0.567000809373061,0.5090758465327685,0.46196167204708527,0.432999190626939,0.4909241534672315,2015-2019,6
960,oppositio,Krista Kiuru,488,0.45635953830150167,0.46833675891724136,0.44438231768576203,0.5436404616984982,0.5316632410827585,0.555617682314238,2015-2019,6
962,hallitus,Mirja Vehkaperä,132,0.5492253195043627,0.5541688644014751,0.5442817746072504,0.4507746804956373,0.44583113559852494,0.4557182253927496,2015-2019,6
971,oppositio,Johanna Ojala-Niemelä,255,0.4822583646512916,0.49092774108218745,0.4735889882203958,0.5177416353487084,0.5090722589178126,0.5264110117796043,2015-2019,6
972,hallitus,Harri Jaskari,136,0.5051078674658857,0.4959732871546609,0.5142424477771104,0.49489213253411435,0.5040267128453391,0.48575755222288963,2015-2019,6
1041,hallitus,Vesa-Matti Saarakkala,77,0.48436583723962284,0.48330859200241727,0.4854230824768284,0.5156341627603771,0.5166914079975827,0.5145769175231716,2015-2019,7
1056,hallitus,Kalle Jokinen,135,0.523777976110714,0.525045969700566,0.522509982520862,0.47622202388928603,0.47495403029943406,0.477490017479138,2015-2019,7
1087,oppositio,Merja Mäkisalo-Ropponen,555,0.4746043586215122,0.4871044393433423,0.4621042778996821,0.5253956413784877,0.5128955606566576,0.5378957221003178,2015-2019,7
1088,hallitus,Hanna Mäntylä,82,0.5337764267171972,0.5315191397638223,0.5360337136705721,0.46622357328280295,0.46848086023617785,0.463966286329428,2015-2019,7
1091,hallitus,Martti Mölsä,74,0.5178020479370471,0.5224468535646155,0.5131572423094786,0.482197952062953,0.4775531464353845,0.4868427576905215,2015-2019,7
1092,hallitus,Mika Niikko,198,0.4812613249841228,0.46783712822231216,0.49468552174593333,0.5187386750158772,0.5321628717776878,0.5053144782540666,2015-2019,7
1092,oppositio,Mika Niikko,168,0.4747173801595953,0.48711907483549766,0.4623156854836929,0.5252826198404047,0.5128809251645023,0.537684314516307,2015-2019,7
1093,hallitus,Juho Eerola,67,0.5018973202980552,0.4865943392602964,0.5172003013358141,0.4981026797019448,0.5134056607397036,0.48279969866418593,2015-2019,7
1093,oppositio,Juho Eerola,83,0.47966162874738094,0.4812479964133464,0.47807526108141546,0.5203383712526191,0.5187520035866535,0.5219247389185846,2015-2019,7
1094,hallitus,Markku Eestilä,355,0.5036828899072869,0.5047534068536967,0.5026123729608771,0.49631711009271307,0.4952465931463032,0.4973876270391229,2015-2019,7
1096,hallitus,Ritva Elomaa,187,0.5154421855486253,0.5233105255017348,0.5075738455955159,0.4845578144513747,0.47668947449826515,0.4924261544044842,2015-2019,7
1096,oppositio,Ritva Elomaa,199,0.4996373345174802,0.5060258129779175,0.49324885605704294,0.5003626654825197,0.4939741870220825,0.5067511439429571,2015-2019,7
1097,oppositio,Aino-Kaisa Pekonen,197,0.42954825748173386,0.431840579730863,0.42725593523260474,0.5704517425182662,0.5681594202691371,0.5727440647673953,2015-2019,7
1098,hallitus,Jaana Pelkonen,87,0.5222620329085745,0.52591719881378,0.518606867003369,0.47773796709142546,0.47408280118622004,0.48139313299663095,2015-2019,7
1099,oppositio,Eeva-Johanna Eloranta,194,0.4656105128452175,0.4745705310046439,0.45665049468579105,0.5343894871547825,0.525429468995356,0.5433495053142089,2015-2019,7
1100,hallitus,Sanni Grahn-Laasonen,466,0.5520608700542493,0.537073853911836,0.5670478861966627,0.4479391299457506,0.4629261460881639,0.4329521138033372,2015-2019,7
1101,hallitus,Arto Pirttilahti,168,0.5699086950993195,0.5701655021040858,0.5696518880945531,0.4300913049006806,0.4298344978959143,0.4303481119054468,2015-2019,7
1102,oppositio,Kristiina Salonen,218,0.44665253432410545,0.45997061240001813,0.4333344562481927,0.5533474656758947,0.5400293875999819,0.5666655437518074,2015-2019,7
1106,hallitus,Mikko Savola,230,0.5583061468089994,0.5446662738629086,0.5719460197550902,0.44169385319100063,0.4553337261370915,0.4280539802449098,2015-2019,7
1107,hallitus,Teuvo Hakkarainen,211,0.5221115531852327,0.5363224982428555,0.5079006081276098,0.4778884468147674,0.46367750175714456,0.49209939187239016,2015-2019,7
1107,oppositio,Teuvo Hakkarainen,86,0.526441814690757,0.5220056117950174,0.5308780175864968,0.47355818530924293,0.47799438820498263,0.4691219824135032,2015-2019,7
1108,hallitus,Juha Sipilä,663,0.521848494707049,0.506182514483311,0.5375144749307871,0.478151505292951,0.493817485516689,0.4624855250692129,2015-2019,7
1111,hallitus,Eero Suutari,195,0.520448212527605,0.5322080034501702,0.5086884216050398,0.479551787472395,0.46779199654982984,0.49131157839496015,2015-2019,7
1114,oppositio,Jani Toivola,95,0.47441120600477393,0.4663130030379647,0.48250940897158323,0.525588793995226,0.5336869969620354,0.5174905910284167,2015-2019,7
1118,hallitus,Kari Tolvanen,103,0.49861884280047114,0.5121455038533462,0.48509218174759605,0.5013811571995288,0.4878544961466537,0.514907818252404,2015-2019,7
1120,hallitus,Ari Torniainen,267,0.5553375459190268,0.5552631774427245,0.5554119143953291,0.4446624540809733,0.4447368225572756,0.44458808560467106,2015-2019,7
1121,oppositio,Lauri Ihalainen,154,0.5091885491972652,0.5033081198186214,0.5150689785759088,0.49081145080273486,0.4966918801813785,0.4849310214240912,2015-2019,7
1122,oppositio,Olli Immonen,51,0.5071679361997419,0.5323590711585664,0.4819768012409174,0.492832063800258,0.46764092884143366,0.5180231987590824,2015-2019,7
1124,hallitus,Ari Jalonen,195,0.5040276246652012,0.5062840201102323,0.5017712292201701,0.49597237533479877,0.49371597988976756,0.49822877077982997,2015-2019,7
1126,oppositio,Tytti Tuppurainen,221,0.4955275063882589,0.49574781094811327,0.4953072018284045,0.5044724936117412,0.5042521890518868,0.5046927981715955,2015-2019,7
1128,hallitus,Kaj Turunen,288,0.498543540161126,0.5015360238835365,0.4955510564387155,0.501456459838874,0.4984639761164635,0.5044489435612844,2015-2019,7
1129,hallitus,Arja Juvonen,189,0.5172112633999826,0.5210535075436317,0.5133690192563336,0.4827887366000174,0.47894649245636833,0.48663098074366645,2015-2019,7
1129,oppositio,Arja Juvonen,237,0.4921326298047132,0.47754783270074325,0.506717426908683,0.5078673701952867,0.5224521672992567,0.49328257309131684,2015-2019,7
1131,hallitus,Sinuhe Wallinheimo,181,0.4981328526225181,0.5054206936044692,0.49084501164056704,0.501867147377482,0.49457930639553077,0.5091549883594331,2015-2019,7
1134,hallitus,Sofia Vikman,121,0.5338429146189646,0.5377866835016931,0.5298991457362361,0.4661570853810353,0.46221331649830677,0.47010085426376386,2015-2019,7
1135,hallitus,Pia Kauma,72,0.5203742877066868,0.5105681473976306,0.5301804280157432,0.47962571229331313,0.4894318526023695,0.4698195719842568,2015-2019,7
1136,oppositio,Ville Vähämäki,79,0.5124983412425914,0.5192334857013549,0.5057631967838281,0.4875016587574086,0.4807665142986452,0.49423680321617197,2015-2019,7
1137,hallitus,Pauli Kiuru,339,0.5136820539541049,0.5073857055982516,0.5199784023099583,0.486317946045895,0.4926142944017483,0.4800215976900417,2015-2019,7
1138,hallitus,Kimmo Kivelä,288,0.48134556749667606,0.47825423172922915,0.484436903264123,0.518654432503324,0.5217457682707709,0.5155630967358771,2015-2019,7
1141,oppositio,Peter Östman,321,0.48937760320244594,0.5054027960585205,0.47335241034637143,0.5106223967975541,0.49459720394147955,0.5266475896536286,2015-2019,7
1142,hallitus,Jukka Kopra,159,0.5547663727065921,0.5692327819049968,0.5402999635081873,0.445233627293408,0.4307672180950032,0.45970003649181274,2015-2019,7
1146,hallitus,Jari Lindström,524,0.4976579677561721,0.49393032914343304,0.5013856063689112,0.5023420322438279,0.506069670856567,0.49861439363108884,2015-2019,7
1147,oppositio,Antti Lindtman,600,0.46736412570629027,0.4739506315271285,0.46077761988545196,0.5326358742937096,0.5260493684728714,0.5392223801145479,2015-2019,7
1149,hallitus,Markus Lohi,230,0.4780003222265639,0.4727303975131741,0.48327024693995374,0.5219996777734359,0.5272696024868259,0.5167297530600461,2015-2019,7
1150,hallitus,Anne Louhelainen,79,0.5556885338625364,0.5636485176984305,0.5477285500266421,0.44431146613746375,0.4363514823015696,0.4522714499733579,2015-2019,7
1151,hallitus,Eeva-Maria Maijala,406,0.5607321592892218,0.5617175365223703,0.5597467820560734,0.43926784071077823,0.4382824634776298,0.4402532179439267,2015-2019,7
1152,hallitus,Pirkko Mattila,261,0.5146720070088124,0.5003580209708715,0.5289859930467534,0.48532799299118756,0.49964197902912855,0.4710140069532466,2015-2019,7
1154,oppositio,Jari Myllykoski,720,0.5019520434302306,0.4918224219956742,0.512081664864787,0.4980479565697694,0.5081775780043258,0.487918335135213,2015-2019,7
1155,oppositio,Anna Kontula,333,0.4670163448612602,0.47955689574050053,0.4544757939820199,0.5329836551387397,0.5204431042594994,0.5455242060179801,2015-2019,7
1157,hallitus,Annika Saarikko,536,0.49988923497773313,0.5148089613415975,0.4849695086138688,0.5001107650222669,0.4851910386584025,0.5150304913861312,2015-2019,7
116,oppositio,Jukka Gustafsson,316,0.45855888613473067,0.46754414737639205,0.4495736248930693,0.5414411138652693,0.532455852623608,0.5504263751069307,2015-2019,7
118,oppositio,Pekka Haavisto,145,0.5169227630524063,0.5262473434596207,0.507598182645192,0.48307723694759364,0.4737526565403794,0.4924018173548079,2015-2019,7
1202,oppositio,Nasima Razmyar,86,0.48890762612402827,0.47379233426651124,0.5040229179815453,0.5110923738759718,0.5262076657334889,0.49597708201845475,2015-2019,7
1217,oppositio,Carl Haglund,50,0.48251370306784397,0.49575272510419277,0.46927468103149517,0.5174862969321561,0.5042472748958072,0.5307253189685048,2015-2019,7
127,hallitus,Sirkka-Liisa Anttila,153,0.5140095917648202,0.5135434566703327,0.5144757268593076,0.48599040823517975,0.4864565433296672,0.4855242731406923,2015-2019,7
1274,oppositio,Antti Rinne,489,0.48893802635258327,0.4889176189282069,0.48895843377695963,0.5110619736474167,0.511082381071793,0.5110415662230403,2015-2019,7
1282,hallitus,Wille Rydman,95,0.5381767575541817,0.5403373285071663,0.5360161866011971,0.4618232424458183,0.45966267149283374,0.4639838133988029,2015-2019,7
1297,oppositio,Sanna Marin,228,0.4438472457530048,0.45010663542756946,0.4375878560784402,0.5561527542469953,0.5498933645724307,0.5624121439215598,2015-2019,7
1298,oppositio,Krista Mikkonen,465,0.484034102017026,0.4798635359056494,0.48820466812840263,0.515965897982974,0.5201364640943507,0.5117953318715973,2015-2019,7
1299,hallitus,Sari Multala,174,0.5172323856397361,0.5219199562658636,0.5125448150136085,0.4827676143602639,0.4780800437341363,0.48745518498639145,2015-2019,7
1300,hallitus,Kai Mykkänen,218,0.5540096338455663,0.5530468012634244,0.5549724664277083,0.44599036615443366,0.4469531987365755,0.44502753357229186,2015-2019,7
1301,hallitus,Jani Mäkelä,278,0.5069903090832205,0.5164852878252794,0.49749533034116167,0.4930096909167795,0.4835147121747207,0.5025046696588382,2015-2019,7
1301,oppositio,Jani Mäkelä,328,0.47635234042276653,0.47368310030538785,0.4790215805401452,0.5236476595772335,0.5263168996946122,0.5209784194598549,2015-2019,7
1302,oppositio,Ilmari Nurminen,131,0.42992618174457314,0.44748072196459665,0.41237164152454964,0.5700738182554269,0.5525192780354033,0.5876283584754505,2015-2019,7
1303,hallitus,Ulla Parviainen,162,0.5378666109511305,0.5335007680930671,0.542232453809194,0.46213338904886936,0.4664992319069329,0.4577675461908058,2015-2019,7
1306,oppositio,Anders Adlercreutz,203,0.4845687417466343,0.47991392410594413,0.4892235593873244,0.5154312582533658,0.5200860758940559,0.5107764406126757,2015-2019,7
1308,oppositio,Jari Ronkainen,71,0.503142090265394,0.5031589393746538,0.5031252411561342,0.4968579097346059,0.4968410606253461,0.4968747588438657,2015-2019,7
1309,hallitus,Veera Ruoho,174,0.5052830008740011,0.5069110202369231,0.5036549815110791,0.49471699912599887,0.4930889797630768,0.4963450184889209,2015-2019,7
1310,oppositio,Li Andersson,699,0.45502696323239067,0.4683393832520836,0.44171454321269776,0.5449730367676092,0.5316606167479162,0.5582854567873022,2015-2019,7
1311,oppositio,Joona Räsänen,328,0.4901615310329078,0.49417398789004957,0.48614907417576614,0.5098384689670923,0.5058260121099505,0.513850925824234,2015-2019,7
1312,oppositio,Hanna Sarkkinen,440,0.47666375930193594,0.4709353114783455,0.48239220712552644,0.5233362406980642,0.5290646885216546,0.5176077928744737,2015-2019,7
1313,hallitus,Anne Berner,250,0.5588518597974672,0.5825803824387279,0.5351233371562065,0.4411481402025328,0.4174196175612721,0.4648766628437935,2015-2019,7
1314,hallitus,Sami Savio,185,0.5400794472435921,0.5417447965368767,0.5384140979503075,0.459920552756408,0.45825520346312343,0.4615859020496925,2015-2019,7
1314,oppositio,Sami Savio,303,0.5074259352077266,0.5095435757483561,0.505308294667097,0.4925740647922734,0.49045642425164393,0.4946917053329029,2015-2019,7
1315,oppositio,Matti Semi,222,0.5126180790338564,0.5165886803403279,0.5086474777273847,0.48738192096614363,0.483411319659672,0.4913525222726152,2015-2019,7
1316,oppositio,Ville Skinnari,199,0.4961381757860617,0.4986314907426708,0.49364486082945247,0.5038618242139383,0.5013685092573292,0.5063551391705475,2015-2019,7
1317,hallitus,Simon Elo,444,0.49583165728932344,0.49575560490359444,0.4959077096750525,0.5041683427106765,0.5042443950964055,0.5040922903249475,2015-2019,7
1318,oppositio,Joakim Strand,79,0.5365114905981674,0.5432834658795483,0.5297395153167864,0.4634885094018326,0.45671653412045166,0.4702604846832136,2015-2019,7
1319,oppositio,Satu Taavitsainen,268,0.4611184608362954,0.4709576709788254,0.4512792506937654,0.5388815391637045,0.5290423290211745,0.5487207493062346,2015-2019,7
1320,hallitus,Tiina Elovaara,84,0.49682289318185013,0.483344301551577,0.5103014848121233,0.5031771068181499,0.516655698448423,0.48969851518787666,2015-2019,7
1321,hallitus,Martti Talja,119,0.5057329929747554,0.5105265026807857,0.5009394832687251,0.4942670070252447,0.48947349731921436,0.499060516731275,2015-2019,7
1322,hallitus,Pertti Hakanen,140,0.5570473918914095,0.541957295229248,0.572137488553571,0.4429526081085905,0.458042704770752,0.42786251144642895,2015-2019,7
1325,oppositio,Sari Tanus,390,0.47549828688084594,0.49198721017543195,0.45900936358625993,0.5245017131191541,0.5080127898245681,0.54099063641374,2015-2019,7
1326,oppositio,Timo Harakka,585,0.4690909128815032,0.4689982036981057,0.4691836220649006,0.5309090871184968,0.5310017963018943,0.5308163779350994,2015-2019,7
1327,hallitus,Ville Tavio,55,0.4935380061553297,0.4942690739107918,0.4928069383998676,0.5064619938446702,0.5057309260892081,0.5071930616001323,2015-2019,7
1327,oppositio,Ville Tavio,128,0.47006033740612985,0.48659847309791565,0.45352220171434404,0.5299396625938702,0.5134015269020844,0.546477798285656,2015-2019,7
1330,hallitus,Juhana Vartiainen,61,0.49519496514515154,0.4999608216296717,0.4904291086606314,0.5048050348548484,0.5000391783703282,0.5095708913393686,2015-2019,7
1331,hallitus,Petri Honkonen,160,0.5348598250437715,0.5258170892306244,0.5439025608569185,0.4651401749562286,0.47418291076937563,0.45609743914308165,2015-2019,7
1332,oppositio,Ozan Yanar,213,0.44899863327879075,0.429510607942461,0.4684866586151205,0.5510013667212093,0.5704893920575389,0.5315133413848795,2015-2019,7
1333,hallitus,Laura Huhtasaari,121,0.5096757771653824,0.515003208231424,0.5043483460993408,0.49032422283461763,0.4849967917685761,0.4956516539006592,2015-2019,7
1333,oppositio,Laura Huhtasaari,147,0.48280729107921033,0.47080730434005247,0.4948072778183682,0.5171927089207897,0.5291926956599475,0.5051927221816318,2015-2019,7
1334,hallitus,Antti Häkkänen,201,0.5334743787125901,0.5366590017168914,0.5302897557082887,0.46652562128740993,0.4633409982831086,0.46971024429171127,2015-2019,7
1336,oppositio,Emma Kari,109,0.4427168280503706,0.4475153544268823,0.43791830167385887,0.5572831719496295,0.5524846455731177,0.5620816983261413,2015-2019,7
1337,hallitus,Susanna Koski,50,0.5302098836537026,0.5337984120106413,0.5266213552967639,0.46979011634629736,0.46620158798935873,0.473378644703236,2015-2019,7
1338,hallitus,Hanna Kosonen,157,0.5158487725120926,0.5200461041571519,0.5116514408670334,0.4841512274879073,0.4799538958428481,0.48834855913296654,2015-2019,7
1339,hallitus,Kari Kulmala,415,0.5426176839263792,0.5453940110178607,0.5398413568348978,0.4573823160736209,0.4546059889821394,0.46015864316510247,2015-2019,7
1340,hallitus,Katri Kulmuni,280,0.5342868422698431,0.5380235368742834,0.5305501476654029,0.4657131577301568,0.4619764631257165,0.46944985233459713,2015-2019,7
1341,hallitus,Antti Kurvinen,265,0.5311092822150929,0.5302599270499564,0.5319586373802294,0.46889071778490715,0.4697400729500436,0.4680413626197707,2015-2019,7
1343,oppositio,Antero Laukkanen,602,0.47557430618292496,0.4944342163313545,0.4567143960344954,0.524425693817075,0.5055657836686456,0.5432856039655046,2015-2019,7
1344,hallitus,Rami Lehto,46,0.5192574944727164,0.4995987406600414,0.5389162482853914,0.4807425055272836,0.5004012593399586,0.4610837517146086,2015-2019,7
1344,oppositio,Rami Lehto,80,0.48937905944607657,0.48374527494192465,0.4950128439502285,0.5106209405539235,0.5162547250580753,0.5049871560497715,2015-2019,7
1346,oppositio,Touko Aalto,490,0.45638385046605007,0.4616790348665745,0.4510886660655256,0.54361614953395,0.5383209651334255,0.5489113339344744,2015-2019,7
1347,hallitus,Sampo Terho,212,0.5084962694894305,0.5125647318340876,0.5044278071447734,0.4915037305105696,0.4874352681659125,0.4955721928552267,2015-2019,7
1348,hallitus,Mikko Kärnä,199,0.5231938713010065,0.5318194762740613,0.5145682663279515,0.4768061286989937,0.4681805237259389,0.4854317336720485,2015-2019,7
1349,hallitus,Leena Meri,286,0.46395187792020465,0.45099731669326937,0.4769064391471399,0.5360481220797954,0.5490026833067306,0.5230935608528601,2015-2019,7
1349,oppositio,Leena Meri,277,0.45231230247302234,0.434131243775398,0.4704933611706467,0.5476876975269777,0.5658687562246019,0.5295066388293534,2015-2019,7
1372,hallitus,Matti Torvinen,57,0.5133665214574334,0.5110366556379867,0.5156963872768803,0.48663347854256656,0.4889633443620133,0.4843036127231198,2015-2019,7
1374,oppositio,Veronica Rehn-Kivi,68,0.4766417840423006,0.4814119040163317,0.4718716640682695,0.5233582159576995,0.5185880959836684,0.5281283359317306,2015-2019,7
1378,oppositio,Pilvi Torsti,94,0.46520124532559687,0.4420770332702766,0.48832545738091715,0.5347987546744032,0.5579229667297235,0.5116745426190829,2015-2019,7
1379,hallitus,Mia Laiho,71,0.4937171206777896,0.49087001699098504,0.49656422436459424,0.5062828793222104,0.509129983009015,0.5034357756354058,2015-2019,7
1382,hallitus,Hanna-Leena Mattila,40,0.4997955825557174,0.4990288051281585,0.5005623599832763,0.5002044174442826,0.5009711948718415,0.4994376400167237,2015-2019,7
157,hallitus,Kauko Juhantalo,109,0.5056904482624925,0.4975202834770416,0.5138606130479435,0.49430955173750746,0.5024797165229584,0.48613938695205655,2015-2019,7
175,hallitus,Toimi Kankaanniemi,303,0.5087585958101999,0.4983407892267168,0.5191764023936829,0.49124140418980017,0.5016592107732831,0.4808235976063172,2015-2019,7
175,oppositio,Toimi Kankaanniemi,238,0.47819165159945753,0.4611815974808241,0.49520170571809097,0.5218083484005426,0.538818402519176,0.5047982942819091,2015-2019,7
202,hallitus,Seppo Kääriäinen,117,0.5126679273499226,0.49437115598197645,0.5309646987178687,0.4873320726500774,0.5056288440180235,0.4690353012821313,2015-2019,7
203,oppositio,Riitta Myller,300,0.5221580811827063,0.5387265103857622,0.5055896519796504,0.4778419188172936,0.4612734896142377,0.4944103480203495,2015-2019,7
214,hallitus,Lea Mäkipää,263,0.5167083034409425,0.5355770592718003,0.49783954761008475,0.4832916965590574,0.46442294072819956,0.5021604523899152,2015-2019,7
242,hallitus,Pekka Puska,93,0.4965235685089744,0.5111833269284218,0.4818638100895269,0.5034764314910256,0.48881667307157806,0.518136189910473,2015-2019,7
259,hallitus,Pertti Salolainen,126,0.5180239871288652,0.5185967401415069,0.5174512341162234,0.4819760128711349,0.481403259858493,0.4825487658837767,2015-2019,7
301,hallitus,Ben Zyskowicz,691,0.4722048517129985,0.48235382221310674,0.4620558812128902,0.5277951482870016,0.5176461777868933,0.5379441187871099,2015-2019,7
351,oppositio,Eva Biaudet,172,0.4877101019501566,0.4719805534321509,0.5034396504681623,0.5122898980498434,0.528019446567849,0.4965603495318377,2015-2019,7
356,hallitus,Olli Rehn,96,0.585073980717771,0.6147089051019392,0.5554390563336027,0.41492601928222905,0.3852910948980606,0.4445609436663974,2015-2019,7
363,oppositio,Satu Hassi,411,0.49182267114879985,0.4967338956950382,0.4869114466025616,0.5081773288512001,0.5032661043049618,0.5130885533974384,2015-2019,7
375,hallitus,Markku Rossi,184,0.5019279257345892,0.515685521082401,0.48817033038677754,0.49807207426541084,0.48431447891759916,0.5118296696132225,2015-2019,7
392,hallitus,Olavi Ala-Nissilä,418,0.5327521541187992,0.5269279226940358,0.5385763855435625,0.46724784588120083,0.4730720773059641,0.4614236144564375,2015-2019,7
402,hallitus,Timo Kalli,153,0.526740262479888,0.5204945678067168,0.5329859571530592,0.473259737520112,0.4795054321932833,0.46701404284694076,2015-2019,7
414,hallitus,Matti Vanhanen,130,0.52386729926699,0.524133510189833,0.5236010883441471,0.47613270073300984,0.4758664898101668,0.4763989116558528,2015-2019,7
479,oppositio,Annika Lapintie,64,0.4710378799467344,0.4682168665648736,0.47385889332859515,0.5289621200532656,0.5317831334351264,0.5261411066714048,2015-2019,7
499,oppositio,Päivi Räsänen,490,0.49488165299163733,0.48763494811358193,0.5021283578696928,0.5051183470083626,0.512365051886418,0.4978716421303071,2015-2019,7
507,oppositio,Kari Uotila,288,0.43522242570482284,0.4218591746547588,0.4485856767548869,0.5647775742951772,0.5781408253452411,0.5514143232451132,2015-2019,7
508,hallitus,Anu Vehviläinen,242,0.5206835669513228,0.5270622302016518,0.5143049037009937,0.47931643304867716,0.472937769798348,0.4856950962990063,2015-2019,7
538,oppositio,Tuula Haatainen,214,0.44597794322489537,0.44420799019635143,0.4477478962534393,0.5540220567751046,0.5557920098036485,0.5522521037465606,2015-2019,7
541,hallitus,Juha Rehula,387,0.49771852933964666,0.4945671546248313,0.500869904054462,0.5022814706603533,0.5054328453751687,0.4991300959455379,2015-2019,7
565,oppositio,Susanna Huovinen,121,0.4702230950639593,0.45492229513970256,0.485523894988216,0.5297769049360408,0.5450777048602975,0.514476105011784,2015-2019,7
573,hallitus,Niilo Keränen,63,0.4935162021936765,0.4913315509267976,0.49570085346055537,0.5064837978063236,0.5086684490732025,0.5042991465394446,2015-2019,7
582,hallitus,Jari Leppä,177,0.5711803678609998,0.569684087231472,0.5726766484905276,0.4288196321390003,0.4303159127685282,0.4273233515094724,2015-2019,7
609,oppositio,Harry Wallin,115,0.5130736211361786,0.5151445167107619,0.5110027255615954,0.4869263788638214,0.4848554832892381,0.4889972744384046,2015-2019,7
612,hallitus,Sari Sarkomaa,271,0.46883813124897233,0.44790818468060295,0.4897680778173418,0.5311618687510277,0.552091815319397,0.5102319221826583,2015-2019,7
768,oppositio,Eero Heinäluoma,727,0.48597983648777276,0.4773949115280077,0.49456476144753775,0.5140201635122272,0.5226050884719923,0.5054352385524623,2015-2019,7
769,oppositio,Mikaela Nylander,122,0.44368548683457976,0.44405349599279464,0.4433174776763649,0.5563145131654204,0.5559465040072056,0.5566825223236351,2015-2019,7
771,oppositio,Jyrki Kasvi,130,0.4898526594661498,0.5172966742086137,0.4624086447236859,0.5101473405338501,0.4827033257913862,0.5375913552763141,2015-2019,7
772,hallitus,Antti Kaikkonen,128,0.5400832877395934,0.5489192126030504,0.5312473628761362,0.4599167122604067,0.45108078739694957,0.46875263712386384,2015-2019,7
778,oppositio,Sari Essayah,636,0.4747951700778624,0.4854250075888671,0.4641653325668578,0.5252048299221375,0.5145749924111328,0.535834667433142,2015-2019,7
779,hallitus,Esko Kiviranta,232,0.5367147415774072,0.5234173314138626,0.5500121517409517,0.4632852584225928,0.47658266858613735,0.44998784825904836,2015-2019,7
796,hallitus,Eero Reijonen,62,0.5679364151255185,0.5701309520148784,0.5657418782361586,0.4320635848744815,0.4298690479851217,0.4342581217638413,2015-2019,7
797,hallitus,Hannu Hoskonen,971,0.5164021372733512,0.5163615713334575,0.5164427032132447,0.48359786272664895,0.48363842866654255,0.4835572967867553,2015-2019,7
800,hallitus,Tapani Tölli,69,0.5185502087895513,0.5205507172408793,0.5165497003382232,0.48144979121044873,0.47944928275912063,0.4834502996617768,2015-2019,7
802,oppositio,Markus Mustajärvi,190,0.4942808808477461,0.4989512012296612,0.48961056046583096,0.5057191191522539,0.5010487987703388,0.510389439534169,2015-2019,7
805,hallitus,Lasse Hautala,135,0.5374228774063994,0.5430741059148246,0.5317716488979742,0.46257712259360056,0.4569258940851754,0.4682283511020257,2015-2019,7
808,oppositio,Jutta Urpilainen,40,0.4994946913890661,0.495665359672916,0.5033240231052163,0.5005053086109339,0.5043346403270841,0.4966759768947838,2015-2019,7
809,hallitus,Paula Risikko,151,0.540941841836892,0.5290508954490265,0.5528327882247575,0.459058158163108,0.4709491045509734,0.44716721177524266,2015-2019,7
811,hallitus,Aila Paloniemi,206,0.48373718461556936,0.5060162325051075,0.46145813672603114,0.5162628153844305,0.4939837674948923,0.5385418632739688,2015-2019,7
887,oppositio,Sirpa Paatero,286,0.507513401651384,0.5088693530439363,0.5061574502588316,0.4924865983486161,0.49113064695606373,0.4938425497411685,2015-2019,7
910,oppositio,Stefan Wallin,130,0.4976694897022681,0.4797725194906815,0.5155664599138546,0.502330510297732,0.5202274805093186,0.48443354008614536,2015-2019,7
917,oppositio,Paavo Arhinmäki,429,0.44928097157894875,0.4598913668065238,0.4386705763513737,0.5507190284210512,0.5401086331934761,0.5613294236486263,2015-2019,7
921,oppositio,Johanna Karimäki,347,0.485539037375962,0.5041083322030094,0.46696974254891455,0.5144609626240381,0.4958916677969906,0.5330302574510855,2015-2019,7
923,oppositio,Thomas Blomqvist,46,0.4836520804548481,0.4707754827347827,0.4965286781749135,0.5163479195451519,0.5292245172652172,0.5034713218250866,2015-2019,7
925,hallitus,Markku Pakkanen,354,0.542813071640567,0.5535559902566989,0.5320701530244353,0.45718692835943286,0.446444009743301,0.4679298469755647,2015-2019,7
926,oppositio,Maria Guzenina,134,0.4543592431227117,0.4552039374415848,0.45351454880383857,0.5456407568772883,0.5447960625584152,0.5464854511961614,2015-2019,7
930,oppositio,Heli Järvinen,266,0.48503403733716893,0.48782150512801037,0.4822465695463275,0.514965962662831,0.5121784948719896,0.5177534304536724,2015-2019,7
931,oppositio,Maarit Feldt-Ranta,111,0.48635185688583926,0.4853188576735044,0.48738485609817417,0.5136481431141608,0.5146811423264956,0.5126151439018259,2015-2019,7
934,hallitus,Sanna Lauslahti,172,0.4998385639330683,0.49783363365118694,0.5018434942149497,0.5001614360669316,0.502166366348813,0.4981565057850504,2015-2019,7
935,hallitus,Eero Lehti,155,0.4851545356201219,0.4770342596685383,0.4932748115717055,0.514845464379878,0.5229657403314616,0.5067251884282944,2015-2019,7
938,hallitus,Hannakaisa Heikkinen,294,0.48649588714022185,0.476694094037703,0.49629768024274074,0.5135041128597782,0.523305905962297,0.5037023197572593,2015-2019,7
939,hallitus,Elsi Katainen,117,0.5325402712952088,0.5232283056787677,0.5418522369116497,0.4674597287047912,0.47677169432123234,0.45814776308835004,2015-2019,7
940,hallitus,Outi Mäkelä,133,0.5305444913299029,0.5441501501721169,0.5169388324876889,0.46945550867009705,0.45584984982788307,0.48306116751231104,2015-2019,7
941,oppositio,Anna-Maja Henriksson,220,0.46284777186749093,0.461389664876571,0.4643058788584109,0.5371522281325092,0.538610335123429,0.5356941211415892,2015-2019,7
943,oppositio,Mats Nylund,57,0.4894042911774517,0.4861141822041941,0.4926944001507093,0.5105957088225483,0.5138858177958059,0.5073055998492908,2015-2019,7
946,hallitus,Tuomo Puumala,142,0.5065170209880816,0.5061207035774865,0.5069133383986768,0.4934829790119183,0.4938792964225135,0.49308666160132314,2015-2019,7
947,hallitus,Petteri Orpo,618,0.5460154650699647,0.5405166347669975,0.551514295372932,0.4539845349300353,0.4594833652330026,0.44848570462706805,2015-2019,7
952,oppositio,Katja Taimela,198,0.48320000348214115,0.4845168798676741,0.4818831270966082,0.5167999965178588,0.5154831201323258,0.5181168729033918,2015-2019,7
953,hallitus,Anne Kalmari,233,0.5242329483178856,0.5244558350370065,0.5240100615987646,0.4757670516821144,0.4755441649629935,0.47598993840123527,2015-2019,7
954,oppositio,Ilkka Kantola,118,0.4878784490271456,0.5000244586522484,0.47573243940204274,0.5121215509728544,0.4999755413477516,0.5242675605979572,2015-2019,7
956,oppositio,Ville Niinistö,331,0.4370560905561214,0.42623725897930453,0.4478749221329383,0.5629439094438786,0.5737627410206955,0.5521250778670617,2015-2019,7
960,oppositio,Krista Kiuru,488,0.4700908490340747,0.48638647591677653,0.4537952221513729,0.5299091509659253,0.5136135240832235,0.5462047778486271,2015-2019,7
962,hallitus,Mirja Vehkaperä,132,0.5378828072753986,0.5423272306496495,0.5334383839011477,0.4621171927246014,0.45767276935035045,0.46656161609885227,2015-2019,7
967,hallitus,Timo Heinonen,926,0.5031560121641705,0.5185302987857152,0.48778172554262567,0.4968439878358295,0.48146970121428484,0.5122182744573742,2015-2019,7
1051,hallitus,Raimo Piirainen,196,0.518267261908065,0.5322278835013237,0.5043066403148065,0.48173273809193495,0.4677721164986764,0.49569335968519346,2019-2023,0
1087,hallitus,Merja Mäkisalo-Ropponen,290,0.5755026549622189,0.5791373192040021,0.5718679907204357,0.4244973450377811,0.42086268079599776,0.4281320092795644,2019-2023,0
1089,oppositio,Heikki Autto,409,0.4991533557998468,0.5076402979123318,0.49066641368736186,0.5008466442001532,0.49235970208766827,0.5093335863126383,2019-2023,0
1095,oppositio,Tom Packalén,41,0.4281219913385443,0.42722808292140363,0.42901589975568494,0.5718780086614558,0.5727719170785963,0.5709841002443152,2019-2023,0
1096,oppositio,Ritva Elomaa,304,0.46331505115858707,0.46254239148292653,0.4640877108342476,0.5366849488414129,0.5374576085170736,0.5359122891657524,2019-2023,0
1097,hallitus,Aino-Kaisa Pekonen,209,0.5254532167279049,0.5109775950917793,0.5399288383640305,0.4745467832720951,0.4890224049082207,0.46007116163596945,2019-2023,0
1098,oppositio,Jaana Pelkonen,133,0.5007692934756177,0.5034578333995773,0.4980807535516581,0.4992307065243824,0.4965421666004228,0.501919246448342,2019-2023,0
1099,hallitus,Eeva-Johanna Eloranta,88,0.5576793674786424,0.560692256837475,0.5546664781198097,0.44232063252135756,0.43930774316252486,0.4453335218801902,2019-2023,0
1100,oppositio,Sanni Grahn-Laasonen,207,0.4907388785491392,0.4943259340967009,0.4871518230015776,0.5092611214508607,0.5056740659032991,0.5128481769984223,2019-2023,0
1102,hallitus,Kristiina Salonen,147,0.5355107626742841,0.5348029212494165,0.5362186040991518,0.4644892373257159,0.4651970787505835,0.4637813959008482,2019-2023,0
1105,oppositio,Janne Sankelo,241,0.48645849011205033,0.4871564781716106,0.48576050205249005,0.5135415098879497,0.5128435218283893,0.51423949794751,2019-2023,0
1106,hallitus,Mikko Savola,175,0.5340183697523044,0.5526047260046828,0.5154320134999261,0.4659816302476956,0.4473952739953173,0.48456798650007393,2019-2023,0
1108,hallitus,Juha Sipilä,71,0.5199874856635367,0.5140097114773823,0.525965259849691,0.4800125143364633,0.48599028852261766,0.47403474015030894,2019-2023,0
1109,oppositio,Jussi Halla-aho,217,0.47692953406857275,0.47770255174811843,0.4761565163890271,0.5230704659314273,0.5222974482518816,0.5238434836109729,2019-2023,0
1118,oppositio,Kari Tolvanen,65,0.41972141590367873,0.41347098291909906,0.42597184888825845,0.5802785840963213,0.586529017080901,0.5740281511117415,2019-2023,0
1120,hallitus,Ari Torniainen,194,0.5372145558824923,0.5498313610189297,0.524597750746055,0.46278544411750755,0.4501686389810701,0.47540224925394503,2019-2023,0
1126,hallitus,Tytti Tuppurainen,161,0.537311908280998,0.54132468267061,0.533299133891386,0.46268809171900205,0.45867531732939,0.46670086610861405,2019-2023,0
1129,oppositio,Arja Juvonen,534,0.4840626730996161,0.4952699509132398,0.4728553952859924,0.5159373269003837,0.5047300490867601,0.5271446047140075,2019-2023,0
1131,oppositio,Sinuhe Wallinheimo,190,0.4657978834596863,0.4640323981408737,0.46756336877849886,0.5342021165403137,0.5359676018591262,0.5324366312215012,2019-2023,0
1133,hallitus,Mika Kari,101,0.5075558840496452,0.506908922297215,0.5082028458020755,0.49244411595035475,0.493091077702785,0.4917971541979245,2019-2023,0
1134,oppositio,Sofia Vikman,175,0.490182061228998,0.4944326781730065,0.4859314442849894,0.509817938771002,0.5055673218269934,0.5140685557150106,2019-2023,0
1135,oppositio,Pia Kauma,335,0.44895980795206747,0.4508799431384867,0.44703967276564816,0.5510401920479326,0.5491200568615133,0.5529603272343518,2019-2023,0
1136,oppositio,Ville Vähämäki,180,0.48176944088214957,0.4915081667170525,0.47203071504724664,0.5182305591178505,0.5084918332829476,0.5279692849527535,2019-2023,0
1137,oppositio,Pauli Kiuru,265,0.47250937163280826,0.48278719180440854,0.462231551461208,0.5274906283671917,0.5172128081955915,0.537768448538792,2019-2023,0
1142,oppositio,Jukka Kopra,188,0.4412626344059446,0.4472418758772627,0.43528339293462653,0.5587373655940555,0.5527581241227374,0.5647166070653735,2019-2023,0
1144,hallitus,Suna Kymäläinen,188,0.5191616806987301,0.5107737300200837,0.5275496313773765,0.48083831930126986,0.48922626997991625,0.47245036862262346,2019-2023,0
1147,hallitus,Antti Lindtman,271,0.4818860689414911,0.505691194370339,0.4580809435126431,0.5181139310585089,0.49430880562966095,0.5419190564873568,2019-2023,0
1155,hallitus,Anna Kontula,157,0.46350950017371195,0.46937980928571477,0.4576391910617092,0.5364904998262879,0.5306201907142851,0.5423608089382908,2019-2023,0
116,hallitus,Jukka Gustafsson,109,0.4826443315021398,0.5111328236604089,0.45415583934387066,0.5173556684978602,0.48886717633959104,0.5458441606561293,2019-2023,0
118,hallitus,Pekka Haavisto,266,0.5241482415845085,0.5107829237587967,0.53751355941022,0.47585175841549165,0.48921707624120325,0.46248644058978006,2019-2023,0
1219,oppositio,Saara-Sofia Sirén,124,0.5494347565671832,0.5604611696052793,0.5384083435290872,0.45056524343281684,0.43953883039472075,0.46159165647091294,2019-2023,0
1265,oppositio,Matias Marttinen,293,0.46192464964478974,0.4615133809115653,0.4623359183780142,0.5380753503552103,0.5384866190884348,0.5376640816219858,2019-2023,0
1274,hallitus,Antti Rinne,195,0.5238814115173225,0.5235853862765443,0.5241774367581008,0.47611858848267746,0.4764146137234557,0.4758225632418992,2019-2023,0
1276,hallitus,Katja Hänninen,137,0.5411771868652673,0.5282109644197537,0.5541434093107809,0.45882281313473267,0.47178903558024626,0.44585659068921907,2019-2023,0
1279,oppositio,Elina Valtonen,65,0.4492884243514178,0.4315418294737673,0.46703501922906837,0.5507115756485822,0.5684581705262328,0.5329649807709316,2019-2023,0
1282,oppositio,Wille Rydman,83,0.4686231099657462,0.4353004136123329,0.5019458063191595,0.5313768900342537,0.564699586387667,0.4980541936808405,2019-2023,0
1297,hallitus,Sanna Marin,695,0.5681153271754846,0.5687908466710645,0.5674398076799049,0.43188467282451537,0.4312091533289356,0.4325601923200951,2019-2023,0
1298,hallitus,Krista Mikkonen,260,0.5327133505333657,0.543052592067028,0.5223741089997034,0.46728664946663423,0.45694740793297184,0.4776258910002967,2019-2023,0
1300,oppositio,Kai Mykkänen,254,0.4572421760941645,0.45796902590966165,0.45651532627866737,0.5427578239058355,0.5420309740903383,0.5434846737213326,2019-2023,0
1301,oppositio,Jani Mäkelä,470,0.4244521288544102,0.4292876220793169,0.4196166356295034,0.5755478711455897,0.570712377920683,0.5803833643704965,2019-2023,0
1305,hallitus,Juha Pylväs,46,0.5364452395229444,0.5373861062180386,0.5355043728278502,0.46355476047705557,0.4626138937819614,0.46449562717214976,2019-2023,0
1306,hallitus,Anders Adlercreutz,193,0.5025949136765954,0.5083746972525106,0.4968151301006801,0.4974050863234046,0.4916253027474893,0.5031848698993199,2019-2023,0
1308,oppositio,Jari Ronkainen,121,0.4692044900187462,0.4612237235078382,0.4771852565296542,0.5307955099812538,0.5387762764921618,0.5228147434703458,2019-2023,0
1310,hallitus,Li Andersson,266,0.6196334675415897,0.6223002957214285,0.6169666393617508,0.38036653245841034,0.37769970427857136,0.3830333606382493,2019-2023,0
1314,oppositio,Sami Savio,121,0.45942001080535244,0.4613779265718264,0.4574620950388784,0.5405799891946477,0.5386220734281736,0.5425379049611216,2019-2023,0
1315,hallitus,Matti Semi,109,0.5043586370863979,0.4951019542709167,0.5136153199018791,0.49564136291360206,0.5048980457290833,0.4863846800981209,2019-2023,0
1316,hallitus,Ville Skinnari,82,0.625601661890208,0.629409231802823,0.6217940919775929,0.37439833810979195,0.37059076819717696,0.37820590802240694,2019-2023,0
1318,hallitus,Joakim Strand,99,0.5214583513148286,0.5364111207041001,0.5065055819255572,0.47854164868517135,0.46358887929589987,0.49349441807444283,2019-2023,0
1323,oppositio,Mari-Leena Talvitie,253,0.5060905623223066,0.49975417019082047,0.5124269544537928,0.4939094376776934,0.5002458298091798,0.48757304554620706,2019-2023,0
1325,oppositio,Sari Tanus,261,0.48494851167971986,0.4707465696061707,0.4991504537532691,0.51505148832028,0.5292534303938292,0.5008495462467308,2019-2023,0
1326,hallitus,Timo Harakka,254,0.5309156087857863,0.5403620940749214,0.5214691234966511,0.46908439121421375,0.45963790592507847,0.47853087650334897,2019-2023,0
1327,oppositio,Ville Tavio,268,0.42745454721817555,0.415250748496657,0.43965834593969416,0.5725454527818243,0.5847492515033429,0.5603416540603057,2019-2023,0
1330,oppositio,Juhana Vartiainen,97,0.4347383794254413,0.4314697423166707,0.4380070165342119,0.5652616205745588,0.5685302576833294,0.5619929834657881,2019-2023,0
1331,hallitus,Petri Honkonen,147,0.5176411454580543,0.527741204855124,0.5075410860609846,0.4823588545419457,0.4722587951448761,0.49245891393901536,2019-2023,0
1334,oppositio,Antti Häkkänen,105,0.47071930524205685,0.48038050730322845,0.46105810318088525,0.529280694757943,0.5196194926967714,0.5389418968191146,2019-2023,0
1336,hallitus,Emma Kari,68,0.575061684164325,0.5693984163039856,0.5807249520246645,0.4249383158356749,0.43060158369601426,0.41927504797533555,2019-2023,0
1338,hallitus,Hanna Kosonen,87,0.5644563430047964,0.561603515432595,0.5673091705769979,0.43554365699520353,0.4383964845674049,0.4326908294230022,2019-2023,0
1341,hallitus,Antti Kurvinen,269,0.519130332522695,0.5194783140367172,0.5187823510086729,0.480869667477305,0.4805216859632829,0.4812176489913271,2019-2023,0
1343,oppositio,Antero Laukkanen,203,0.4700002381150957,0.48015529526375333,0.45984518096643817,0.5299997618849043,0.5198447047362467,0.5401548190335619,2019-2023,0
1344,oppositio,Rami Lehto,176,0.4351358350643447,0.4142355161122214,0.456036154016468,0.5648641649356553,0.5857644838877787,0.5439638459835319,2019-2023,0
1348,hallitus,Mikko Kärnä,122,0.47870384569253377,0.4804678339334254,0.4769398574516422,0.5212961543074663,0.5195321660665747,0.5230601425483579,2019-2023,0
1349,oppositio,Leena Meri,508,0.4166386268805916,0.41869063756502556,0.41458661619615766,0.5833613731194085,0.5813093624349744,0.5854133838038424,2019-2023,0
1374,hallitus,Veronica Rehn-Kivi,59,0.5459587064361671,0.5393966462932641,0.5525207665790701,0.45404129356383294,0.4606033537067359,0.44747923342093,2019-2023,0
1379,oppositio,Mia Laiho,385,0.4869973249264845,0.4873763424016514,0.4866183074513176,0.5130026750735155,0.5126236575983486,0.5133816925486824,2019-2023,0
1383,hallitus,Veronika Honkasalo,199,0.5465459410282695,0.5592488174081902,0.5338430646483487,0.4534540589717305,0.4407511825918099,0.4661569353516512,2019-2023,0
1386,hallitus,Mari Holopainen,296,0.5246489882363385,0.523839520321687,0.5254584561509902,0.47535101176366135,0.4761604796783129,0.4745415438490098,2019-2023,0
1387,hallitus,Maria Ohisalo,305,0.5393361192929275,0.535811160890551,0.5428610776953039,0.46066388070707254,0.46418883910944897,0.4571389223046961,2019-2023,0
1388,oppositio,Mari Rantanen,464,0.41023805146950953,0.4080094577508656,0.41246664518815346,0.5897619485304905,0.5919905422491345,0.5875333548118464,2019-2023,0
1390,hallitus,Eveliina Heinäluoma,88,0.540412200311938,0.5587754114136264,0.5220489892102498,0.45958779968806196,0.44122458858637364,0.4779510107897503,2019-2023,0
1391,oppositio,Ari Koponen,457,0.5001949035167321,0.5017225591387546,0.49866724789470973,0.49980509648326776,0.4982774408612454,0.5013327521052902,2019-2023,0
1392,oppositio,Riikka Purra,426,0.4762151432150754,0.48270582265972434,0.4697244637704265,0.5237848567849246,0.5172941773402757,0.5302755362295735,2019-2023,0
1393,oppositio,Riikka Slunga-Poutsalo,71,0.4617129840259088,0.47210457268121003,0.4513213953706076,0.5382870159740911,0.5278954273187899,0.5486786046293923,2019-2023,0
1394,oppositio,Pihla Keto-Huovinen,127,0.4558502377002612,0.4720505190721602,0.4396499563283621,0.5441497622997388,0.5279494809278398,0.5603500436716378,2019-2023,0
1395,oppositio,Ruut Sjöblom,79,0.5486565921857338,0.5459683176391501,0.5513448667323176,0.4513434078142661,0.45403168236084984,0.44865513326768236,2019-2023,0
1397,hallitus,Hussein al-Taee,257,0.5157385663736787,0.5142006841426189,0.5172764486047383,0.48426143362632135,0.4857993158573811,0.4827235513952616,2019-2023,0
1399,hallitus,Pia Lohikoski,194,0.5702914244451831,0.5791111271923268,0.5614717216980395,0.42970857555481684,0.4208888728076731,0.43852827830196056,2019-2023,0
1401,hallitus,Tiina Elo,250,0.5947067868335503,0.5876260952100574,0.6017874784570433,0.40529321316644956,0.41237390478994246,0.39821252154295667,2019-2023,0
1402,hallitus,Inka Hopsu,362,0.588771714539829,0.5794242272808522,0.598119201798806,0.4112282854601708,0.4205757727191477,0.40188079820119393,2019-2023,0
1403,hallitus,Saara Hyrkkö,183,0.5640224545520834,0.5694717030694797,0.5585732060346872,0.43597754544791656,0.43052829693052025,0.4414267939653129,2019-2023,0
1407,hallitus,Johannes Yrttiaho,115,0.4984986920230119,0.49950606412871357,0.4974913199173102,0.5015013079769881,0.5004939358712864,0.5025086800826898,2019-2023,0
1408,hallitus,Aki Lindén,495,0.48945699004782245,0.48468787736282115,0.49422610273282375,0.5105430099521775,0.5153121226371788,0.5057738972671763,2019-2023,0
1410,oppositio,Mikko Lundén,154,0.4700535242988536,0.4652706735624898,0.4748363750352175,0.5299464757011463,0.5347293264375101,0.5251636249647825,2019-2023,0
1411,hallitus,Sofia Virta,109,0.5621845817050286,0.5759796747744951,0.548389488635562,0.43781541829497145,0.4240203252255049,0.45161051136443797,2019-2023,0
1412,hallitus,Eeva Kalli,130,0.5658414895974226,0.5748057770525375,0.5568772021423077,0.4341585104025774,0.42519422294746256,0.44312279785769226,2019-2023,0
1413,oppositio,Jari Koskela,193,0.49843127040775315,0.5022144635974735,0.4946480772180329,0.5015687295922469,0.4977855364025265,0.5053519227819673,2019-2023,0
1414,hallitus,Heidi Viljanen,174,0.5487980443118157,0.5626555100070838,0.5349405786165476,0.45120195568818433,0.43734448999291625,0.46505942138345235,2019-2023,0
1415,hallitus,Hilkka Kemppi,210,0.5751477696251195,0.5887548780572548,0.5615406611929841,0.4248522303748805,0.41124512194274515,0.4384593388070159,2019-2023,0
1416,hallitus,Mirka Soinikoski,190,0.5695734034068889,0.5601380499649486,0.579008756848829,0.43042659659311117,0.43986195003505124,0.4209912431511711,2019-2023,0
1417,oppositio,Lulu Ranne,266,0.46013905069415917,0.44811957111768763,0.4721585302706307,0.5398609493058408,0.5518804288823124,0.5278414697293693,2019-2023,0
1419,oppositio,Sakari Puisto,151,0.45726320539197574,0.4573846246330671,0.4571417861508843,0.5427367946080244,0.5426153753669329,0.5428582138491157,2019-2023,0
1420,oppositio,Veikko Vallin,81,0.44857277562338543,0.44363766565559437,0.4535078855911765,0.5514272243766146,0.5563623343444056,0.5464921144088236,2019-2023,0
1421,oppositio,Anna-Kaisa Ikonen,116,0.5469465203326866,0.5371027058577229,0.5567903348076504,0.45305347966731335,0.4628972941422771,0.4432096651923496,2019-2023,0
1422,hallitus,Jouni Ovaska,333,0.5019596998055808,0.4818658961643882,0.5220535034467733,0.49804030019441925,0.5181341038356118,0.47794649655322674,2019-2023,0
1423,hallitus,Iiris Suomela,188,0.5393354221507113,0.5442556671664285,0.5344151771349941,0.46066457784928866,0.4557443328335715,0.4655848228650058,2019-2023,0
1424,hallitus,Hanna Holopainen,129,0.5678952375349395,0.5638258997793517,0.5719645752905274,0.43210476246506047,0.43617410022064834,0.4280354247094726,2019-2023,0
1425,oppositio,Ville Kaunisto,159,0.5134015782934722,0.5280629960447405,0.49874016054220405,0.4865984217065278,0.47193700395525956,0.501259839457796,2019-2023,0
1426,oppositio,Sheikki Laakso,367,0.4289267377754298,0.4206459757704084,0.43720749978045115,0.5710732622245702,0.5793540242295917,0.5627925002195489,2019-2023,0
1428,hallitus,Niina Malm,141,0.5344495920732444,0.5511936583453606,0.517705525801128,0.4655504079267557,0.4488063416546395,0.4822944741988719,2019-2023,0
1429,hallitus,Paula Werning,107,0.5265958225953935,0.5275761320596121,0.5256155131311749,0.4734041774046066,0.47242386794038804,0.4743844868688251,2019-2023,0
1430,hallitus,Seppo Eskelinen,190,0.5492529094522516,0.5388210042164336,0.5596848146880695,0.4507470905477483,0.46117899578356625,0.4403151853119304,2019-2023,0
1432,oppositio,Marko Kilpi,158,0.4711203622600703,0.470624652621792,0.47161607189834864,0.5288796377399296,0.529375347378208,0.5283839281016514,2019-2023,0
1434,oppositio,Sanna Antikainen,130,0.43640957511168543,0.42208749465954315,0.4507316555638277,0.5635904248883146,0.5779125053404569,0.5492683444361723,2019-2023,0
1435,oppositio,Minna Reijonen,406,0.43461312596614404,0.4301434463764541,0.439082805555834,0.5653868740338561,0.569856553623546,0.5609171944441661,2019-2023,0
1437,oppositio,Juha Mäenpää,562,0.4344621469224147,0.43361380370789904,0.43531049013693035,0.5655378530775852,0.566386196292101,0.5646895098630695,2019-2023,0
1438,oppositio,Jukka Mäkynen,134,0.44085723301046287,0.4343634337762534,0.4473510322446724,0.5591427669895372,0.5656365662237468,0.5526489677553278,2019-2023,0
1439,oppositio,Mauri Peltokangas,274,0.43139962073766136,0.4342004958305302,0.4285987456447925,0.5686003792623386,0.5657995041694698,0.5714012543552075,2019-2023,0
1441,hallitus,Mikko Ollikainen,105,0.553366564593708,0.5463660564550025,0.5603670727324137,0.44663343540629186,0.4536339435449975,0.4396329272675862,2019-2023,0
1442,hallitus,Pasi Kivisaari,480,0.5654344547410124,0.5423609278199775,0.5885079816620473,0.43456554525898755,0.4576390721800225,0.4114920183379526,2019-2023,0
1444,hallitus,Juho Kautto,51,0.5213951570069146,0.5001520260076909,0.5426382880061384,0.47860484299308526,0.49984797399230907,0.4573617119938615,2019-2023,0
1445,hallitus,Bella Forsgrén,53,0.5361293967596854,0.5200613880996517,0.5521974054197192,0.46387060324031454,0.47993861190034826,0.4478025945802808,2019-2023,0
1446,hallitus,Joonas Könttä,253,0.5385531894881854,0.5272597225592063,0.5498466564171646,0.4614468105118145,0.4727402774407937,0.4501533435828353,2019-2023,0
1447,hallitus,Piritta Rantanen,80,0.5372923986465437,0.5377082067886583,0.5368765905044292,0.46270760135345634,0.4622917932113418,0.46312340949557085,2019-2023,0
1450,oppositio,Jenna Simula,153,0.4737669525166663,0.4718441967305429,0.47568970830278967,0.5262330474833337,0.5281558032694571,0.5243102916972102,2019-2023,0
1451,oppositio,Sebastian Tynkkynen,354,0.4604864735319142,0.4522495364967152,0.46872341056711314,0.5395135264680857,0.5477504635032846,0.5312765894328868,2019-2023,0
1452,hallitus,Pekka Aittakumpu,288,0.5594975874651511,0.5694944347855279,0.5495007401447742,0.440502412534849,0.43050556521447225,0.4504992598552258,2019-2023,0
1453,hallitus,Mikko Kinnunen,500,0.5965354012521976,0.6061657992268177,0.5869050032775776,0.4034645987478024,0.39383420077318243,0.41309499672242234,2019-2023,0
1454,oppositio,Janne Heikkinen,106,0.4813070399812679,0.4803057358281193,0.4823083441344164,0.518692960018732,0.5196942641718805,0.5176916558655835,2019-2023,0
1455,oppositio,Kaisa Juuso,193,0.4937125302396249,0.5076860271395711,0.47973903333967877,0.5062874697603751,0.4923139728604289,0.5202609666603213,2019-2023,0
1469,hallitus,Matias Mäkynen,84,0.5460459738000343,0.5217153104140826,0.570376637185986,0.4539540261999657,0.47828468958591747,0.429623362814014,2019-2023,0
1480,oppositio,Jari Kinnunen,77,0.45202787509157294,0.45656200979001216,0.4474937403931338,0.5479721249084271,0.543437990209988,0.5525062596068662,2019-2023,0
170,oppositio,Ilkka Kanerva,83,0.5355101342800428,0.5223525464560831,0.5486677221040026,0.4644898657199571,0.4776474535439168,0.45133227789599745,2019-2023,0
175,oppositio,Toimi Kankaanniemi,413,0.4644989942961316,0.47800010618085886,0.4509978824114043,0.5355010057038684,0.5219998938191411,0.5490021175885956,2019-2023,0
301,oppositio,Ben Zyskowicz,375,0.433856198381697,0.4470086520986717,0.4207037446647222,0.566143801618303,0.5529913479013283,0.5792962553352777,2019-2023,0
351,hallitus,Eva Biaudet,75,0.5215655032891702,0.5332587254326798,0.5098722811456605,0.4784344967108298,0.4667412745673202,0.4901277188543395,2019-2023,0
357,hallitus,Erkki Tuomioja,67,0.49136293566974953,0.48241545016804394,0.5003104211714551,0.5086370643302505,0.517584549831956,0.49968957882854487,2019-2023,0
358,hallitus,Johannes Koskinen,228,0.5192004501089882,0.5215817007301865,0.51681919948779,0.4807995498910118,0.4784182992698135,0.4831808005122101,2019-2023,0
363,hallitus,Satu Hassi,161,0.5126913841796144,0.5349461366225574,0.4904366317366713,0.48730861582038565,0.4650538633774426,0.5095633682633287,2019-2023,0
414,hallitus,Matti Vanhanen,318,0.5304866433220581,0.5262893556648314,0.5346839309792849,0.4695133566779419,0.47371064433516874,0.4653160690207151,2019-2023,0
451,hallitus,Tarja Filatov,135,0.5166618734635522,0.5125046733011399,0.5208190736259646,0.4833381265364477,0.4874953266988601,0.47918092637403537,2019-2023,0
464,hallitus,Kimmo Kiljunen,861,0.5032323896600477,0.5016129677431148,0.5048518115769806,0.4967676103399523,0.4983870322568852,0.4951481884230195,2019-2023,0
499,oppositio,Päivi Räsänen,539,0.4802956899252785,0.49352200691131964,0.4670693729392374,0.5197043100747215,0.5064779930886804,0.5329306270607627,2019-2023,0
508,hallitus,Anu Vehviläinen,139,0.5088553181923301,0.48673796228468164,0.5309726740999786,0.49114468180766985,0.5132620377153183,0.4690273259000214,2019-2023,0
511,hallitus,Pia Viitanen,314,0.48331785410448963,0.4781472692891991,0.48848843891978017,0.5166821458955104,0.521852730710801,0.5115115610802199,2019-2023,0
582,hallitus,Jari Leppä,146,0.5823767218033771,0.5534380095359637,0.6113154340707905,0.41762327819662304,0.4465619904640364,0.38868456592920964,2019-2023,0
583,hallitus,Mika Lintilä,429,0.529094992457534,0.5389411025177595,0.5192488823973085,0.470905007542466,0.4610588974822405,0.48075111760269146,2019-2023,0
612,oppositio,Sari Sarkomaa,265,0.45067183190924054,0.4356010700639663,0.4657425937545147,0.5493281680907596,0.5643989299360339,0.5342574062454852,2019-2023,0
772,hallitus,Antti Kaikkonen,153,0.5545283316275029,0.5579396095707334,0.5511170536842724,0.445471668372497,0.44206039042926654,0.4488829463157275,2019-2023,0
778,oppositio,Sari Essayah,696,0.47516728385301626,0.48625490304191715,0.4640796646641154,0.5248327161469837,0.5137450969580828,0.5359203353358846,2019-2023,0
779,hallitus,Esko Kiviranta,403,0.5217129197649922,0.5344713796128178,0.5089544599171667,0.4782870802350079,0.4655286203871823,0.4910455400828334,2019-2023,0
784,oppositio,Arto Satonen,302,0.4818214781097304,0.4792864016835541,0.4843565545359068,0.5181785218902697,0.5207135983164459,0.5156434454640934,2019-2023,0
791,hallitus,Anneli Kiljunen,140,0.5538833142790258,0.560236345420884,0.5475302831371678,0.44611668572097407,0.4397636545791159,0.45246971686283216,2019-2023,0
797,hallitus,Hannu Hoskonen,623,0.4390991238846793,0.447096551914019,0.43110169585533964,0.5609008761153207,0.552903448085981,0.5688983041446605,2019-2023,0
802,hallitus,Markus Mustajärvi,54,0.49450350573695734,0.4900033520939299,0.49900365937998475,0.5054964942630429,0.5099966479060704,0.5009963406200153,2019-2023,0
809,oppositio,Paula Risikko,598,0.45432645094531876,0.4677132209268944,0.4409396809637431,0.5456735490546812,0.5322867790731056,0.5590603190362569,2019-2023,0
887,hallitus,Sirpa Paatero,158,0.54535648830346,0.5370844058085378,0.5536285707983821,0.45464351169654005,0.46291559419146217,0.4463714292016179,2019-2023,0
917,hallitus,Paavo Arhinmäki,146,0.5057610283082037,0.505300096049747,0.5062219605666604,0.4942389716917963,0.494699903950253,0.49377803943333964,2019-2023,0
923,hallitus,Thomas Blomqvist,45,0.5976514040125173,0.6006961580960488,0.5946066499289857,0.40234859598748285,0.3993038419039513,0.40539335007101435,2019-2023,0
930,hallitus,Heli Järvinen,54,0.5300229720440579,0.5039849676804502,0.5560609764076657,0.4699770279559421,0.49601503231954974,0.44393902359233445,2019-2023,0
941,hallitus,Anna-Maja Henriksson,292,0.4914975378972291,0.5059318447541272,0.477063231040331,0.5085024621027708,0.4940681552458727,0.522936768959669,2019-2023,0
947,oppositio,Petteri Orpo,283,0.44813421959672173,0.4391923979836031,0.45707604120984036,0.5518657804032783,0.5608076020163969,0.5429239587901596,2019-2023,0
948,oppositio,Anne-Mari Virolainen,93,0.5142087640119342,0.5434240522913849,0.4849934757324833,0.48579123598806584,0.4565759477086151,0.5150065242675166,2019-2023,0
952,hallitus,Katja Taimela,127,0.5556380773511334,0.5598393822403046,0.5514367724619621,0.44436192264886665,0.44016061775969534,0.4485632275380379,2019-2023,0
953,hallitus,Anne Kalmari,231,0.4883045535459508,0.4815593892668848,0.4950497178250169,0.5116954464540492,0.5184406107331152,0.5049502821749832,2019-2023,0
960,hallitus,Krista Kiuru,583,0.5448763983439298,0.5434446209306105,0.546308175757249,0.4551236016560703,0.4565553790693896,0.453691824242751,2019-2023,0
963,hallitus,Merja Kyllönen,160,0.5274689652609514,0.5342814415737671,0.5206564889481359,0.47253103473904856,0.46571855842623294,0.4793435110518641,2019-2023,0
967,oppositio,Timo Heinonen,682,0.46735632568314517,0.4387607993239291,0.49595185204236125,0.5326436743168549,0.5612392006760711,0.5040481479576386,2019-2023,0
970,hallitus,Marko Asell,101,0.5931466925877409,0.6059711851444103,0.5803222000310716,0.406853307412259,0.39402881485558966,0.4196777999689284,2019-2023,0
971,hallitus,Johanna Ojala-Niemelä,83,0.5071539872163433,0.5106847104471812,0.5036232639855055,0.4928460127836566,0.4893152895528187,0.4963767360144945,2019-2023,0
1051,hallitus,Raimo Piirainen,196,0.4896002895009525,0.4905701121660817,0.48863046683582334,0.5103997104990474,0.5094298878339183,0.5113695331641767,2019-2023,1
1089,oppositio,Heikki Autto,409,0.5195654223693581,0.521320937661835,0.5178099070768812,0.4804345776306419,0.47867906233816504,0.4821900929231188,2019-2023,1
1094,oppositio,Markku Eestilä,333,0.4275957379812456,0.43315294876307553,0.42203852719941565,0.5724042620187545,0.5668470512369246,0.5779614728005844,2019-2023,1
1095,oppositio,Tom Packalén,41,0.4330749134879356,0.4380441838418821,0.428105643133989,0.5669250865120645,0.561955816158118,0.5718943568660111,2019-2023,1
1097,hallitus,Aino-Kaisa Pekonen,209,0.5572235256273481,0.5713334066238062,0.5431136446308902,0.4427764743726519,0.42866659337619384,0.4568863553691099,2019-2023,1
1099,hallitus,Eeva-Johanna Eloranta,88,0.5040844997497049,0.5290824110521065,0.47908658844730345,0.49591550025029507,0.47091758894789343,0.5209134115526967,2019-2023,1
1100,oppositio,Sanni Grahn-Laasonen,207,0.48502160692944246,0.4903534336526927,0.47968978020619224,0.5149783930705575,0.5096465663473072,0.5203102197938078,2019-2023,1
1102,hallitus,Kristiina Salonen,147,0.5478360875147523,0.5348410649937964,0.5608311100357082,0.4521639124852477,0.46515893500620364,0.43916888996429176,2019-2023,1
1105,oppositio,Janne Sankelo,241,0.4762780046626053,0.4808059971195811,0.4717500122056294,0.5237219953373948,0.519194002880419,0.5282499877943707,2019-2023,1
1106,hallitus,Mikko Savola,175,0.520695844507604,0.5315865904044387,0.5098050986107692,0.47930415549239613,0.4684134095955613,0.4901949013892309,2019-2023,1
1108,hallitus,Juha Sipilä,71,0.5215792721608314,0.5257828146306698,0.5173757296909931,0.4784207278391685,0.47421718536933016,0.48262427030900684,2019-2023,1
1126,hallitus,Tytti Tuppurainen,161,0.5215481871792422,0.5249687163201121,0.5181276580383724,0.47845181282075777,0.4750312836798879,0.48187234196162765,2019-2023,1
1129,oppositio,Arja Juvonen,534,0.46556489739040297,0.46723245172906636,0.4638973430517396,0.534435102609597,0.5327675482709336,0.5361026569482605,2019-2023,1
1131,oppositio,Sinuhe Wallinheimo,190,0.48159826332142264,0.48610776328570493,0.47708876335714034,0.5184017366785774,0.5138922367142951,0.5229112366428595,2019-2023,1
1133,hallitus,Mika Kari,101,0.5095582202294642,0.51493246722443,0.5041839732344984,0.4904417797705357,0.4850675327755699,0.49581602676550157,2019-2023,1
1134,oppositio,Sofia Vikman,175,0.488552889053228,0.4963744324314255,0.4807313456750305,0.511447110946772,0.5036255675685746,0.5192686543249694,2019-2023,1
1135,oppositio,Pia Kauma,335,0.45834539337453584,0.4707475245993291,0.44594326214974256,0.5416546066254642,0.5292524754006709,0.5540567378502574,2019-2023,1
1136,oppositio,Ville Vähämäki,180,0.47415352922285736,0.492792399767927,0.45551465867778773,0.5258464707771426,0.5072076002320729,0.5444853413222124,2019-2023,1
1137,oppositio,Pauli Kiuru,265,0.4849217205800286,0.4893342296814861,0.480509211478571,0.5150782794199715,0.5106657703185139,0.519490788521429,2019-2023,1
1141,oppositio,Peter Östman,234,0.4918616398142761,0.4896399192102868,0.4940833604182654,0.5081383601857239,0.5103600807897133,0.5059166395817345,2019-2023,1
1142,oppositio,Jukka Kopra,188,0.4571557430776884,0.46059652613684754,0.4537149600185293,0.5428442569223116,0.5394034738631526,0.5462850399814707,2019-2023,1
1144,hallitus,Suna Kymäläinen,188,0.5154070591918716,0.5215437445150619,0.5092703738686811,0.48459294080812854,0.4784562554849381,0.49072962613131893,2019-2023,1
1147,hallitus,Antti Lindtman,271,0.5048129636212596,0.5191217192051939,0.4905042080373253,0.49518703637874034,0.4808782807948061,0.5094957919626746,2019-2023,1
1149,hallitus,Markus Lohi,232,0.5048212988192831,0.5137421665056437,0.4959004311329223,0.49517870118071705,0.4862578334943565,0.5040995688670776,2019-2023,1
1154,hallitus,Jari Myllykoski,364,0.520338719919857,0.5234524919771382,0.517224947862576,0.47966128008014297,0.4765475080228619,0.482775052137424,2019-2023,1
1155,hallitus,Anna Kontula,157,0.47952178257172473,0.4740003601497177,0.48504320499373177,0.5204782174282753,0.5259996398502823,0.5149567950062682,2019-2023,1
1157,hallitus,Annika Saarikko,554,0.5326068051015956,0.5165016912327115,0.5487119189704798,0.46739319489840436,0.48349830876728844,0.45128808102952034,2019-2023,1
116,hallitus,Jukka Gustafsson,109,0.4885312712435105,0.4899580071727881,0.4871045353142329,0.5114687287564895,0.5100419928272121,0.512895464685767,2019-2023,1
118,hallitus,Pekka Haavisto,266,0.5801629056077314,0.5696850004523368,0.590640810763126,0.4198370943922686,0.4303149995476631,0.4093591892368741,2019-2023,1
1219,oppositio,Saara-Sofia Sirén,124,0.5279362730531225,0.5069965468089339,0.5488759992973111,0.4720637269468775,0.49300345319106614,0.4511240007026888,2019-2023,1
1265,oppositio,Matias Marttinen,293,0.49483470058537826,0.4854177138725859,0.5042516872981706,0.5051652994146217,0.5145822861274142,0.49574831270182934,2019-2023,1
1274,hallitus,Antti Rinne,195,0.5433946882650422,0.5348903501607049,0.5518990263693796,0.45660531173495766,0.465109649839295,0.4481009736306204,2019-2023,1
1279,oppositio,Elina Valtonen,65,0.44298405444977806,0.4419470165133942,0.44402109238616194,0.5570159455502219,0.5580529834866058,0.5559789076138382,2019-2023,1
1282,oppositio,Wille Rydman,83,0.4746203915807633,0.4700837280801533,0.47915705508137335,0.5253796084192367,0.5299162719198468,0.5208429449186266,2019-2023,1
1298,hallitus,Krista Mikkonen,260,0.5858367120413062,0.5968057723521801,0.5748676517304321,0.41416328795869384,0.4031942276478199,0.4251323482695678,2019-2023,1
1299,oppositio,Sari Multala,351,0.5098616722716788,0.5125717951854607,0.5071515493578969,0.4901383277283212,0.48742820481453925,0.49284845064210325,2019-2023,1
1300,oppositio,Kai Mykkänen,254,0.4534242191819383,0.4383584953310293,0.4684899430328473,0.5465757808180616,0.5616415046689707,0.5315100569671526,2019-2023,1
1302,hallitus,Ilmari Nurminen,111,0.5177164543894832,0.5112300771675744,0.524202831611392,0.48228354561051684,0.4887699228324257,0.47579716838860797,2019-2023,1
1305,hallitus,Juha Pylväs,46,0.536463641210636,0.5298941685897317,0.5430331138315403,0.46353635878936406,0.4701058314102684,0.45696688616845976,2019-2023,1
1306,hallitus,Anders Adlercreutz,193,0.4842040102669986,0.4833885085215215,0.48501951201247573,0.5157959897330013,0.5166114914784785,0.5149804879875242,2019-2023,1
1308,oppositio,Jari Ronkainen,121,0.4598711320344409,0.4829150270397592,0.43682723702912263,0.5401288679655591,0.5170849729602408,0.5631727629708774,2019-2023,1
1310,hallitus,Li Andersson,266,0.5473969830890661,0.5559706550687391,0.5388233111093932,0.45260301691093374,0.4440293449312607,0.4611766888906067,2019-2023,1
1312,hallitus,Hanna Sarkkinen,215,0.5656168790586917,0.5628160275385612,0.5684177305788223,0.43438312094130827,0.43718397246143886,0.43158226942117767,2019-2023,1
1314,oppositio,Sami Savio,121,0.4733117234161107,0.4623305958966856,0.48429285093553576,0.5266882765838893,0.5376694041033143,0.5157071490644642,2019-2023,1
1315,hallitus,Matti Semi,109,0.52053745108507,0.5245497812146362,0.5165251209555036,0.4794625489149301,0.47545021878536387,0.4834748790444964,2019-2023,1
1316,hallitus,Ville Skinnari,82,0.6171134039347591,0.6333790741556473,0.6008477337138709,0.3828865960652409,0.3666209258443528,0.399152266286129,2019-2023,1
1323,oppositio,Mari-Leena Talvitie,253,0.4873576633941461,0.4795627055512049,0.49515262123708725,0.5126423366058539,0.5204372944487952,0.5048473787629127,2019-2023,1
1325,oppositio,Sari Tanus,261,0.49963770623024206,0.5186602119988801,0.480615200461604,0.5003622937697579,0.48133978800111993,0.519384799538396,2019-2023,1
1326,hallitus,Timo Harakka,254,0.5424785478572911,0.5433377611963669,0.5416193345182152,0.457521452142709,0.45666223880363316,0.4583806654817848,2019-2023,1
1327,oppositio,Ville Tavio,268,0.4284684777497512,0.42977512328050277,0.42716183221899967,0.5715315222502488,0.5702248767194973,0.5728381677810003,2019-2023,1
1330,oppositio,Juhana Vartiainen,97,0.4485883759364918,0.4449653505036239,0.4522114013693598,0.5514116240635081,0.555034649496376,0.5477885986306402,2019-2023,1
1334,oppositio,Antti Häkkänen,105,0.45889387644995383,0.44950357375170374,0.46828417914820386,0.5411061235500462,0.5504964262482963,0.531715820851796,2019-2023,1
1336,hallitus,Emma Kari,68,0.5677277379643351,0.5644544361057312,0.5710010398229389,0.4322722620356648,0.43554556389426874,0.42899896017706096,2019-2023,1
1338,hallitus,Hanna Kosonen,87,0.5453685822857595,0.5608505227268963,0.5298866418446225,0.4546314177142406,0.4391494772731037,0.47011335815537747,2019-2023,1
1340,hallitus,Katri Kulmuni,218,0.5488887574942718,0.5403813046509711,0.5573962103375725,0.4511112425057282,0.45961869534902877,0.44260378966242764,2019-2023,1
1341,hallitus,Antti Kurvinen,269,0.5034413184607244,0.5059097506445577,0.5009728862768911,0.4965586815392757,0.49409024935544243,0.49902711372310893,2019-2023,1
1343,oppositio,Antero Laukkanen,203,0.4852509356824191,0.5012602484173907,0.46924162294744753,0.5147490643175808,0.49873975158260925,0.5307583770525525,2019-2023,1
1344,oppositio,Rami Lehto,176,0.45995007340336064,0.46385134932268457,0.4560487974840367,0.5400499265966393,0.5361486506773154,0.5439512025159632,2019-2023,1
1348,hallitus,Mikko Kärnä,122,0.4557949617382038,0.46431874186432476,0.4472711816120828,0.5442050382617962,0.5356812581356754,0.5527288183879172,2019-2023,1
1349,oppositio,Leena Meri,508,0.4257564371710279,0.42121462717247005,0.43029824716958576,0.574243562828972,0.5787853728275298,0.5697017528304142,2019-2023,1
1374,hallitus,Veronica Rehn-Kivi,59,0.5657253093990905,0.5612210581319081,0.5702295606662728,0.4342746906009095,0.43877894186809174,0.42977043933372727,2019-2023,1
1379,oppositio,Mia Laiho,385,0.5119783659972406,0.5154105341454468,0.5085461978490342,0.48802163400275955,0.4845894658545532,0.4914538021509659,2019-2023,1
1380,hallitus,Riitta Kaarisalo,88,0.5812570703652449,0.5797237813141587,0.5827903594163312,0.41874292963475507,0.4202762186858413,0.41720964058366883,2019-2023,1
1382,hallitus,Hanna-Leena Mattila,158,0.4947145263180741,0.4985134182781982,0.49091563435795005,0.5052854736819259,0.5014865817218019,0.50908436564205,2019-2023,1
1383,hallitus,Veronika Honkasalo,199,0.5487731835783725,0.5435086607711798,0.5540377063855652,0.45122681642162754,0.4564913392288202,0.44596229361443485,2019-2023,1
1384,hallitus,Mai Kivelä,184,0.5479317228819738,0.5419131244585799,0.5539503213053678,0.4520682771180262,0.45808687554142014,0.44604967869463225,2019-2023,1
1385,hallitus,Atte Harjanne,168,0.5443206369713018,0.5336428675379501,0.5549984064046536,0.4556793630286981,0.46635713246204985,0.44500159359534636,2019-2023,1
1386,hallitus,Mari Holopainen,296,0.514763672068143,0.5193772151202807,0.5101501290160052,0.48523632793185706,0.4806227848797193,0.4898498709839948,2019-2023,1
1387,hallitus,Maria Ohisalo,305,0.5661000952679183,0.5917318628490106,0.5404683276868261,0.43389990473208173,0.4082681371509894,0.459531672313174,2019-2023,1
1390,hallitus,Eveliina Heinäluoma,88,0.5217315699811256,0.5213688583679962,0.522094281594255,0.47826843001887454,0.4786311416320038,0.4779057184057452,2019-2023,1
1391,oppositio,Ari Koponen,457,0.47236489207418103,0.47514296270738293,0.46958682144097913,0.527635107925819,0.5248570372926171,0.5304131785590208,2019-2023,1
1392,oppositio,Riikka Purra,426,0.44557329961222414,0.43983496951102474,0.4513116297134235,0.5544267003877761,0.5601650304889755,0.5486883702865766,2019-2023,1
1393,oppositio,Riikka Slunga-Poutsalo,71,0.46166535899361066,0.46838640650384483,0.4549443114833765,0.5383346410063894,0.5316135934961552,0.5450556885166236,2019-2023,1
1394,oppositio,Pihla Keto-Huovinen,127,0.5000015674853789,0.47941188351777503,0.5205912514529828,0.49999843251462106,0.5205881164822249,0.4794087485470172,2019-2023,1
1396,oppositio,Heikki Vestman,287,0.45856648776714404,0.4558621268081807,0.46127084872610735,0.5414335122328559,0.5441378731918192,0.5387291512738925,2019-2023,1
1397,hallitus,Hussein al-Taee,257,0.48895862504669474,0.4888672279872548,0.48905002210613474,0.5110413749533054,0.5111327720127453,0.5109499778938653,2019-2023,1
1399,hallitus,Pia Lohikoski,194,0.5719566320967022,0.5842082724166956,0.5597049917767087,0.4280433679032979,0.41579172758330446,0.44029500822329126,2019-2023,1
1400,hallitus,Jussi Saramo,160,0.490174659822056,0.4865082809239351,0.49384103872017693,0.509825340177944,0.5134917190760648,0.5061589612798231,2019-2023,1
1401,hallitus,Tiina Elo,250,0.607419404271089,0.6017277970077021,0.6131110115344758,0.39258059572891113,0.3982722029922979,0.38688898846552433,2019-2023,1
1402,hallitus,Inka Hopsu,362,0.5920918951356835,0.5932079580700247,0.5909758322013422,0.4079081048643166,0.4067920419299753,0.40902416779865786,2019-2023,1
1403,hallitus,Saara Hyrkkö,183,0.5722198260185782,0.5769985818694735,0.5674410701676831,0.42778017398142176,0.4230014181305265,0.43255892983231703,2019-2023,1
1404,hallitus,Noora Koponen,108,0.5539786420820545,0.5437093681279227,0.5642479160361862,0.44602135791794556,0.4562906318720774,0.4357520839638137,2019-2023,1
1407,hallitus,Johannes Yrttiaho,115,0.4954134727679853,0.4855403839604933,0.5052865615754774,0.5045865272320147,0.5144596160395067,0.4947134384245227,2019-2023,1
1408,hallitus,Aki Lindén,495,0.5055588099003064,0.5061733204944987,0.5049442993061142,0.49444119009969356,0.49382667950550135,0.4950557006938857,2019-2023,1
1409,oppositio,Vilhelm Junnila,310,0.461911425941672,0.4387409464972028,0.48508190538614115,0.5380885740583281,0.5612590535027973,0.514918094613859,2019-2023,1
1410,oppositio,Mikko Lundén,154,0.4498532425872507,0.44548465008916605,0.45422183508533537,0.5501467574127493,0.5545153499108341,0.5457781649146646,2019-2023,1
1411,hallitus,Sofia Virta,109,0.5628905737065224,0.5647962551056173,0.5609848923074277,0.4371094262934776,0.4352037448943828,0.4390151076925724,2019-2023,1
1412,hallitus,Eeva Kalli,130,0.5582575523864308,0.5772554679544367,0.5392596368184249,0.4417424476135692,0.4227445320455632,0.46074036318157513,2019-2023,1
1413,oppositio,Jari Koskela,193,0.465160910558704,0.48151702693995346,0.44880479417745456,0.534839089441296,0.5184829730600465,0.5511952058225454,2019-2023,1
1414,hallitus,Heidi Viljanen,174,0.5392208846806432,0.5302362742106739,0.5482054951506125,0.4607791153193568,0.469763725789326,0.4517945048493875,2019-2023,1
1415,hallitus,Hilkka Kemppi,210,0.528024318156938,0.5161809610937487,0.5398676752201272,0.47197568184306204,0.4838190389062514,0.4601323247798727,2019-2023,1
1417,oppositio,Lulu Ranne,266,0.4516586656496686,0.4462374035025184,0.4570799277968189,0.5483413343503314,0.5537625964974816,0.5429200722031811,2019-2023,1
1418,oppositio,Veijo Niemi,164,0.4472532850984359,0.44304874246019355,0.4514578277366783,0.5527467149015641,0.5569512575398065,0.5485421722633217,2019-2023,1
1421,oppositio,Anna-Kaisa Ikonen,116,0.5063226682973437,0.49587627433498216,0.5167690622597053,0.49367733170265626,0.5041237256650178,0.4832309377402947,2019-2023,1
1422,hallitus,Jouni Ovaska,333,0.5199725094168139,0.49984333117140556,0.5401016876622223,0.4800274905831861,0.5001566688285944,0.4598983123377778,2019-2023,1
1423,hallitus,Iiris Suomela,188,0.5555664846639052,0.5397138169491351,0.5714191523786754,0.44443351533609476,0.46028618305086494,0.4285808476213246,2019-2023,1
1425,oppositio,Ville Kaunisto,159,0.5065420434515518,0.5152913451789214,0.49779274172418236,0.49345795654844815,0.4847086548210786,0.5022072582758177,2019-2023,1
1426,oppositio,Sheikki Laakso,367,0.4204932737641529,0.4219517962759959,0.4190347512523099,0.5795067262358471,0.5780482037240041,0.5809652487476902,2019-2023,1
1428,hallitus,Niina Malm,141,0.5386523635813928,0.5265421928644551,0.5507625342983304,0.46134763641860715,0.47345780713554486,0.44923746570166945,2019-2023,1
1429,hallitus,Paula Werning,107,0.5558926750957636,0.5392495969854108,0.5725357532061165,0.4441073249042364,0.46075040301458914,0.4274642467938836,2019-2023,1
1430,hallitus,Seppo Eskelinen,190,0.5566911072912384,0.5615728355658819,0.551809379016595,0.4433088927087615,0.43842716443411806,0.448190620983405,2019-2023,1
1432,oppositio,Marko Kilpi,158,0.49300669061261937,0.47055729883186553,0.5154560823933731,0.5069933093873806,0.5294427011681344,0.48454391760662696,2019-2023,1
1433,hallitus,Hanna Räsänen,160,0.517485880475634,0.5385600096034799,0.49641175134778814,0.48251411952436596,0.4614399903965201,0.5035882486522119,2019-2023,1
1434,oppositio,Sanna Antikainen,130,0.4542184060410943,0.44358823414449783,0.4648485779376908,0.5457815939589057,0.5564117658555021,0.5351514220623093,2019-2023,1
1435,oppositio,Minna Reijonen,406,0.4874168775513589,0.47941702413809156,0.49541673096462624,0.512583122448641,0.5205829758619084,0.5045832690353738,2019-2023,1
1437,oppositio,Juha Mäenpää,562,0.4495965914635282,0.4510090826286195,0.4481841002984369,0.5504034085364718,0.5489909173713806,0.5518158997015631,2019-2023,1
1438,oppositio,Jukka Mäkynen,134,0.4411301486241761,0.44578687115137383,0.4364734260969783,0.5588698513758239,0.5542131288486262,0.5635265739030216,2019-2023,1
1439,oppositio,Mauri Peltokangas,274,0.4487442016068776,0.4437443910920617,0.4537440121216935,0.5512557983931223,0.5562556089079382,0.5462559878783064,2019-2023,1
1441,hallitus,Mikko Ollikainen,105,0.5117589392974642,0.5049779531701041,0.5185399254248244,0.4882410607025357,0.49502204682989587,0.4814600745751756,2019-2023,1
1442,hallitus,Pasi Kivisaari,480,0.5338513503459941,0.5455352485012445,0.5221674521907438,0.4661486496540057,0.4544647514987554,0.477832547809256,2019-2023,1
1443,hallitus,Kim Berg,164,0.5350907178810648,0.5329654421794024,0.5372159935827271,0.46490928211893523,0.4670345578205975,0.4627840064172729,2019-2023,1
1444,hallitus,Juho Kautto,51,0.5204382511043042,0.4929274943791663,0.5479490078294422,0.4795617488956957,0.5070725056208336,0.45205099217055783,2019-2023,1
1445,hallitus,Bella Forsgrén,53,0.5485249721728096,0.5544715460980221,0.5425783982475972,0.45147502782719034,0.44552845390197787,0.4574216017524028,2019-2023,1
1446,hallitus,Joonas Könttä,253,0.5160937126789938,0.5309558266746724,0.5012315986833152,0.4839062873210062,0.46904417332532755,0.4987684013166849,2019-2023,1
1447,hallitus,Piritta Rantanen,80,0.5368116958962912,0.5498493005141092,0.5237740912784732,0.46318830410370887,0.4501506994858909,0.4762259087215268,2019-2023,1
1450,oppositio,Jenna Simula,153,0.45924088844096206,0.46942873941462804,0.4490530374672961,0.5407591115590379,0.5305712605853719,0.5509469625327039,2019-2023,1
1451,oppositio,Sebastian Tynkkynen,354,0.461138862022358,0.4497021472328712,0.4725755768118448,0.538861137977642,0.5502978527671288,0.5274244231881553,2019-2023,1
1452,hallitus,Pekka Aittakumpu,288,0.5534196648935323,0.5504687899063911,0.5563705398806736,0.44658033510646766,0.4495312100936089,0.44362946011932636,2019-2023,1
1453,hallitus,Mikko Kinnunen,500,0.5401152814011474,0.539583755644381,0.5406468071579137,0.4598847185988527,0.46041624435561906,0.4593531928420863,2019-2023,1
1454,oppositio,Janne Heikkinen,106,0.4558996263872105,0.4612807495623145,0.4505185032121065,0.5441003736127895,0.5387192504376855,0.5494814967878935,2019-2023,1
1455,oppositio,Kaisa Juuso,193,0.47016232476621844,0.4727280713899729,0.467596578142464,0.5298376752337816,0.5272719286100271,0.532403421857536,2019-2023,1
1468,hallitus,Tuomas Kettunen,386,0.5302056471220108,0.5378923799022356,0.522518914341786,0.4697943528779892,0.46210762009776446,0.4774810856582139,2019-2023,1
1480,oppositio,Jari Kinnunen,77,0.46297082708399656,0.4677785236451742,0.45816313052281893,0.5370291729160035,0.5322214763548259,0.5418368694771811,2019-2023,1
1481,oppositio,Atte Kaleva,43,0.505605120312009,0.49503963710631693,0.516170603517701,0.4943948796879911,0.5049603628936833,0.48382939648229895,2019-2023,1
170,oppositio,Ilkka Kanerva,83,0.47620949847032873,0.4879859062190633,0.46443309072159417,0.5237905015296713,0.5120140937809368,0.5355669092784059,2019-2023,1
175,oppositio,Toimi Kankaanniemi,413,0.4736327698640942,0.47259562063703664,0.4746699190911518,0.5263672301359057,0.5274043793629634,0.5253300809088481,2019-2023,1
301,oppositio,Ben Zyskowicz,375,0.4441223401299011,0.4514757788589444,0.4367689014008578,0.555877659870099,0.5485242211410557,0.5632310985991423,2019-2023,1
357,hallitus,Erkki Tuomioja,67,0.5493750171394787,0.5554035938584833,0.543346440420474,0.4506249828605214,0.44459640614151663,0.45665355957952614,2019-2023,1
358,hallitus,Johannes Koskinen,228,0.5042261118555817,0.5110119690251718,0.4974402546859917,0.49577388814441836,0.4889880309748282,0.5025597453140085,2019-2023,1
363,hallitus,Satu Hassi,161,0.504505838050022,0.49538450832885345,0.5136271677711906,0.4954941619499779,0.5046154916711465,0.48637283222880934,2019-2023,1
451,hallitus,Tarja Filatov,135,0.5081420455324279,0.4984256460740116,0.5178584449908442,0.49185795446757213,0.5015743539259885,0.4821415550091558,2019-2023,1
464,hallitus,Kimmo Kiljunen,861,0.5023020588877549,0.5041621849725911,0.5004419328029186,0.4976979411122452,0.495837815027409,0.49955806719708146,2019-2023,1
508,hallitus,Anu Vehviläinen,139,0.5154918775883142,0.50749667793594,0.5234870772406882,0.48450812241168595,0.49250332206406,0.47651292275931184,2019-2023,1
511,hallitus,Pia Viitanen,314,0.49229232144828605,0.4943509568788724,0.4902336860176996,0.5077076785517141,0.5056490431211277,0.5097663139823003,2019-2023,1
582,hallitus,Jari Leppä,146,0.567517309993604,0.5608957848015516,0.5741388351856564,0.43248269000639594,0.43910421519844844,0.42586116481434344,2019-2023,1
583,hallitus,Mika Lintilä,429,0.5131746890346219,0.4967780660816904,0.5295713119875535,0.4868253109653781,0.5032219339183097,0.4704286880124465,2019-2023,1
612,oppositio,Sari Sarkomaa,265,0.4455416304358031,0.4356154879952772,0.45546777287632895,0.5544583695641969,0.5643845120047227,0.5445322271236711,2019-2023,1
772,hallitus,Antti Kaikkonen,153,0.520944968320506,0.5339946322864573,0.5078953043545547,0.47905503167949404,0.46600536771354273,0.4921046956454454,2019-2023,1
778,oppositio,Sari Essayah,696,0.4591427838351,0.4328452175898875,0.48544035008031255,0.5408572161648999,0.5671547824101124,0.5145596499196874,2019-2023,1
779,hallitus,Esko Kiviranta,403,0.5144538831662092,0.5232365300655439,0.5056712362668745,0.4855461168337908,0.476763469934456,0.4943287637331255,2019-2023,1
784,oppositio,Arto Satonen,302,0.48566211696880845,0.47941608088031706,0.4919081530572999,0.5143378830311914,0.5205839191196829,0.5080918469426999,2019-2023,1
791,hallitus,Anneli Kiljunen,140,0.5376884342813171,0.5286844210001889,0.5466924475624453,0.4623115657186829,0.471315578999811,0.4533075524375548,2019-2023,1
797,hallitus,Hannu Hoskonen,623,0.4341419134395682,0.4146264912172556,0.4536573356618809,0.5658580865604318,0.5853735087827444,0.5463426643381192,2019-2023,1
802,hallitus,Markus Mustajärvi,54,0.46169654881048483,0.45996719404077774,0.463425903580192,0.5383034511895153,0.5400328059592224,0.5365740964198081,2019-2023,1
809,oppositio,Paula Risikko,598,0.4959121492526148,0.5093113025519294,0.4825129959533002,0.5040878507473852,0.49068869744807053,0.5174870040466998,2019-2023,1
887,hallitus,Sirpa Paatero,158,0.5507901890023498,0.5535899529958899,0.5479904250088097,0.4492098109976502,0.44641004700411,0.4520095749911904,2019-2023,1
914,hallitus,Outi Alanko-Kahiluoto,60,0.5124896427779408,0.5077988454285722,0.5171804401273095,0.4875103572220591,0.49220115457142777,0.48281955987269043,2019-2023,1
917,hallitus,Paavo Arhinmäki,146,0.5221398016680818,0.5165088436780211,0.5277707596581427,0.47786019833191806,0.4834911563219789,0.47222924034185726,2019-2023,1
923,hallitus,Thomas Blomqvist,45,0.6190051663958138,0.6195439853721604,0.6184663474194674,0.3809948336041861,0.38045601462783957,0.3815336525805327,2019-2023,1
930,hallitus,Heli Järvinen,54,0.520337910135303,0.5330123109729048,0.5076635092977012,0.47966208986469694,0.4669876890270953,0.49233649070229857,2019-2023,1
941,hallitus,Anna-Maja Henriksson,292,0.5175702901535142,0.5247083693353193,0.510432210971709,0.4824297098464859,0.47529163066468083,0.48956778902829096,2019-2023,1
947,oppositio,Petteri Orpo,283,0.46290973524022894,0.4545561228193778,0.47126334766108,0.5370902647597711,0.5454438771806223,0.52873665233892,2019-2023,1
948,oppositio,Anne-Mari Virolainen,93,0.47507402223402617,0.4937495436059195,0.45639850086213285,0.5249259777659738,0.5062504563940804,0.5436014991378672,2019-2023,1
952,hallitus,Katja Taimela,127,0.5682920387356143,0.5767568125487162,0.5598272649225124,0.4317079612643856,0.4232431874512838,0.44017273507748744,2019-2023,1
953,hallitus,Anne Kalmari,231,0.4816090935170952,0.47176970352461745,0.49144848350957293,0.5183909064829049,0.5282302964753826,0.5085515164904271,2019-2023,1
960,hallitus,Krista Kiuru,583,0.5501292638673942,0.5683255977068586,0.5319329300279299,0.44987073613260575,0.4316744022931413,0.4680670699720702,2019-2023,1
967,oppositio,Timo Heinonen,682,0.4556969371920815,0.4709051565369891,0.4404887178471738,0.5443030628079186,0.5290948434630109,0.5595112821528263,2019-2023,1
970,hallitus,Marko Asell,101,0.5327513591823503,0.5305981441915789,0.5349045741731218,0.4672486408176497,0.4694018558084211,0.4650954258268783,2019-2023,1
1087,hallitus,Merja Mäkisalo-Ropponen,290,0.5684236597318382,0.5589084895659008,0.5779388298977755,0.43157634026816183,0.4410915104340993,0.42206117010222444,2019-2023,2
1089,oppositio,Heikki Autto,409,0.50576561911627,0.5027437216979271,0.5087875165346128,0.49423438088373006,0.4972562783020728,0.49121248346538726,2019-2023,2
1092,oppositio,Mika Niikko,313,0.4557208057725524,0.464341965947789,0.44709964559731585,0.5442791942274476,0.535658034052211,0.5529003544026843,2019-2023,2
1094,oppositio,Markku Eestilä,333,0.4562579444745488,0.4719171867114709,0.44059870223762665,0.5437420555254511,0.528082813288529,0.5594012977623731,2019-2023,2
1097,hallitus,Aino-Kaisa Pekonen,209,0.5808450781767054,0.5598816785596966,0.601808477793714,0.4191549218232947,0.44011832144030355,0.3981915222062859,2019-2023,2
1098,oppositio,Jaana Pelkonen,133,0.48806028289217773,0.4928823781242076,0.4832381876601479,0.5119397171078223,0.5071176218757925,0.5167618123398521,2019-2023,2
1099,hallitus,Eeva-Johanna Eloranta,88,0.5682878268787137,0.5562846568623191,0.5802909968951082,0.4317121731212864,0.443715343137681,0.41970900310489184,2019-2023,2
1100,oppositio,Sanni Grahn-Laasonen,207,0.5123112088754938,0.5265790003254731,0.49804341742551445,0.48768879112450625,0.47342099967452694,0.5019565825744856,2019-2023,2
1101,hallitus,Arto Pirttilahti,194,0.506720932296389,0.4909346067390955,0.5225072578536826,0.49327906770361096,0.5090653932609045,0.47749274214631743,2019-2023,2
1102,hallitus,Kristiina Salonen,147,0.5533870690725218,0.5332171986331965,0.5735569395118469,0.44661293092747817,0.4667828013668033,0.42644306048815306,2019-2023,2
1105,oppositio,Janne Sankelo,241,0.46434987974748554,0.46784390242756413,0.46085585706740695,0.5356501202525145,0.5321560975724359,0.539144142932593,2019-2023,2
1106,hallitus,Mikko Savola,175,0.5312175236696448,0.529146509981784,0.5332885373575057,0.4687824763303552,0.470853490018216,0.4667114626424943,2019-2023,2
1108,hallitus,Juha Sipilä,71,0.512590655877611,0.5310118087240937,0.49416950303112833,0.4874093441223889,0.4689881912759062,0.5058304969688716,2019-2023,2
1109,oppositio,Jussi Halla-aho,217,0.4381751452524584,0.4336216493544452,0.4427286411504715,0.5618248547475417,0.5663783506455549,0.5572713588495285,2019-2023,2
1118,oppositio,Kari Tolvanen,65,0.46012960882737247,0.45882938555474695,0.461429832099998,0.5398703911726275,0.541170614445253,0.5385701679000018,2019-2023,2
1122,oppositio,Olli Immonen,69,0.41170853583271316,0.40433701672226796,0.4190800549431584,0.5882914641672867,0.5956629832777319,0.5809199450568415,2019-2023,2
1126,hallitus,Tytti Tuppurainen,161,0.49887898877970527,0.49051279940559345,0.5072451781538171,0.5011210112202946,0.5094872005944066,0.4927548218461828,2019-2023,2
1129,oppositio,Arja Juvonen,534,0.49310496425262224,0.4954108105330269,0.4907991179722176,0.5068950357473778,0.5045891894669732,0.5092008820277825,2019-2023,2
1131,oppositio,Sinuhe Wallinheimo,190,0.4903105981617705,0.49898937307449504,0.48163182324904596,0.5096894018382295,0.501010626925505,0.518368176750954,2019-2023,2
1133,hallitus,Mika Kari,101,0.5304868506563017,0.542134855013331,0.5188388462992725,0.46951314934369826,0.457865144986669,0.48116115370072743,2019-2023,2
1135,oppositio,Pia Kauma,335,0.448279950534228,0.43915326533402343,0.4574066357344325,0.5517200494657719,0.5608467346659765,0.5425933642655674,2019-2023,2
1136,oppositio,Ville Vähämäki,180,0.4780212283223678,0.47435149530844256,0.4816909613362931,0.5219787716776322,0.5256485046915574,0.5183090386637069,2019-2023,2
1137,oppositio,Pauli Kiuru,265,0.4944740332987677,0.5062933618156099,0.4826547047819255,0.5055259667012323,0.4937066381843901,0.5173452952180745,2019-2023,2
1141,oppositio,Peter Östman,234,0.4670816766931433,0.48019454420254737,0.4539688091837393,0.5329183233068566,0.5198054557974526,0.5460311908162606,2019-2023,2
1144,hallitus,Suna Kymäläinen,188,0.5591776302620924,0.577609508030889,0.5407457524932959,0.44082236973790756,0.422390491969111,0.45925424750670407,2019-2023,2
1147,hallitus,Antti Lindtman,271,0.5121816947374898,0.5397642990574456,0.4845990904175338,0.4878183052625104,0.4602357009425545,0.5154009095824663,2019-2023,2
1149,hallitus,Markus Lohi,232,0.5362542135293096,0.5426298756430676,0.5298785514155516,0.4637457864706904,0.4573701243569325,0.4701214485844484,2019-2023,2
1154,hallitus,Jari Myllykoski,364,0.4968648789583968,0.5065677939374897,0.4871619639793039,0.5031351210416032,0.4934322060625103,0.512838036020696,2019-2023,2
1155,hallitus,Anna Kontula,157,0.4801250425370253,0.47870669537401705,0.4815433897000336,0.5198749574629746,0.5212933046259829,0.5184566102999664,2019-2023,2
1157,hallitus,Annika Saarikko,554,0.5394907796788566,0.5451649760384586,0.5338165833192546,0.4605092203211434,0.4548350239615414,0.46618341668074537,2019-2023,2
116,hallitus,Jukka Gustafsson,109,0.5143105455864116,0.4925245055388564,0.5360965856339669,0.48568945441358835,0.5074754944611436,0.4639034143660331,2019-2023,2
1219,oppositio,Saara-Sofia Sirén,124,0.5415848872135389,0.49775429252521414,0.5854154819018638,0.45841511278646097,0.5022457074747858,0.4145845180981362,2019-2023,2
1265,oppositio,Matias Marttinen,293,0.4897017639486436,0.5025729021353925,0.47683062576189467,0.5102982360513564,0.4974270978646075,0.5231693742381054,2019-2023,2
1274,hallitus,Antti Rinne,195,0.5204535791088845,0.540682438813297,0.5002247194044718,0.47954642089111565,0.459317561186703,0.4997752805955282,2019-2023,2
1276,hallitus,Katja Hänninen,137,0.5436671920551068,0.5343954272559841,0.5529389568542296,0.45633280794489317,0.46560457274401595,0.4470610431457704,2019-2023,2
1279,oppositio,Elina Valtonen,65,0.4534133609771488,0.45392680786317197,0.4528999140911257,0.5465866390228511,0.5460731921368279,0.5471000859088744,2019-2023,2
1282,oppositio,Wille Rydman,83,0.45776603131726296,0.4629935156303917,0.4525385470041342,0.5422339686827371,0.5370064843696083,0.5474614529958658,2019-2023,2
1299,oppositio,Sari Multala,351,0.5051401689320493,0.4905014885278641,0.5197788493362344,0.4948598310679508,0.5094985114721359,0.4802211506637657,2019-2023,2
1300,oppositio,Kai Mykkänen,254,0.45156011551025627,0.4524927487673452,0.45062748225316734,0.5484398844897438,0.5475072512326549,0.5493725177468327,2019-2023,2
1301,oppositio,Jani Mäkelä,470,0.4183159928175513,0.4198411785551753,0.4167908070799272,0.5816840071824488,0.5801588214448248,0.5832091929200729,2019-2023,2
1302,hallitus,Ilmari Nurminen,111,0.5401035692768608,0.5428527626874786,0.5373543758662428,0.45989643072313924,0.45714723731252127,0.4626456241337572,2019-2023,2
1306,hallitus,Anders Adlercreutz,193,0.5158719734211167,0.52233378505931,0.5094101617829233,0.4841280265788833,0.47766621494068995,0.4905898382170767,2019-2023,2
1308,oppositio,Jari Ronkainen,121,0.44945376553272187,0.44902970053385555,0.44987783053158825,0.550546234467278,0.5509702994661445,0.5501221694684115,2019-2023,2
1310,hallitus,Li Andersson,266,0.6157542703695813,0.6177707046556312,0.6137378360835315,0.38424572963041875,0.3822292953443689,0.3862621639164686,2019-2023,2
1312,hallitus,Hanna Sarkkinen,215,0.5492066438316432,0.5419224041460743,0.556490883517212,0.4507933561683569,0.4580775958539257,0.4435091164827881,2019-2023,2
1315,hallitus,Matti Semi,109,0.4994555895088231,0.4843355705936296,0.5145756084240165,0.5005444104911769,0.5156644294063704,0.48542439157598355,2019-2023,2
1316,hallitus,Ville Skinnari,82,0.5729651123450927,0.5600407971324091,0.5858894275577764,0.42703488765490705,0.4399592028675909,0.4141105724422232,2019-2023,2
1318,hallitus,Joakim Strand,99,0.5002916543389768,0.49865652757177514,0.5019267811061785,0.49970834566102323,0.501343472428225,0.4980732188938215,2019-2023,2
1323,oppositio,Mari-Leena Talvitie,253,0.4773377356928299,0.47115753293644563,0.48351793844921415,0.5226622643071701,0.5288424670635543,0.5164820615507859,2019-2023,2
1325,oppositio,Sari Tanus,261,0.50716267908262,0.5237477457220792,0.49057761244316084,0.49283732091738003,0.47625225427792095,0.5094223875568391,2019-2023,2
1326,hallitus,Timo Harakka,254,0.5297881519364556,0.5412573350616041,0.5183189688113069,0.47021184806354455,0.458742664938396,0.48168103118869315,2019-2023,2
1327,oppositio,Ville Tavio,268,0.4099144192842652,0.41709862708293544,0.402730211485595,0.5900855807157348,0.5829013729170646,0.5972697885144049,2019-2023,2
1330,oppositio,Juhana Vartiainen,97,0.4670136340138578,0.4507135443254855,0.48331372370223014,0.5329863659861421,0.5492864556745145,0.5166862762977698,2019-2023,2
1331,hallitus,Petri Honkonen,147,0.5258767702916258,0.5155656086952958,0.536187931887956,0.47412322970837406,0.48443439130470417,0.463812068112044,2019-2023,2
1334,oppositio,Antti Häkkänen,105,0.4660364273587817,0.46435990735329663,0.4677129473642667,0.5339635726412183,0.5356400926467033,0.5322870526357333,2019-2023,2
1336,hallitus,Emma Kari,68,0.5628443451464,0.562551496412678,0.5631371938801222,0.43715565485359986,0.4374485035873219,0.43686280611987777,2019-2023,2
1340,hallitus,Katri Kulmuni,218,0.5182773676344827,0.5003579228306857,0.5361968124382799,0.48172263236551727,0.49964207716931436,0.4638031875617202,2019-2023,2
1341,hallitus,Antti Kurvinen,269,0.5142417608679557,0.4888789429697084,0.539604578766203,0.4857582391320443,0.5111210570302915,0.460395421233797,2019-2023,2
1343,oppositio,Antero Laukkanen,203,0.47512423152885236,0.492133217358809,0.4581152456988957,0.5248757684711476,0.507866782641191,0.5418847543011042,2019-2023,2
1344,oppositio,Rami Lehto,176,0.4512228711867431,0.45906743802693484,0.4433783043465513,0.5487771288132569,0.5409325619730652,0.5566216956534487,2019-2023,2
1349,oppositio,Leena Meri,508,0.4099465970389671,0.42674378673779695,0.3931494073401372,0.5900534029610329,0.573256213262203,0.606850592659863,2019-2023,2
1379,oppositio,Mia Laiho,385,0.5251039448448309,0.528927139251181,0.521280750438481,0.4748960551551691,0.4710728607488191,0.478719249561519,2019-2023,2
1380,hallitus,Riitta Kaarisalo,88,0.5664052372909962,0.5614674582836803,0.5713430162983122,0.4335947627090038,0.4385325417163197,0.4286569837016879,2019-2023,2
1382,hallitus,Hanna-Leena Mattila,158,0.5490534247182155,0.5530761741725861,0.5450306752638447,0.4509465752817846,0.44692382582741386,0.45496932473615537,2019-2023,2
1383,hallitus,Veronika Honkasalo,199,0.5410320483020783,0.5401012888464607,0.5419628077576958,0.4589679516979217,0.45989871115353925,0.4580371922423042,2019-2023,2
1384,hallitus,Mai Kivelä,184,0.5558555569751003,0.5452170948654601,0.5664940190847404,0.44414444302489975,0.45478290513453984,0.43350598091525966,2019-2023,2
1386,hallitus,Mari Holopainen,296,0.5378695470802558,0.533846581365385,0.5418925127951266,0.4621304529197442,0.46615341863461507,0.45810748720487326,2019-2023,2
1387,hallitus,Maria Ohisalo,305,0.557680800812789,0.5445660157753229,0.5707955858502551,0.44231919918721097,0.45543398422467707,0.4292044141497449,2019-2023,2
1390,hallitus,Eveliina Heinäluoma,88,0.5343439095026368,0.5373128584383019,0.5313749605669716,0.46565609049736323,0.4626871415616981,0.4686250394330284,2019-2023,2
1391,oppositio,Ari Koponen,457,0.5178079677829528,0.5196003090912154,0.5160156264746903,0.4821920322170472,0.48039969090878476,0.48398437352530965,2019-2023,2
1392,oppositio,Riikka Purra,426,0.46541606956797105,0.47444414159937864,0.45638799753656345,0.534583930432029,0.5255558584006214,0.5436120024634367,2019-2023,2
1393,oppositio,Riikka Slunga-Poutsalo,71,0.47848087434559006,0.4787391633039225,0.47822258538725765,0.5215191256544099,0.5212608366960775,0.5217774146127424,2019-2023,2
1396,oppositio,Heikki Vestman,287,0.4743056366813274,0.47159771386267957,0.4770135594999753,0.5256943633186726,0.5284022861373204,0.5229864405000246,2019-2023,2
1399,hallitus,Pia Lohikoski,194,0.5564672803976529,0.5629537982263819,0.5499807625689239,0.4435327196023471,0.437046201773618,0.45001923743107614,2019-2023,2
1400,hallitus,Jussi Saramo,160,0.5149139419942548,0.5111713261137207,0.5186565578747889,0.4850860580057452,0.4888286738862793,0.4813434421252111,2019-2023,2
1402,hallitus,Inka Hopsu,362,0.5719914529407815,0.5761322541997059,0.5678506516818569,0.42800854705921876,0.42386774580029424,0.4321493483181432,2019-2023,2
1403,hallitus,Saara Hyrkkö,183,0.5700737546223901,0.5471481047065998,0.5929994045381803,0.42992624537760993,0.45285189529340003,0.40700059546181977,2019-2023,2
1404,hallitus,Noora Koponen,108,0.585499964071184,0.579250063855875,0.591749864286493,0.414500035928816,0.420749936144125,0.408250135713507,2019-2023,2
1408,hallitus,Aki Lindén,495,0.49774138488651426,0.5145941994091829,0.4808885703638456,0.5022586151134858,0.4854058005908171,0.5191114296361545,2019-2023,2
1409,oppositio,Vilhelm Junnila,310,0.47335519972636364,0.47493999497758493,0.4717704044751424,0.5266448002736364,0.525060005022415,0.5282295955248577,2019-2023,2
1410,oppositio,Mikko Lundén,154,0.4634516621702799,0.4615730938005824,0.4653302305399774,0.5365483378297201,0.5384269061994176,0.5346697694600226,2019-2023,2
1411,hallitus,Sofia Virta,109,0.5653710877528351,0.5666315866749684,0.5641105888307018,0.4346289122471648,0.43336841332503145,0.43588941116929825,2019-2023,2
1412,hallitus,Eeva Kalli,130,0.559586923561677,0.5528360550063087,0.5663377921170454,0.44041307643832295,0.44716394499369133,0.43366220788295456,2019-2023,2
1413,oppositio,Jari Koskela,193,0.44926617959372284,0.44130659348118534,0.4572257657062603,0.5507338204062773,0.5586934065188147,0.5427742342937397,2019-2023,2
1414,hallitus,Heidi Viljanen,174,0.5561651097469197,0.5439330050087444,0.568397214485095,0.4438348902530803,0.45606699499125564,0.43160278551490494,2019-2023,2
1415,hallitus,Hilkka Kemppi,210,0.5800792130335695,0.5757173167142052,0.5844411093529337,0.41992078696643054,0.42428268328579477,0.41555889064706636,2019-2023,2
1416,hallitus,Mirka Soinikoski,190,0.5788490842949038,0.5830317889915585,0.5746663795982491,0.42115091570509633,0.4169682110084415,0.42533362040175116,2019-2023,2
1417,oppositio,Lulu Ranne,266,0.45286459158404224,0.4545486290632407,0.45118055410484387,0.5471354084159576,0.5454513709367592,0.548819445895156,2019-2023,2
1418,oppositio,Veijo Niemi,164,0.4608181375856652,0.4589479745752049,0.4626883005961255,0.5391818624143347,0.541052025424795,0.5373116994038745,2019-2023,2
1421,oppositio,Anna-Kaisa Ikonen,116,0.5370616321920153,0.5478443183268005,0.5262789460572301,0.46293836780798475,0.4521556816731995,0.47372105394277,2019-2023,2
1422,hallitus,Jouni Ovaska,333,0.5018118012511092,0.49249089813452496,0.5111327043676934,0.4981881987488908,0.507509101865475,0.4888672956323066,2019-2023,2
1425,oppositio,Ville Kaunisto,159,0.5195530342237927,0.5217700724940864,0.5173359959534991,0.48044696577620727,0.47822992750591364,0.48266400404650095,2019-2023,2
1426,oppositio,Sheikki Laakso,367,0.4288568505285809,0.44617234914024795,0.4115413519169139,0.5711431494714192,0.553827650859752,0.5884586480830862,2019-2023,2
1428,hallitus,Niina Malm,141,0.5654428966293998,0.5683534099592966,0.5625323832995032,0.43455710337060016,0.43164659004070344,0.43746761670049683,2019-2023,2
1429,hallitus,Paula Werning,107,0.5663294905480414,0.5390373959201915,0.5936215851758911,0.43367050945195873,0.46096260407980855,0.40637841482410886,2019-2023,2
1430,hallitus,Seppo Eskelinen,190,0.5670080435733644,0.5702035431085116,0.5638125440382172,0.43299195642663557,0.4297964568914884,0.43618745596178277,2019-2023,2
1432,oppositio,Marko Kilpi,158,0.48981718412444775,0.4915936919239291,0.4880406763249664,0.5101828158755523,0.5084063080760709,0.5119593236750336,2019-2023,2
1433,hallitus,Hanna Räsänen,160,0.5286740465903916,0.5305085648628884,0.5268395283178949,0.47132595340960837,0.4694914351371116,0.47316047168210507,2019-2023,2
1434,oppositio,Sanna Antikainen,130,0.4248955162020216,0.43112740065793365,0.41866363174610954,0.5751044837979785,0.5688725993420665,0.5813363682538906,2019-2023,2
1437,oppositio,Juha Mäenpää,562,0.451903241656897,0.45060172359307293,0.45320475972072105,0.5480967583431029,0.549398276406927,0.546795240279279,2019-2023,2
1438,oppositio,Jukka Mäkynen,134,0.4302754576196338,0.44577270150681236,0.4147782137324552,0.5697245423803663,0.5542272984931876,0.5852217862675448,2019-2023,2
1439,oppositio,Mauri Peltokangas,274,0.44103905687319644,0.43295517065667044,0.4491229430897225,0.5589609431268034,0.5670448293433296,0.5508770569102774,2019-2023,2
1441,hallitus,Mikko Ollikainen,105,0.548212210087198,0.5688921618831971,0.527532258291199,0.451787789912802,0.4311078381168028,0.4724677417088012,2019-2023,2
1442,hallitus,Pasi Kivisaari,480,0.5636037564789959,0.5468182992317447,0.580389213726247,0.43639624352100426,0.45318170076825537,0.4196107862737531,2019-2023,2
1444,hallitus,Juho Kautto,51,0.5341440117517067,0.5497382863756929,0.5185497371277205,0.46585598824829333,0.45026171362430717,0.4814502628722795,2019-2023,2
1445,hallitus,Bella Forsgrén,53,0.5443012127802962,0.533409392328353,0.5551930332322395,0.4556987872197038,0.46659060767164695,0.4448069667677606,2019-2023,2
1446,hallitus,Joonas Könttä,253,0.49471415777305183,0.5006606583419682,0.48876765720413545,0.5052858422269482,0.4993393416580319,0.5112323427958645,2019-2023,2
1447,hallitus,Piritta Rantanen,80,0.5475798502620746,0.555930101754785,0.5392295987693642,0.45242014973792544,0.44406989824521503,0.46077040123063584,2019-2023,2
1449,hallitus,Jenni Pitko,202,0.5361548180588955,0.5386800192784728,0.5336296168393184,0.46384518194110436,0.46131998072152713,0.4663703831606815,2019-2023,2
1451,oppositio,Sebastian Tynkkynen,354,0.4363042692712983,0.42816207568783327,0.44444646285476336,0.5636957307287018,0.5718379243121668,0.5555535371452367,2019-2023,2
1452,hallitus,Pekka Aittakumpu,288,0.5634381742695971,0.5872868427587302,0.539589505780464,0.4365618257304029,0.4127131572412699,0.46041049421953595,2019-2023,2
1453,hallitus,Mikko Kinnunen,500,0.5713665300598858,0.5705949141331332,0.5721381459866385,0.4286334699401141,0.4294050858668668,0.4278618540133614,2019-2023,2
1454,oppositio,Janne Heikkinen,106,0.45948631885299507,0.4654544211629421,0.45351821654304797,0.540513681147005,0.5345455788370579,0.5464817834569522,2019-2023,2
1455,oppositio,Kaisa Juuso,193,0.46395984725139205,0.46008711715581097,0.4678325773469731,0.5360401527486081,0.539912882844189,0.5321674226530271,2019-2023,2
1469,hallitus,Matias Mäkynen,84,0.5536949189520473,0.5316181916478994,0.5757716462561953,0.4463050810479527,0.46838180835210064,0.42422835374380474,2019-2023,2
1480,oppositio,Jari Kinnunen,77,0.4415094984198369,0.44716031471852,0.43585868212115375,0.5584905015801631,0.5528396852814799,0.5641413178788462,2019-2023,2
1481,oppositio,Atte Kaleva,43,0.5015371021710668,0.5146649693373659,0.4884092350047678,0.49846289782893316,0.485335030662634,0.5115907649952324,2019-2023,2
170,oppositio,Ilkka Kanerva,83,0.49123414163267654,0.4859510718412071,0.4965172114241459,0.5087658583673234,0.5140489281587928,0.503482788575854,2019-2023,2
175,oppositio,Toimi Kankaanniemi,413,0.4608515992173381,0.46844233619377895,0.4532608622408973,0.5391484007826619,0.5315576638062212,0.5467391377591028,2019-2023,2
301,oppositio,Ben Zyskowicz,375,0.43429854387138217,0.44852557844767976,0.4200715092950846,0.5657014561286179,0.5514744215523202,0.5799284907049156,2019-2023,2
351,hallitus,Eva Biaudet,75,0.5050634303287702,0.4878056334901905,0.5223212271673499,0.4949365696712298,0.5121943665098094,0.4776787728326502,2019-2023,2
358,hallitus,Johannes Koskinen,228,0.5396038399965934,0.5183834597217891,0.5608242202713979,0.46039616000340644,0.4816165402782109,0.43917577972860206,2019-2023,2
363,hallitus,Satu Hassi,161,0.5080866298244879,0.507001443093805,0.5091718165551707,0.4919133701755121,0.492998556906195,0.49082818344482926,2019-2023,2
414,hallitus,Matti Vanhanen,318,0.5191323374328438,0.5173257462360369,0.5209389286296509,0.4808676625671562,0.4826742537639631,0.4790610713703492,2019-2023,2
451,hallitus,Tarja Filatov,135,0.5351310231223716,0.546277476309476,0.5239845699352671,0.46486897687762857,0.4537225236905241,0.476015430064733,2019-2023,2
464,hallitus,Kimmo Kiljunen,861,0.4879727897639974,0.491821740507249,0.4841238390207458,0.5120272102360026,0.5081782594927511,0.5158761609792542,2019-2023,2
508,hallitus,Anu Vehviläinen,139,0.5309250758739206,0.5270095832274461,0.5348405685203951,0.46907492412607943,0.47299041677255393,0.4651594314796049,2019-2023,2
511,hallitus,Pia Viitanen,314,0.4961503582860743,0.4880860464557272,0.5042146701164214,0.5038496417139257,0.5119139535442728,0.49578532988357854,2019-2023,2
582,hallitus,Jari Leppä,146,0.5489389976009755,0.5304896160542696,0.5673883791476816,0.45106100239902447,0.4695103839457304,0.4326116208523185,2019-2023,2
583,hallitus,Mika Lintilä,429,0.5148155129274721,0.5132037478933281,0.5164272779616161,0.48518448707252787,0.4867962521066719,0.48357272203838386,2019-2023,2
612,oppositio,Sari Sarkomaa,265,0.4696645017177497,0.4547038704314327,0.48462513300406673,0.5303354982822501,0.5452961295685673,0.515374866995933,2019-2023,2
772,hallitus,Antti Kaikkonen,153,0.5279117973925858,0.5359585015526387,0.5198650932325328,0.4720882026074142,0.46404149844736126,0.4801349067674671,2019-2023,2
778,oppositio,Sari Essayah,696,0.49028312189627493,0.5018406276268098,0.47872561616574005,0.5097168781037251,0.4981593723731902,0.52127438383426,2019-2023,2
779,hallitus,Esko Kiviranta,403,0.5038998309874605,0.4822390985070434,0.5255605634678777,0.49610016901253945,0.5177609014929565,0.4744394365321224,2019-2023,2
784,oppositio,Arto Satonen,302,0.4749942505802467,0.46630959590759585,0.4836789052528975,0.5250057494197533,0.5336904040924042,0.5163210947471025,2019-2023,2
791,hallitus,Anneli Kiljunen,140,0.5854864402450759,0.5975080148181052,0.5734648656720465,0.4145135597549242,0.4024919851818948,0.42653513432795365,2019-2023,2
797,hallitus,Hannu Hoskonen,623,0.44217608872975095,0.43476819519283677,0.4495839822666651,0.557823911270249,0.5652318048071632,0.5504160177333348,2019-2023,2
802,hallitus,Markus Mustajärvi,54,0.47834454887368105,0.476353953524861,0.4803351442225011,0.521655451126319,0.523646046475139,0.5196648557774989,2019-2023,2
887,hallitus,Sirpa Paatero,158,0.5729500417688739,0.5579733744149182,0.5879267091228295,0.4270499582311261,0.4420266255850819,0.4120732908771704,2019-2023,2
914,hallitus,Outi Alanko-Kahiluoto,60,0.5867442554645677,0.6011709449833321,0.5723175659458033,0.41325574453543223,0.3988290550166679,0.42768243405419665,2019-2023,2
917,hallitus,Paavo Arhinmäki,146,0.5301288211217684,0.5289681561441668,0.53128948609937,0.4698711788782316,0.4710318438558332,0.46871051390062995,2019-2023,2
923,hallitus,Thomas Blomqvist,45,0.5828881419455045,0.5739278512605486,0.5918484326304606,0.41711185805449547,0.42607214873945143,0.4081515673695395,2019-2023,2
926,hallitus,Maria Guzenina,138,0.4924133796203356,0.48211849574427257,0.5027082634963986,0.5075866203796644,0.5178815042557273,0.49729173650360137,2019-2023,2
930,hallitus,Heli Järvinen,54,0.5223369114935718,0.5009623175932286,0.5437115053939149,0.47766308850642814,0.4990376824067712,0.45628849460608506,2019-2023,2
941,hallitus,Anna-Maja Henriksson,292,0.5348574601590669,0.5343865813479065,0.5353283389702272,0.46514253984093307,0.4656134186520934,0.46467166102977275,2019-2023,2
947,oppositio,Petteri Orpo,283,0.4778143058385055,0.4678360539746165,0.48779255770239455,0.5221856941614945,0.5321639460253835,0.5122074422976055,2019-2023,2
948,oppositio,Anne-Mari Virolainen,93,0.5048071683228816,0.5027029381518064,0.5069113984939568,0.49519283167711836,0.4972970618481935,0.4930886015060433,2019-2023,2
953,hallitus,Anne Kalmari,231,0.5124363258440834,0.5192033115931942,0.5056693400949727,0.48756367415591667,0.480796688406806,0.49433065990502734,2019-2023,2
960,hallitus,Krista Kiuru,583,0.5361347761485629,0.5503052629219606,0.5219642893751653,0.46386522385143714,0.44969473707803953,0.47803571062483474,2019-2023,2
963,hallitus,Merja Kyllönen,160,0.5148420817431401,0.5242644777331738,0.5054196857531063,0.48515791825685994,0.4757355222668262,0.49458031424689375,2019-2023,2
967,oppositio,Timo Heinonen,682,0.48357874738972506,0.49410946503274067,0.47304802974670945,0.5164212526102749,0.5058905349672593,0.5269519702532905,2019-2023,2
970,hallitus,Marko Asell,101,0.5438951136755488,0.5357702006127921,0.5520200267383055,0.4561048863244513,0.464229799387208,0.4479799732616946,2019-2023,2
971,hallitus,Johanna Ojala-Niemelä,83,0.49540706470744433,0.4800634618256593,0.5107506675892294,0.5045929352925557,0.5199365381743407,0.4892493324107707,2019-2023,2
1087,hallitus,Merja Mäkisalo-Ropponen,290,0.5455473100856599,0.5479619554285338,0.5431326647427861,0.4544526899143402,0.4520380445714663,0.456867335257214,2019-2023,3
1089,oppositio,Heikki Autto,409,0.5141009156719109,0.486796341515216,0.5414054898286057,0.48589908432808915,0.513203658484784,0.4585945101713943,2019-2023,3
1092,oppositio,Mika Niikko,313,0.45233123363755234,0.46695172258674544,0.4377107446883592,0.5476687663624475,0.5330482774132543,0.5622892553116409,2019-2023,3
1094,oppositio,Markku Eestilä,333,0.4443198022554029,0.44192172014134956,0.4467178843694562,0.5556801977445971,0.5580782798586504,0.5532821156305439,2019-2023,3
1095,oppositio,Tom Packalén,41,0.4715533384973245,0.4558726576117767,0.48723401938287225,0.5284466615026755,0.5441273423882234,0.5127659806171277,2019-2023,3
1096,oppositio,Ritva Elomaa,304,0.47727882954144685,0.4917407491992236,0.46281690988367014,0.522721170458553,0.5082592508007764,0.5371830901163298,2019-2023,3
1097,hallitus,Aino-Kaisa Pekonen,209,0.556353497518284,0.5713821474503155,0.5413248475862525,0.443646502481716,0.42861785254968454,0.45867515241374746,2019-2023,3
1098,oppositio,Jaana Pelkonen,133,0.5448152382721552,0.5314635038325382,0.5581669727117722,0.45518476172784483,0.4685364961674618,0.4418330272882279,2019-2023,3
1099,hallitus,Eeva-Johanna Eloranta,88,0.5340705412703353,0.5539227431580932,0.5142183393825774,0.46592945872966474,0.44607725684190686,0.4857816606174226,2019-2023,3
1101,hallitus,Arto Pirttilahti,194,0.5426292541978648,0.5206221632156293,0.5646363451801004,0.4573707458021352,0.47937783678437074,0.43536365481989964,2019-2023,3
1105,oppositio,Janne Sankelo,241,0.49773374605424225,0.4872388773404768,0.5082286147680077,0.5022662539457577,0.5127611226595232,0.4917713852319922,2019-2023,3
1106,hallitus,Mikko Savola,175,0.5811864527805877,0.5892281100189828,0.5731447955421924,0.41881354721941244,0.4107718899810173,0.4268552044578076,2019-2023,3
1109,oppositio,Jussi Halla-aho,217,0.47288832661072067,0.46885277586675517,0.47692387735468617,0.5271116733892794,0.5311472241332449,0.523076122645314,2019-2023,3
1118,oppositio,Kari Tolvanen,65,0.4464846076428258,0.4438873742177917,0.44908184106786,0.5535153923571742,0.5561126257822083,0.55091815893214,2019-2023,3
1120,hallitus,Ari Torniainen,194,0.55278961731828,0.5433491395264584,0.5622300951101018,0.44721038268172,0.45665086047354164,0.4377699048898983,2019-2023,3
1122,oppositio,Olli Immonen,69,0.43275501828093194,0.43651966704084677,0.4289903695210171,0.5672449817190681,0.5634803329591531,0.5710096304789831,2019-2023,3
1129,oppositio,Arja Juvonen,534,0.4715895986395262,0.472701449397342,0.47047774788171043,0.5284104013604738,0.527298550602658,0.5295222521182896,2019-2023,3
1131,oppositio,Sinuhe Wallinheimo,190,0.4795924516085827,0.4918934598011792,0.4672914434159862,0.5204075483914172,0.5081065401988207,0.5327085565840137,2019-2023,3
1133,hallitus,Mika Kari,101,0.5340388993382279,0.5368973849557709,0.5311804137206849,0.4659611006617721,0.46310261504422917,0.468819586279315,2019-2023,3
1134,oppositio,Sofia Vikman,175,0.4894350945631176,0.4985619218432794,0.48030826728295584,0.5105649054368824,0.5014380781567206,0.5196917327170442,2019-2023,3
1135,oppositio,Pia Kauma,335,0.4548225035087743,0.45368797697345437,0.45595703004409416,0.5451774964912257,0.5463120230265457,0.5440429699559058,2019-2023,3
1137,oppositio,Pauli Kiuru,265,0.5159240727816774,0.5309358776032926,0.5009122679600622,0.4840759272183225,0.46906412239670736,0.49908773203993767,2019-2023,3
1141,oppositio,Peter Östman,234,0.46445578903257245,0.47790056983340745,0.45101100823173745,0.5355442109674275,0.5220994301665924,0.5489889917682627,2019-2023,3
1142,oppositio,Jukka Kopra,188,0.4666217847741721,0.47265144568352924,0.46059212386481496,0.5333782152258278,0.5273485543164708,0.5394078761351849,2019-2023,3
1144,hallitus,Suna Kymäläinen,188,0.5465462334458462,0.5346878862004861,0.5584045806912062,0.4534537665541538,0.46531211379951387,0.44159541930879376,2019-2023,3
1147,hallitus,Antti Lindtman,271,0.5174872232725423,0.5129242208751809,0.5220502256699036,0.4825127767274578,0.4870757791248191,0.4779497743300965,2019-2023,3
1149,hallitus,Markus Lohi,232,0.5256904266132285,0.5302897570027205,0.5210910962237365,0.4743095733867714,0.46971024299727937,0.4789089037762634,2019-2023,3
1154,hallitus,Jari Myllykoski,364,0.490220773230853,0.4851735846075525,0.4952679618541535,0.509779226769147,0.5148264153924476,0.5047320381458464,2019-2023,3
1155,hallitus,Anna Kontula,157,0.47011825754579195,0.472982262150648,0.467254252940936,0.529881742454208,0.5270177378493521,0.532745747059064,2019-2023,3
1157,hallitus,Annika Saarikko,554,0.5478528054353198,0.5368927553474425,0.5588128555231969,0.45214719456468017,0.4631072446525574,0.4411871444768029,2019-2023,3
116,hallitus,Jukka Gustafsson,109,0.49756362533460485,0.4897357698922459,0.5053914807769638,0.5024363746653951,0.5102642301077541,0.49460851922303617,2019-2023,3
118,hallitus,Pekka Haavisto,266,0.5248657957503731,0.5251510831335726,0.5245805083671735,0.4751342042496269,0.4748489168664274,0.4754194916328264,2019-2023,3
1219,oppositio,Saara-Sofia Sirén,124,0.5314762029984883,0.5062659826443013,0.5566864233526754,0.4685237970015116,0.49373401735569866,0.4433135766473245,2019-2023,3
1265,oppositio,Matias Marttinen,293,0.48034956098662357,0.4666579977128123,0.49404112426043484,0.5196504390133765,0.5333420022871878,0.5059588757395652,2019-2023,3
1276,hallitus,Katja Hänninen,137,0.553029127922116,0.5555677487430014,0.5504905071012307,0.4469708720778839,0.44443225125699853,0.4495094928987693,2019-2023,3
1282,oppositio,Wille Rydman,83,0.43906373207290833,0.4314110439979162,0.4467164201479005,0.5609362679270917,0.5685889560020838,0.5532835798520995,2019-2023,3
1297,hallitus,Sanna Marin,695,0.5676408308658991,0.5759275951886871,0.5593540665431112,0.4323591691341008,0.4240724048113127,0.4406459334568889,2019-2023,3
1298,hallitus,Krista Mikkonen,260,0.5547812176801161,0.5572747347730512,0.552287700587181,0.44521878231988377,0.44272526522694866,0.4477122994128188,2019-2023,3
1300,oppositio,Kai Mykkänen,254,0.49104819561978796,0.487402869841208,0.49469352139836786,0.5089518043802121,0.5125971301587919,0.5053064786016322,2019-2023,3
1301,oppositio,Jani Mäkelä,470,0.4200669133438414,0.4291294545600716,0.4110043721276112,0.5799330866561586,0.5708705454399283,0.5889956278723889,2019-2023,3
1302,hallitus,Ilmari Nurminen,111,0.5255775554220687,0.5338076198564343,0.517347490987703,0.47442244457793137,0.46619238014356573,0.48265250901229706,2019-2023,3
1305,hallitus,Juha Pylväs,46,0.517840397780989,0.5176425766734271,0.518038218888551,0.482159602219011,0.482357423326573,0.48196178111144905,2019-2023,3
1306,hallitus,Anders Adlercreutz,193,0.5153536715439813,0.5073013698341303,0.5234059732538323,0.48464632845601874,0.4926986301658697,0.47659402674616774,2019-2023,3
1308,oppositio,Jari Ronkainen,121,0.4662411500660363,0.4647054875810951,0.46777681255097747,0.5337588499339637,0.5352945124189049,0.5322231874490225,2019-2023,3
1310,hallitus,Li Andersson,266,0.5612378834637893,0.5601411725659373,0.5623345943616413,0.43876211653621056,0.4398588274340625,0.43766540563835854,2019-2023,3
1312,hallitus,Hanna Sarkkinen,215,0.5791464449289123,0.5741385963582929,0.5841542934995317,0.4208535550710876,0.425861403641707,0.41584570650046826,2019-2023,3
1314,oppositio,Sami Savio,121,0.5117462193540785,0.5318816902360114,0.49161074847214553,0.48825378064592156,0.4681183097639887,0.5083892515278544,2019-2023,3
1315,hallitus,Matti Semi,109,0.5232998452179601,0.5208365500977569,0.5257631403381634,0.47670015478203986,0.4791634499022431,0.4742368596618367,2019-2023,3
1316,hallitus,Ville Skinnari,82,0.5890939813706448,0.60556584033069,0.5726221224105995,0.41090601862935516,0.39443415966931,0.4273778775894003,2019-2023,3
1323,oppositio,Mari-Leena Talvitie,253,0.5030486764253355,0.510006820408059,0.4960905324426118,0.4969513235746646,0.489993179591941,0.5039094675573882,2019-2023,3
1325,oppositio,Sari Tanus,261,0.4774782592771617,0.47193480643665503,0.4830217121176684,0.5225217407228382,0.5280651935633449,0.5169782878823316,2019-2023,3
1326,hallitus,Timo Harakka,254,0.5482863903215621,0.5406886851313916,0.5558840955117327,0.45171360967843793,0.45931131486860843,0.44411590448826743,2019-2023,3
1327,oppositio,Ville Tavio,268,0.43763132877750255,0.42204689997259737,0.4532157575824078,0.5623686712224973,0.5779531000274025,0.5467842424175922,2019-2023,3
1330,oppositio,Juhana Vartiainen,97,0.44075530649028216,0.42334943396144614,0.45816117901911824,0.5592446935097178,0.5766505660385539,0.5418388209808818,2019-2023,3
1331,hallitus,Petri Honkonen,147,0.5205753339518322,0.5107777327359244,0.5303729351677399,0.4794246660481678,0.48922226726407547,0.46962706483226013,2019-2023,3
1334,oppositio,Antti Häkkänen,105,0.48813822897055525,0.4970293652406383,0.47924709270047217,0.5118617710294447,0.5029706347593617,0.5207529072995278,2019-2023,3
1336,hallitus,Emma Kari,68,0.576232062609001,0.5648540735908076,0.5876100516271943,0.42376793739099905,0.4351459264091922,0.41238994837280585,2019-2023,3
1338,hallitus,Hanna Kosonen,87,0.5503941569770763,0.5596558086014113,0.5411325053527413,0.4496058430229237,0.4403441913985887,0.4588674946472587,2019-2023,3
1340,hallitus,Katri Kulmuni,218,0.5347893120635013,0.5324183289077958,0.5371602952192068,0.4652106879364986,0.46758167109220417,0.46283970478079306,2019-2023,3
1341,hallitus,Antti Kurvinen,269,0.4876385555345072,0.47792935113077945,0.4973477599382349,0.5123614444654928,0.5220706488692206,0.502652240061765,2019-2023,3
1343,oppositio,Antero Laukkanen,203,0.49283647628570804,0.4817273880772971,0.503945564494119,0.507163523714292,0.518272611922703,0.496054435505881,2019-2023,3
1349,oppositio,Leena Meri,508,0.46650902896976326,0.4720738394883005,0.460944218451226,0.5334909710302367,0.5279261605116995,0.539055781548774,2019-2023,3
1374,hallitus,Veronica Rehn-Kivi,59,0.5413356446932946,0.5531044716978564,0.5295668176887329,0.45866435530670535,0.4468955283021435,0.47043318231126713,2019-2023,3
1379,oppositio,Mia Laiho,385,0.4845386794767406,0.4685373173672164,0.5005400415862649,0.5154613205232594,0.5314626826327837,0.49945995841373525,2019-2023,3
1380,hallitus,Riitta Kaarisalo,88,0.5794068358042157,0.5855907635770902,0.5732229080313413,0.4205931641957842,0.4144092364229097,0.4267770919686586,2019-2023,3
1382,hallitus,Hanna-Leena Mattila,158,0.5436264453918849,0.5369196533179132,0.5503332374658566,0.45637355460811513,0.46308034668208675,0.4496667625341435,2019-2023,3
1383,hallitus,Veronika Honkasalo,199,0.5366782367976499,0.5348039998391518,0.5385524737561481,0.46332176320234997,0.4651960001608481,0.4614475262438519,2019-2023,3
1384,hallitus,Mai Kivelä,184,0.5693457541614209,0.5472351277035072,0.5914563806193345,0.43065424583857914,0.4527648722964927,0.40854361938066563,2019-2023,3
1385,hallitus,Atte Harjanne,168,0.542374694573826,0.5560797224844345,0.5286696666632176,0.45762530542617397,0.4439202775155654,0.4713303333367825,2019-2023,3
1386,hallitus,Mari Holopainen,296,0.554500987004485,0.5371479427030478,0.5718540313059222,0.4454990129955152,0.46285205729695245,0.4281459686940779,2019-2023,3
1387,hallitus,Maria Ohisalo,305,0.5642125820479802,0.5591162739476705,0.56930889014829,0.4357874179520198,0.44088372605232956,0.43069110985171,2019-2023,3
1388,oppositio,Mari Rantanen,464,0.40709968936016216,0.4062896904005073,0.40790968831981705,0.5929003106398378,0.5937103095994928,0.592090311680183,2019-2023,3
1392,oppositio,Riikka Purra,426,0.44997774275363933,0.45031878733587166,0.44963669817140695,0.5500222572463607,0.5496812126641284,0.550363301828593,2019-2023,3
1393,oppositio,Riikka Slunga-Poutsalo,71,0.48086695463856965,0.4819374749501444,0.47979643432699487,0.5191330453614303,0.5180625250498556,0.5202035656730051,2019-2023,3
1394,oppositio,Pihla Keto-Huovinen,127,0.5045612700763312,0.5082648027990092,0.5008577373536532,0.4954387299236688,0.4917351972009908,0.49914226264634676,2019-2023,3
1395,oppositio,Ruut Sjöblom,79,0.5856391965859837,0.575043148605058,0.5962352445669094,0.4143608034140163,0.424956851394942,0.40376475543309065,2019-2023,3
1396,oppositio,Heikki Vestman,287,0.47003434810080635,0.4804993188471725,0.45956937735444015,0.5299656518991938,0.5195006811528275,0.54043062264556,2019-2023,3
1397,hallitus,Hussein al-Taee,257,0.4734008816895916,0.49446312889743693,0.45233863448174627,0.5265991183104084,0.5055368711025631,0.5476613655182537,2019-2023,3
1399,hallitus,Pia Lohikoski,194,0.5583825221696479,0.5421826294365724,0.5745824149027235,0.44161747783035205,0.4578173705634276,0.4254175850972765,2019-2023,3
1400,hallitus,Jussi Saramo,160,0.5110164536862791,0.4954623797870569,0.5265705275855013,0.4889835463137209,0.5045376202129431,0.4734294724144987,2019-2023,3
1401,hallitus,Tiina Elo,250,0.626153961164772,0.6328413854930559,0.619466536836488,0.37384603883522805,0.36715861450694404,0.3805334631635121,2019-2023,3
1403,hallitus,Saara Hyrkkö,183,0.5836715665705721,0.5840920362539502,0.5832510968871939,0.4163284334294278,0.4159079637460497,0.416748903112806,2019-2023,3
1404,hallitus,Noora Koponen,108,0.5596854770462112,0.5675586161466228,0.5518123379457994,0.4403145229537889,0.4324413838533771,0.4481876620542007,2019-2023,3
1407,hallitus,Johannes Yrttiaho,115,0.46139501420248846,0.457673203877398,0.4651168245275789,0.5386049857975115,0.5423267961226019,0.534883175472421,2019-2023,3
1408,hallitus,Aki Lindén,495,0.45380262655314674,0.4560009648299087,0.4516042882763848,0.5461973734468532,0.5439990351700912,0.5483957117236151,2019-2023,3
1409,oppositio,Vilhelm Junnila,310,0.46971742244517856,0.47251491924250166,0.4669199256478554,0.5302825775548214,0.5274850807574983,0.5330800743521446,2019-2023,3
1411,hallitus,Sofia Virta,109,0.5874497222123778,0.591690278055742,0.5832091663690135,0.4125502777876223,0.4083097219442581,0.4167908336309865,2019-2023,3
1412,hallitus,Eeva Kalli,130,0.5663921174278754,0.5484672158139661,0.5843170190417847,0.43360788257212457,0.4515327841860339,0.4156829809582153,2019-2023,3
1414,hallitus,Heidi Viljanen,174,0.568104637709506,0.5719770597409103,0.5642322156781019,0.43189536229049386,0.4280229402590897,0.435767784321898,2019-2023,3
1415,hallitus,Hilkka Kemppi,210,0.5499947426266842,0.5568392992146566,0.543150186038712,0.45000525737331565,0.4431607007853434,0.45684981396128793,2019-2023,3
1416,hallitus,Mirka Soinikoski,190,0.5795046956992702,0.5943283538287049,0.5646810375698356,0.42049530430072973,0.40567164617129503,0.43531896243016444,2019-2023,3
1417,oppositio,Lulu Ranne,266,0.46059105582917415,0.45859051328813233,0.4625915983702159,0.5394089441708259,0.5414094867118676,0.5374084016297841,2019-2023,3
1418,oppositio,Veijo Niemi,164,0.45649737820892794,0.46905711325287536,0.4439376431649805,0.543502621791072,0.5309428867471246,0.5560623568350194,2019-2023,3
1419,oppositio,Sakari Puisto,151,0.49833596448966033,0.5132518189101372,0.48342011006918356,0.5016640355103397,0.4867481810898629,0.5165798899308165,2019-2023,3
1420,oppositio,Veikko Vallin,81,0.41662075826712186,0.4251012045612388,0.4081403119730049,0.5833792417328783,0.5748987954387613,0.5918596880269951,2019-2023,3
1421,oppositio,Anna-Kaisa Ikonen,116,0.5310620797344963,0.5331410850607854,0.5289830744082071,0.46893792026550385,0.46685891493921466,0.471016925591793,2019-2023,3
1422,hallitus,Jouni Ovaska,333,0.4908233730817672,0.478068270010378,0.5035784761531564,0.5091766269182327,0.521931729989622,0.49642152384684357,2019-2023,3
1424,hallitus,Hanna Holopainen,129,0.5679956245156497,0.5883119480687957,0.5476793009625035,0.4320043754843503,0.41168805193120406,0.4523206990374965,2019-2023,3
1425,oppositio,Ville Kaunisto,159,0.48820540544153423,0.4895186724567946,0.48689213842627393,0.5117945945584658,0.5104813275432054,0.5131078615737261,2019-2023,3
1426,oppositio,Sheikki Laakso,367,0.41552598817850905,0.4115737465627502,0.41947822979426796,0.584474011821491,0.5884262534372499,0.580521770205732,2019-2023,3
1428,hallitus,Niina Malm,141,0.5752115012134911,0.5833367649711672,0.567086237455815,0.42478849878650893,0.4166632350288328,0.4329137625441851,2019-2023,3
1429,hallitus,Paula Werning,107,0.5624800626927473,0.5878873625895388,0.5370727627959557,0.4375199373072527,0.4121126374104612,0.4629272372040442,2019-2023,3
1430,hallitus,Seppo Eskelinen,190,0.5581656156801482,0.565674171859063,0.5506570595012333,0.44183438431985184,0.434325828140937,0.44934294049876666,2019-2023,3
1432,oppositio,Marko Kilpi,158,0.4542409269054946,0.4574322859218355,0.45104956788915374,0.5457590730945054,0.5425677140781644,0.5489504321108464,2019-2023,3
1433,hallitus,Hanna Räsänen,160,0.5236660518168995,0.539807195724427,0.507524907909372,0.4763339481831005,0.46019280427557285,0.49247509209062806,2019-2023,3
1434,oppositio,Sanna Antikainen,130,0.44021802965261636,0.4490822387013945,0.4313538206038382,0.5597819703473836,0.5509177612986054,0.5686461793961618,2019-2023,3
1435,oppositio,Minna Reijonen,406,0.451748878444255,0.45575332309825367,0.4477444337902563,0.548251121555745,0.5442466769017462,0.5522555662097437,2019-2023,3
1437,oppositio,Juha Mäenpää,562,0.48489841678295487,0.4896116482567404,0.48018518530916926,0.5151015832170451,0.5103883517432596,0.5198148146908307,2019-2023,3
1438,oppositio,Jukka Mäkynen,134,0.4428158861485515,0.4383511207337346,0.44728065156336844,0.5571841138514485,0.5616488792662655,0.5527193484366315,2019-2023,3
1439,oppositio,Mauri Peltokangas,274,0.4188585054441196,0.4277664303291922,0.40995058055904704,0.5811414945558804,0.5722335696708079,0.5900494194409529,2019-2023,3
1441,hallitus,Mikko Ollikainen,105,0.5593295333586739,0.5437689522832311,0.5748901144341168,0.44067046664132603,0.4562310477167689,0.4251098855658831,2019-2023,3
1442,hallitus,Pasi Kivisaari,480,0.5612650637986172,0.5583085908615658,0.5642215367356685,0.43873493620138276,0.4416914091384342,0.43577846326433134,2019-2023,3
1443,hallitus,Kim Berg,164,0.5340961721442292,0.5159212609259758,0.5522710833624828,0.4659038278557708,0.48407873907402427,0.4477289166375173,2019-2023,3
1445,hallitus,Bella Forsgrén,53,0.538798032204511,0.5345215739462523,0.5430744904627697,0.46120196779548905,0.4654784260537476,0.4569255095372305,2019-2023,3
1449,hallitus,Jenni Pitko,202,0.5404130705822237,0.5466426043269365,0.5341835368375107,0.4595869294177764,0.4533573956730635,0.4658164631624893,2019-2023,3
1452,hallitus,Pekka Aittakumpu,288,0.5575477449174542,0.5612277472591923,0.553867742575716,0.44245225508254576,0.43877225274080756,0.446132257424284,2019-2023,3
1453,hallitus,Mikko Kinnunen,500,0.5719828176698568,0.5778861222851025,0.5660795130546111,0.4280171823301432,0.4221138777148975,0.4339204869453889,2019-2023,3
1454,oppositio,Janne Heikkinen,106,0.4747571527887218,0.4626754482969023,0.4868388572805413,0.5252428472112782,0.5373245517030977,0.5131611427194587,2019-2023,3
1467,oppositio,Petri Huru,192,0.48782128933871927,0.5118059222264963,0.4638366564509422,0.5121787106612807,0.48819407777350365,0.5361633435490578,2019-2023,3
1469,hallitus,Matias Mäkynen,84,0.5558000950965718,0.5565910547547508,0.5550091354383927,0.44419990490342826,0.44340894524524926,0.44499086456160725,2019-2023,3
1480,oppositio,Jari Kinnunen,77,0.44327685405894296,0.4522198882052725,0.43433381991261344,0.5567231459410571,0.5477801117947276,0.5656661800873864,2019-2023,3
1481,oppositio,Atte Kaleva,43,0.4856231887410783,0.47488491479820505,0.49636146268395154,0.5143768112589218,0.525115085201795,0.5036385373160485,2019-2023,3
175,oppositio,Toimi Kankaanniemi,413,0.427088406358175,0.4314447273281855,0.42273208538816454,0.572911593641825,0.5685552726718145,0.5772679146118355,2019-2023,3
301,oppositio,Ben Zyskowicz,375,0.4532770628469735,0.4385955175284019,0.4679586081655451,0.5467229371530264,0.5614044824715981,0.5320413918344549,2019-2023,3
358,hallitus,Johannes Koskinen,228,0.5108051670439744,0.5240176968591357,0.49759263722881314,0.4891948329560256,0.47598230314086426,0.5024073627711869,2019-2023,3
363,hallitus,Satu Hassi,161,0.5217053944327871,0.5239341083200578,0.5194766805455163,0.4782946055672129,0.4760658916799422,0.48052331945448373,2019-2023,3
414,hallitus,Matti Vanhanen,318,0.5211322914438495,0.5394324282855408,0.5028321546021582,0.47886770855615046,0.4605675717144592,0.49716784539784176,2019-2023,3
451,hallitus,Tarja Filatov,135,0.5423645373447787,0.553462593553571,0.5312664811359865,0.4576354626552212,0.44653740644642903,0.4687335188640134,2019-2023,3
464,hallitus,Kimmo Kiljunen,861,0.49474159573427223,0.4832078223947686,0.5062753690737759,0.5052584042657278,0.5167921776052313,0.4937246309262241,2019-2023,3
499,oppositio,Päivi Räsänen,539,0.4834993585164819,0.48498355441273233,0.4820151626202315,0.516500641483518,0.5150164455872677,0.5179848373797685,2019-2023,3
508,hallitus,Anu Vehviläinen,139,0.5266075995977582,0.5244461177221609,0.5287690814733556,0.47339240040224184,0.47555388227783923,0.47123091852664445,2019-2023,3
511,hallitus,Pia Viitanen,314,0.5089241761776699,0.5210086410156965,0.4968397113396434,0.49107582382233,0.47899135898430345,0.5031602886603566,2019-2023,3
538,hallitus,Tuula Haatainen,314,0.5496461426730926,0.5341775996554248,0.5651146856907605,0.45035385732690736,0.46582240034457517,0.4348853143092396,2019-2023,3
582,hallitus,Jari Leppä,146,0.5847698417301873,0.5868251999887812,0.5827144834715934,0.41523015826981285,0.41317480001121887,0.41728551652840684,2019-2023,3
583,hallitus,Mika Lintilä,429,0.5474368374629255,0.5680390756564757,0.5268345992693753,0.4525631625370744,0.4319609243435242,0.4731654007306247,2019-2023,3
778,oppositio,Sari Essayah,696,0.4739081209812014,0.46841292796810485,0.479403313994298,0.5260918790187986,0.5315870720318951,0.5205966860057021,2019-2023,3
779,hallitus,Esko Kiviranta,403,0.5350460305245248,0.5273902155470322,0.5427018455020175,0.46495396947547507,0.47260978445296775,0.45729815449798245,2019-2023,3
784,oppositio,Arto Satonen,302,0.49740714760733046,0.48963047948708105,0.5051838157275799,0.5025928523926695,0.510369520512919,0.49481618427242013,2019-2023,3
797,hallitus,Hannu Hoskonen,623,0.4544889504278527,0.44186786707001335,0.46711003378569205,0.5455110495721472,0.5581321329299866,0.5328899662143078,2019-2023,3
809,oppositio,Paula Risikko,598,0.5068052080821404,0.4959777239528346,0.517632692211446,0.4931947919178596,0.5040222760471653,0.48236730778855386,2019-2023,3
887,hallitus,Sirpa Paatero,158,0.5418569990944551,0.5324706266745626,0.5512433715143474,0.45814300090554494,0.46752937332543726,0.4487566284856526,2019-2023,3
914,hallitus,Outi Alanko-Kahiluoto,60,0.5662831803962846,0.564226885464713,0.5683394753278561,0.43371681960371544,0.43577311453528705,0.4316605246721439,2019-2023,3
917,hallitus,Paavo Arhinmäki,146,0.5271985735147158,0.5303864058640315,0.5240107411653999,0.4728014264852842,0.4696135941359684,0.4759892588346001,2019-2023,3
923,hallitus,Thomas Blomqvist,45,0.5599784943854,0.5487840228928762,0.571172965877924,0.4400215056145998,0.4512159771071236,0.428827034122076,2019-2023,3
926,hallitus,Maria Guzenina,138,0.4983677103144254,0.49797222803763824,0.4987631925912125,0.5016322896855747,0.5020277719623618,0.5012368074087875,2019-2023,3
930,hallitus,Heli Järvinen,54,0.5165505805833108,0.5039773283658959,0.5291238328007258,0.48344941941668906,0.496022671634104,0.47087616719927405,2019-2023,3
941,hallitus,Anna-Maja Henriksson,292,0.5312818204624712,0.5305059561583298,0.5320576847666124,0.4687181795375289,0.4694940438416702,0.4679423152333876,2019-2023,3
947,oppositio,Petteri Orpo,283,0.46945934117953436,0.47764855676181694,0.46127012559725183,0.5305406588204656,0.522351443238183,0.5387298744027482,2019-2023,3
948,oppositio,Anne-Mari Virolainen,93,0.516337923589122,0.5193746376299737,0.5133012095482703,0.48366207641087805,0.4806253623700263,0.4866987904517298,2019-2023,3
953,hallitus,Anne Kalmari,231,0.5069259641155504,0.4805958177879705,0.5332561104431303,0.49307403588444965,0.5194041822120294,0.4667438895568698,2019-2023,3
960,hallitus,Krista Kiuru,583,0.5176895749190193,0.5170119398049208,0.5183672100331179,0.48231042508098054,0.48298806019507906,0.4816327899668821,2019-2023,3
963,hallitus,Merja Kyllönen,160,0.5530769493090404,0.5447888721322675,0.5613650264858132,0.4469230506909596,0.45521112786773255,0.43863497351418673,2019-2023,3
967,oppositio,Timo Heinonen,682,0.4519414340759405,0.44115747910580333,0.4627253890460777,0.5480585659240595,0.5588425208941966,0.5372746109539224,2019-2023,3
970,hallitus,Marko Asell,101,0.5565420937766525,0.5628680963825773,0.5502160911707277,0.4434579062233476,0.4371319036174227,0.4497839088292725,2019-2023,3
971,hallitus,Johanna Ojala-Niemelä,83,0.4998787610115716,0.5294864133836458,0.4702711086394974,0.5001212389884284,0.47051358661635423,0.5297288913605025,2019-2023,3
1051,hallitus,Raimo Piirainen,196,0.5119044970280102,0.5153339971544224,0.5084749969015981,0.4880955029719898,0.48466600284557765,0.49152500309840186,2019-2023,4
1087,hallitus,Merja Mäkisalo-Ropponen,290,0.5700410202038699,0.5597456008822905,0.5803364395254492,0.4299589797961302,0.4402543991177096,0.41966356047455083,2019-2023,4
1089,oppositio,Heikki Autto,409,0.5005782639003152,0.48687556866530385,0.5142809591353267,0.4994217360996847,0.5131244313346961,0.4857190408646733,2019-2023,4
1092,oppositio,Mika Niikko,313,0.48079442470671374,0.48157459497289323,0.48001425444053425,0.5192055752932863,0.5184254050271068,0.5199857455594658,2019-2023,4
1094,oppositio,Markku Eestilä,333,0.46279710251951445,0.4605698310085768,0.46502437403045216,0.5372028974804856,0.5394301689914232,0.534975625969548,2019-2023,4
1095,oppositio,Tom Packalén,41,0.4282476660015052,0.4181449954321361,0.43835033657087424,0.5717523339984948,0.5818550045678638,0.5616496634291258,2019-2023,4
1098,oppositio,Jaana Pelkonen,133,0.5108567159812236,0.5077840987905395,0.5139293331719076,0.4891432840187765,0.4922159012094605,0.4860706668280924,2019-2023,4
1099,hallitus,Eeva-Johanna Eloranta,88,0.5379422443374464,0.5307084850502977,0.5451760036245952,0.4620577556625537,0.4692915149497024,0.45482399637540494,2019-2023,4
1101,hallitus,Arto Pirttilahti,194,0.5118896023289863,0.5129568836925692,0.5108223209654035,0.4881103976710136,0.4870431163074308,0.48917767903459647,2019-2023,4
1102,hallitus,Kristiina Salonen,147,0.5671731023704445,0.5700669659684751,0.5642792387724139,0.4328268976295555,0.429933034031525,0.435720761227586,2019-2023,4
1105,oppositio,Janne Sankelo,241,0.4906031545620884,0.48954802040236906,0.4916582887218078,0.5093968454379116,0.510451979597631,0.5083417112781923,2019-2023,4
1108,hallitus,Juha Sipilä,71,0.5056945927572267,0.4958618436016161,0.5155273419128372,0.4943054072427734,0.504138156398384,0.4844726580871628,2019-2023,4
1118,oppositio,Kari Tolvanen,65,0.484152585640947,0.4725533014450246,0.4957518698368693,0.515847414359053,0.5274466985549754,0.5042481301631307,2019-2023,4
1120,hallitus,Ari Torniainen,194,0.5306583639148033,0.5121634853459798,0.5491532424836268,0.4693416360851967,0.48783651465402017,0.4508467575163732,2019-2023,4
1122,oppositio,Olli Immonen,69,0.44457676401679147,0.4486042281152405,0.44054929991834246,0.5554232359832085,0.5513957718847595,0.5594507000816575,2019-2023,4
1126,hallitus,Tytti Tuppurainen,161,0.550985287387797,0.5500816757375325,0.5518888990380613,0.4490147126122031,0.4499183242624675,0.44811110096193874,2019-2023,4
1129,oppositio,Arja Juvonen,534,0.48666242774604046,0.4905081900006323,0.48281666549144864,0.5133375722539595,0.5094918099993677,0.5171833345085514,2019-2023,4
1131,oppositio,Sinuhe Wallinheimo,190,0.47455117269153924,0.45678294002074915,0.4923194053623293,0.5254488273084608,0.5432170599792508,0.5076805946376707,2019-2023,4
1133,hallitus,Mika Kari,101,0.5536124425882445,0.5463616765177235,0.5608632086587656,0.44638755741175545,0.45363832348227645,0.43913679134123446,2019-2023,4
1134,oppositio,Sofia Vikman,175,0.4947445477182395,0.4812880935722574,0.5082010018642216,0.5052554522817607,0.5187119064277427,0.49179899813577865,2019-2023,4
1135,oppositio,Pia Kauma,335,0.4644469406901067,0.4574005002136342,0.47149338116657924,0.5355530593098933,0.5425994997863658,0.5285066188334208,2019-2023,4
1136,oppositio,Ville Vähämäki,180,0.5023284190663537,0.4920610904652946,0.5125957476674128,0.4976715809336463,0.5079389095347053,0.4874042523325873,2019-2023,4
1137,oppositio,Pauli Kiuru,265,0.5054652943061765,0.5090240089272753,0.5019065796850777,0.4945347056938235,0.49097599107272477,0.4980934203149223,2019-2023,4
1141,oppositio,Peter Östman,234,0.4984008063410995,0.4931149156155404,0.5036866970666586,0.5015991936589006,0.5068850843844597,0.4963133029333414,2019-2023,4
1142,oppositio,Jukka Kopra,188,0.46155139282945024,0.46518765704377235,0.4579151286151282,0.5384486071705498,0.5348123429562277,0.5420848713848718,2019-2023,4
1144,hallitus,Suna Kymäläinen,188,0.5277351305086582,0.5209418716190425,0.5345283893982737,0.4722648694913419,0.47905812838095746,0.4654716106017263,2019-2023,4
1147,hallitus,Antti Lindtman,271,0.48625126914984507,0.47821433883219433,0.4942881994674958,0.5137487308501549,0.5217856611678057,0.5057118005325042,2019-2023,4
1149,hallitus,Markus Lohi,232,0.5145438380438758,0.5260374871160627,0.503050188971689,0.48545616195612423,0.4739625128839374,0.49694981102831104,2019-2023,4
1154,hallitus,Jari Myllykoski,364,0.49580659815565586,0.49165624384972795,0.4999569524615838,0.5041934018443441,0.508343756150272,0.5000430475384163,2019-2023,4
1155,hallitus,Anna Kontula,157,0.4745671008227232,0.4785294863747788,0.47060471527066755,0.5254328991772768,0.5214705136252211,0.5293952847293324,2019-2023,4
1157,hallitus,Annika Saarikko,554,0.5543090369955846,0.5485493882634312,0.560068685727738,0.44569096300441524,0.4514506117365686,0.43993131427226195,2019-2023,4
118,hallitus,Pekka Haavisto,266,0.5330368974032043,0.5197909104131923,0.5462828843932164,0.46696310259679563,0.48020908958680775,0.45371711560678357,2019-2023,4
1219,oppositio,Saara-Sofia Sirén,124,0.5224220151384553,0.5146144585773357,0.5302295716995751,0.4775779848615446,0.4853855414226643,0.4697704283004249,2019-2023,4
1265,oppositio,Matias Marttinen,293,0.469102454882541,0.47720914480532545,0.46099576495975647,0.5308975451174591,0.5227908551946746,0.5390042350402435,2019-2023,4
1274,hallitus,Antti Rinne,195,0.5504130437849943,0.5600225876266375,0.5408034999433513,0.4495869562150058,0.4399774123733627,0.4591965000566489,2019-2023,4
1276,hallitus,Katja Hänninen,137,0.5208807868648988,0.5237305519132609,0.5180310218165367,0.4791192131351012,0.4762694480867391,0.4819689781834633,2019-2023,4
1279,oppositio,Elina Valtonen,65,0.4319791736804965,0.4416794920346687,0.42227885532632425,0.5680208263195035,0.5583205079653313,0.5777211446736757,2019-2023,4
1282,oppositio,Wille Rydman,83,0.47343401706735394,0.4642254169607794,0.4826426171739285,0.5265659829326461,0.5357745830392207,0.5173573828260716,2019-2023,4
1297,hallitus,Sanna Marin,695,0.5707775571629188,0.5718112849610539,0.5697438293647836,0.4292224428370811,0.42818871503894596,0.43025617063521626,2019-2023,4
1298,hallitus,Krista Mikkonen,260,0.5428744343064208,0.5366656493937496,0.549083219219092,0.4571255656935793,0.46333435060625056,0.4509167807809081,2019-2023,4
1300,oppositio,Kai Mykkänen,254,0.4770246687200225,0.4817470419626546,0.47230229547739044,0.5229753312799774,0.5182529580373453,0.5276977045226094,2019-2023,4
1301,oppositio,Jani Mäkelä,470,0.4352531252991715,0.44051961028706266,0.42998664031128025,0.5647468747008286,0.5594803897129375,0.5700133596887198,2019-2023,4
1302,hallitus,Ilmari Nurminen,111,0.51479037328985,0.4954078935323586,0.5341728530473415,0.48520962671014994,0.5045921064676414,0.4658271469526585,2019-2023,4
1305,hallitus,Juha Pylväs,46,0.4884050377435185,0.49747179596615815,0.4793382795208789,0.5115949622564815,0.5025282040338419,0.5206617204791211,2019-2023,4
1308,oppositio,Jari Ronkainen,121,0.48474458078558724,0.487191596071899,0.4822975654992755,0.5152554192144128,0.512808403928101,0.5177024345007245,2019-2023,4
1310,hallitus,Li Andersson,266,0.5688495002614902,0.5619583203697849,0.5757406801531953,0.43115049973850994,0.43804167963021506,0.42425931984680476,2019-2023,4
1312,hallitus,Hanna Sarkkinen,215,0.5177431502583487,0.5273861624172759,0.5081001380994217,0.4822568497416513,0.47261383758272413,0.4918998619005784,2019-2023,4
1314,oppositio,Sami Savio,121,0.4763749703568495,0.48634297046947833,0.46640697024422073,0.5236250296431505,0.5136570295305217,0.5335930297557793,2019-2023,4
1315,hallitus,Matti Semi,109,0.5304552946464227,0.5257512993756652,0.5351592899171801,0.4695447053535774,0.4742487006243349,0.46484071008281996,2019-2023,4
1316,hallitus,Ville Skinnari,82,0.6355976278519575,0.6175844420352348,0.6536108136686802,0.36440237214804255,0.38241555796476534,0.34638918633131976,2019-2023,4
1323,oppositio,Mari-Leena Talvitie,253,0.5008854609703886,0.4833986418076238,0.5183722801331532,0.4991145390296115,0.5166013581923763,0.4816277198668467,2019-2023,4
1325,oppositio,Sari Tanus,261,0.5045947849924697,0.5066296269748932,0.5025599430100463,0.4954052150075302,0.4933703730251067,0.49744005698995375,2019-2023,4
1326,hallitus,Timo Harakka,254,0.5373804779367487,0.545914351530683,0.5288466043428144,0.4626195220632513,0.454085648469317,0.47115339565718567,2019-2023,4
1330,oppositio,Juhana Vartiainen,97,0.46880046744687076,0.4740986344715382,0.46350230042220336,0.5311995325531292,0.5259013655284618,0.5364976995777967,2019-2023,4
1331,hallitus,Petri Honkonen,147,0.5058310031035957,0.5057191991820409,0.5059428070251506,0.4941689968964042,0.49428080081795905,0.49405719297484935,2019-2023,4
1334,oppositio,Antti Häkkänen,105,0.4614406860571354,0.45634287475511404,0.46653849735915676,0.5385593139428646,0.543657125244886,0.5334615026408432,2019-2023,4
1338,hallitus,Hanna Kosonen,87,0.5484536072753605,0.5593913057977756,0.5375159087529455,0.4515463927246394,0.4406086942022244,0.4624840912470544,2019-2023,4
1340,hallitus,Katri Kulmuni,218,0.5570919166394463,0.5569253368222944,0.5572584964565984,0.44290808336055365,0.44307466317770566,0.44274150354340164,2019-2023,4
1341,hallitus,Antti Kurvinen,269,0.5084056273779889,0.5048020593959404,0.5120091953600374,0.49159437262201117,0.49519794060405964,0.4879908046399627,2019-2023,4
1343,oppositio,Antero Laukkanen,203,0.47930471048668283,0.4745884251359523,0.48402099583741337,0.5206952895133172,0.5254115748640478,0.5159790041625867,2019-2023,4
1344,oppositio,Rami Lehto,176,0.46556165854368037,0.48508112459272856,0.4460421924946322,0.5344383414563196,0.5149188754072714,0.5539578075053679,2019-2023,4
1348,hallitus,Mikko Kärnä,122,0.49794549747638955,0.49421139686407656,0.5016795980887025,0.5020545025236104,0.5057886031359234,0.4983204019112974,2019-2023,4
1349,oppositio,Leena Meri,508,0.43322836138845516,0.4261222775931147,0.4403344451837956,0.5667716386115448,0.5738777224068853,0.5596655548162043,2019-2023,4
1374,hallitus,Veronica Rehn-Kivi,59,0.5567685006269201,0.5600627648378669,0.5534742364159732,0.44323149937308004,0.4399372351621332,0.44652576358402696,2019-2023,4
1379,oppositio,Mia Laiho,385,0.496512300517139,0.5197229729508749,0.47330162808340315,0.503487699482861,0.48027702704912506,0.526698371916597,2019-2023,4
1380,hallitus,Riitta Kaarisalo,88,0.5843533650544221,0.5982161097856004,0.570490620323244,0.41564663494557774,0.40178389021439953,0.429509379676756,2019-2023,4
1382,hallitus,Hanna-Leena Mattila,158,0.5318461124566336,0.5239557656582509,0.5397364592550165,0.4681538875433664,0.47604423434174914,0.4602635407449836,2019-2023,4
1384,hallitus,Mai Kivelä,184,0.5184250903779755,0.5237697684725071,0.5130804122834437,0.48157490962202454,0.4762302315274929,0.4869195877165562,2019-2023,4
1386,hallitus,Mari Holopainen,296,0.5242706901530148,0.5390466101332365,0.509494770172793,0.4757293098469853,0.46095338986676354,0.49050522982720707,2019-2023,4
1387,hallitus,Maria Ohisalo,305,0.5489125021400042,0.5716270025318031,0.5261980017482053,0.4510874978599958,0.4283729974681969,0.47380199825179475,2019-2023,4
1388,oppositio,Mari Rantanen,464,0.45291321186948447,0.44817468427674034,0.4576517394622286,0.5470867881305157,0.5518253157232597,0.5423482605377716,2019-2023,4
1390,hallitus,Eveliina Heinäluoma,88,0.5688071398420188,0.5649946347496144,0.5726196449344232,0.4311928601579812,0.43500536525038563,0.4273803550655767,2019-2023,4
1391,oppositio,Ari Koponen,457,0.5038822382189824,0.5205014222200711,0.48726305421789357,0.49611776178101774,0.47949857777992894,0.5127369457821065,2019-2023,4
1392,oppositio,Riikka Purra,426,0.4514473342755637,0.4453913104608652,0.45750335809026216,0.5485526657244364,0.5546086895391349,0.5424966419097379,2019-2023,4
1393,oppositio,Riikka Slunga-Poutsalo,71,0.46453019637123105,0.45891185415781244,0.4701485385846496,0.535469803628769,0.5410881458421876,0.5298514614153503,2019-2023,4
1395,oppositio,Ruut Sjöblom,79,0.5553210828743071,0.5635951182707324,0.5470470474778819,0.44467891712569296,0.43640488172926767,0.4529529525221183,2019-2023,4
1396,oppositio,Heikki Vestman,287,0.46894872583959646,0.47593753002673306,0.4619599216524598,0.5310512741604037,0.524062469973267,0.5380400783475402,2019-2023,4
1399,hallitus,Pia Lohikoski,194,0.5059209258022062,0.5008003263437616,0.5110415252606507,0.4940790741977938,0.4991996736562383,0.4889584747393493,2019-2023,4
1400,hallitus,Jussi Saramo,160,0.5000816343403719,0.5048534662016289,0.49530980247911494,0.4999183656596281,0.4951465337983711,0.5046901975208851,2019-2023,4
1401,hallitus,Tiina Elo,250,0.5586415632363563,0.5682653668799695,0.549017759592743,0.4413584367636436,0.4317346331200304,0.4509822404072569,2019-2023,4
1402,hallitus,Inka Hopsu,362,0.5644851706829792,0.5579330096552798,0.5710373317106785,0.43551482931702074,0.4420669903447201,0.4289626682893214,2019-2023,4
1403,hallitus,Saara Hyrkkö,183,0.561093131165322,0.5566966667240892,0.5654895956065548,0.43890686883467794,0.44330333327591065,0.43451040439344524,2019-2023,4
1404,hallitus,Noora Koponen,108,0.5802466362275609,0.5768065839094709,0.583686688545651,0.41975336377243905,0.4231934160905291,0.416313311454349,2019-2023,4
1407,hallitus,Johannes Yrttiaho,115,0.46930706714905424,0.46743253800786244,0.47118159629024603,0.5306929328509458,0.5325674619921374,0.528818403709754,2019-2023,4
1408,hallitus,Aki Lindén,495,0.49671590942288246,0.49464575934051497,0.4987860595052499,0.5032840905771176,0.5053542406594851,0.5012139404947502,2019-2023,4
1409,oppositio,Vilhelm Junnila,310,0.44479921118821397,0.4403058693390277,0.44929255303740023,0.555200788811786,0.5596941306609722,0.5507074469625998,2019-2023,4
1411,hallitus,Sofia Virta,109,0.5464788589483631,0.5396879905648166,0.5532697273319096,0.4535211410516369,0.46031200943518347,0.4467302726680903,2019-2023,4
1412,hallitus,Eeva Kalli,130,0.5497147813167711,0.5399240446900501,0.559505517943492,0.450285218683229,0.46007595530994994,0.4404944820565081,2019-2023,4
1413,oppositio,Jari Koskela,193,0.45262431447148666,0.48153646953340506,0.4237121594095682,0.5473756855285135,0.518463530466595,0.5762878405904318,2019-2023,4
1414,hallitus,Heidi Viljanen,174,0.5484744333652313,0.538122058840782,0.5588268078896805,0.4515255666347687,0.461877941159218,0.4411731921103195,2019-2023,4
1416,hallitus,Mirka Soinikoski,190,0.5971193011130562,0.6059425790816239,0.5882960231444885,0.402880698886944,0.3940574209183762,0.41170397685551174,2019-2023,4
1417,oppositio,Lulu Ranne,266,0.47150643434695627,0.47639246235943133,0.46662040633448126,0.5284935656530437,0.5236075376405687,0.5333795936655188,2019-2023,4
1419,oppositio,Sakari Puisto,151,0.4807383146048604,0.48671337050772,0.4747632587020007,0.5192616853951395,0.5132866294922799,0.5252367412979992,2019-2023,4
1420,oppositio,Veikko Vallin,81,0.43352974005336586,0.42746742140045146,0.4395920587062802,0.5664702599466342,0.5725325785995485,0.56040794129372,2019-2023,4
1421,oppositio,Anna-Kaisa Ikonen,116,0.5175938510243034,0.5122041942935476,0.5229835077550592,0.48240614897569656,0.4877958057064524,0.4770164922449407,2019-2023,4
1422,hallitus,Jouni Ovaska,333,0.5245904741855962,0.5157121936043223,0.5334687547668702,0.4754095258144037,0.48428780639567764,0.4665312452331298,2019-2023,4
1426,oppositio,Sheikki Laakso,367,0.41988468671110996,0.42973914730002455,0.41003022612219536,0.5801153132888901,0.5702608526999755,0.5899697738778047,2019-2023,4
1428,hallitus,Niina Malm,141,0.5157325401079704,0.5216534834121276,0.5098115968038132,0.4842674598920296,0.47834651658787236,0.4901884031961868,2019-2023,4
1429,hallitus,Paula Werning,107,0.5182739957849417,0.5202532142309959,0.5162947773388875,0.4817260042150584,0.4797467857690042,0.48370522266111254,2019-2023,4
1430,hallitus,Seppo Eskelinen,190,0.5718196728941533,0.5661374438902818,0.5775019018980247,0.4281803271058467,0.43386255610971824,0.42249809810197514,2019-2023,4
1432,oppositio,Marko Kilpi,158,0.45986300963948185,0.4659371881692354,0.4537888311097283,0.5401369903605182,0.5340628118307646,0.5462111688902718,2019-2023,4
1435,oppositio,Minna Reijonen,406,0.4851449509615483,0.5001917596642803,0.4700981422588163,0.5148550490384517,0.49980824033571974,0.5299018577411837,2019-2023,4
1437,oppositio,Juha Mäenpää,562,0.4775673165737687,0.48713758253062256,0.46799705061691493,0.5224326834262314,0.5128624174693776,0.5320029493830851,2019-2023,4
1438,oppositio,Jukka Mäkynen,134,0.4400246871936576,0.4541882858039873,0.42586108858332794,0.5599753128063424,0.5458117141960127,0.5741389114166721,2019-2023,4
1439,oppositio,Mauri Peltokangas,274,0.43942271560772644,0.4408513916685157,0.43799403954693716,0.5605772843922736,0.559148608331484,0.5620059604530631,2019-2023,4
1441,hallitus,Mikko Ollikainen,105,0.5577936981019944,0.5775706065914876,0.5380167896125011,0.4422063018980057,0.4224293934085123,0.461983210387499,2019-2023,4
1442,hallitus,Pasi Kivisaari,480,0.5235294696804944,0.506556809181361,0.5405021301796278,0.4764705303195056,0.4934431908186389,0.4594978698203723,2019-2023,4
1443,hallitus,Kim Berg,164,0.5180859448857931,0.5138672486215056,0.5223046411500807,0.4819140551142069,0.48613275137849443,0.4776953588499193,2019-2023,4
1444,hallitus,Juho Kautto,51,0.5325835079582797,0.550143869232188,0.5150231466843713,0.46741649204172037,0.449856130767812,0.48497685331562873,2019-2023,4
1446,hallitus,Joonas Könttä,253,0.49546942778838865,0.4841628366293749,0.5067760189474023,0.5045305722116115,0.5158371633706251,0.4932239810525978,2019-2023,4
1447,hallitus,Piritta Rantanen,80,0.5650696177551866,0.562710381795294,0.5674288537150791,0.4349303822448134,0.437289618204706,0.43257114628492077,2019-2023,4
1450,oppositio,Jenna Simula,153,0.46093978078065956,0.45602218691927854,0.4658573746420405,0.5390602192193404,0.5439778130807214,0.5341426253579595,2019-2023,4
1451,oppositio,Sebastian Tynkkynen,354,0.4160469385459308,0.4137990457958442,0.4182948312960174,0.5839530614540692,0.5862009542041559,0.5817051687039826,2019-2023,4
1452,hallitus,Pekka Aittakumpu,288,0.5521096374539137,0.5498546976435599,0.5543645772642676,0.4478903625460863,0.4501453023564402,0.4456354227357324,2019-2023,4
1453,hallitus,Mikko Kinnunen,500,0.578101538496713,0.5757395119168425,0.5804635650765835,0.42189846150328697,0.42426048808315747,0.41953643492341647,2019-2023,4
1454,oppositio,Janne Heikkinen,106,0.4785524449369243,0.48001855000869914,0.4770863398651494,0.5214475550630757,0.5199814499913009,0.5229136601348505,2019-2023,4
1455,oppositio,Kaisa Juuso,193,0.445752401124749,0.4449906953329509,0.4465141069165471,0.554247598875251,0.5550093046670491,0.5534858930834529,2019-2023,4
1468,hallitus,Tuomas Kettunen,386,0.5290323036368545,0.5360652815301286,0.5219993257435805,0.4709676963631454,0.46393471846987133,0.47800067425641946,2019-2023,4
1469,hallitus,Matias Mäkynen,84,0.5480118045718994,0.543863108351111,0.5521605007926879,0.45198819542810065,0.4561368916488891,0.44783949920731214,2019-2023,4
1480,oppositio,Jari Kinnunen,77,0.45439263711387456,0.45247852456225124,0.4563067496654979,0.5456073628861254,0.5475214754377488,0.5436932503345021,2019-2023,4
1481,oppositio,Atte Kaleva,43,0.4901143506490614,0.5002745379536179,0.4799541633445049,0.5098856493509387,0.49972546204638224,0.5200458366554951,2019-2023,4
175,oppositio,Toimi Kankaanniemi,413,0.4569554696764053,0.48335091080829107,0.4305600285445196,0.5430445303235947,0.5166490891917089,0.5694399714554803,2019-2023,4
301,oppositio,Ben Zyskowicz,375,0.47763401522666615,0.4781206084095174,0.4771474220438149,0.5223659847733337,0.5218793915904826,0.522852577956185,2019-2023,4
351,hallitus,Eva Biaudet,75,0.5301406993110505,0.5366637891907986,0.5236176094313024,0.46985930068894965,0.46333621080920173,0.4763823905686976,2019-2023,4
357,hallitus,Erkki Tuomioja,67,0.5704259943164001,0.5650845607238015,0.5757674279089985,0.42957400568359994,0.4349154392761984,0.4242325720910015,2019-2023,4
358,hallitus,Johannes Koskinen,228,0.5335879462750668,0.5452292072612537,0.5219466852888799,0.4664120537249333,0.4547707927387464,0.47805331471112017,2019-2023,4
363,hallitus,Satu Hassi,161,0.5072681921288884,0.49722401920786846,0.5173123650499083,0.4927318078711116,0.5027759807921315,0.48268763495009176,2019-2023,4
414,hallitus,Matti Vanhanen,318,0.5318729130298968,0.521117106812561,0.5426287192472327,0.4681270869701032,0.4788828931874389,0.45737128075276745,2019-2023,4
451,hallitus,Tarja Filatov,135,0.5103347164552499,0.4951075712998677,0.525561861610632,0.48966528354475014,0.5048924287001323,0.474438138389368,2019-2023,4
464,hallitus,Kimmo Kiljunen,861,0.5107447388205857,0.5218244356350726,0.49966504200609885,0.48925526117941437,0.47817556436492736,0.5003349579939014,2019-2023,4
499,oppositio,Päivi Räsänen,539,0.48701986532986896,0.4749008005719567,0.49913893008778115,0.5129801346701311,0.5250991994280433,0.500861069912219,2019-2023,4
508,hallitus,Anu Vehviläinen,139,0.5137869345329805,0.49827971652977093,0.5292941525361902,0.48621306546701937,0.501720283470229,0.4707058474638098,2019-2023,4
511,hallitus,Pia Viitanen,314,0.4961592116302899,0.49670195872350476,0.4956164645370751,0.50384078836971,0.5032980412764952,0.5043835354629249,2019-2023,4
538,hallitus,Tuula Haatainen,314,0.569941585395676,0.569209242588898,0.570673928202454,0.4300584146043239,0.43079075741110195,0.42932607179754595,2019-2023,4
582,hallitus,Jari Leppä,146,0.5625599493564561,0.5607917181672677,0.5643281805456447,0.43744005064354385,0.43920828183273236,0.4356718194543553,2019-2023,4
583,hallitus,Mika Lintilä,429,0.5288116896446534,0.5287139232257161,0.5289094560635907,0.4711883103553467,0.4712860767742841,0.47109054393640937,2019-2023,4
612,oppositio,Sari Sarkomaa,265,0.45137347442476294,0.45190192287944286,0.45084502597008297,0.5486265255752372,0.548098077120557,0.5491549740299172,2019-2023,4
778,oppositio,Sari Essayah,696,0.4848072251856851,0.485159373354505,0.48445507701686524,0.5151927748143149,0.514840626645495,0.5155449229831348,2019-2023,4
784,oppositio,Arto Satonen,302,0.5100100966695094,0.5047309268002834,0.5152892665387354,0.48998990333049064,0.4952690731997166,0.4847107334612647,2019-2023,4
791,hallitus,Anneli Kiljunen,140,0.5565877642425314,0.5561024996426684,0.5570730288423943,0.4434122357574687,0.4438975003573315,0.4429269711576058,2019-2023,4
797,hallitus,Hannu Hoskonen,623,0.4659132379340927,0.46236453695313495,0.4694619389150505,0.5340867620659073,0.537635463046865,0.5305380610849495,2019-2023,4
802,hallitus,Markus Mustajärvi,54,0.5131756877621803,0.49519753598652205,0.5311538395378385,0.48682431223781975,0.504802464013478,0.4688461604621616,2019-2023,4
809,oppositio,Paula Risikko,598,0.5039372787130267,0.5132939657552045,0.4945805916708491,0.49606272128697315,0.4867060342447954,0.5054194083291509,2019-2023,4
914,hallitus,Outi Alanko-Kahiluoto,60,0.5498678388370389,0.556072856665398,0.5436628210086799,0.45013216116296106,0.44392714333460204,0.4563371789913201,2019-2023,4
917,hallitus,Paavo Arhinmäki,146,0.5027481345154899,0.498192142361684,0.5073041266692959,0.49725186548450995,0.501807857638316,0.4926958733307039,2019-2023,4
923,hallitus,Thomas Blomqvist,45,0.6044534401546724,0.6096771526473309,0.599229727662014,0.3955465598453276,0.3903228473526691,0.4007702723379861,2019-2023,4
926,hallitus,Maria Guzenina,138,0.5083184432838429,0.5163679549121497,0.5002689316555361,0.49168155671615715,0.4836320450878503,0.499731068344464,2019-2023,4
930,hallitus,Heli Järvinen,54,0.5254281715521242,0.5249082274599589,0.5259481156442894,0.4745718284478758,0.4750917725400411,0.47405188435571055,2019-2023,4
941,hallitus,Anna-Maja Henriksson,292,0.5211883529991814,0.5308376593524191,0.5115390466459437,0.4788116470008186,0.46916234064758083,0.4884609533540563,2019-2023,4
947,oppositio,Petteri Orpo,283,0.450760908180644,0.47432364859592324,0.4271981677653648,0.549239091819356,0.5256763514040768,0.5728018322346353,2019-2023,4
952,hallitus,Katja Taimela,127,0.5833553611520359,0.5880540812340918,0.57865664106998,0.41664463884796427,0.41194591876590836,0.4213433589300202,2019-2023,4
953,hallitus,Anne Kalmari,231,0.5019219027857553,0.4834481117102687,0.5203956938612421,0.4980780972142446,0.5165518882897313,0.47960430613875793,2019-2023,4
960,hallitus,Krista Kiuru,583,0.5443307546083234,0.5338028000927814,0.5548587091238655,0.45566924539167664,0.46619719990721864,0.4451412908761346,2019-2023,4
963,hallitus,Merja Kyllönen,160,0.5276439551566234,0.5495573291770324,0.5057305811362145,0.47235604484337645,0.45044267082296746,0.4942694188637855,2019-2023,4
967,oppositio,Timo Heinonen,682,0.4597258800209805,0.4596383019939757,0.45981345804798535,0.5402741199790195,0.5403616980060243,0.5401865419520147,2019-2023,4
970,hallitus,Marko Asell,101,0.5660930588464685,0.5603078592273998,0.5718782584655374,0.4339069411535314,0.4396921407726002,0.4281217415344626,2019-2023,4
971,hallitus,Johanna Ojala-Niemelä,83,0.49725465179530814,0.49618198404564196,0.4983273195449744,0.5027453482046917,0.5038180159543579,0.5016726804550256,2019-2023,4
1087,hallitus,Merja Mäkisalo-Ropponen,290,0.5440343646758905,0.525497974125232,0.5625707552265491,0.4559656353241095,0.47450202587476803,0.437429244773451,2019-2023,5
1089,oppositio,Heikki Autto,409,0.4910793573919213,0.48031923244432095,0.5018394823395217,0.5089206426080788,0.5196807675556792,0.4981605176604783,2019-2023,5
1092,oppositio,Mika Niikko,313,0.43414640806734495,0.4349611159384411,0.4333317001962488,0.565853591932655,0.5650388840615589,0.5666682998037512,2019-2023,5
1095,oppositio,Tom Packalén,41,0.44678758992906165,0.4441563217294872,0.44941885812863613,0.5532124100709384,0.5558436782705127,0.5505811418713639,2019-2023,5
1096,oppositio,Ritva Elomaa,304,0.4695318496545221,0.4867556518760615,0.4523080474329827,0.5304681503454779,0.5132443481239385,0.5476919525670173,2019-2023,5
1097,hallitus,Aino-Kaisa Pekonen,209,0.54297891854398,0.5426229587294044,0.5433348783585557,0.45702108145602005,0.45737704127059564,0.45666512164144446,2019-2023,5
1098,oppositio,Jaana Pelkonen,133,0.5248781577633543,0.5263921508597427,0.523364164666966,0.4751218422366457,0.4736078491402574,0.47663583533303405,2019-2023,5
1099,hallitus,Eeva-Johanna Eloranta,88,0.5568128566167121,0.564014622114015,0.5496110911194092,0.4431871433832879,0.43598537788598507,0.45038890888059074,2019-2023,5
1100,oppositio,Sanni Grahn-Laasonen,207,0.48987765566324737,0.49840076562316493,0.4813545457033298,0.5101223443367526,0.5015992343768351,0.5186454542966701,2019-2023,5
1105,oppositio,Janne Sankelo,241,0.48997223345898866,0.4862267160201664,0.49371775089781095,0.5100277665410113,0.5137732839798336,0.506282249102189,2019-2023,5
1106,hallitus,Mikko Savola,175,0.5199189192360272,0.5200751807818869,0.5197626576901675,0.48008108076397277,0.4799248192181131,0.48023734230983245,2019-2023,5
1108,hallitus,Juha Sipilä,71,0.5178275175116703,0.5170894445517278,0.5185655904716129,0.4821724824883297,0.4829105554482722,0.48143440952838723,2019-2023,5
1118,oppositio,Kari Tolvanen,65,0.4422110207949347,0.43773586871892955,0.4466861728709398,0.5577889792050653,0.5622641312810704,0.5533138271290602,2019-2023,5
1120,hallitus,Ari Torniainen,194,0.502504997164226,0.5069819057353971,0.498028088593055,0.49749500283577397,0.49301809426460286,0.5019719114069451,2019-2023,5
1126,hallitus,Tytti Tuppurainen,161,0.5495397587133901,0.5469719299373657,0.5521075874894147,0.45046024128660994,0.4530280700626344,0.4478924125105855,2019-2023,5
1129,oppositio,Arja Juvonen,534,0.4901224434705773,0.4978770133309217,0.4823678736102329,0.5098775565294228,0.5021229866690784,0.5176321263897672,2019-2023,5
1131,oppositio,Sinuhe Wallinheimo,190,0.48058300856948605,0.46809119727810533,0.49307481986086676,0.519416991430514,0.5319088027218947,0.5069251801391332,2019-2023,5
1133,hallitus,Mika Kari,101,0.5155557645643332,0.5000154974351962,0.5310960316934701,0.4844442354356668,0.4999845025648037,0.46890396830652986,2019-2023,5
1134,oppositio,Sofia Vikman,175,0.47679141027211747,0.46836061526381867,0.4852222052804163,0.5232085897278825,0.5316393847361813,0.5147777947195837,2019-2023,5
1135,oppositio,Pia Kauma,335,0.4777022948380151,0.488510102267347,0.4668944874086832,0.5222977051619849,0.5114898977326531,0.5331055125913168,2019-2023,5
1136,oppositio,Ville Vähämäki,180,0.5029853416205209,0.4979894969531952,0.5079811862878465,0.4970146583794791,0.5020105030468047,0.4920188137121535,2019-2023,5
1137,oppositio,Pauli Kiuru,265,0.4890086470769822,0.4852510283513882,0.49276626580257626,0.5109913529230178,0.5147489716486118,0.5072337341974238,2019-2023,5
1141,oppositio,Peter Östman,234,0.4845311353737749,0.47525679301173823,0.49380547773581157,0.5154688646262251,0.5247432069882618,0.5061945222641885,2019-2023,5
1142,oppositio,Jukka Kopra,188,0.45126146246772963,0.44912432664097973,0.45339859829447954,0.5487385375322704,0.5508756733590203,0.5466014017055205,2019-2023,5
1144,hallitus,Suna Kymäläinen,188,0.5309374223452494,0.5440930198183452,0.5177818248721535,0.4690625776547505,0.45590698018165465,0.48221817512784637,2019-2023,5
1147,hallitus,Antti Lindtman,271,0.49569057554045304,0.5021024193628062,0.4892787317180998,0.504309424459547,0.4978975806371938,0.5107212682819002,2019-2023,5
1149,hallitus,Markus Lohi,232,0.48885704860961643,0.4950239313492533,0.48269016586997954,0.5111429513903836,0.5049760686507466,0.5173098341300204,2019-2023,5
1154,hallitus,Jari Myllykoski,364,0.4853283551063879,0.48919076119449256,0.4814659490182832,0.5146716448936122,0.5108092388055075,0.5185340509817168,2019-2023,5
1155,hallitus,Anna Kontula,157,0.4922992297852734,0.4816820396368022,0.5029164199337446,0.5077007702147267,0.5183179603631979,0.4970835800662554,2019-2023,5
1157,hallitus,Annika Saarikko,554,0.5467478862452197,0.547414333406745,0.5460814390836946,0.45325211375478014,0.452585666593255,0.45391856091630534,2019-2023,5
116,hallitus,Jukka Gustafsson,109,0.47556422592369296,0.4601865989198729,0.4909418529275131,0.5244357740763069,0.5398134010801269,0.509058147072487,2019-2023,5
118,hallitus,Pekka Haavisto,266,0.5718007767710633,0.5762879504243793,0.5673136031177475,0.42819922322893667,0.4237120495756207,0.4326863968822526,2019-2023,5
1219,oppositio,Saara-Sofia Sirén,124,0.5306994026621333,0.5349014996088077,0.5264973057154589,0.46930059733786655,0.46509850039119227,0.47350269428454084,2019-2023,5
1265,oppositio,Matias Marttinen,293,0.46637122658582253,0.4731367609103012,0.4596056922613439,0.5336287734141776,0.5268632390896989,0.5403943077386562,2019-2023,5
1274,hallitus,Antti Rinne,195,0.5502242584210905,0.5433184197565628,0.5571300970856181,0.44977574157890954,0.45668158024343725,0.4428699029143819,2019-2023,5
1276,hallitus,Katja Hänninen,137,0.531160046456788,0.5314008824798425,0.5309192104337337,0.46883995354321195,0.4685991175201575,0.4690807895662664,2019-2023,5
1279,oppositio,Elina Valtonen,65,0.4424839469411228,0.43253497854912853,0.45243291533311714,0.5575160530588772,0.5674650214508714,0.5475670846668829,2019-2023,5
1282,oppositio,Wille Rydman,83,0.47105049379755104,0.4684729985204468,0.4736279890746552,0.528949506202449,0.5315270014795531,0.5263720109253448,2019-2023,5
1297,hallitus,Sanna Marin,695,0.5643404873112604,0.5741971707907554,0.5544838038317654,0.4356595126887396,0.4258028292092445,0.4455161961682347,2019-2023,5
1298,hallitus,Krista Mikkonen,260,0.5827746308422748,0.5788293082287075,0.586719953455842,0.41722536915772523,0.42117069177129257,0.4132800465441579,2019-2023,5
1299,oppositio,Sari Multala,351,0.4909327073253488,0.477395151789621,0.5044702628610767,0.5090672926746511,0.522604848210379,0.4955297371389233,2019-2023,5
1301,oppositio,Jani Mäkelä,470,0.42516565770124914,0.4251761425519772,0.425155172850521,0.5748343422987509,0.5748238574480227,0.574844827149479,2019-2023,5
1302,hallitus,Ilmari Nurminen,111,0.5142564513186395,0.5237367357174703,0.5047761669198088,0.4857435486813605,0.4762632642825298,0.49522383308019124,2019-2023,5
1308,oppositio,Jari Ronkainen,121,0.4564580267565843,0.4708351001153826,0.442080953397786,0.5435419732434157,0.5291648998846173,0.5579190466022139,2019-2023,5
1310,hallitus,Li Andersson,266,0.5500617345842742,0.5529185738411966,0.5472048953273518,0.44993826541572574,0.44708142615880336,0.4527951046726481,2019-2023,5
1312,hallitus,Hanna Sarkkinen,215,0.5386629369930497,0.5309821231158962,0.5463437508702031,0.4613370630069503,0.46901787688410373,0.45365624912979685,2019-2023,5
1315,hallitus,Matti Semi,109,0.5517642733222541,0.5423369737961001,0.561191572848408,0.448235726677746,0.4576630262038998,0.4388084271515922,2019-2023,5
1316,hallitus,Ville Skinnari,82,0.6320956491432403,0.6374658419517809,0.6267254563346999,0.36790435085675965,0.362534158048219,0.3732745436653003,2019-2023,5
1318,hallitus,Joakim Strand,99,0.5179258603752518,0.5238108340731809,0.5120408866773227,0.48207413962474843,0.4761891659268193,0.4879591133226775,2019-2023,5
1323,oppositio,Mari-Leena Talvitie,253,0.505478352562942,0.5007260209227928,0.5102306842030913,0.494521647437058,0.4992739790772072,0.4897693157969088,2019-2023,5
1325,oppositio,Sari Tanus,261,0.4833465747958151,0.48980307378221355,0.4768900758094167,0.5166534252041848,0.5101969262177865,0.5231099241905832,2019-2023,5
1326,hallitus,Timo Harakka,254,0.566117069583791,0.5776420777740379,0.5545920613935442,0.43388293041620896,0.42235792222596213,0.4454079386064557,2019-2023,5
1327,oppositio,Ville Tavio,268,0.4536802042128817,0.4505941442997467,0.45676626412601673,0.5463197957871182,0.5494058557002534,0.5432337358739832,2019-2023,5
1330,oppositio,Juhana Vartiainen,97,0.4387915365135127,0.4397066795646903,0.43787639346233515,0.5612084634864873,0.5602933204353098,0.5621236065376649,2019-2023,5
1334,oppositio,Antti Häkkänen,105,0.4488138743433261,0.44621846745510635,0.4514092812315459,0.5511861256566739,0.5537815325448937,0.5485907187684541,2019-2023,5
1336,hallitus,Emma Kari,68,0.5602186645983457,0.5739128437201297,0.5465244854765616,0.4397813354016543,0.42608715627987026,0.4534755145234384,2019-2023,5
1340,hallitus,Katri Kulmuni,218,0.5457449822297424,0.5578727563195789,0.5336172081399061,0.45425501777025756,0.44212724368042117,0.46638279186009396,2019-2023,5
1341,hallitus,Antti Kurvinen,269,0.5034380141228619,0.49573315947573054,0.5111428687699933,0.49656198587713807,0.5042668405242694,0.48885713123000674,2019-2023,5
1343,oppositio,Antero Laukkanen,203,0.4729345487499994,0.4851689784351912,0.46070011906480757,0.5270654512500007,0.5148310215648089,0.5392998809351925,2019-2023,5
1344,oppositio,Rami Lehto,176,0.4413477334615768,0.4385533871221968,0.44414207980095677,0.5586522665384233,0.5614466128778032,0.5558579201990433,2019-2023,5
1348,hallitus,Mikko Kärnä,122,0.48474179354954916,0.4811362843575656,0.48834730274153265,0.515258206450451,0.5188637156424344,0.5116526972584674,2019-2023,5
1349,oppositio,Leena Meri,508,0.41257221455501436,0.395192494609778,0.42995193450025077,0.5874277854449856,0.604807505390222,0.5700480654997493,2019-2023,5
1380,hallitus,Riitta Kaarisalo,88,0.5627414999255539,0.5564106041749771,0.5690723956761307,0.4372585000744461,0.4435893958250229,0.43092760432386934,2019-2023,5
1382,hallitus,Hanna-Leena Mattila,158,0.5250968268526673,0.5287529196131161,0.5214407340922186,0.47490317314733266,0.4712470803868839,0.4785592659077814,2019-2023,5
1383,hallitus,Veronika Honkasalo,199,0.5635451792262691,0.5596677008786999,0.5674226575738383,0.4364548207737309,0.44033229912130006,0.4325773424261617,2019-2023,5
1384,hallitus,Mai Kivelä,184,0.5391254042793294,0.532476493157503,0.545774315401156,0.46087459572067047,0.46752350684249694,0.45422568459884405,2019-2023,5
1385,hallitus,Atte Harjanne,168,0.536351843264602,0.5368610450594515,0.5358426414697524,0.46364815673539805,0.4631389549405484,0.46415735853024775,2019-2023,5
1387,hallitus,Maria Ohisalo,305,0.5248394024814307,0.5254494894884539,0.5242293154744073,0.4751605975185693,0.47455051051154606,0.4757706845255926,2019-2023,5
1388,oppositio,Mari Rantanen,464,0.41705859161106684,0.4258517637368656,0.4082654194852681,0.5829414083889332,0.5741482362631345,0.5917345805147318,2019-2023,5
1390,hallitus,Eveliina Heinäluoma,88,0.5300017331584489,0.5381070334648707,0.5218964328520271,0.46999826684155116,0.46189296653512946,0.47810356714797286,2019-2023,5
1391,oppositio,Ari Koponen,457,0.494994082918439,0.51830751233484,0.471680653502038,0.5050059170815611,0.48169248766516004,0.528319346497962,2019-2023,5
1392,oppositio,Riikka Purra,426,0.4352972231800727,0.4376980479949629,0.4328963983651824,0.5647027768199273,0.5623019520050371,0.5671036016348177,2019-2023,5
1393,oppositio,Riikka Slunga-Poutsalo,71,0.4679568589298938,0.4857913626764224,0.4501223551833652,0.5320431410701063,0.5142086373235776,0.549877644816635,2019-2023,5
1394,oppositio,Pihla Keto-Huovinen,127,0.4998928777083832,0.5038492353092866,0.49593652010747985,0.5001071222916167,0.4961507646907134,0.5040634798925201,2019-2023,5
1395,oppositio,Ruut Sjöblom,79,0.5364215156843936,0.5271916755412965,0.5456513558274906,0.46357848431560655,0.4728083244587036,0.45434864417250953,2019-2023,5
1396,oppositio,Heikki Vestman,287,0.45623126924783064,0.43546135089872884,0.4770011875969325,0.5437687307521694,0.5645386491012712,0.5229988124030676,2019-2023,5
1399,hallitus,Pia Lohikoski,194,0.5596819507236865,0.5566253355218156,0.5627385659255574,0.4403180492763135,0.4433746644781844,0.4372614340744426,2019-2023,5
1400,hallitus,Jussi Saramo,160,0.5022160290548496,0.49795462054480744,0.5064774375648919,0.49778397094515037,0.5020453794551926,0.4935225624351081,2019-2023,5
1401,hallitus,Tiina Elo,250,0.5946225325513061,0.5847714128689262,0.604473652233686,0.4053774674486941,0.4152285871310739,0.39552634776631423,2019-2023,5
1402,hallitus,Inka Hopsu,362,0.5438742156207197,0.5486676270219811,0.5390808042194581,0.4561257843792804,0.45133237297801887,0.4609191957805419,2019-2023,5
1403,hallitus,Saara Hyrkkö,183,0.5552466842927466,0.5559104314330205,0.5545829371524726,0.4447533157072534,0.4440895685669794,0.4454170628475274,2019-2023,5
1404,hallitus,Noora Koponen,108,0.5840728570569431,0.5788804133930986,0.5892653007207876,0.41592714294305694,0.4211195866069014,0.41073469927921247,2019-2023,5
1407,hallitus,Johannes Yrttiaho,115,0.48669549458207995,0.49509064765687355,0.4783003415072864,0.5133045054179199,0.5049093523431264,0.5216996584927136,2019-2023,5
1408,hallitus,Aki Lindén,495,0.49686247100886316,0.4814136903375531,0.5123112516801732,0.5031375289911368,0.5185863096624469,0.4876887483198267,2019-2023,5
1410,oppositio,Mikko Lundén,154,0.4699306132503053,0.4729852775054747,0.46687594899513585,0.5300693867496947,0.5270147224945253,0.5331240510048642,2019-2023,5
1411,hallitus,Sofia Virta,109,0.5731072544525297,0.5663365599522596,0.5798779489527999,0.42689274554747025,0.43366344004774043,0.4201220510472001,2019-2023,5
1412,hallitus,Eeva Kalli,130,0.5407103737271368,0.5306588353239764,0.5507619121302973,0.4592896262728632,0.46934116467602366,0.4492380878697027,2019-2023,5
1413,oppositio,Jari Koskela,193,0.4761068967454497,0.48630980908108234,0.465903984409817,0.5238931032545504,0.5136901909189177,0.534096015590183,2019-2023,5
1414,hallitus,Heidi Viljanen,174,0.5631811837376662,0.6020748212752084,0.5242875462001241,0.43681881626233376,0.39792517872479166,0.4757124537998759,2019-2023,5
1415,hallitus,Hilkka Kemppi,210,0.5569677218973956,0.5494376162402644,0.5644978275545267,0.44303227810260437,0.45056238375973556,0.43550217244547323,2019-2023,5
1416,hallitus,Mirka Soinikoski,190,0.5740662322202795,0.5630015750807247,0.5851308893598344,0.4259337677797206,0.43699842491927543,0.4148691106401657,2019-2023,5
1417,oppositio,Lulu Ranne,266,0.4931721775559653,0.47479624416960026,0.5115481109423304,0.5068278224440346,0.5252037558303997,0.48845188905766956,2019-2023,5
1420,oppositio,Veikko Vallin,81,0.41921975552456237,0.42980908826900244,0.40863042278012224,0.5807802444754377,0.5701909117309977,0.5913695772198777,2019-2023,5
1421,oppositio,Anna-Kaisa Ikonen,116,0.5176821530218974,0.5289893705040465,0.5063749355397482,0.48231784697810265,0.47101062949595357,0.49362506446025173,2019-2023,5
1422,hallitus,Jouni Ovaska,333,0.5068544416496759,0.4880275536795054,0.5256813296198463,0.4931455583503242,0.5119724463204947,0.47431867038015374,2019-2023,5
1423,hallitus,Iiris Suomela,188,0.5195852815716334,0.5113164445130816,0.5278541186301853,0.4804147184283666,0.4886835554869184,0.4721458813698147,2019-2023,5
1424,hallitus,Hanna Holopainen,129,0.5597759454316976,0.559061432386253,0.5604904584771422,0.4402240545683024,0.440938567613747,0.4395095415228577,2019-2023,5
1426,oppositio,Sheikki Laakso,367,0.401100842595696,0.40856933032373244,0.3936323548676595,0.5988991574043041,0.5914306696762677,0.6063676451323405,2019-2023,5
1428,hallitus,Niina Malm,141,0.539288612950962,0.54036796453901,0.5382092613629138,0.460711387049038,0.45963203546098974,0.4617907386370863,2019-2023,5
1429,hallitus,Paula Werning,107,0.5448296303377138,0.5413293970866897,0.5483298635887378,0.4551703696622862,0.45867060291331024,0.4516701364112622,2019-2023,5
1430,hallitus,Seppo Eskelinen,190,0.5659176611391941,0.5634202126790999,0.5684151095992882,0.43408233886080594,0.4365797873209001,0.4315848904007118,2019-2023,5
1432,oppositio,Marko Kilpi,158,0.4529890704412939,0.4507308393172461,0.45524730156534166,0.5470109295587062,0.5492691606827539,0.5447526984346586,2019-2023,5
1434,oppositio,Sanna Antikainen,130,0.4421513120439175,0.45870831153007624,0.42559431255775876,0.5578486879560824,0.5412916884699237,0.5744056874422412,2019-2023,5
1437,oppositio,Juha Mäenpää,562,0.4406521907403401,0.44396110064323785,0.43734328083744245,0.5593478092596598,0.5560388993567621,0.5626567191625574,2019-2023,5
1438,oppositio,Jukka Mäkynen,134,0.41050295919873947,0.4045832953835876,0.4164226230138913,0.5894970408012605,0.5954167046164123,0.5835773769861087,2019-2023,5
1439,oppositio,Mauri Peltokangas,274,0.4363919314592064,0.4373572567492817,0.4354266061691311,0.5636080685407937,0.5626427432507184,0.564573393830869,2019-2023,5
1441,hallitus,Mikko Ollikainen,105,0.5214939832578182,0.5245740466570605,0.5184139198585758,0.47850601674218185,0.4754259533429395,0.4815860801414241,2019-2023,5
1442,hallitus,Pasi Kivisaari,480,0.5485672298280536,0.5591308273626112,0.538003632293496,0.4514327701719463,0.44086917263738873,0.4619963677065039,2019-2023,5
1444,hallitus,Juho Kautto,51,0.5233561733584405,0.5204496465600685,0.5262627001568125,0.47664382664155946,0.4795503534399314,0.47373729984318746,2019-2023,5
1445,hallitus,Bella Forsgrén,53,0.548227928031398,0.5432608546702407,0.5531950013925553,0.45177207196860203,0.45673914532975923,0.44680499860744477,2019-2023,5
1447,hallitus,Piritta Rantanen,80,0.5605916722116127,0.5792082289621526,0.5419751154610728,0.43940832778838734,0.4207917710378474,0.45802488453892726,2019-2023,5
1451,oppositio,Sebastian Tynkkynen,354,0.4464049235196597,0.43900955560866006,0.45380029143065936,0.5535950764803401,0.5609904443913398,0.5461997085693405,2019-2023,5
1452,hallitus,Pekka Aittakumpu,288,0.5764325555256551,0.5893093306894738,0.5635557803618363,0.423567444474345,0.41069066931052634,0.43644421963816377,2019-2023,5
1453,hallitus,Mikko Kinnunen,500,0.5681447169756073,0.5676910587757593,0.5685983751754552,0.4318552830243928,0.43230894122424085,0.4314016248245448,2019-2023,5
1454,oppositio,Janne Heikkinen,106,0.4925937987271392,0.4887322147194758,0.4964553827348026,0.5074062012728608,0.5112677852805243,0.5035446172651973,2019-2023,5
1467,oppositio,Petri Huru,192,0.4882750287003043,0.4706073120274712,0.5059427453731374,0.5117249712996956,0.5293926879725287,0.49405725462686245,2019-2023,5
1468,hallitus,Tuomas Kettunen,386,0.5197140281056516,0.5103573097358923,0.5290707464754109,0.4802859718943484,0.48964269026410767,0.4709292535245891,2019-2023,5
1469,hallitus,Matias Mäkynen,84,0.5382812491051708,0.5392428504400625,0.5373196477702792,0.46171875089482917,0.4607571495599375,0.4626803522297208,2019-2023,5
1480,oppositio,Jari Kinnunen,77,0.457911866298714,0.46085671738122036,0.45496701521620764,0.5420881337012862,0.5391432826187798,0.5450329847837925,2019-2023,5
1481,oppositio,Atte Kaleva,43,0.4508581712724853,0.45646415283371794,0.44525218971125263,0.5491418287275147,0.5435358471662821,0.5547478102887473,2019-2023,5
170,oppositio,Ilkka Kanerva,83,0.543081139485273,0.5497439468424946,0.5364183321280513,0.45691886051472697,0.45025605315750533,0.46358166787194854,2019-2023,5
301,oppositio,Ben Zyskowicz,375,0.4576849953695983,0.46447083514239307,0.4508991555968035,0.5423150046304017,0.5355291648576069,0.5491008444031965,2019-2023,5
357,hallitus,Erkki Tuomioja,67,0.5665713660927016,0.5555448229994218,0.5775979091859815,0.43342863390729836,0.44445517700057835,0.42240209081401836,2019-2023,5
358,hallitus,Johannes Koskinen,228,0.5370239589109972,0.5449383221280163,0.5291095956939781,0.4629760410890028,0.4550616778719837,0.4708904043060219,2019-2023,5
414,hallitus,Matti Vanhanen,318,0.5312086433475249,0.5388900199179985,0.5235272667770514,0.46879135665247507,0.46110998008200144,0.47647273322294864,2019-2023,5
451,hallitus,Tarja Filatov,135,0.5276770099750641,0.5344336780634408,0.5209203418866873,0.47232299002493594,0.4655663219365592,0.47907965811331266,2019-2023,5
464,hallitus,Kimmo Kiljunen,861,0.5057775520960988,0.5036794642781164,0.5078756399140812,0.49422244790390124,0.4963205357218836,0.49212436008591887,2019-2023,5
499,oppositio,Päivi Räsänen,539,0.4924173966969635,0.4915187521843645,0.4933160412095624,0.5075826033030366,0.5084812478156355,0.5066839587904377,2019-2023,5
508,hallitus,Anu Vehviläinen,139,0.5303989007753716,0.5407406105833268,0.5200571909674164,0.46960109922462834,0.4592593894166731,0.4799428090325836,2019-2023,5
511,hallitus,Pia Viitanen,314,0.5024573988222739,0.5139477063492169,0.4909670912953309,0.4975426011777261,0.48605229365078306,0.5090329087046691,2019-2023,5
538,hallitus,Tuula Haatainen,314,0.5477846110355828,0.550865415629307,0.5447038064418587,0.45221538896441715,0.4491345843706929,0.4552961935581414,2019-2023,5
582,hallitus,Jari Leppä,146,0.5665799817595822,0.5562827027886145,0.57687726073055,0.43342001824041765,0.44371729721138536,0.42312273926945,2019-2023,5
583,hallitus,Mika Lintilä,429,0.5307877127726197,0.5273328584366579,0.5342425671085815,0.46921228722738023,0.47266714156334205,0.4657574328914184,2019-2023,5
612,oppositio,Sari Sarkomaa,265,0.45794710945936123,0.44901822807042385,0.4668759908482986,0.5420528905406388,0.5509817719295762,0.5331240091517013,2019-2023,5
772,hallitus,Antti Kaikkonen,153,0.5309158612186582,0.5473560454555366,0.5144756769817799,0.4690841387813417,0.45264395454446343,0.48552432301822,2019-2023,5
778,oppositio,Sari Essayah,696,0.48672265378954715,0.4813009510313764,0.492144356547718,0.5132773462104528,0.5186990489686236,0.5078556434522821,2019-2023,5
779,hallitus,Esko Kiviranta,403,0.5279424941141093,0.5334043104194365,0.522480677808782,0.4720575058858907,0.4665956895805635,0.4775193221912179,2019-2023,5
784,oppositio,Arto Satonen,302,0.4962320758052511,0.5152825166861971,0.47718163492430515,0.5037679241947488,0.48471748331380293,0.5228183650756948,2019-2023,5
791,hallitus,Anneli Kiljunen,140,0.5438722133624827,0.5488243359785134,0.538920090746452,0.4561277866375174,0.4511756640214867,0.4610799092535481,2019-2023,5
797,hallitus,Hannu Hoskonen,623,0.4488214510044103,0.4610697133639768,0.43657318864484385,0.5511785489955896,0.5389302866360232,0.5634268113551562,2019-2023,5
802,hallitus,Markus Mustajärvi,54,0.4539979099528951,0.4512973988273862,0.45669842107840397,0.5460020900471048,0.5487026011726138,0.5433015789215958,2019-2023,5
809,oppositio,Paula Risikko,598,0.45661742975495867,0.45386465649169505,0.45937020301822223,0.5433825702450413,0.546135343508305,0.5406297969817777,2019-2023,5
887,hallitus,Sirpa Paatero,158,0.5575560893776046,0.5591727143998861,0.5559394643553229,0.4424439106223955,0.440827285600114,0.44406053564467707,2019-2023,5
914,hallitus,Outi Alanko-Kahiluoto,60,0.5440295125883563,0.55164330284679,0.5364157223299226,0.45597048741164375,0.4483566971532101,0.4635842776700774,2019-2023,5
917,hallitus,Paavo Arhinmäki,146,0.4960346826756607,0.5153270802521159,0.47674228509920547,0.5039653173243394,0.4846729197478841,0.5232577149007945,2019-2023,5
923,hallitus,Thomas Blomqvist,45,0.5842205441511057,0.572062300500725,0.5963787878014865,0.4157794558488942,0.4279376994992748,0.40362121219851366,2019-2023,5
926,hallitus,Maria Guzenina,138,0.4963502627412524,0.49642276001693875,0.49627776546556596,0.5036497372587476,0.5035772399830613,0.5037222345344341,2019-2023,5
930,hallitus,Heli Järvinen,54,0.5227809222773121,0.5268714216467442,0.5186904229078801,0.4772190777226878,0.4731285783532558,0.48130957709211986,2019-2023,5
941,hallitus,Anna-Maja Henriksson,292,0.5325693655593282,0.5298139320915676,0.535324799027089,0.4674306344406717,0.47018606790843237,0.46467520097291104,2019-2023,5
947,oppositio,Petteri Orpo,283,0.47945899669767433,0.463680034136323,0.49523795925902564,0.5205410033023257,0.536319965863677,0.5047620407409744,2019-2023,5
948,oppositio,Anne-Mari Virolainen,93,0.5156134386493796,0.5194830908683596,0.5117437864303996,0.4843865613506204,0.48051690913164025,0.4882562135696006,2019-2023,5
952,hallitus,Katja Taimela,127,0.5903867855450391,0.5878612468230214,0.5929123242670566,0.4096132144549609,0.4121387531769785,0.4070876757329433,2019-2023,5
960,hallitus,Krista Kiuru,583,0.5303843356249001,0.5198140351595265,0.5409546360902737,0.46961566437509983,0.4801859648404735,0.45904536390972617,2019-2023,5
963,hallitus,Merja Kyllönen,160,0.5441309802498604,0.5364816227194368,0.5517803377802839,0.4558690197501397,0.4635183772805632,0.44821966221971615,2019-2023,5
967,oppositio,Timo Heinonen,682,0.46090117329485386,0.451111733817931,0.4706906127717767,0.5390988267051462,0.5488882661820689,0.5293093872282234,2019-2023,5
970,hallitus,Marko Asell,101,0.5629971419525798,0.5591524793641969,0.5668418045409627,0.43700285804742023,0.440847520635803,0.4331581954590374,2019-2023,5
971,hallitus,Johanna Ojala-Niemelä,83,0.5122823053194591,0.517336101841317,0.5072285087976012,0.48771769468054094,0.48266389815868305,0.4927714912023989,2019-2023,5
1087,hallitus,Merja Mäkisalo-Ropponen,290,0.558762887828711,0.5583324564859887,0.5591933191714332,0.441237112171289,0.4416675435140113,0.4408066808285668,2019-2023,6
1089,oppositio,Heikki Autto,409,0.4917763166855568,0.48204292575100605,0.5015097076201076,0.5082236833144431,0.517957074248994,0.49849029237989234,2019-2023,6
1092,oppositio,Mika Niikko,313,0.44697278675696517,0.44328221202255014,0.45066336149138014,0.5530272132430349,0.55671778797745,0.5493366385086198,2019-2023,6
1094,oppositio,Markku Eestilä,333,0.47062132687752106,0.46526427282926647,0.47597838092577566,0.5293786731224789,0.5347357271707334,0.5240216190742244,2019-2023,6
1096,oppositio,Ritva Elomaa,304,0.46218305641674795,0.45203395812620795,0.47233215470728795,0.537816943583252,0.547966041873792,0.527667845292712,2019-2023,6
1098,oppositio,Jaana Pelkonen,133,0.5047934514429324,0.49884040929219886,0.5107464935936661,0.4952065485570675,0.5011595907078011,0.4892535064063339,2019-2023,6
1099,hallitus,Eeva-Johanna Eloranta,88,0.5256679919462293,0.5380913944477814,0.513244589444677,0.47433200805377074,0.4619086055522185,0.486755410555323,2019-2023,6
1100,oppositio,Sanni Grahn-Laasonen,207,0.49475924155995177,0.48483613404966264,0.5046823490702409,0.5052407584400482,0.5151638659503374,0.49531765092975916,2019-2023,6
1101,hallitus,Arto Pirttilahti,194,0.4906599286207357,0.4904138132497449,0.49090604399172655,0.5093400713792642,0.509586186750255,0.5090939560082735,2019-2023,6
1102,hallitus,Kristiina Salonen,147,0.527840244480416,0.5369665286953207,0.5187139602655113,0.472159755519584,0.46303347130467937,0.48128603973448864,2019-2023,6
1105,oppositio,Janne Sankelo,241,0.5006180942109686,0.49407448940371185,0.5071616990182253,0.4993819057890314,0.5059255105962881,0.49283830098177467,2019-2023,6
1108,hallitus,Juha Sipilä,71,0.5104890227424882,0.4976413319721285,0.5233367135128478,0.48951097725751186,0.5023586680278715,0.47666328648715217,2019-2023,6
1118,oppositio,Kari Tolvanen,65,0.4536990240978153,0.45845738229546906,0.4489406659001616,0.5463009759021845,0.5415426177045308,0.5510593340998382,2019-2023,6
1120,hallitus,Ari Torniainen,194,0.5649643644252782,0.5608337628123203,0.5690949660382362,0.4350356355747217,0.4391662371876797,0.4309050339617637,2019-2023,6
1126,hallitus,Tytti Tuppurainen,161,0.5074605735396975,0.5092164007443721,0.505704746335023,0.49253942646030235,0.49078359925562764,0.494295253664977,2019-2023,6
1129,oppositio,Arja Juvonen,534,0.49336428494221196,0.4971424379371194,0.48958613194730455,0.506635715057788,0.5028575620628806,0.5104138680526955,2019-2023,6
1131,oppositio,Sinuhe Wallinheimo,190,0.45979397996202065,0.4663785422013881,0.4532094177226533,0.5402060200379794,0.5336214577986119,0.5467905822773468,2019-2023,6
1133,hallitus,Mika Kari,101,0.5441682914623577,0.5534493416909321,0.5348872412337833,0.4558317085376423,0.4465506583090678,0.46511275876621677,2019-2023,6
1134,oppositio,Sofia Vikman,175,0.5038536520247802,0.4754701822181537,0.5322371218314067,0.49614634797521984,0.5245298177818464,0.46776287816859324,2019-2023,6
1135,oppositio,Pia Kauma,335,0.45241007235767294,0.4581778548768686,0.4466422898384773,0.5475899276423271,0.5418221451231315,0.5533577101615227,2019-2023,6
1136,oppositio,Ville Vähämäki,180,0.4637249894905613,0.46528830734951454,0.462161671631608,0.5362750105094387,0.5347116926504855,0.5378383283683921,2019-2023,6
1137,oppositio,Pauli Kiuru,265,0.49591219717743074,0.487395739144898,0.5044286552099635,0.5040878028225693,0.5126042608551019,0.4955713447900365,2019-2023,6
1141,oppositio,Peter Östman,234,0.46330158681275285,0.4592243021758482,0.4673788714496575,0.5366984131872472,0.5407756978241518,0.5326211285503426,2019-2023,6
1142,oppositio,Jukka Kopra,188,0.45889709780322946,0.47243560097022996,0.44535859463622895,0.5411029021967706,0.5275643990297701,0.554641405363771,2019-2023,6
1144,hallitus,Suna Kymäläinen,188,0.5163883883725728,0.4975650560710392,0.5352117206741066,0.4836116116274271,0.5024349439289608,0.4647882793258934,2019-2023,6
1147,hallitus,Antti Lindtman,271,0.5102858593588508,0.514473637889205,0.5060980808284967,0.48971414064114915,0.485526362110795,0.49390191917150333,2019-2023,6
1154,hallitus,Jari Myllykoski,364,0.46088797124178293,0.44030721561839814,0.4814687268651678,0.5391120287582171,0.559692784381602,0.5185312731348322,2019-2023,6
1155,hallitus,Anna Kontula,157,0.47911147156070116,0.4780805303231621,0.4801424127982402,0.5208885284392988,0.5219194696768379,0.5198575872017598,2019-2023,6
116,hallitus,Jukka Gustafsson,109,0.5269630228383746,0.5243964047188154,0.5295296409579339,0.4730369771616253,0.4756035952811845,0.470470359042066,2019-2023,6
118,hallitus,Pekka Haavisto,266,0.5381244914131555,0.5487561819184699,0.5274928009078411,0.46187550858684456,0.4512438180815302,0.4725071990921589,2019-2023,6
1219,oppositio,Saara-Sofia Sirén,124,0.5155308661801339,0.5263769251297268,0.5046848072305409,0.4844691338198661,0.47362307487027316,0.4953151927694591,2019-2023,6
1265,oppositio,Matias Marttinen,293,0.47630748161357694,0.4768253107659812,0.4757896524611726,0.5236925183864231,0.5231746892340188,0.5242103475388273,2019-2023,6
1274,hallitus,Antti Rinne,195,0.48851266332972354,0.48319475007681084,0.4938305765826362,0.5114873366702765,0.5168052499231892,0.5061694234173637,2019-2023,6
1276,hallitus,Katja Hänninen,137,0.5416270105230093,0.5430650279971347,0.5401889930488839,0.4583729894769907,0.45693497200286526,0.45981100695111604,2019-2023,6
1279,oppositio,Elina Valtonen,65,0.4577335641610447,0.44430631744977767,0.47116081087231176,0.5422664358389553,0.5556936825502223,0.5288391891276881,2019-2023,6
1282,oppositio,Wille Rydman,83,0.44588253373413567,0.43560794984643464,0.4561571176218367,0.5541174662658643,0.5643920501535653,0.5438428823781634,2019-2023,6
1297,hallitus,Sanna Marin,695,0.5697025468565493,0.5590525788320126,0.5803525148810861,0.4302974531434506,0.4409474211679874,0.4196474851189138,2019-2023,6
1298,hallitus,Krista Mikkonen,260,0.5618280508106944,0.5411442553633521,0.5825118462580368,0.4381719491893056,0.45885574463664786,0.41748815374196324,2019-2023,6
1299,oppositio,Sari Multala,351,0.4880928562771615,0.4971372954143617,0.4790484171399612,0.5119071437228386,0.5028627045856383,0.5209515828600388,2019-2023,6
1301,oppositio,Jani Mäkelä,470,0.4193103570420701,0.415771373416819,0.4228493406673211,0.5806896429579299,0.5842286265831809,0.577150659332679,2019-2023,6
1302,hallitus,Ilmari Nurminen,111,0.5578979867231861,0.564769912310761,0.5510260611356113,0.44210201327681364,0.43523008768923876,0.4489739388643885,2019-2023,6
1305,hallitus,Juha Pylväs,46,0.5104241573117225,0.4955701403459085,0.5252781742775364,0.4895758426882774,0.5044298596540915,0.47472182572246335,2019-2023,6
1306,hallitus,Anders Adlercreutz,193,0.5207643939320459,0.5334992105730357,0.5080295772910561,0.479235606067954,0.46650078942696416,0.4919704227089438,2019-2023,6
1308,oppositio,Jari Ronkainen,121,0.47104878501709113,0.46310614828657026,0.47899142174761195,0.528951214982909,0.5368938517134297,0.5210085782523881,2019-2023,6
1310,hallitus,Li Andersson,266,0.6557041767240271,0.6533024025801197,0.6581059508679346,0.34429582327597297,0.3466975974198802,0.34189404913206567,2019-2023,6
1312,hallitus,Hanna Sarkkinen,215,0.5834247357106992,0.5759130397506474,0.5909364316707508,0.41657526428930086,0.42408696024935255,0.40906356832924917,2019-2023,6
1314,oppositio,Sami Savio,121,0.49047579035428546,0.4698415273083733,0.5111100534001976,0.5095242096457145,0.5301584726916266,0.48888994659980245,2019-2023,6
1315,hallitus,Matti Semi,109,0.5223283246841284,0.5321722274315395,0.5124844219367173,0.4776716753158717,0.46782777256846053,0.48751557806328283,2019-2023,6
1316,hallitus,Ville Skinnari,82,0.5710974469933527,0.5716085460041088,0.5705863479825968,0.42890255300664726,0.4283914539958912,0.4294136520174033,2019-2023,6
1323,oppositio,Mari-Leena Talvitie,253,0.5263359486036517,0.5233367547041692,0.5293351425031343,0.47366405139634826,0.4766632452958309,0.4706648574968657,2019-2023,6
1325,oppositio,Sari Tanus,261,0.4746736879556025,0.46952822054346377,0.4798191553677412,0.5253263120443976,0.5304717794565363,0.5201808446322588,2019-2023,6
1326,hallitus,Timo Harakka,254,0.5415657403010192,0.533092148329615,0.5500393322724235,0.4584342596989808,0.46690785167038495,0.4499606677275766,2019-2023,6
1327,oppositio,Ville Tavio,268,0.420277151051178,0.4108181138954768,0.4297361882068792,0.5797228489488221,0.5891818861045233,0.5702638117931209,2019-2023,6
1330,oppositio,Juhana Vartiainen,97,0.46725151965534717,0.4599676055221845,0.47453543378850976,0.5327484803446529,0.5400323944778156,0.5254645662114903,2019-2023,6
1334,oppositio,Antti Häkkänen,105,0.48767402137033844,0.4833784258207309,0.49196961691994606,0.5123259786296617,0.5166215741792693,0.5080303830800541,2019-2023,6
1336,hallitus,Emma Kari,68,0.5783666284653095,0.5938391902883483,0.5628940666422706,0.4216333715346906,0.4061608097116518,0.43710593335772935,2019-2023,6
1338,hallitus,Hanna Kosonen,87,0.5247813169243658,0.5365077322974232,0.5130549015513084,0.4752186830756343,0.463492267702577,0.48694509844869166,2019-2023,6
1340,hallitus,Katri Kulmuni,218,0.504359795555485,0.49820786115461324,0.5105117299563569,0.4956402044445149,0.5017921388453868,0.48948827004364304,2019-2023,6
1341,hallitus,Antti Kurvinen,269,0.5259091664174261,0.5350312940306965,0.5167870388041558,0.47409083358257387,0.46496870596930345,0.4832129611958442,2019-2023,6
1343,oppositio,Antero Laukkanen,203,0.46998880231782036,0.458670245565727,0.4813073590699138,0.5300111976821796,0.541329754434273,0.5186926409300863,2019-2023,6
1349,oppositio,Leena Meri,508,0.46312798511208875,0.45928311214690903,0.4669728580772684,0.5368720148879114,0.540716887853091,0.5330271419227316,2019-2023,6
1374,hallitus,Veronica Rehn-Kivi,59,0.5562370643727971,0.5524608684470889,0.5600132602985053,0.44376293562720304,0.44753913155291125,0.4399867397014948,2019-2023,6
1379,oppositio,Mia Laiho,385,0.5020862858197708,0.5043372894419453,0.4998352821975961,0.4979137141802292,0.4956627105580546,0.5001647178024039,2019-2023,6
1380,hallitus,Riitta Kaarisalo,88,0.5664672055471691,0.5585340165063062,0.574400394588032,0.43353279445283077,0.4414659834936937,0.42559960541196784,2019-2023,6
1382,hallitus,Hanna-Leena Mattila,158,0.5220980554262262,0.5272819498455483,0.5169141610069042,0.4779019445737737,0.47271805015445156,0.4830858389930959,2019-2023,6
1383,hallitus,Veronika Honkasalo,199,0.5422502617766023,0.5570826345726073,0.5274178889805972,0.4577497382233978,0.4429173654273927,0.4725821110194029,2019-2023,6
1384,hallitus,Mai Kivelä,184,0.5405078237807976,0.5419922146769646,0.5390234328846307,0.45949217621920246,0.4580077853230355,0.4609765671153694,2019-2023,6
1387,hallitus,Maria Ohisalo,305,0.5377697450933807,0.5380690148356204,0.5374704753511411,0.4622302549066192,0.46193098516437947,0.4625295246488589,2019-2023,6
1388,oppositio,Mari Rantanen,464,0.44391047744319545,0.44169586171332237,0.44612509317306853,0.5560895225568045,0.5583041382866776,0.5538749068269315,2019-2023,6
1390,hallitus,Eveliina Heinäluoma,88,0.5197093571230198,0.5099940333931896,0.52942468085285,0.4802906428769802,0.49000596660681045,0.47057531914714995,2019-2023,6
1391,oppositio,Ari Koponen,457,0.5171895569453182,0.5076065803203968,0.5267725335702396,0.4828104430546819,0.49239341967960326,0.47322746642976055,2019-2023,6
1392,oppositio,Riikka Purra,426,0.45389018845377394,0.45444731411448014,0.45333306279306773,0.5461098115462261,0.5455526858855199,0.5466669372069323,2019-2023,6
1393,oppositio,Riikka Slunga-Poutsalo,71,0.49715438034605264,0.5081617050978758,0.48614705559422944,0.5028456196539474,0.4918382949021242,0.5138529444057706,2019-2023,6
1394,oppositio,Pihla Keto-Huovinen,127,0.49434972506208114,0.507869364662578,0.48083008546158423,0.5056502749379189,0.4921306353374221,0.5191699145384158,2019-2023,6
1395,oppositio,Ruut Sjöblom,79,0.5234719555892051,0.5228755056296877,0.5240684055487226,0.4765280444107949,0.4771244943703124,0.47593159445127736,2019-2023,6
1396,oppositio,Heikki Vestman,287,0.46299356122031887,0.4722935838920278,0.45369353854860994,0.5370064387796811,0.5277064161079722,0.5463064614513901,2019-2023,6
1399,hallitus,Pia Lohikoski,194,0.5616211841528891,0.5564885835851683,0.56675378472061,0.438378815847111,0.44351141641483194,0.43324621527939006,2019-2023,6
1400,hallitus,Jussi Saramo,160,0.4931219977068796,0.4621910825978044,0.5240529128159548,0.5068780022931204,0.5378089174021957,0.4759470871840451,2019-2023,6
1401,hallitus,Tiina Elo,250,0.6189862082405113,0.6329432773127965,0.6050291391682261,0.3810137917594887,0.36705672268720335,0.394970860831774,2019-2023,6
1402,hallitus,Inka Hopsu,362,0.5940031531656333,0.5760210516112305,0.6119852547200362,0.40599684683436676,0.4239789483887696,0.38801474527996394,2019-2023,6
1404,hallitus,Noora Koponen,108,0.577157660553439,0.5901307689578319,0.5641845521490462,0.42284233944656113,0.40986923104216827,0.43581544785095405,2019-2023,6
1407,hallitus,Johannes Yrttiaho,115,0.46709687863213306,0.46290563126015327,0.47128812600411285,0.532903121367867,0.5370943687398466,0.5287118739958873,2019-2023,6
1408,hallitus,Aki Lindén,495,0.5030023615677021,0.5192217432869254,0.48678297984847874,0.4969976384322979,0.4807782567130746,0.5132170201515212,2019-2023,6
1410,oppositio,Mikko Lundén,154,0.4733124670532043,0.4759159828656247,0.47070895124078393,0.5266875329467957,0.5240840171343752,0.5292910487592161,2019-2023,6
1411,hallitus,Sofia Virta,109,0.5761898798429039,0.5666709414658286,0.5857088182199792,0.42381012015709607,0.43332905853417136,0.4142911817800208,2019-2023,6
1412,hallitus,Eeva Kalli,130,0.5680697123288022,0.5643697017392979,0.5717697229183065,0.4319302876711978,0.4356302982607021,0.42823027708169353,2019-2023,6
1413,oppositio,Jari Koskela,193,0.46948939963681646,0.4754564417052934,0.4635223575683395,0.5305106003631836,0.5245435582947067,0.5364776424316605,2019-2023,6
1414,hallitus,Heidi Viljanen,174,0.5601393444536253,0.5758702829493917,0.5444084059578591,0.43986065554637466,0.4241297170506084,0.4555915940421409,2019-2023,6
1415,hallitus,Hilkka Kemppi,210,0.5406507595602745,0.5341550555432251,0.5471464635773241,0.45934924043972536,0.4658449444567749,0.4528535364226758,2019-2023,6
1417,oppositio,Lulu Ranne,266,0.4759715137194653,0.4734083730760785,0.47853465436285203,0.5240284862805348,0.5265916269239215,0.5214653456371481,2019-2023,6
1418,oppositio,Veijo Niemi,164,0.47469918888254925,0.4683431186338406,0.4810552591312579,0.5253008111174509,0.5316568813661595,0.5189447408687421,2019-2023,6
1420,oppositio,Veikko Vallin,81,0.41028556094642143,0.41452060449585576,0.40605051739698705,0.5897144390535785,0.5854793955041441,0.593949482603013,2019-2023,6
1421,oppositio,Anna-Kaisa Ikonen,116,0.5301759214412936,0.530825437318804,0.5295264055637832,0.4698240785587064,0.46917456268119595,0.47047359443621684,2019-2023,6
1422,hallitus,Jouni Ovaska,333,0.49982795646810096,0.48431630207233034,0.5153396108638716,0.500172043531899,0.5156836979276695,0.4846603891361284,2019-2023,6
1424,hallitus,Hanna Holopainen,129,0.5602161639800012,0.5578847465604967,0.5625475813995056,0.4397838360199989,0.44211525343950325,0.4374524186004945,2019-2023,6
1426,oppositio,Sheikki Laakso,367,0.41924169094316655,0.4066155195780852,0.4318678623082478,0.5807583090568333,0.5933844804219148,0.568132137691752,2019-2023,6
1428,hallitus,Niina Malm,141,0.5601426424356075,0.5495873243222616,0.5706979605489533,0.4398573575643926,0.45041267567773835,0.42930203945104684,2019-2023,6
1429,hallitus,Paula Werning,107,0.5442058328737017,0.5406498261179393,0.5477618396294641,0.45579416712629833,0.4593501738820606,0.45223816037053605,2019-2023,6
1430,hallitus,Seppo Eskelinen,190,0.5606974269031497,0.5634736496685432,0.5579212041377564,0.4393025730968504,0.4365263503314569,0.4420787958622439,2019-2023,6
1432,oppositio,Marko Kilpi,158,0.4428428551878415,0.4438882889591193,0.44179742141656375,0.5571571448121585,0.5561117110408806,0.5582025785834364,2019-2023,6
1433,hallitus,Hanna Räsänen,160,0.4902890655794755,0.5005238398385573,0.48005429132039373,0.5097109344205244,0.4994761601614427,0.5199457086796062,2019-2023,6
1434,oppositio,Sanna Antikainen,130,0.45304110434194167,0.44507566688519307,0.46100654179869033,0.5469588956580583,0.5549243331148069,0.5389934582013097,2019-2023,6
1435,oppositio,Minna Reijonen,406,0.47043869026177265,0.4432153890072934,0.49766199151625196,0.5295613097382273,0.5567846109927066,0.5023380084837481,2019-2023,6
1438,oppositio,Jukka Mäkynen,134,0.457573895354067,0.4416869264527213,0.4734608642554127,0.5424261046459329,0.5583130735472785,0.5265391357445873,2019-2023,6
1439,oppositio,Mauri Peltokangas,274,0.43031295506440276,0.40757439740713475,0.45305151272167077,0.5696870449355973,0.5924256025928653,0.5469484872783292,2019-2023,6
1441,hallitus,Mikko Ollikainen,105,0.5413676511194768,0.5321360770879704,0.5505992251509833,0.45863234888052307,0.4678639229120295,0.44940077484901664,2019-2023,6
1442,hallitus,Pasi Kivisaari,480,0.553628256673665,0.5524773466989876,0.5547791666483423,0.4463717433263351,0.4475226533010125,0.4452208333516577,2019-2023,6
1443,hallitus,Kim Berg,164,0.537781131324756,0.5565538956462556,0.5190083670032566,0.462218868675244,0.44344610435374465,0.4809916329967433,2019-2023,6
1444,hallitus,Juho Kautto,51,0.5325355467418798,0.5370940717153211,0.5279770217684384,0.4674644532581202,0.4629059282846789,0.4720229782315615,2019-2023,6
1445,hallitus,Bella Forsgrén,53,0.5254645400194291,0.5333157029108412,0.5176133771280169,0.4745354599805709,0.4666842970891588,0.48238662287198303,2019-2023,6
1446,hallitus,Joonas Könttä,253,0.5065070869059188,0.5023776499543163,0.5106365238575213,0.49349291309408116,0.49762235004568367,0.48936347614247866,2019-2023,6
1447,hallitus,Piritta Rantanen,80,0.510791177088146,0.5175830183265344,0.5039993358497576,0.4892088229118539,0.4824169816734655,0.49600066415024235,2019-2023,6
1450,oppositio,Jenna Simula,153,0.4292765104788552,0.4470019391721235,0.41155108178558686,0.5707234895211448,0.5529980608278764,0.5884489182144131,2019-2023,6
1451,oppositio,Sebastian Tynkkynen,354,0.45867020544968806,0.44583766788859946,0.47150274301077666,0.541329794550312,0.5541623321114005,0.5284972569892236,2019-2023,6
1452,hallitus,Pekka Aittakumpu,288,0.537747739380172,0.5293673874427015,0.5461280913176425,0.46225226061982805,0.47063261255729866,0.45387190868235744,2019-2023,6
1453,hallitus,Mikko Kinnunen,500,0.5886518985242902,0.5850131556654785,0.592290641383102,0.41134810147570966,0.41498684433452127,0.40770935861689805,2019-2023,6
1454,oppositio,Janne Heikkinen,106,0.4676895090301134,0.45440036245937054,0.4809786556008563,0.5323104909698866,0.5455996375406296,0.5190213443991437,2019-2023,6
1455,oppositio,Kaisa Juuso,193,0.45391573328877644,0.4404243933324074,0.4674070732451455,0.5460842667112236,0.5595756066675927,0.5325929267548546,2019-2023,6
1467,oppositio,Petri Huru,192,0.5051218105627464,0.5165176319836104,0.4937259891418825,0.4948781894372535,0.4834823680163896,0.5062740108581174,2019-2023,6
1468,hallitus,Tuomas Kettunen,386,0.5372197056382033,0.5375096788400466,0.53692973243636,0.4627802943617968,0.4624903211599535,0.4630702675636401,2019-2023,6
1469,hallitus,Matias Mäkynen,84,0.5440182590342408,0.553676759412147,0.5343597586563346,0.45598174096575916,0.44632324058785294,0.4656402413436654,2019-2023,6
1481,oppositio,Atte Kaleva,43,0.48671361713096395,0.480439996946298,0.49298723731562993,0.5132863828690362,0.5195600030537021,0.5070127626843701,2019-2023,6
175,oppositio,Toimi Kankaanniemi,413,0.4542011139869908,0.44609151304481476,0.46231071492916687,0.5457988860130092,0.5539084869551854,0.5376892850708329,2019-2023,6
301,oppositio,Ben Zyskowicz,375,0.4454791294636873,0.46173092929799087,0.42922732962938365,0.5545208705363127,0.538269070702009,0.5707726703706164,2019-2023,6
351,hallitus,Eva Biaudet,75,0.5337099533868792,0.5477300456227886,0.5196898611509699,0.4662900466131207,0.4522699543772113,0.4803101388490301,2019-2023,6
357,hallitus,Erkki Tuomioja,67,0.5088862423690779,0.5009488487442427,0.516823635993913,0.4911137576309221,0.4990511512557573,0.4831763640060869,2019-2023,6
358,hallitus,Johannes Koskinen,228,0.5306356847918234,0.5179863728191995,0.5432849967644475,0.46936431520817645,0.48201362718080054,0.4567150032355524,2019-2023,6
363,hallitus,Satu Hassi,161,0.509340494492161,0.5190369833577205,0.4996440056266015,0.490659505507839,0.4809630166422796,0.5003559943733984,2019-2023,6
414,hallitus,Matti Vanhanen,318,0.5155039836953804,0.5122217817986789,0.5187861855920819,0.4844960163046196,0.48777821820132106,0.48121381440791805,2019-2023,6
451,hallitus,Tarja Filatov,135,0.52954850988917,0.5237694317714975,0.5353275880068425,0.4704514901108301,0.4762305682285025,0.4646724119931577,2019-2023,6
464,hallitus,Kimmo Kiljunen,861,0.49722292733755835,0.49149507404610054,0.5029507806290161,0.5027770726624416,0.5085049259538995,0.49704921937098384,2019-2023,6
499,oppositio,Päivi Räsänen,539,0.4887394192861996,0.4988931810230869,0.4785856575493123,0.5112605807138004,0.5011068189769131,0.5214143424506876,2019-2023,6
508,hallitus,Anu Vehviläinen,139,0.5470666176209142,0.5401449477830937,0.5539882874587349,0.45293338237908565,0.45985505221690615,0.44601171254126515,2019-2023,6
511,hallitus,Pia Viitanen,314,0.5174326499204127,0.5092873811293309,0.5255779187114944,0.4825673500795873,0.4907126188706691,0.47442208128850555,2019-2023,6
538,hallitus,Tuula Haatainen,314,0.5616823969427656,0.5627043054637291,0.5606604884218022,0.43831760305723433,0.43729569453627093,0.4393395115781978,2019-2023,6
582,hallitus,Jari Leppä,146,0.5472541774700079,0.5580146470565042,0.5364937078835117,0.4527458225299921,0.4419853529434959,0.46350629211648836,2019-2023,6
583,hallitus,Mika Lintilä,429,0.499019976559513,0.4931163622704281,0.504923590848598,0.5009800234404869,0.5068836377295718,0.49507640915140205,2019-2023,6
612,oppositio,Sari Sarkomaa,265,0.43652111140663874,0.43898769580806646,0.434054527005211,0.5634788885933613,0.5610123041919336,0.565945472994789,2019-2023,6
778,oppositio,Sari Essayah,696,0.48876946125818627,0.48606731363121314,0.4914716088851594,0.5112305387418137,0.5139326863687868,0.5085283911148406,2019-2023,6
779,hallitus,Esko Kiviranta,403,0.527719568992248,0.5152756962060303,0.5401634417784659,0.47228043100775197,0.4847243037939696,0.4598365582215343,2019-2023,6
784,oppositio,Arto Satonen,302,0.46307397041740644,0.4678453721025043,0.45830256873230857,0.5369260295825935,0.5321546278974956,0.5416974312676914,2019-2023,6
791,hallitus,Anneli Kiljunen,140,0.5312145683067335,0.5415215540959661,0.5209075825175009,0.4687854316932666,0.45847844590403397,0.47909241748249914,2019-2023,6
797,hallitus,Hannu Hoskonen,623,0.43118695238404997,0.43103211867562746,0.4313417860924725,0.5688130476159501,0.5689678813243726,0.5686582139075276,2019-2023,6
887,hallitus,Sirpa Paatero,158,0.5623099248225722,0.5595136836734084,0.5651061659717362,0.43769007517742775,0.44048631632659163,0.4348938340282638,2019-2023,6
914,hallitus,Outi Alanko-Kahiluoto,60,0.5549254524662626,0.5495458559987957,0.5603050489337296,0.44507454753373743,0.4504541440012044,0.43969495106627043,2019-2023,6
917,hallitus,Paavo Arhinmäki,146,0.5102701218026413,0.5169986303199213,0.5035416132853612,0.4897298781973588,0.4830013696800787,0.4964583867146389,2019-2023,6
923,hallitus,Thomas Blomqvist,45,0.612653099515043,0.6176015959360349,0.6077046030940512,0.387346900484957,0.382398404063965,0.39229539690594895,2019-2023,6
926,hallitus,Maria Guzenina,138,0.5071973609921345,0.5021523472139093,0.5122423747703596,0.4928026390078655,0.49784765278609056,0.4877576252296404,2019-2023,6
930,hallitus,Heli Järvinen,54,0.5245843719690512,0.5139681378177434,0.5352006061203589,0.47541562803094883,0.48603186218225664,0.4647993938796411,2019-2023,6
941,hallitus,Anna-Maja Henriksson,292,0.5371309069557848,0.5377029994881823,0.5365588144233872,0.46286909304421525,0.46229700051181766,0.46344118557661285,2019-2023,6
947,oppositio,Petteri Orpo,283,0.44665259404732005,0.4538679236031986,0.4394372644914415,0.55334740595268,0.5461320763968014,0.5605627355085585,2019-2023,6
948,oppositio,Anne-Mari Virolainen,93,0.5057622367579797,0.5044596690101056,0.5070648045058537,0.49423776324202034,0.49554033098989436,0.4929351954941463,2019-2023,6
953,hallitus,Anne Kalmari,231,0.4929623080248821,0.5038703183696612,0.482054297680103,0.5070376919751178,0.49612968163033877,0.517945702319897,2019-2023,6
960,hallitus,Krista Kiuru,583,0.5490825520479232,0.5542861119309773,0.5438789921648692,0.4509174479520767,0.4457138880690228,0.45612100783513065,2019-2023,6
963,hallitus,Merja Kyllönen,160,0.5274154089620569,0.5234741804710837,0.53135663745303,0.47258459103794304,0.47652581952891626,0.4686433625469698,2019-2023,6
967,oppositio,Timo Heinonen,682,0.4621376195327759,0.45937578445652133,0.4648994546090305,0.5378623804672241,0.5406242155434787,0.5351005453909695,2019-2023,6
970,hallitus,Marko Asell,101,0.5658275341290078,0.5654036955781366,0.566251372679879,0.43417246587099223,0.43459630442186353,0.4337486273201209,2019-2023,6
971,hallitus,Johanna Ojala-Niemelä,83,0.5108986157937625,0.5055510900863713,0.5162461415011537,0.4891013842062375,0.49444890991362866,0.48375385849884633,2019-2023,6
1087,hallitus,Merja Mäkisalo-Ropponen,290,0.5822674584258178,0.5906751166656299,0.5738598001860057,0.4177325415741823,0.4093248833343702,0.4261401998139944,2019-2023,7
1089,oppositio,Heikki Autto,409,0.49685223884988206,0.4954395810229261,0.49826489667683804,0.5031477611501178,0.5045604189770739,0.5017351033231618,2019-2023,7
1095,oppositio,Tom Packalén,41,0.448949033489324,0.4514759210807526,0.44642214589789553,0.5510509665106759,0.5485240789192473,0.5535778541021045,2019-2023,7
1096,oppositio,Ritva Elomaa,304,0.43793127177616353,0.4393845953970298,0.4364779481552973,0.5620687282238366,0.5606154046029703,0.5635220518447027,2019-2023,7
1097,hallitus,Aino-Kaisa Pekonen,209,0.57153061722176,0.5833268835409118,0.5597343509026084,0.4284693827782401,0.41667311645908844,0.4402656490973917,2019-2023,7
1098,oppositio,Jaana Pelkonen,133,0.5038630125707111,0.5078791162437576,0.4998469088976645,0.49613698742928897,0.4921208837562423,0.5001530911023356,2019-2023,7
1099,hallitus,Eeva-Johanna Eloranta,88,0.4957402841704341,0.5039857363264844,0.4874948320143838,0.504259715829566,0.49601426367351575,0.5125051679856162,2019-2023,7
1105,oppositio,Janne Sankelo,241,0.4769662970755544,0.45760151103537205,0.4963310831157367,0.5230337029244456,0.542398488964628,0.5036689168842633,2019-2023,7
1108,hallitus,Juha Sipilä,71,0.5254979645359157,0.5212476407452526,0.5297482883265787,0.47450203546408426,0.47875235925474735,0.47025171167342117,2019-2023,7
1109,oppositio,Jussi Halla-aho,217,0.47605394810590196,0.45308963876403546,0.4990182574477685,0.523946051894098,0.5469103612359646,0.5009817425522315,2019-2023,7
1118,oppositio,Kari Tolvanen,65,0.4472050417520236,0.4739367551251412,0.420473328378906,0.5527949582479763,0.5260632448748587,0.5795266716210941,2019-2023,7
1120,hallitus,Ari Torniainen,194,0.4856468626015521,0.48233036208500907,0.4889633631180952,0.5143531373984478,0.517669637914991,0.5110366368819047,2019-2023,7
1122,oppositio,Olli Immonen,69,0.4602392350360453,0.46153450532646545,0.45894396474562515,0.5397607649639546,0.5384654946735346,0.5410560352543747,2019-2023,7
1126,hallitus,Tytti Tuppurainen,161,0.5693686954685971,0.5743265917521996,0.5644107991849947,0.4306313045314029,0.42567340824780053,0.4355892008150053,2019-2023,7
1129,oppositio,Arja Juvonen,534,0.4723085722579439,0.4834751978631876,0.46114194665270025,0.5276914277420561,0.5165248021368124,0.5388580533472997,2019-2023,7
1131,oppositio,Sinuhe Wallinheimo,190,0.4768379232926415,0.48215966163388285,0.47151618495140024,0.5231620767073585,0.5178403383661172,0.5284838150485998,2019-2023,7
1133,hallitus,Mika Kari,101,0.5049517340290992,0.5013690094413836,0.5085344586168147,0.4950482659709008,0.49863099055861637,0.4914655413831852,2019-2023,7
1134,oppositio,Sofia Vikman,175,0.5094164357027803,0.5008242941543211,0.5180085772512395,0.4905835642972197,0.49917570584567894,0.48199142274876045,2019-2023,7
1135,oppositio,Pia Kauma,335,0.4443025068340771,0.44167027185561236,0.4469347418125419,0.5556974931659229,0.5583297281443876,0.5530652581874582,2019-2023,7
1137,oppositio,Pauli Kiuru,265,0.49568231993995,0.4844554881112636,0.5069091517686364,0.50431768006005,0.5155445118887363,0.4930908482313637,2019-2023,7
1141,oppositio,Peter Östman,234,0.48679478594104,0.48938975625208087,0.48419981562999903,0.51320521405896,0.5106102437479191,0.515800184370001,2019-2023,7
1142,oppositio,Jukka Kopra,188,0.46741049975391546,0.4611072865245295,0.47371371298330145,0.5325895002460845,0.5388927134754705,0.5262862870166984,2019-2023,7
1144,hallitus,Suna Kymäläinen,188,0.5340428127109087,0.5256997307149925,0.5423858947068247,0.4659571872890913,0.47430026928500746,0.4576141052931752,2019-2023,7
1147,hallitus,Antti Lindtman,271,0.5197217438921178,0.4983041680478063,0.5411393197364294,0.4802782561078821,0.5016958319521936,0.4588606802635707,2019-2023,7
1149,hallitus,Markus Lohi,232,0.5049792821829455,0.5093831827532852,0.5005753816126057,0.4950207178170545,0.4906168172467148,0.4994246183873942,2019-2023,7
1154,hallitus,Jari Myllykoski,364,0.4856023895875414,0.49026092314155134,0.4809438560335315,0.5143976104124586,0.5097390768584487,0.5190561439664685,2019-2023,7
1155,hallitus,Anna Kontula,157,0.49137775851018595,0.48475385020344647,0.4980016668169255,0.508622241489814,0.5152461497965535,0.5019983331830745,2019-2023,7
118,hallitus,Pekka Haavisto,266,0.5291557442961935,0.5312011814074541,0.5271103071849329,0.4708442557038065,0.46879881859254596,0.4728896928150671,2019-2023,7
1219,oppositio,Saara-Sofia Sirén,124,0.5200351642361336,0.5057615604986961,0.534308767973571,0.4799648357638664,0.49423843950130386,0.465691232026429,2019-2023,7
1265,oppositio,Matias Marttinen,293,0.4701095023140476,0.457261936671112,0.4829570679569832,0.5298904976859524,0.542738063328888,0.5170429320430168,2019-2023,7
1274,hallitus,Antti Rinne,195,0.5463150330347037,0.5662862031461862,0.5263438629232212,0.4536849669652964,0.43371379685381395,0.4736561370767789,2019-2023,7
1276,hallitus,Katja Hänninen,137,0.5314269964625967,0.5317416949002272,0.5311122980249663,0.4685730035374033,0.4682583050997728,0.4688877019750338,2019-2023,7
1279,oppositio,Elina Valtonen,65,0.48360726552606487,0.4857793110962059,0.4814352199559238,0.5163927344739352,0.514220688903794,0.5185647800440762,2019-2023,7
1282,oppositio,Wille Rydman,83,0.46947714735462487,0.45213242166999185,0.4868218730392579,0.5305228526453751,0.5478675783300082,0.513178126960742,2019-2023,7
1297,hallitus,Sanna Marin,695,0.5628985301203565,0.5490875332915168,0.5767095269491962,0.43710146987964343,0.4509124667084832,0.4232904730508037,2019-2023,7
1299,oppositio,Sari Multala,351,0.4746289631543932,0.4750937339683324,0.4741641923404539,0.5253710368456068,0.5249062660316677,0.525835807659546,2019-2023,7
1300,oppositio,Kai Mykkänen,254,0.44856102361894723,0.4442688161490211,0.4528532310888734,0.5514389763810528,0.5557311838509789,0.5471467689111267,2019-2023,7
1301,oppositio,Jani Mäkelä,470,0.4335305203309488,0.4244329655203193,0.4426280751415783,0.5664694796690511,0.5755670344796807,0.5573719248584216,2019-2023,7
1302,hallitus,Ilmari Nurminen,111,0.5350019730123623,0.5460454234516243,0.5239585225731003,0.46499802698763776,0.4539545765483758,0.47604147742689973,2019-2023,7
1305,hallitus,Juha Pylväs,46,0.5454009733803105,0.5574190190643369,0.533382927696284,0.45459902661968954,0.44258098093566317,0.4666170723037159,2019-2023,7
1306,hallitus,Anders Adlercreutz,193,0.49962436364277923,0.4904953013487715,0.508753425936787,0.5003756363572207,0.5095046986512284,0.4912465740632131,2019-2023,7
1308,oppositio,Jari Ronkainen,121,0.46730436681699083,0.4649132460122649,0.4696954876217167,0.5326956331830093,0.5350867539877352,0.5303045123782832,2019-2023,7
1310,hallitus,Li Andersson,266,0.5812716242555851,0.5979676061676102,0.5645756423435598,0.418728375744415,0.4020323938323897,0.4354243576564403,2019-2023,7
1312,hallitus,Hanna Sarkkinen,215,0.5602525546730618,0.5524366612125405,0.568068448133583,0.4397474453269382,0.4475633387874594,0.43193155186641696,2019-2023,7
1314,oppositio,Sami Savio,121,0.4539661350989914,0.4512613809544644,0.4566708892435184,0.5460338649010086,0.5487386190455357,0.5433291107564815,2019-2023,7
1315,hallitus,Matti Semi,109,0.5008106930094254,0.4970005574688631,0.5046208285499877,0.49918930699057457,0.5029994425311368,0.4953791714500123,2019-2023,7
1316,hallitus,Ville Skinnari,82,0.5867832392626595,0.5721219476782479,0.6014445308470713,0.41321676073734037,0.427878052321752,0.3985554691529288,2019-2023,7
1318,hallitus,Joakim Strand,99,0.534225407247686,0.5338329634748382,0.5346178510205337,0.4657745927523139,0.46616703652516167,0.4653821489794662,2019-2023,7
1323,oppositio,Mari-Leena Talvitie,253,0.4777704051299144,0.4761753000364801,0.4793655102233488,0.5222295948700857,0.5238246999635201,0.5206344897766513,2019-2023,7
1325,oppositio,Sari Tanus,261,0.4894275046649316,0.495128192045175,0.48372681728468825,0.5105724953350683,0.504871807954825,0.5162731827153118,2019-2023,7
1326,hallitus,Timo Harakka,254,0.5515793302983625,0.53929749611687,0.563861164479855,0.4484206697016375,0.4607025038831301,0.43613883552014493,2019-2023,7
1327,oppositio,Ville Tavio,268,0.44091593348108066,0.43179288799494203,0.4500389789672193,0.5590840665189194,0.568207112005058,0.5499610210327808,2019-2023,7
1330,oppositio,Juhana Vartiainen,97,0.4384608541966829,0.44239072664018203,0.43453098175318383,0.561539145803317,0.5576092733598179,0.5654690182468162,2019-2023,7
1331,hallitus,Petri Honkonen,147,0.5314215955824404,0.5354542123500571,0.5273889788148237,0.4685784044175596,0.4645457876499429,0.4726110211851763,2019-2023,7
1334,oppositio,Antti Häkkänen,105,0.48488304788116976,0.4843048956379562,0.4854612001243833,0.5151169521188302,0.5156951043620438,0.5145387998756167,2019-2023,7
1336,hallitus,Emma Kari,68,0.5912856786891885,0.596400185949665,0.5861711714287118,0.40871432131081165,0.40359981405033496,0.4138288285712883,2019-2023,7
1338,hallitus,Hanna Kosonen,87,0.5350806140812565,0.5353632694764106,0.5347979586861025,0.4649193859187435,0.46463673052358956,0.4652020413138975,2019-2023,7
1340,hallitus,Katri Kulmuni,218,0.5342267671684388,0.5371020495618553,0.5313514847750223,0.46577323283156113,0.4628979504381447,0.46864851522497764,2019-2023,7
1341,hallitus,Antti Kurvinen,269,0.5108267652885654,0.5116995447509406,0.5099539858261903,0.4891732347114346,0.4883004552490594,0.4900460141738098,2019-2023,7
1343,oppositio,Antero Laukkanen,203,0.46005886686337344,0.45049617039576406,0.4696215633309828,0.5399411331366266,0.5495038296042359,0.5303784366690172,2019-2023,7
1344,oppositio,Rami Lehto,176,0.46740287026037414,0.4679968627516429,0.4668088777691054,0.5325971297396257,0.532003137248357,0.5331911222308945,2019-2023,7
1348,hallitus,Mikko Kärnä,122,0.47974162629497474,0.5018764017605882,0.45760685082936126,0.5202583737050251,0.4981235982394116,0.5423931491706387,2019-2023,7
1349,oppositio,Leena Meri,508,0.4394352541270111,0.44355271988769374,0.43531778836632845,0.5605647458729889,0.5564472801123062,0.5646822116336716,2019-2023,7
1374,hallitus,Veronica Rehn-Kivi,59,0.5276791310239082,0.5331752282933865,0.5221830337544298,0.4723208689760918,0.4668247717066135,0.4778169662455702,2019-2023,7
1379,oppositio,Mia Laiho,385,0.485916219436175,0.49715374651523747,0.47467869235711263,0.514083780563825,0.5028462534847625,0.5253213076428873,2019-2023,7
1380,hallitus,Riitta Kaarisalo,88,0.5589749262670595,0.5625440967182809,0.5554057558158381,0.4410250737329406,0.4374559032817191,0.44459424418416205,2019-2023,7
1382,hallitus,Hanna-Leena Mattila,158,0.5070630474600369,0.5130862866936841,0.5010398082263898,0.49293695253996306,0.486913713306316,0.4989601917736102,2019-2023,7
1383,hallitus,Veronika Honkasalo,199,0.5291670586158663,0.5307535270225239,0.5275805902092087,0.4708329413841337,0.4692464729774762,0.47241940979079117,2019-2023,7
1384,hallitus,Mai Kivelä,184,0.5535622814331898,0.5537737191743702,0.5533508436920094,0.44643771856681014,0.44622628082562976,0.44664915630799057,2019-2023,7
1385,hallitus,Atte Harjanne,168,0.532337652866449,0.531864918315673,0.5328103874172251,0.4676623471335509,0.46813508168432705,0.46718961258277486,2019-2023,7
1386,hallitus,Mari Holopainen,296,0.548007633913124,0.550651586811111,0.545363681015137,0.45199236608687593,0.4493484131888891,0.4546363189848628,2019-2023,7
1387,hallitus,Maria Ohisalo,305,0.5577968075808614,0.5435606465467641,0.5720329686149587,0.4422031924191387,0.45643935345323605,0.42796703138504133,2019-2023,7
1388,oppositio,Mari Rantanen,464,0.4239378857707552,0.42964063941428093,0.4182351321272294,0.5760621142292448,0.5703593605857191,0.5817648678727706,2019-2023,7
1390,hallitus,Eveliina Heinäluoma,88,0.540555942025853,0.5461460156510325,0.5349658684006735,0.45944405797414695,0.45385398434896745,0.46503413159932644,2019-2023,7
1392,oppositio,Riikka Purra,426,0.4657051154725397,0.458077586904579,0.4733326440405004,0.5342948845274602,0.5419224130954209,0.5266673559594997,2019-2023,7
1393,oppositio,Riikka Slunga-Poutsalo,71,0.46376038505722283,0.46261076934005835,0.46491000077438727,0.5362396149427772,0.5373892306599417,0.5350899992256126,2019-2023,7
1394,oppositio,Pihla Keto-Huovinen,127,0.5136474146949099,0.509105500503493,0.5181893288863268,0.48635258530509007,0.49089449949650693,0.4818106711136732,2019-2023,7
1396,oppositio,Heikki Vestman,287,0.4783766291359759,0.48580568209600494,0.47094757617594685,0.521623370864024,0.514194317903995,0.529052423824053,2019-2023,7
1397,hallitus,Hussein al-Taee,257,0.49961733172176437,0.4903281456852211,0.5089065177583076,0.5003826682782356,0.5096718543147789,0.4910934822416923,2019-2023,7
1399,hallitus,Pia Lohikoski,194,0.5156383820060013,0.5210780656734947,0.5101986983385081,0.4843616179939987,0.4789219343265053,0.48980130166149205,2019-2023,7
1400,hallitus,Jussi Saramo,160,0.5065405735210899,0.48678585190214624,0.5262952951400337,0.4934594264789101,0.5132141480978538,0.4737047048599664,2019-2023,7
1401,hallitus,Tiina Elo,250,0.6117276437129394,0.6171769894699649,0.6062782979559139,0.38827235628706064,0.38282301053003515,0.39372170204408613,2019-2023,7
1402,hallitus,Inka Hopsu,362,0.5534083208870162,0.5449860244293251,0.5618306173447072,0.4465916791129839,0.455013975570675,0.43816938265529276,2019-2023,7
1403,hallitus,Saara Hyrkkö,183,0.5365604337100451,0.5281384563020094,0.5449824111180808,0.46343956628995486,0.4718615436979906,0.4550175888819192,2019-2023,7
1404,hallitus,Noora Koponen,108,0.5668311725859971,0.5713244110041995,0.5623379341677948,0.43316882741400287,0.42867558899580044,0.4376620658322053,2019-2023,7
1407,hallitus,Johannes Yrttiaho,115,0.4985049917232224,0.49871128664299363,0.49829869680345107,0.5014950082767775,0.5012887133570063,0.5017013031965488,2019-2023,7
1408,hallitus,Aki Lindén,495,0.48251278351359816,0.4954572160106543,0.469568351016542,0.5174872164864018,0.5045427839893457,0.530431648983458,2019-2023,7
1409,oppositio,Vilhelm Junnila,310,0.45507657929500733,0.4721776939245414,0.43797546466547327,0.5449234207049927,0.5278223060754585,0.5620245353345267,2019-2023,7
1410,oppositio,Mikko Lundén,154,0.44401470435254875,0.43636340259204626,0.4516660061130512,0.5559852956474514,0.5636365974079538,0.5483339938869489,2019-2023,7
1411,hallitus,Sofia Virta,109,0.5755751436282319,0.6031764053799593,0.5479738818765045,0.42442485637176797,0.3968235946200406,0.45202611812349536,2019-2023,7
1412,hallitus,Eeva Kalli,130,0.5862955365500233,0.5914841421870085,0.5811069309130381,0.41370446344997674,0.40851585781299155,0.41889306908696194,2019-2023,7
1413,oppositio,Jari Koskela,193,0.48020472094424904,0.4819210926274874,0.47848834926101064,0.519795279055751,0.5180789073725125,0.5215116507389894,2019-2023,7
1414,hallitus,Heidi Viljanen,174,0.56643110033894,0.5692226127711784,0.5636395879067015,0.43356889966106005,0.4307773872288216,0.43636041209329857,2019-2023,7
1415,hallitus,Hilkka Kemppi,210,0.5676151248870105,0.5653510804214855,0.5698791693525356,0.4323848751129894,0.43464891957851437,0.4301208306474645,2019-2023,7
1417,oppositio,Lulu Ranne,266,0.4869221963462762,0.4985593449788818,0.47528504771367064,0.5130778036537238,0.5014406550211181,0.5247149522863294,2019-2023,7
1419,oppositio,Sakari Puisto,151,0.45410334072141345,0.4695642344432372,0.4386424469995897,0.5458966592785865,0.5304357655567629,0.5613575530004102,2019-2023,7
1420,oppositio,Veikko Vallin,81,0.45099432061471767,0.4252300467901815,0.4767585944392539,0.5490056793852823,0.5747699532098185,0.5232414055607462,2019-2023,7
1421,oppositio,Anna-Kaisa Ikonen,116,0.5207554696205279,0.535075183273599,0.5064357559674568,0.479244530379472,0.4649248167264008,0.4935642440325432,2019-2023,7
1423,hallitus,Iiris Suomela,188,0.5051496617389231,0.5047012370552532,0.5055980864225931,0.4948503382610769,0.49529876294474684,0.4944019135774069,2019-2023,7
1424,hallitus,Hanna Holopainen,129,0.5789101552735865,0.5911127043520604,0.5667076061951124,0.42108984472641364,0.4088872956479396,0.4332923938048877,2019-2023,7
1425,oppositio,Ville Kaunisto,159,0.5073256275249773,0.5054569417662523,0.5091943132837022,0.49267437247502266,0.49454305823374767,0.4908056867162977,2019-2023,7
1428,hallitus,Niina Malm,141,0.5606884439858368,0.5669599903199817,0.5544168976516919,0.43931155601416316,0.4330400096800184,0.445583102348308,2019-2023,7
1429,hallitus,Paula Werning,107,0.5186961648421244,0.5136641562566804,0.5237281734275684,0.4813038351578756,0.4863358437433196,0.4762718265724316,2019-2023,7
1430,hallitus,Seppo Eskelinen,190,0.5475636543436795,0.5404777822034906,0.5546495264838684,0.4524363456563204,0.4595222177965093,0.44535047351613155,2019-2023,7
1432,oppositio,Marko Kilpi,158,0.46061682212670363,0.4546170574694507,0.46661658678395657,0.5393831778732964,0.5453829425305493,0.5333834132160434,2019-2023,7
1433,hallitus,Hanna Räsänen,160,0.5313745665184753,0.5316591070937692,0.5310900259431814,0.4686254334815246,0.4683408929062307,0.46890997405681845,2019-2023,7
1434,oppositio,Sanna Antikainen,130,0.4313600651897399,0.4258588575278538,0.436861272851626,0.56863993481026,0.5741411424721461,0.5631387271483739,2019-2023,7
1437,oppositio,Juha Mäenpää,562,0.466317288943393,0.4656167630982666,0.46701781478851945,0.533682711056607,0.5343832369017334,0.5329821852114807,2019-2023,7
1438,oppositio,Jukka Mäkynen,134,0.4388783146832609,0.4509975387124733,0.42675909065404855,0.5611216853167391,0.5490024612875268,0.5732409093459515,2019-2023,7
1439,oppositio,Mauri Peltokangas,274,0.41589630247304776,0.4118760755685574,0.41991652937753815,0.5841036975269521,0.5881239244314425,0.5800834706224618,2019-2023,7
1441,hallitus,Mikko Ollikainen,105,0.5316249956427146,0.5462459253902671,0.5170040658951621,0.4683750043572854,0.45375407460973294,0.4829959341048379,2019-2023,7
1442,hallitus,Pasi Kivisaari,480,0.5587353148489823,0.5703260570958398,0.5471445726021248,0.4412646851510177,0.42967394290416017,0.4528554273978752,2019-2023,7
1443,hallitus,Kim Berg,164,0.5611074912881159,0.5960126872772514,0.5262022952989803,0.4388925087118841,0.4039873127227486,0.47379770470101956,2019-2023,7
1446,hallitus,Joonas Könttä,253,0.5279462729165518,0.5112965626407504,0.5445959831923534,0.4720537270834481,0.48870343735924954,0.4554040168076467,2019-2023,7
1447,hallitus,Piritta Rantanen,80,0.552017257590014,0.5645072114264172,0.5395273037536107,0.4479827424099859,0.4354927885735827,0.4604726962463891,2019-2023,7
1449,hallitus,Jenni Pitko,202,0.5614447734916417,0.5490126104693298,0.5738769365139537,0.4385552265083583,0.45098738953067025,0.4261230634860464,2019-2023,7
1450,oppositio,Jenna Simula,153,0.47635114538026846,0.48934218472889024,0.4633601060316466,0.5236488546197315,0.5106578152711098,0.5366398939683532,2019-2023,7
1452,hallitus,Pekka Aittakumpu,288,0.5392952769995738,0.5383072467247,0.5402833072744475,0.4607047230004263,0.4616927532753001,0.45971669272555254,2019-2023,7
1454,oppositio,Janne Heikkinen,106,0.4697933924025294,0.4760589044893324,0.4635278803157264,0.5302066075974706,0.5239410955106676,0.5364721196842737,2019-2023,7
1455,oppositio,Kaisa Juuso,193,0.46105649920042424,0.45731224339008303,0.4648007550107655,0.5389435007995758,0.542687756609917,0.5351992449892345,2019-2023,7
1467,oppositio,Petri Huru,192,0.47835893467980484,0.4655801031661432,0.4911377661934665,0.521641065320195,0.5344198968338566,0.5088622338065336,2019-2023,7
1468,hallitus,Tuomas Kettunen,386,0.5074880375462938,0.4934038277240996,0.521572247368488,0.4925119624537062,0.5065961722759005,0.478427752631512,2019-2023,7
1469,hallitus,Matias Mäkynen,84,0.5601437047232556,0.5532351524951579,0.5670522569513534,0.4398562952767443,0.44676484750484213,0.4329477430486464,2019-2023,7
1480,oppositio,Jari Kinnunen,77,0.46424498132682124,0.4646675710727132,0.4638223915809293,0.5357550186731788,0.5353324289272869,0.5361776084190707,2019-2023,7
1481,oppositio,Atte Kaleva,43,0.48947821012203585,0.4743173198580816,0.50463910038599,0.5105217898779641,0.5256826801419183,0.49536089961401003,2019-2023,7
170,oppositio,Ilkka Kanerva,83,0.5291587956218121,0.5141256337489118,0.5441919574947124,0.4708412043781879,0.48587436625108815,0.4558080425052876,2019-2023,7
175,oppositio,Toimi Kankaanniemi,413,0.45293206977046785,0.4385308831320045,0.46733325640893114,0.5470679302295322,0.5614691168679955,0.5326667435910688,2019-2023,7
301,oppositio,Ben Zyskowicz,375,0.4350667751598717,0.4462835114973808,0.4238500388223625,0.5649332248401283,0.5537164885026191,0.5761499611776375,2019-2023,7
351,hallitus,Eva Biaudet,75,0.5190028642375538,0.5293943420439975,0.5086113864311101,0.4809971357624462,0.4706056579560025,0.4913886135688898,2019-2023,7
357,hallitus,Erkki Tuomioja,67,0.5228470375614107,0.5265504917829035,0.5191435833399178,0.4771529624385894,0.4734495082170965,0.4808564166600823,2019-2023,7
358,hallitus,Johannes Koskinen,228,0.5175759340723327,0.5177247510235204,0.5174271171211451,0.48242406592766723,0.48227524897647944,0.482572882878855,2019-2023,7
363,hallitus,Satu Hassi,161,0.50910459526326,0.48868742158108625,0.5295217689454339,0.4908954047367399,0.5113125784189138,0.4704782310545661,2019-2023,7
414,hallitus,Matti Vanhanen,318,0.5183254823023051,0.5278790699414142,0.5087718946631962,0.48167451769769487,0.4721209300585859,0.49122810533680383,2019-2023,7
451,hallitus,Tarja Filatov,135,0.5270456468372606,0.509375396365214,0.5447158973093074,0.47295435316273937,0.4906246036347861,0.45528410269069264,2019-2023,7
464,hallitus,Kimmo Kiljunen,861,0.48495479835528055,0.486834412643518,0.48307518406704303,0.5150452016447195,0.513165587356482,0.5169248159329569,2019-2023,7
499,oppositio,Päivi Räsänen,539,0.48744892343113544,0.48588300324535894,0.48901484361691194,0.5125510765688646,0.5141169967546411,0.5109851563830881,2019-2023,7
511,hallitus,Pia Viitanen,314,0.5079441220007939,0.5200952924545247,0.49579295154706304,0.49205587799920625,0.47990470754547543,0.5042070484529371,2019-2023,7
583,hallitus,Mika Lintilä,429,0.5213356783258387,0.5100334278393137,0.5326379288123637,0.4786643216741613,0.4899665721606863,0.4673620711876363,2019-2023,7
612,oppositio,Sari Sarkomaa,265,0.4448177325081821,0.4401076410273713,0.4495278239889928,0.5551822674918179,0.5598923589726285,0.5504721760110074,2019-2023,7
772,hallitus,Antti Kaikkonen,153,0.5596093114824356,0.5653994550826663,0.553819167882205,0.44039068851756435,0.4346005449173337,0.446180832117795,2019-2023,7
778,oppositio,Sari Essayah,696,0.45554809663143614,0.4569246589415096,0.45417153432136265,0.544451903368564,0.5430753410584904,0.5458284656786374,2019-2023,7
779,hallitus,Esko Kiviranta,403,0.5422265534660777,0.5298945054918051,0.5545586014403504,0.4577734465339222,0.47010549450819494,0.4454413985596495,2019-2023,7
784,oppositio,Arto Satonen,302,0.5000610631310078,0.5019308125116585,0.4981913137503571,0.49993893686899216,0.4980691874883414,0.5018086862496429,2019-2023,7
797,hallitus,Hannu Hoskonen,623,0.4565751274145451,0.443343775971761,0.46980647885732923,0.5434248725854548,0.5566562240282389,0.5301935211426707,2019-2023,7
802,hallitus,Markus Mustajärvi,54,0.4978958503234258,0.5078099712369579,0.4879817294098937,0.5021041496765741,0.49219002876304196,0.5120182705901063,2019-2023,7
809,oppositio,Paula Risikko,598,0.495103292032701,0.48227983075970976,0.5079267533056921,0.504896707967299,0.5177201692402902,0.4920732466943079,2019-2023,7
887,hallitus,Sirpa Paatero,158,0.549406290161219,0.5561924137067673,0.5426201666156707,0.450593709838781,0.4438075862932327,0.45737983338432936,2019-2023,7
914,hallitus,Outi Alanko-Kahiluoto,60,0.5034386431814195,0.5036217829532671,0.5032555034095719,0.4965613568185805,0.49637821704673285,0.49674449659042813,2019-2023,7
917,hallitus,Paavo Arhinmäki,146,0.5030875659731673,0.5166878788219231,0.48948725312441155,0.4969124340268327,0.4833121211780769,0.5105127468755885,2019-2023,7
923,hallitus,Thomas Blomqvist,45,0.5567358413519331,0.5518800511786071,0.5615916315252591,0.4432641586480669,0.4481199488213929,0.43840836847474085,2019-2023,7
930,hallitus,Heli Järvinen,54,0.5152295441855685,0.511955178567805,0.5185039098033319,0.48477045581443146,0.48804482143219496,0.481496090196668,2019-2023,7
947,oppositio,Petteri Orpo,283,0.4742917189057715,0.48703728689483683,0.46154615091670614,0.5257082810942285,0.5129627131051633,0.5384538490832937,2019-2023,7
960,hallitus,Krista Kiuru,583,0.5133987978458607,0.5110033382242856,0.515794257467436,0.4866012021541392,0.48899666177571444,0.484205742532564,2019-2023,7
963,hallitus,Merja Kyllönen,160,0.5372280630449064,0.5530459814596533,0.5214101446301597,0.4627719369550935,0.4469540185403466,0.4785898553698404,2019-2023,7
967,oppositio,Timo Heinonen,682,0.4567246212955955,0.4455707614538532,0.46787848113733777,0.5432753787044045,0.5544292385461469,0.532121518862662,2019-2023,7
970,hallitus,Marko Asell,101,0.5722890856815057,0.5730415984166161,0.5715365729463954,0.42771091431849434,0.42695840158338394,0.42846342705360474,2019-2023,7
971,hallitus,Johanna Ojala-Niemelä,83,0.49491713649761754,0.47424115343079876,0.5155931195644363,0.5050828635023825,0.5257588465692012,0.48440688043556374,2019-2023,7
1093,hallitus,Juho Eerola,305,0.5337760167202333,0.531330782879204,0.5362212505612627,0.4662239832797668,0.46866921712079607,0.4637787494387374,2023-2027,0
1094,hallitus,Markku Eestilä,119,0.46927215336311306,0.47968744470145924,0.4588568620247669,0.530727846636887,0.5203125552985408,0.5411431379752333,2023-2027,0
1096,hallitus,Ritva Elomaa,211,0.515408415917936,0.5140041523017367,0.5168126795341351,0.48459158408206404,0.48599584769826326,0.4831873204658649,2023-2027,0
1099,oppositio,Eeva-Johanna Eloranta,84,0.458399868489291,0.46341306665389254,0.45338667032468943,0.5416001315107091,0.5365869333461075,0.5466133296753106,2023-2027,0
1100,hallitus,Sanni Grahn-Laasonen,308,0.5429138443693264,0.5345280661327074,0.5512996226059454,0.45708615563067345,0.4654719338672925,0.44870037739405444,2023-2027,0
1106,oppositio,Mikko Savola,151,0.5241958544740715,0.5195478999885136,0.5288438089596292,0.47580414552592865,0.4804521000114864,0.4711561910403709,2023-2027,0
1126,oppositio,Tytti Tuppurainen,291,0.4578351161197515,0.4578590844573524,0.4578111477821505,0.5421648838802485,0.5421409155426475,0.5421888522178495,2023-2027,0
1129,hallitus,Arja Juvonen,134,0.5409692157916645,0.5445356680704847,0.5374027635128442,0.45903078420833565,0.45546433192951535,0.46259723648715595,2023-2027,0
1134,hallitus,Sofia Vikman,102,0.5704727803809267,0.5735283399062221,0.5674172208556314,0.42952721961907325,0.42647166009377785,0.4325827791443686,2023-2027,0
1136,hallitus,Ville Vähämäki,94,0.5483233321712393,0.5468849694493273,0.5497616948931513,0.4516766678287607,0.45311503055067276,0.4502383051068487,2023-2027,0
1137,hallitus,Pauli Kiuru,225,0.5226245619857586,0.5331227434743806,0.5121263804971367,0.4773754380142413,0.46687725652561934,0.48787361950286334,2023-2027,0
1142,hallitus,Jukka Kopra,58,0.5543213895637922,0.5430131650579899,0.5656296140695944,0.4456786104362077,0.45698683494200987,0.4343703859304055,2023-2027,0
1144,oppositio,Suna Kymäläinen,93,0.44620186952911023,0.4325723112387866,0.45983142781943387,0.5537981304708897,0.5674276887612134,0.540168572180566,2023-2027,0
1149,oppositio,Markus Lohi,387,0.49126365191152743,0.48986669995567633,0.49266060386737853,0.5087363480884727,0.5101333000443239,0.5073393961326215,2023-2027,0
1155,oppositio,Anna Kontula,119,0.5041235373926988,0.49357006795969516,0.5146770068257024,0.49587646260730117,0.5064299320403047,0.4853229931742976,2023-2027,0
1157,oppositio,Annika Saarikko,73,0.4661463394557961,0.4592098828312586,0.47308279608033355,0.5338536605442039,0.5407901171687415,0.5269172039196665,2023-2027,0
1189,hallitus,Otto Andersson,104,0.5317196018090395,0.5419701260056058,0.5214690776124734,0.46828039819096035,0.45802987399439415,0.4785309223875266,2023-2027,0
1219,hallitus,Saara-Sofia Sirén,94,0.5158001138292503,0.5388958841978941,0.4927043434606063,0.4841998861707497,0.46110411580210575,0.5072956565393937,2023-2027,0
1279,hallitus,Elina Valtonen,85,0.5597806455030137,0.5655843825668047,0.5539769084392228,0.44021935449698635,0.4344156174331955,0.4460230915607772,2023-2027,0
1282,hallitus,Wille Rydman,196,0.5485850980953302,0.5468195945334278,0.5503506016572327,0.4514149019046697,0.4531804054665722,0.4496493983427672,2023-2027,0
1298,oppositio,Krista Mikkonen,373,0.431282780422113,0.46042611367113917,0.40213944717308675,0.5687172195778871,0.539573886328861,0.5978605528269133,2023-2027,0
1300,hallitus,Kai Mykkänen,145,0.5030353987722332,0.5079154736753155,0.4981553238691509,0.49696460122776676,0.49208452632468447,0.501844676130849,2023-2027,0
1301,hallitus,Jani Mäkelä,69,0.5271976285832145,0.5406392156911044,0.5137560414753246,0.4728023714167855,0.4593607843088955,0.4862439585246755,2023-2027,0
1302,oppositio,Ilmari Nurminen,234,0.41141233123011933,0.4094877331154878,0.4133369293447508,0.5885876687698808,0.5905122668845123,0.5866630706552493,2023-2027,0
1306,hallitus,Anders Adlercreutz,123,0.541784632472806,0.5187967263471898,0.5647725385984222,0.45821536752719405,0.4812032736528103,0.43522746140157775,2023-2027,0
1308,hallitus,Jari Ronkainen,124,0.5953487816061995,0.5875110259841491,0.60318653722825,0.4046512183938004,0.41248897401585083,0.39681346277175,2023-2027,0
1310,oppositio,Li Andersson,129,0.3960072644372077,0.382417800896482,0.40959672797793345,0.6039927355627923,0.617582199103518,0.5904032720220665,2023-2027,0
1311,oppositio,Joona Räsänen,637,0.4594463121610158,0.43853444360812954,0.480358180713902,0.5405536878389842,0.5614655563918705,0.5196418192860979,2023-2027,0
1312,oppositio,Hanna Sarkkinen,226,0.4579406984054174,0.47143668503872654,0.4444447117721083,0.5420593015945825,0.5285633149612733,0.5555552882278916,2023-2027,0
1314,hallitus,Sami Savio,76,0.550124353628255,0.5496316850800962,0.5506170221764138,0.44987564637174504,0.4503683149199039,0.44938297782358616,2023-2027,0
1316,oppositio,Ville Skinnari,69,0.4705929413654597,0.46545406018065955,0.47573182255025986,0.5294070586345403,0.5345459398193404,0.5242681774497402,2023-2027,0
1318,hallitus,Joakim Strand,41,0.516344039156676,0.5187544634934215,0.5139336148199307,0.48365596084332396,0.48124553650657853,0.4860663851800694,2023-2027,0
1323,hallitus,Mari-Leena Talvitie,99,0.5021981941777988,0.5111661608078748,0.49323022754772267,0.49780180582220124,0.4888338391921252,0.5067697724522773,2023-2027,0
1326,oppositio,Timo Harakka,156,0.46771776365186957,0.46134034964841264,0.4740951776553265,0.5322822363481305,0.5386596503515874,0.5259048223446736,2023-2027,0
1331,oppositio,Petri Honkonen,222,0.4822519076088333,0.46194414977784415,0.5025596654398224,0.5177480923911667,0.5380558502221559,0.4974403345601776,2023-2027,0
1333,hallitus,Laura Huhtasaari,58,0.5322510563176192,0.5363877158082221,0.5281143968270162,0.46774894368238096,0.4636122841917779,0.471885603172984,2023-2027,0
1334,hallitus,Antti Häkkänen,100,0.5500309624363232,0.5429731842407586,0.5570887406318878,0.4499690375636768,0.4570268157592414,0.4429112593681121,2023-2027,0
1338,oppositio,Hanna Kosonen,182,0.4452399241906284,0.42855057731736,0.4619292710638968,0.5547600758093714,0.5714494226826398,0.5380707289361031,2023-2027,0
1340,oppositio,Katri Kulmuni,68,0.432726871991423,0.42735145575594347,0.43810228822690256,0.567273128008577,0.5726485442440566,0.5618977117730974,2023-2027,0
1341,oppositio,Antti Kurvinen,253,0.45172165954897214,0.4470769794602692,0.45636633963767503,0.5482783404510279,0.5529230205397309,0.543633660362325,2023-2027,0
1349,hallitus,Leena Meri,211,0.5486933600314503,0.5517678732119541,0.5456188468509465,0.4513066399685497,0.44823212678804597,0.4543811531490535,2023-2027,0
1379,hallitus,Mia Laiho,176,0.510658805150134,0.4891021772924156,0.5322154330078522,0.4893411948498661,0.5108978227075844,0.46778456699214777,2023-2027,0
1380,oppositio,Riitta Kaarisalo,218,0.47730603526159243,0.4682438731908107,0.48636819733237413,0.5226939647384076,0.5317561268091893,0.5136318026676259,2023-2027,0
1382,oppositio,Hanna-Leena Mattila,168,0.4174707779331314,0.4345635494009267,0.40037800646533617,0.5825292220668685,0.5654364505990733,0.5996219935346638,2023-2027,0
1383,oppositio,Veronika Honkasalo,340,0.4508918689333058,0.4329301028374658,0.4688536350291458,0.5491081310666943,0.5670698971625343,0.5311463649708542,2023-2027,0
1384,oppositio,Mai Kivelä,239,0.4483350527005604,0.4398091311927514,0.45686097420836946,0.5516649472994396,0.5601908688072486,0.5431390257916306,2023-2027,0
1385,oppositio,Atte Harjanne,179,0.4825805187194576,0.4881692308079043,0.476991806631011,0.5174194812805423,0.5118307691920956,0.523008193368989,2023-2027,0
1386,oppositio,Mari Holopainen,50,0.4846816211038457,0.4997490026116821,0.46961423959600934,0.5153183788961544,0.5002509973883179,0.5303857604039908,2023-2027,0
1387,oppositio,Maria Ohisalo,101,0.4064687413329136,0.40434937242721364,0.4085881102386136,0.5935312586670864,0.5956506275727865,0.5914118897613865,2023-2027,0
1388,hallitus,Mari Rantanen,159,0.6267393655682758,0.6233283673214098,0.6301503638151419,0.37326063443172414,0.3766716326785903,0.369849636184858,2023-2027,0
1390,oppositio,Eveliina Heinäluoma,102,0.4473400743120258,0.4500962579433949,0.4445838906806568,0.5526599256879741,0.549903742056605,0.5554161093193433,2023-2027,0
1391,hallitus,Ari Koponen,143,0.5499147550626191,0.5685104743758661,0.531319035749372,0.450085244937381,0.431489525624134,0.46868096425062805,2023-2027,0
1392,hallitus,Riikka Purra,622,0.5238856119261373,0.5290254868840367,0.5187457369682377,0.47611438807386286,0.4709745131159634,0.48125426303176233,2023-2027,0
1394,hallitus,Pihla Keto-Huovinen,70,0.5848594697380035,0.5657051933589365,0.6040137461170705,0.41514053026199643,0.4342948066410634,0.39598625388292946,2023-2027,0
1399,oppositio,Pia Lohikoski,210,0.43525168146806326,0.42135501773265427,0.4491483452034723,0.5647483185319367,0.5786449822673458,0.5508516547965276,2023-2027,0
1400,oppositio,Jussi Saramo,86,0.4204443722359222,0.4220213200703179,0.41886742440152647,0.5795556277640777,0.577978679929682,0.5811325755984734,2023-2027,0
1401,oppositio,Tiina Elo,301,0.4719950250090511,0.47451934016223374,0.4694707098558684,0.5280049749909489,0.5254806598377663,0.5305292901441315,2023-2027,0
1402,oppositio,Inka Hopsu,356,0.4830505803875562,0.47650102831818775,0.4896001324569247,0.5169494196124438,0.5234989716818123,0.5103998675430754,2023-2027,0
1403,oppositio,Saara Hyrkkö,215,0.4186859234590635,0.4199011946453286,0.4174706522727985,0.5813140765409364,0.5800988053546714,0.5825293477272014,2023-2027,0
1406,hallitus,Sandra Bergqvist,54,0.48681982973398374,0.4830624050091135,0.49057725445885403,0.5131801702660163,0.5169375949908865,0.509422745541146,2023-2027,0
1407,oppositio,Johannes Yrttiaho,110,0.43952646784207217,0.4275104956708102,0.4515424400133341,0.560473532157928,0.5724895043291899,0.5484575599866659,2023-2027,0
1409,hallitus,Vilhelm Junnila,78,0.5246943372853421,0.49895741721965103,0.5504312573510332,0.47530566271465796,0.501042582780349,0.44956874264896696,2023-2027,0
1410,hallitus,Mikko Lundén,97,0.5533021969623717,0.5459226136330962,0.5606817802916471,0.44669780303762835,0.45407738636690365,0.43931821970835305,2023-2027,0
1411,oppositio,Sofia Virta,158,0.41728441564063845,0.4245510267065889,0.41001780457468795,0.5827155843593615,0.5754489732934112,0.5899821954253119,2023-2027,0
1412,oppositio,Eeva Kalli,163,0.4569543914686204,0.4606883107110507,0.45322047222619,0.5430456085313796,0.5393116892889493,0.5467795277738099,2023-2027,0
1413,hallitus,Jari Koskela,105,0.5328729989674519,0.5269577917089325,0.5387882062259713,0.46712700103254806,0.47304220829106747,0.46121179377402866,2023-2027,0
1415,oppositio,Hilkka Kemppi,203,0.4349400964618897,0.4326067234538316,0.4372734694699477,0.5650599035381104,0.5673932765461684,0.5627265305300524,2023-2027,0
1417,hallitus,Lulu Ranne,173,0.5660455341120766,0.5625602811081666,0.5695307871159866,0.43395446588792347,0.43743971889183353,0.4304692128840134,2023-2027,0
1418,hallitus,Veijo Niemi,135,0.5171624716558936,0.5239811725260332,0.5103437707857539,0.48283752834410654,0.47601882747396684,0.48965622921424623,2023-2027,0
1419,hallitus,Sakari Puisto,162,0.5539719149532261,0.5620540315217448,0.5458897983847073,0.446028085046774,0.43794596847825523,0.45411020161529275,2023-2027,0
1421,hallitus,Anna-Kaisa Ikonen,174,0.5428685305483707,0.5406180774747978,0.5451189836219436,0.45713146945162925,0.45938192252520205,0.45488101637805645,2023-2027,0
1422,oppositio,Jouni Ovaska,209,0.47041735708615307,0.4482023116561581,0.4926324025161481,0.5295826429138468,0.5517976883438419,0.5073675974838519,2023-2027,0
1424,oppositio,Hanna Holopainen,185,0.4670372104036941,0.47550745585735726,0.45856696495003096,0.5329627895963058,0.5244925441426427,0.541433035049969,2023-2027,0
1425,hallitus,Ville Kaunisto,93,0.5395331240537566,0.5453264042603858,0.5337398438471274,0.46046687594624347,0.4546735957396142,0.4662601561528727,2023-2027,0
1426,hallitus,Sheikki Laakso,60,0.45553858736336883,0.46632694460712604,0.4447502301196117,0.5444614126366312,0.5336730553928739,0.5552497698803883,2023-2027,0
1428,oppositio,Niina Malm,252,0.4424049845261888,0.43432963768215693,0.4504803313702207,0.5575950154738112,0.5656703623178432,0.5495196686297793,2023-2027,0
1429,oppositio,Paula Werning,171,0.4891444770979349,0.4769730089496892,0.5013159452461806,0.5108555229020652,0.5230269910503109,0.49868405475381944,2023-2027,0
1430,oppositio,Seppo Eskelinen,163,0.4211010234135622,0.4178287702012611,0.4243732766258633,0.5788989765864379,0.5821712297987391,0.5756267233741367,2023-2027,0
1432,hallitus,Marko Kilpi,124,0.5046844259446995,0.5146883479007912,0.49468050398860786,0.49531557405530047,0.4853116520992088,0.5053194960113921,2023-2027,0
1433,oppositio,Hanna Räsänen,176,0.4439345784133758,0.44908165479748297,0.4387875020292687,0.5560654215866242,0.550918345202517,0.5612124979707314,2023-2027,0
1434,hallitus,Sanna Antikainen,104,0.5737011111918626,0.5630520490180093,0.5843501733657158,0.4262988888081374,0.43694795098199074,0.415649826634284,2023-2027,0
1435,hallitus,Minna Reijonen,177,0.5230684223703781,0.5215841047233952,0.5245527400173609,0.4769315776296219,0.4784158952766048,0.4754472599826391,2023-2027,0
1437,hallitus,Juha Mäenpää,216,0.5279995871716615,0.5356088828386417,0.5203902915046813,0.4720004128283385,0.4643911171613582,0.4796097084953187,2023-2027,0
1441,hallitus,Mikko Ollikainen,57,0.5450359942643332,0.5462161476346437,0.5438558408940228,0.4549640057356668,0.4537838523653564,0.4561441591059772,2023-2027,0
1443,oppositio,Kim Berg,232,0.4254102198844513,0.4402436980112167,0.41057674175768594,0.5745897801155486,0.5597563019887832,0.589423258242314,2023-2027,0
1445,oppositio,Bella Forsgrén,185,0.40317294840847795,0.39579603561233456,0.4105498612046213,0.596827051591522,0.6042039643876654,0.5894501387953787,2023-2027,0
1449,oppositio,Jenni Pitko,231,0.49826458345172703,0.4926646333639807,0.5038645335394734,0.5017354165482729,0.5073353666360192,0.4961354664605266,2023-2027,0
1451,hallitus,Sebastian Tynkkynen,78,0.5562751211755723,0.5608517954979241,0.5516984468532206,0.4437248788244276,0.4391482045020759,0.44830155314677933,2023-2027,0
1452,hallitus,Pekka Aittakumpu,121,0.5784190940989801,0.5679426950495747,0.5888954931483854,0.42158090590102,0.43205730495042544,0.41110450685161454,2023-2027,0
1452,oppositio,Pekka Aittakumpu,122,0.4724759719908471,0.44970084957766654,0.4952510944040277,0.5275240280091529,0.5502991504223336,0.5047489055959723,2023-2027,0
1454,hallitus,Janne Heikkinen,71,0.5232981444677112,0.5185512618376855,0.5280450270977368,0.4767018555322888,0.4814487381623144,0.4719549729022631,2023-2027,0
1468,oppositio,Tuomas Kettunen,310,0.4683401943020057,0.4519333445113798,0.48474704409263164,0.5316598056979942,0.5480666554886201,0.5152529559073684,2023-2027,0
1469,oppositio,Matias Mäkynen,116,0.41943348580894124,0.4238034388503433,0.4150635327675392,0.5805665141910588,0.5761965611496567,0.5849364672324607,2023-2027,0
1483,hallitus,Ville Valkonen,98,0.5525003417728722,0.5526692378909055,0.5523314456548388,0.4474996582271279,0.4473307621090946,0.4476685543451612,2023-2027,0
1485,oppositio,Minja Koskela,286,0.41165035747037537,0.4147398830180671,0.40856083192268366,0.5883496425296246,0.5852601169819329,0.5914391680773163,2023-2027,0
1488,oppositio,Elisa Gebhard,109,0.4416530538451128,0.43922572000087134,0.44408038768935426,0.5583469461548872,0.5607742799991287,0.5559196123106458,2023-2027,0
1489,oppositio,Fatim Diarra,68,0.44215037604701235,0.43625933163268293,0.44804142046134177,0.5578496239529876,0.5637406683673171,0.5519585795386582,2023-2027,0
1490,hallitus,Noora Fagerström,58,0.5750484009205514,0.5864761744556286,0.5636206273854741,0.4249515990794487,0.4135238255443715,0.43637937261452586,2023-2027,0
1491,hallitus,Jarno Limnell,43,0.555586525599719,0.5648816545298901,0.546291396669548,0.444413474400281,0.43511834547010997,0.45370860333045204,2023-2027,0
1492,hallitus,Susanne Päivärinta,105,0.5427256694047091,0.5447993441378604,0.540651994671558,0.4572743305952909,0.45520065586213976,0.459348005328442,2023-2027,0
1493,hallitus,Tere Sammallahti,66,0.512322489334639,0.5195047658671148,0.505140212802163,0.48767751066536114,0.48049523413288525,0.49485978719783696,2023-2027,0
1495,hallitus,Mika Poutala,91,0.5349805714527144,0.536904096771694,0.5330570461337347,0.46501942854728573,0.4630959032283061,0.4669429538662654,2023-2027,0
1497,oppositio,Pinja Perholehto,194,0.4318728276295398,0.441690460217724,0.4220551950413557,0.5681271723704602,0.558309539782276,0.5779448049586443,2023-2027,0
1498,hallitus,Teemu Keskisarja,64,0.4883335242693793,0.47981436909732994,0.4968526794414287,0.5116664757306206,0.52018563090267,0.5031473205585714,2023-2027,0
1499,hallitus,Jorma Piisinen,190,0.5678365135593824,0.5620322026980762,0.5736408244206884,0.43216348644061764,0.43796779730192376,0.4263591755793116,2023-2027,0
1500,hallitus,Onni Rostila,71,0.5389625240626008,0.5438356891536901,0.5340893589715116,0.4610374759373993,0.45616431084630993,0.46591064102848867,2023-2027,0
1501,hallitus,Henrik Wickström,116,0.5250593861391362,0.5215880756016127,0.5285306966766596,0.4749406138608638,0.47841192439838726,0.4714693033233403,2023-2027,0
1502,oppositio,Timo Furuholm,283,0.4360000023670766,0.43539201040032055,0.4366079943338327,0.5639999976329235,0.5646079895996795,0.5633920056661674,2023-2027,0
1503,oppositio,Saku Nikkanen,206,0.4629968682308071,0.468408327734155,0.45758540872745923,0.5370031317691928,0.531591672265845,0.5424145912725407,2023-2027,0
1504,hallitus,Pauli Aalto-Setälä,76,0.5167180302827841,0.5092857190234341,0.524150341542134,0.48328196971721593,0.49071428097656594,0.4758496584578659,2023-2027,0
1506,oppositio,Juha Viitala,370,0.48809698755173303,0.5051048670371735,0.47108910806629256,0.511903012448267,0.4948951329628265,0.5289108919337074,2023-2027,0
1507,hallitus,Mari Kaunistola,105,0.6028902572789145,0.587840646864249,0.6179398676935802,0.39710974272108523,0.4121593531357509,0.38206013230641955,2023-2027,0
1508,hallitus,Rami Lehtinen,276,0.5460696937578862,0.5452181918686317,0.5469211956471406,0.4539303062421138,0.45478180813136815,0.4530788043528594,2023-2027,0
1509,hallitus,Mira Nieminen,185,0.5767476023933796,0.5688922753043727,0.5846029294823866,0.4232523976066204,0.4311077246956274,0.41539707051761343,2023-2027,0
1510,hallitus,Teemu Kinnari,65,0.5181608989632505,0.5207167418828342,0.5156050560436667,0.4818391010367495,0.4792832581171657,0.48439494395633326,2023-2027,0
1511,oppositio,Lauri Lyly,1134,0.4708979971481841,0.4819919583755844,0.4598040359207838,0.5291020028518159,0.5180080416244156,0.5401959640792162,2023-2027,0
1512,oppositio,Ville Merinen,156,0.41987163615708556,0.41639157480619043,0.42335169750798063,0.5801283638429144,0.5836084251938096,0.5766483024920193,2023-2027,0
1513,hallitus,Aleksi Jäntti,76,0.5813296164889311,0.5769830681804516,0.5856761647974106,0.4186703835110689,0.42301693181954836,0.4143238352025894,2023-2027,0
1514,hallitus,Miko Bergbom,427,0.5186355044200728,0.5205531463942971,0.5167178624458485,0.4813644955799272,0.47944685360570294,0.48328213755415145,2023-2027,0
1515,hallitus,Joakim Vigelius,316,0.5415351745249857,0.5356718362200218,0.5473985128299494,0.45846482547501444,0.46432816377997826,0.45260148717005066,2023-2027,0
1516,hallitus,Jaana Strandman,470,0.5977555705685276,0.5769150163951335,0.6185961247419216,0.40224442943147243,0.4230849836048664,0.3814038752580785,2023-2027,0
1517,hallitus,Oskari Valtola,258,0.5349130077024107,0.5216567233134847,0.5481692920913367,0.4650869922975893,0.4783432766865154,0.45183070790866325,2023-2027,0
1519,oppositio,Anna-Kristiina Mikkonen,212,0.4826609605871163,0.4918926576382649,0.4734292635359676,0.5173390394128836,0.5081073423617349,0.5265707364640324,2023-2027,0
1520,hallitus,Karoliina Partanen,153,0.5121330467157676,0.4956718437783434,0.5285942496531918,0.48786695328423235,0.5043281562216565,0.4714057503468082,2023-2027,0
1521,oppositio,Timo Suhonen,617,0.4535050405353962,0.47329490766641713,0.43371517340437526,0.5464949594646039,0.5267050923335829,0.566284826595625,2023-2027,0
1523,oppositio,Laura Meriluoto,154,0.4104963608246339,0.4036421521903614,0.4173505694589065,0.5895036391753661,0.5963578478096385,0.5826494305410936,2023-2027,0
1524,oppositio,Markku Siponen,335,0.41226339550943036,0.4290791392142288,0.3954476518046319,0.5877366044905696,0.5709208607857712,0.6045523481953681,2023-2027,0
1525,hallitus,Janne Jukkola,157,0.5972942621873618,0.5920358759979492,0.6025526483767746,0.4027057378126382,0.40796412400205095,0.39744735162322536,2023-2027,0
1526,hallitus,Anne Rintamäki,315,0.567968065735804,0.5732025892244856,0.5627335422471225,0.43203193426419595,0.4267974107755143,0.43726645775287765,2023-2027,0
1527,hallitus,Pia Sillanpää,234,0.5268317700323313,0.5135417275676077,0.5401218124970548,0.47316822996766866,0.4864582724323922,0.4598781875029451,2023-2027,0
1529,oppositio,Jani Kokko,253,0.5254545647517885,0.52476427056225,0.5261448589413271,0.47454543524821147,0.4752357294377501,0.47385514105867277,2023-2027,0
1530,hallitus,Kaisa Garedew,275,0.5588585787017535,0.5669431924015187,0.5507739650019884,0.4411414212982465,0.4330568075984814,0.4492260349980116,2023-2027,0
1531,hallitus,Tomi Immonen,88,0.5891416236916125,0.5873447993154302,0.5909384480677947,0.4108583763083877,0.41265520068457,0.40906155193220534,2023-2027,0
1533,oppositio,Olga Oinas-Panuma,164,0.44429316348404335,0.45401371260637846,0.4345726143617082,0.5557068365159568,0.5459862873936215,0.5654273856382919,2023-2027,0
1534,oppositio,Pia Hiltunen,112,0.47242504906828414,0.46491920621534566,0.4799308919212226,0.5275749509317158,0.5350807937846543,0.5200691080787774,2023-2027,0
1535,hallitus,Antti Kangas,75,0.5028139110003995,0.5152541050892071,0.49037371691159193,0.49718608899960043,0.4847458949107929,0.509626283088408,2023-2027,0
1536,hallitus,Mikko Polvinen,84,0.5268069287853892,0.5222351858390358,0.5313786717317426,0.47319307121461074,0.47776481416096406,0.4686213282682575,2023-2027,0
1536,oppositio,Mikko Polvinen,49,0.46116280497785567,0.46782768604274383,0.4544979239129675,0.5388371950221442,0.5321723139572562,0.5455020760870324,2023-2027,0
1537,hallitus,Juha Hänninen,992,0.578591592677817,0.5789612697052505,0.5782219156503835,0.421408407322183,0.4210387302947495,0.4217780843496165,2023-2027,0
1538,hallitus,Sara Seppänen,311,0.5668009813832557,0.5687987649280793,0.564803197838432,0.43319901861674437,0.43120123507192076,0.4351968021615679,2023-2027,0
301,hallitus,Ben Zyskowicz,252,0.49532851959178936,0.5084864763402736,0.4821705628433051,0.5046714804082106,0.49151352365972645,0.5178294371566949,2023-2027,0
351,hallitus,Eva Biaudet,40,0.4993855164960893,0.49374116710132593,0.5050298658908526,0.5006144835039108,0.5062588328986742,0.49497013410914736,2023-2027,0
358,oppositio,Johannes Koskinen,124,0.4826125311913829,0.4845544281313773,0.48067063425138856,0.5173874688086171,0.5154455718686227,0.5193293657486114,2023-2027,0
464,oppositio,Kimmo Kiljunen,216,0.47365505593718005,0.48273154584072697,0.46457856603363307,0.5263449440628201,0.517268454159273,0.535421433966367,2023-2027,0
499,hallitus,Päivi Räsänen,184,0.5040360144438312,0.5003181207025387,0.5077539081851237,0.49596398555616883,0.49968187929746133,0.49224609181487633,2023-2027,0
511,oppositio,Pia Viitanen,249,0.4097148454437023,0.41046018973809,0.4089695011493145,0.5902851545562977,0.5895398102619099,0.5910304988506855,2023-2027,0
583,oppositio,Mika Lintilä,69,0.5123959070301416,0.5085866333891862,0.516205180671097,0.4876040929698584,0.4914133666108138,0.483794819328903,2023-2027,0
612,hallitus,Sari Sarkomaa,74,0.5543104671982477,0.5457935802434692,0.5628273541530263,0.4456895328017523,0.45420641975653087,0.43717264584697374,2023-2027,0
772,oppositio,Antti Kaikkonen,91,0.46026610196835843,0.4847065064789337,0.43582569745778316,0.5397338980316417,0.5152934935210662,0.5641743025422171,2023-2027,0
778,hallitus,Sari Essayah,178,0.5363831612740918,0.5545156177458084,0.5182507048023752,0.4636168387259082,0.4454843822541917,0.48174929519762466,2023-2027,0
784,hallitus,Arto Satonen,383,0.5098815428892911,0.5215637370357303,0.4981993487428519,0.4901184571107089,0.47843626296426967,0.5018006512571481,2023-2027,0
797,oppositio,Hannu Hoskonen,533,0.5146824028520715,0.5202077760141613,0.5091570296899816,0.48531759714792855,0.47979222398583865,0.49084297031001844,2023-2027,0
807,oppositio,Miapetra Kumpula-Natri,74,0.46800831422127775,0.45360632116474664,0.4824103072778089,0.5319916857787221,0.5463936788352534,0.517589692722191,2023-2027,0
846,oppositio,Oras Tynkkynen,286,0.46087361006735217,0.4649783141245309,0.4567689060101735,0.5391263899326478,0.5350216858754692,0.5432310939898265,2023-2027,0
911820,oppositio,Lotta Hamari,201,0.46127986799670273,0.46924555179761357,0.4533141841957919,0.5387201320032973,0.5307544482023864,0.546685815804208,2023-2027,0
911822,hallitus,Maaret Castrén,56,0.521269634743869,0.5488784790253185,0.4936607904624194,0.4787303652561311,0.45112152097468156,0.5063392095375806,2023-2027,0
911824,oppositio,Jessi Jokelainen,75,0.46725626011307553,0.45145930338895235,0.48305321683719865,0.5327437398869245,0.5485406966110477,0.5169467831628013,2023-2027,0
911826,hallitus,Merja Rasinkangas,287,0.560894542496406,0.5524014635740924,0.5693876214187197,0.43910545750359403,0.4475985364259077,0.4306123785812804,2023-2027,0
911827,oppositio,Mika Riipi,78,0.44863924511108233,0.4469204901627414,0.45035800005942334,0.5513607548889177,0.5530795098372586,0.5496419999405766,2023-2027,0
911829,oppositio,Hanna Laine-Nousimaa,84,0.4814448415449298,0.47079940247619056,0.492090280613669,0.5185551584550702,0.5292005975238094,0.5079097193863309,2023-2027,0
913,oppositio,Eerikki Viljanen,158,0.51567551114707,0.5085466371647123,0.5228043851294277,0.48432448885293,0.4914533628352878,0.47719561487057227,2023-2027,0
941,hallitus,Anna-Maja Henriksson,54,0.5318548296112976,0.5060833354400405,0.5576263237825547,0.4681451703887023,0.4939166645599594,0.44237367621744517,2023-2027,0
947,hallitus,Petteri Orpo,723,0.5511769106078266,0.5516864820182553,0.5506673391973979,0.4488230893921734,0.4483135179817447,0.44933266080260215,2023-2027,0
953,oppositio,Anne Kalmari,219,0.49013862493131033,0.4953984022598895,0.4848788476027311,0.5098613750686897,0.5046015977401105,0.5151211523972689,2023-2027,0
960,oppositio,Krista Kiuru,408,0.4594885590405818,0.44167087386419157,0.477306244216972,0.5405114409594182,0.5583291261358084,0.5226937557830279,2023-2027,0
963,oppositio,Merja Kyllönen,43,0.4932472383762696,0.48695479136500663,0.49953968538753263,0.5067527616237304,0.5130452086349934,0.5004603146124674,2023-2027,0
967,hallitus,Timo Heinonen,305,0.5306930474684595,0.5261453453503582,0.5352407495865608,0.46930695253154053,0.4738546546496418,0.46475925041343924,2023-2027,0
970,oppositio,Marko Asell,95,0.4718813418099285,0.4757210287458524,0.4680416548740046,0.5281186581900714,0.5242789712541476,0.5319583451259954,2023-2027,0
971,oppositio,Johanna Ojala-Niemelä,139,0.5035500569795741,0.5006001949575358,0.5064999190016125,0.4964499430204259,0.4993998050424642,0.4935000809983876,2023-2027,0
1089,hallitus,Heikki Autto,267,0.5678521066095662,0.5688419281530847,0.5668622850660477,0.43214789339043386,0.43115807184691535,0.43313771493395237,2023-2027,1
1096,hallitus,Ritva Elomaa,211,0.5355587339210601,0.5252753920462853,0.545842075795835,0.4644412660789399,0.47472460795371474,0.454157924204165,2023-2027,1
1097,oppositio,Aino-Kaisa Pekonen,220,0.4156093752259068,0.4213040888877811,0.40991466156403245,0.5843906247740933,0.578695911112219,0.5900853384359676,2023-2027,1
1099,oppositio,Eeva-Johanna Eloranta,84,0.46454291565300176,0.4426278909779648,0.4864579403280387,0.5354570843469982,0.5573721090220352,0.5135420596719613,2023-2027,1
1100,hallitus,Sanni Grahn-Laasonen,308,0.5440621013211611,0.5555939861075335,0.5325302165347887,0.45593789867883894,0.4444060138924665,0.46746978346521145,2023-2027,1
1106,oppositio,Mikko Savola,151,0.4736533228028177,0.503809549758001,0.44349709584763436,0.5263466771971823,0.49619045024199915,0.5565029041523656,2023-2027,1
1126,oppositio,Tytti Tuppurainen,291,0.4303876547299627,0.42899180743965654,0.4317835020202689,0.5696123452700372,0.5710081925603434,0.5682164979797311,2023-2027,1
1129,hallitus,Arja Juvonen,134,0.5384107046577442,0.5258909234324392,0.5509304858830492,0.4615892953422559,0.47410907656756096,0.44906951411695084,2023-2027,1
1131,hallitus,Sinuhe Wallinheimo,154,0.5038853651387027,0.49848322756951013,0.5092875027078954,0.4961146348612972,0.5015167724304899,0.49071249729210453,2023-2027,1
1133,oppositio,Mika Kari,133,0.5196578929014888,0.5004029687971878,0.5389128170057897,0.4803421070985112,0.49959703120281224,0.4610871829942102,2023-2027,1
1134,hallitus,Sofia Vikman,102,0.6021729264432585,0.622759973412369,0.5815858794741479,0.3978270735567417,0.3772400265876311,0.41841412052585225,2023-2027,1
1135,hallitus,Pia Kauma,84,0.5249742901993397,0.5240556201712351,0.5258929602274443,0.4750257098006604,0.4759443798287649,0.4741070397725558,2023-2027,1
1136,hallitus,Ville Vähämäki,94,0.5573488894137448,0.5635378090900922,0.5511599697373973,0.44265111058625534,0.4364621909099079,0.4488400302626028,2023-2027,1
1144,oppositio,Suna Kymäläinen,93,0.48262469787355156,0.4911968083871755,0.4740525873599276,0.5173753021264484,0.5088031916128245,0.5259474126400724,2023-2027,1
1147,oppositio,Antti Lindtman,249,0.4629381957558084,0.4765135661341991,0.4493628253774177,0.5370618042441917,0.523486433865801,0.5506371746225824,2023-2027,1
1149,oppositio,Markus Lohi,387,0.48450556179689797,0.4903456277693875,0.47866549582440837,0.5154944382031021,0.5096543722306126,0.5213345041755917,2023-2027,1
1155,oppositio,Anna Kontula,119,0.48528850958869685,0.4696820810916537,0.50089493808574,0.5147114904113032,0.5303179189083462,0.4991050619142601,2023-2027,1
1157,oppositio,Annika Saarikko,73,0.4784154873910458,0.49480639573372664,0.46202457904836497,0.5215845126089542,0.5051936042662734,0.537975420951635,2023-2027,1
1189,hallitus,Otto Andersson,104,0.512129073292149,0.5139687137214703,0.5102894328628276,0.48787092670785104,0.4860312862785296,0.48971056713717254,2023-2027,1
1202,oppositio,Nasima Razmyar,101,0.45821790724139644,0.4395823586768913,0.47685345580590155,0.5417820927586035,0.5604176413231086,0.5231465441940985,2023-2027,1
1219,hallitus,Saara-Sofia Sirén,94,0.5076840578990887,0.509273867964464,0.5060942478337134,0.49231594210091123,0.49072613203553594,0.4939057521662865,2023-2027,1
1279,hallitus,Elina Valtonen,85,0.567421391830554,0.56805521670275,0.566787566958358,0.4325786081694459,0.43194478329724983,0.4332124330416419,2023-2027,1
1282,hallitus,Wille Rydman,196,0.5725124966468551,0.5856585068492206,0.5593664864444897,0.4274875033531449,0.41434149315077934,0.44063351355551045,2023-2027,1
1298,oppositio,Krista Mikkonen,373,0.45649409828891574,0.46039177007552723,0.4525964265023042,0.5435059017110843,0.5396082299244727,0.5474035734976959,2023-2027,1
1299,hallitus,Sari Multala,209,0.5522062251098006,0.5510741801217562,0.5533382700978449,0.44779377489019945,0.4489258198782437,0.4466617299021552,2023-2027,1
1300,hallitus,Kai Mykkänen,145,0.5399888731486393,0.5476395238766789,0.5323382224205997,0.4600111268513608,0.45236047612332114,0.4676617775794004,2023-2027,1
1301,hallitus,Jani Mäkelä,69,0.5260792821716347,0.5209608909087537,0.5311976734345155,0.4739207178283654,0.4790391090912463,0.4688023265654846,2023-2027,1
1302,oppositio,Ilmari Nurminen,234,0.3949488017429197,0.400811454035242,0.3890861494505974,0.6050511982570802,0.5991885459647579,0.6109138505494025,2023-2027,1
1306,hallitus,Anders Adlercreutz,123,0.5175671728612036,0.5282708446434401,0.506863501078967,0.4824328271387964,0.47172915535656,0.4931364989210329,2023-2027,1
1308,hallitus,Jari Ronkainen,124,0.547950821404084,0.5452506361557082,0.5506510066524597,0.452049178595916,0.45474936384429165,0.4493489933475403,2023-2027,1
1310,oppositio,Li Andersson,129,0.44126551992997876,0.4328628512256433,0.44966818863431424,0.5587344800700212,0.5671371487743567,0.5503318113656858,2023-2027,1
1311,oppositio,Joona Räsänen,637,0.4701865037851668,0.44236191909315464,0.498011088477179,0.5298134962148332,0.5576380809068454,0.501988911522821,2023-2027,1
1312,oppositio,Hanna Sarkkinen,226,0.4279601179309712,0.4368172471150027,0.4191029887469398,0.5720398820690289,0.5631827528849975,0.5808970112530603,2023-2027,1
1314,hallitus,Sami Savio,76,0.5728601029059046,0.5621713226661142,0.583548883145695,0.4271398970940954,0.4378286773338858,0.41645111685430497,2023-2027,1
1316,oppositio,Ville Skinnari,69,0.4825715112223042,0.4945606266417615,0.4705823958028469,0.5174284887776959,0.5054393733582385,0.5294176041971531,2023-2027,1
1318,hallitus,Joakim Strand,41,0.5458748852769981,0.5416764059211604,0.5500733646328357,0.45412511472300193,0.4583235940788396,0.44992663536716426,2023-2027,1
1323,hallitus,Mari-Leena Talvitie,99,0.5266988045995948,0.5127983589064693,0.5405992502927204,0.47330119540040505,0.4872016410935306,0.45940074970727957,2023-2027,1
1325,hallitus,Sari Tanus,126,0.513530052657496,0.49693098644730294,0.530129118867689,0.48646994734250404,0.5030690135526971,0.469870881132311,2023-2027,1
1331,oppositio,Petri Honkonen,222,0.46980617322866414,0.4735286761279155,0.46608367032941284,0.5301938267713358,0.5264713238720844,0.5339163296705871,2023-2027,1
1333,hallitus,Laura Huhtasaari,58,0.5240886854635318,0.5200134058298544,0.5281639650972092,0.4759113145364681,0.4799865941701455,0.47183603490279075,2023-2027,1
1334,hallitus,Antti Häkkänen,100,0.5706197068514574,0.5759480956769502,0.5652913180259646,0.42938029314854265,0.4240519043230499,0.4347086819740354,2023-2027,1
1338,oppositio,Hanna Kosonen,182,0.4323705272791001,0.44547270666156996,0.41926834789663026,0.5676294727208999,0.5545272933384301,0.5807316521033696,2023-2027,1
1340,oppositio,Katri Kulmuni,68,0.4638618578635896,0.48171992288990745,0.44600379283727165,0.5361381421364104,0.5182800771100925,0.5539962071627283,2023-2027,1
1349,hallitus,Leena Meri,211,0.5745915250821365,0.5534159779476954,0.5957670722165778,0.4254084749178635,0.4465840220523047,0.4042329277834223,2023-2027,1
1379,hallitus,Mia Laiho,176,0.5053723865632038,0.5108791487464023,0.49986562438000526,0.49462761343679623,0.4891208512535977,0.5001343756199947,2023-2027,1
1380,oppositio,Riitta Kaarisalo,218,0.4573488432929914,0.46301633581252155,0.4516813507734613,0.5426511567070086,0.5369836641874786,0.5483186492265386,2023-2027,1
1382,oppositio,Hanna-Leena Mattila,168,0.4161637074445969,0.41030919372423086,0.42201822116496296,0.583836292555403,0.5896908062757691,0.577981778835037,2023-2027,1
1383,oppositio,Veronika Honkasalo,340,0.43217752416223987,0.42074574329859804,0.44360930502588164,0.5678224758377601,0.5792542567014018,0.5563906949741183,2023-2027,1
1384,oppositio,Mai Kivelä,239,0.47126140686999063,0.47747215321917685,0.46505066052080435,0.5287385931300095,0.5225278467808232,0.5349493394791957,2023-2027,1
1385,oppositio,Atte Harjanne,179,0.46222954793556875,0.48589744921201306,0.43856164665912445,0.5377704520644313,0.5141025507879868,0.5614383533408757,2023-2027,1
1386,oppositio,Mari Holopainen,50,0.4843989253590035,0.49364126468969144,0.4751565860283155,0.5156010746409965,0.5063587353103085,0.5248434139716844,2023-2027,1
1390,oppositio,Eveliina Heinäluoma,102,0.4360076046825223,0.41794328273829784,0.4540719266267468,0.5639923953174778,0.5820567172617023,0.5459280733732533,2023-2027,1
1391,hallitus,Ari Koponen,143,0.5358691353341698,0.5381428842628366,0.533595386405503,0.4641308646658301,0.46185711573716326,0.466404613594497,2023-2027,1
1392,hallitus,Riikka Purra,622,0.5232118521649769,0.5292670033527358,0.517156700977218,0.4767881478350231,0.4707329966472642,0.482843299022782,2023-2027,1
1398,oppositio,Johan Kvarnström,49,0.48304034251474703,0.4795325688863848,0.4865481161431092,0.516959657485253,0.5204674311136153,0.5134518838568907,2023-2027,1
1399,oppositio,Pia Lohikoski,210,0.429031657100962,0.4521727785829392,0.40589053561898486,0.570968342899038,0.5478272214170608,0.5941094643810152,2023-2027,1
1400,oppositio,Jussi Saramo,86,0.45592924960920334,0.44104149683261545,0.4708170023857912,0.5440707503907967,0.5589585031673845,0.5291829976142088,2023-2027,1
1401,oppositio,Tiina Elo,301,0.47953739783959093,0.4682055240071715,0.4908692716720104,0.5204626021604091,0.5317944759928286,0.5091307283279896,2023-2027,1
1402,oppositio,Inka Hopsu,356,0.48682572308283484,0.4891059595237359,0.48454548664193375,0.5131742769171651,0.5108940404762641,0.5154545133580661,2023-2027,1
1403,oppositio,Saara Hyrkkö,215,0.43757347631855903,0.43842742035054016,0.43671953228657784,0.562426523681441,0.5615725796494597,0.5632804677134221,2023-2027,1
1406,hallitus,Sandra Bergqvist,54,0.5257355924432721,0.5203788106829756,0.5310923742035685,0.47426440755672794,0.4796211893170243,0.4689076257964316,2023-2027,1
1407,oppositio,Johannes Yrttiaho,110,0.5027745286676959,0.5026838853439564,0.5028651719914353,0.4972254713323043,0.4973161146560437,0.4971348280085649,2023-2027,1
1408,oppositio,Aki Lindén,671,0.4923732700943142,0.5029848494520482,0.48176169073658015,0.5076267299056858,0.4970151505479518,0.5182383092634197,2023-2027,1
1409,hallitus,Vilhelm Junnila,78,0.5053555544575599,0.5079420274680803,0.5027690814470394,0.49464444554244014,0.49205797253191974,0.4972309185529606,2023-2027,1
1410,hallitus,Mikko Lundén,97,0.5586998917475833,0.5836792205382946,0.533720562956872,0.4413001082524168,0.41632077946170554,0.466279437043128,2023-2027,1
1411,oppositio,Sofia Virta,158,0.42457163819988075,0.4294798977984097,0.4196633786013518,0.5754283618001192,0.5705201022015902,0.5803366213986483,2023-2027,1
1412,oppositio,Eeva Kalli,163,0.45973142371898856,0.46066623162970644,0.45879661580827075,0.5402685762810113,0.5393337683702936,0.5412033841917292,2023-2027,1
1413,hallitus,Jari Koskela,105,0.5457346846613667,0.5655761318651774,0.5258932374575559,0.45426531533863346,0.4344238681348226,0.4741067625424443,2023-2027,1
1415,oppositio,Hilkka Kemppi,203,0.4881667628228402,0.4952969490746829,0.4810365765709975,0.5118332371771599,0.5047030509253172,0.5189634234290025,2023-2027,1
1417,hallitus,Lulu Ranne,173,0.5777877706299708,0.5724061916635822,0.5831693495963594,0.4222122293700292,0.4275938083364178,0.41683065040364065,2023-2027,1
1418,hallitus,Veijo Niemi,135,0.4934160719177433,0.4923436809267664,0.4944884629087201,0.5065839280822568,0.5076563190732336,0.5055115370912799,2023-2027,1
1419,hallitus,Sakari Puisto,162,0.5679235353027532,0.562642075379493,0.5732049952260134,0.43207646469724686,0.4373579246205071,0.42679500477398663,2023-2027,1
1421,hallitus,Anna-Kaisa Ikonen,174,0.5751557917541963,0.594423603578686,0.5558879799297066,0.42484420824580366,0.40557639642131393,0.4441120200702934,2023-2027,1
1422,oppositio,Jouni Ovaska,209,0.47635932648649537,0.48360804039350735,0.46911061257948344,0.5236406735135046,0.5163919596064926,0.5308893874205165,2023-2027,1
1424,oppositio,Hanna Holopainen,185,0.46973268536068435,0.49657018622682375,0.442895184494545,0.5302673146393156,0.5034298137731763,0.557104815505455,2023-2027,1
1425,hallitus,Ville Kaunisto,93,0.5380027558464555,0.5332415253266242,0.5427639863662869,0.4619972441535445,0.46675847467337583,0.4572360136337131,2023-2027,1
1426,hallitus,Sheikki Laakso,60,0.4876691840089651,0.4864376273854874,0.48890074063244277,0.5123308159910349,0.5135623726145127,0.5110992593675572,2023-2027,1
1428,oppositio,Niina Malm,252,0.44152150401083584,0.4300857651610298,0.4529572428606419,0.5584784959891642,0.5699142348389703,0.5470427571393582,2023-2027,1
1429,oppositio,Paula Werning,171,0.48643334165842256,0.4963372066473516,0.4765294766694936,0.5135666583415774,0.5036627933526484,0.5234705233305064,2023-2027,1
1433,oppositio,Hanna Räsänen,176,0.4624302512764612,0.4656639616502399,0.4591965409026826,0.5375697487235388,0.5343360383497602,0.5408034590973174,2023-2027,1
1434,hallitus,Sanna Antikainen,104,0.5348852373548922,0.5317550507801901,0.5380154239295944,0.46511476264510765,0.46824494921980975,0.4619845760704055,2023-2027,1
1435,hallitus,Minna Reijonen,177,0.4584247293055679,0.4533504709713833,0.46349898763975245,0.5415752706944321,0.5466495290286166,0.5365010123602476,2023-2027,1
1437,hallitus,Juha Mäenpää,216,0.4929418160106743,0.48051208865165196,0.5053715433696967,0.5070581839893257,0.519487911348348,0.4946284566303033,2023-2027,1
1439,hallitus,Mauri Peltokangas,185,0.5546872667690317,0.5643027126315603,0.545071820906503,0.4453127332309683,0.43569728736843966,0.45492817909349703,2023-2027,1
1441,hallitus,Mikko Ollikainen,57,0.5624155552537622,0.5631979371112616,0.5616331733962626,0.43758444474623787,0.43680206288873835,0.4383668266037374,2023-2027,1
1443,oppositio,Kim Berg,232,0.44009518082421284,0.43145194729152003,0.44873841435690565,0.5599048191757872,0.56854805270848,0.5512615856430945,2023-2027,1
1445,oppositio,Bella Forsgrén,185,0.41916601972716383,0.4203582173213142,0.4179738221330135,0.5808339802728362,0.5796417826786858,0.5820261778669866,2023-2027,1
1447,oppositio,Piritta Rantanen,250,0.46805369513437106,0.4747938150221467,0.46131357524659544,0.531946304865629,0.5252061849778533,0.5386864247534046,2023-2027,1
1450,hallitus,Jenna Simula,121,0.5310334024097705,0.5219234393380052,0.5401433654815359,0.4689665975902294,0.4780765606619948,0.4598566345184641,2023-2027,1
1451,hallitus,Sebastian Tynkkynen,78,0.5499388282394242,0.5610612260637174,0.538816430415131,0.4500611717605757,0.43893877393628256,0.4611835695848689,2023-2027,1
1452,hallitus,Pekka Aittakumpu,121,0.5917665117553419,0.5985189036525009,0.585014119858183,0.40823348824465805,0.4014810963474992,0.4149858801418169,2023-2027,1
1452,oppositio,Pekka Aittakumpu,122,0.45464193314423273,0.46570284035510295,0.44358102593336246,0.5453580668557673,0.5342971596448971,0.5564189740666374,2023-2027,1
1454,hallitus,Janne Heikkinen,71,0.5271202799028788,0.5334786279894563,0.5207619318163013,0.4728797200971211,0.4665213720105436,0.47923806818369863,2023-2027,1
1455,hallitus,Kaisa Juuso,343,0.5423542742117602,0.5516000789145855,0.533108469508935,0.4576457257882398,0.44839992108541454,0.4668915304910651,2023-2027,1
1468,oppositio,Tuomas Kettunen,310,0.46758400814254614,0.46448668531259035,0.4706813309725019,0.5324159918574538,0.5355133146874096,0.5293186690274981,2023-2027,1
1483,hallitus,Ville Valkonen,98,0.5519729243083665,0.5440180966527377,0.5599277519639954,0.44802707569163347,0.4559819033472623,0.4400722480360047,2023-2027,1
1485,oppositio,Minja Koskela,286,0.41981752327307476,0.4243025469989849,0.4153324995471646,0.5801824767269252,0.5756974530010152,0.5846675004528353,2023-2027,1
1488,oppositio,Elisa Gebhard,109,0.4419425270712437,0.434929467496887,0.4489555866456004,0.5580574729287563,0.565070532503113,0.5510444133543996,2023-2027,1
1489,oppositio,Fatim Diarra,68,0.4412595317129254,0.44093678196441777,0.441582281461433,0.5587404682870746,0.5590632180355821,0.558417718538567,2023-2027,1
1490,hallitus,Noora Fagerström,58,0.557635086470256,0.5523408821560408,0.562929290784471,0.44236491352974405,0.4476591178439591,0.437070709215529,2023-2027,1
1491,hallitus,Jarno Limnell,43,0.5319369551443662,0.5231133968085206,0.5407605134802118,0.46806304485563377,0.47688660319147935,0.4592394865197882,2023-2027,1
1492,hallitus,Susanne Päivärinta,105,0.535325465045114,0.5261904274117539,0.5444605026784741,0.464674534954886,0.473809572588246,0.45553949732152593,2023-2027,1
1493,hallitus,Tere Sammallahti,66,0.5132544598253765,0.544091340498831,0.4824175791519222,0.48674554017462335,0.45590865950116893,0.5175824208480778,2023-2027,1
1496,oppositio,Eemeli Peltonen,277,0.49083512320177525,0.4814797431291498,0.5001905032744006,0.5091648767982248,0.5185202568708501,0.4998094967255994,2023-2027,1
1498,hallitus,Teemu Keskisarja,64,0.49628670884977866,0.492088843983276,0.5004845737162813,0.5037132911502213,0.507911156016724,0.4995154262837187,2023-2027,1
1499,hallitus,Jorma Piisinen,190,0.5642066323624824,0.5795613521535324,0.5488519125714322,0.43579336763751764,0.42043864784646756,0.4511480874285677,2023-2027,1
1500,hallitus,Onni Rostila,71,0.49192811630464495,0.486353089068669,0.49750314354062086,0.5080718836953552,0.5136469109313311,0.5024968564593792,2023-2027,1
1502,oppositio,Timo Furuholm,283,0.4568191117966186,0.4324643001178824,0.48117392347535476,0.5431808882033815,0.5675356998821177,0.5188260765246453,2023-2027,1
1503,oppositio,Saku Nikkanen,206,0.46338405906066893,0.4691134921000513,0.4576546260212866,0.5366159409393311,0.5308865078999487,0.5423453739787134,2023-2027,1
1504,hallitus,Pauli Aalto-Setälä,76,0.5331449006072366,0.5405841408436338,0.5257056603708394,0.4668550993927635,0.4594158591563663,0.4742943396291606,2023-2027,1
1505,hallitus,Milla Lahdenperä,166,0.5538325062122578,0.542867391500238,0.5647976209242775,0.4461674937877423,0.45713260849976206,0.4352023790757225,2023-2027,1
1506,oppositio,Juha Viitala,370,0.4786044140422059,0.47035214469494047,0.4868566833894713,0.5213955859577941,0.5296478553050595,0.5131433166105287,2023-2027,1
1507,hallitus,Mari Kaunistola,105,0.5718758793932992,0.5704646710785045,0.5732870877080938,0.4281241206067009,0.42953532892149565,0.4267129122919061,2023-2027,1
1509,hallitus,Mira Nieminen,185,0.5443567290921043,0.5442811048250606,0.544432353359148,0.4556432709078957,0.4557188951749393,0.45556764664085214,2023-2027,1
1510,hallitus,Teemu Kinnari,65,0.5231710574154691,0.5160348683497381,0.5303072464812002,0.4768289425845308,0.4839651316502618,0.46969275351879985,2023-2027,1
1511,oppositio,Lauri Lyly,1134,0.47832010752379656,0.4815072748808504,0.47513294016674273,0.5216798924762034,0.5184927251191496,0.5248670598332572,2023-2027,1
1512,oppositio,Ville Merinen,156,0.42361147381264697,0.4159219614016202,0.43130098622367374,0.576388526187353,0.5840780385983797,0.5686990137763264,2023-2027,1
1513,hallitus,Aleksi Jäntti,76,0.5505839990783881,0.5571704683848584,0.5439975297719177,0.44941600092161194,0.44282953161514155,0.4560024702280823,2023-2027,1
1514,hallitus,Miko Bergbom,427,0.5076366627720494,0.5001130260129019,0.5151602995311971,0.4923633372279505,0.49988697398709814,0.48483970046880287,2023-2027,1
1515,hallitus,Joakim Vigelius,316,0.5222582673730853,0.5427022538831489,0.5018142808630219,0.47774173262691455,0.45729774611685114,0.498185719136978,2023-2027,1
1516,hallitus,Jaana Strandman,470,0.554495452002962,0.566293178656084,0.5426977253498401,0.445504547997038,0.4337068213439161,0.4573022746501598,2023-2027,1
1517,hallitus,Oskari Valtola,258,0.5309044149635249,0.5398088984032283,0.5219999315238215,0.46909558503647514,0.46019110159677173,0.47800006847617854,2023-2027,1
1518,oppositio,Vesa Kallio,433,0.47620295944447544,0.4839201528135801,0.4684857660753708,0.5237970405555247,0.51607984718642,0.5315142339246294,2023-2027,1
1519,oppositio,Anna-Kristiina Mikkonen,212,0.4545586942944711,0.4633805121385587,0.4457368764503835,0.5454413057055288,0.5366194878614412,0.5542631235496165,2023-2027,1
1520,hallitus,Karoliina Partanen,153,0.527386135555379,0.5212137119722422,0.533558559138516,0.47261386444462095,0.47878628802775786,0.466441440861484,2023-2027,1
1521,oppositio,Timo Suhonen,617,0.45452616691981285,0.4534060852623057,0.45564624857731995,0.5454738330801872,0.5465939147376944,0.5443537514226799,2023-2027,1
1523,oppositio,Laura Meriluoto,154,0.4232123758362122,0.4329898110200439,0.4134349406523804,0.5767876241637879,0.5670101889799561,0.5865650593476196,2023-2027,1
1524,oppositio,Markku Siponen,335,0.4631228344111208,0.4530381631087755,0.47320750571346615,0.5368771655888791,0.5469618368912245,0.5267924942865339,2023-2027,1
1525,hallitus,Janne Jukkola,157,0.5441394630223604,0.5389596635414449,0.5493192625032759,0.45586053697763956,0.4610403364585551,0.45068073749672405,2023-2027,1
1527,hallitus,Pia Sillanpää,234,0.5226693137708918,0.5354588520323311,0.5098797755094525,0.4773306862291081,0.46454114796766877,0.4901202244905475,2023-2027,1
1529,oppositio,Jani Kokko,253,0.5121110944862534,0.5237305269824677,0.500491661990039,0.48788890551374664,0.47626947301753225,0.499508338009961,2023-2027,1
1530,hallitus,Kaisa Garedew,275,0.5738170779081566,0.5754460144036571,0.5721881414126561,0.4261829220918435,0.424553985596343,0.42781185858734394,2023-2027,1
1532,oppositio,Timo Mehtälä,180,0.5061503528999614,0.5213472544633,0.49095345133662266,0.49384964710003876,0.47865274553670006,0.5090465486633774,2023-2027,1
1533,oppositio,Olga Oinas-Panuma,164,0.45316792163620656,0.4357933142599732,0.4705425290124399,0.5468320783637934,0.5642066857400267,0.52945747098756,2023-2027,1
1534,oppositio,Pia Hiltunen,112,0.4552527536336085,0.41882075648152267,0.4916847507856943,0.5447472463663915,0.5811792435184773,0.5083152492143057,2023-2027,1
1535,hallitus,Antti Kangas,75,0.5114232490238622,0.5194536026897688,0.5033928953579556,0.4885767509761378,0.4805463973102312,0.4966071046420444,2023-2027,1
1536,hallitus,Mikko Polvinen,84,0.5490002544032317,0.5483990314141745,0.549601477392289,0.45099974559676825,0.45160096858582566,0.4503985226077109,2023-2027,1
1536,oppositio,Mikko Polvinen,49,0.48724101770532424,0.48220992383142036,0.4922721115792282,0.5127589822946756,0.5177900761685795,0.5077278884207719,2023-2027,1
1538,hallitus,Sara Seppänen,311,0.5162564924625346,0.5282458419040832,0.5042671430209861,0.4837435075374653,0.47175415809591675,0.4957328569790139,2023-2027,1
1539,oppositio,Helena Marttila,126,0.4508359565837452,0.47588142725518623,0.4257904859123041,0.5491640434162548,0.5241185727448138,0.5742095140876959,2023-2027,1
301,hallitus,Ben Zyskowicz,252,0.4970455841561599,0.49851981915041704,0.49557134916190276,0.5029544158438402,0.501480180849583,0.5044286508380973,2023-2027,1
351,hallitus,Eva Biaudet,40,0.5143500243766602,0.5048960597072858,0.5238039890460346,0.4856499756233398,0.4951039402927142,0.4761960109539653,2023-2027,1
358,oppositio,Johannes Koskinen,124,0.5026139270041847,0.5153348169342198,0.4898930370741498,0.4973860729958153,0.48466518306578027,0.5101069629258502,2023-2027,1
464,oppositio,Kimmo Kiljunen,216,0.4722864401309239,0.4637135718963009,0.48085930836554686,0.5277135598690763,0.5362864281036993,0.5191406916344532,2023-2027,1
499,hallitus,Päivi Räsänen,184,0.5238059980149178,0.5257203862818614,0.5218916097479742,0.4761940019850823,0.47427961371813876,0.47810839025202584,2023-2027,1
511,oppositio,Pia Viitanen,249,0.4028410693782693,0.3964010872398536,0.409281051516685,0.5971589306217306,0.6035989127601462,0.5907189484833151,2023-2027,1
538,oppositio,Tuula Haatainen,134,0.45158811414957584,0.4180859101545321,0.48509031814461956,0.5484118858504241,0.5819140898454679,0.5149096818553802,2023-2027,1
583,oppositio,Mika Lintilä,69,0.4778724143741484,0.4757258273485242,0.4800190013997726,0.5221275856258516,0.5242741726514758,0.5199809986002275,2023-2027,1
612,hallitus,Sari Sarkomaa,74,0.5243015117949797,0.5108895111551595,0.5377135124348,0.47569848820502014,0.4891104888448405,0.46228648756519986,2023-2027,1
772,oppositio,Antti Kaikkonen,91,0.47615907994884166,0.4869653285728706,0.46535283132481264,0.5238409200511585,0.5130346714271294,0.5346471686751875,2023-2027,1
778,hallitus,Sari Essayah,178,0.5503445230021959,0.5710281999742314,0.5296608460301604,0.4496554769978041,0.4289718000257686,0.4703391539698396,2023-2027,1
784,hallitus,Arto Satonen,383,0.5288024138020753,0.5307391109300341,0.5268657166741165,0.47119758619792473,0.4692608890699659,0.4731342833258836,2023-2027,1
797,oppositio,Hannu Hoskonen,533,0.4943609728737278,0.5041855831906028,0.48453636255685284,0.5056390271262722,0.49581441680939725,0.515463637443147,2023-2027,1
807,oppositio,Miapetra Kumpula-Natri,74,0.4907437582319268,0.4956144616964302,0.4858730547674234,0.5092562417680733,0.5043855383035698,0.5141269452325766,2023-2027,1
846,oppositio,Oras Tynkkynen,286,0.46230579287060025,0.45980745723263017,0.46480412850857034,0.5376942071293997,0.5401925427673698,0.5351958714914297,2023-2027,1
911820,oppositio,Lotta Hamari,201,0.4410866740372423,0.447488691109716,0.43468465696476855,0.5589133259627577,0.552511308890284,0.5653153430352315,2023-2027,1
911822,hallitus,Maaret Castrén,56,0.5216084942571093,0.5038865886264763,0.5393303998877422,0.4783915057428907,0.49611341137352366,0.46066960011225777,2023-2027,1
911824,oppositio,Jessi Jokelainen,75,0.44447526926500475,0.44622797438018447,0.442722564149825,0.5555247307349952,0.5537720256198155,0.5572774358501749,2023-2027,1
911827,oppositio,Mika Riipi,78,0.4726307334753832,0.47097689617849803,0.4742845707722684,0.5273692665246168,0.529023103821502,0.5257154292277315,2023-2027,1
911829,oppositio,Hanna Laine-Nousimaa,84,0.4210722969487953,0.41632839334883454,0.425816200548756,0.5789277030512048,0.5836716066511655,0.5741837994512441,2023-2027,1
913,oppositio,Eerikki Viljanen,158,0.48621358381922275,0.5009203555213554,0.47150681211709006,0.5137864161807773,0.4990796444786446,0.5284931878829098,2023-2027,1
941,hallitus,Anna-Maja Henriksson,54,0.5389960015253572,0.5379123273055368,0.5400796757451777,0.4610039984746429,0.46208767269446327,0.45992032425482254,2023-2027,1
947,hallitus,Petteri Orpo,723,0.5352465789717322,0.5414555255188096,0.5290376324246548,0.4647534210282678,0.45854447448119035,0.4709623675753452,2023-2027,1
953,oppositio,Anne Kalmari,219,0.46595175914645426,0.46183319989196503,0.4700703184009435,0.5340482408535457,0.538166800108035,0.5299296815990565,2023-2027,1
960,oppositio,Krista Kiuru,408,0.42772059694266473,0.4034189044238602,0.4520222894614692,0.5722794030573354,0.5965810955761399,0.5479777105385308,2023-2027,1
963,oppositio,Merja Kyllönen,43,0.47289101392171884,0.466865458343204,0.47891656950023365,0.5271089860782812,0.5331345416567961,0.5210834304997662,2023-2027,1
967,hallitus,Timo Heinonen,305,0.5004700439094962,0.501532254869686,0.49940783294930646,0.4995299560905038,0.4984677451303141,0.5005921670506935,2023-2027,1
970,oppositio,Marko Asell,95,0.40177806127362226,0.4083793638691171,0.3951767586781274,0.5982219387263779,0.591620636130883,0.6048232413218727,2023-2027,1
971,oppositio,Johanna Ojala-Niemelä,139,0.4845394481729227,0.49514369230578403,0.4739352040400614,0.5154605518270772,0.5048563076942159,0.5260647959599386,2023-2027,1
1089,hallitus,Heikki Autto,267,0.5689008892817062,0.555055306979775,0.5827464715836376,0.4310991107182936,0.4449446930202249,0.4172535284163623,2023-2027,2
1093,hallitus,Juho Eerola,305,0.5521317504602775,0.5588939932662336,0.5453695076543215,0.4478682495397225,0.44110600673376654,0.4546304923456784,2023-2027,2
1097,oppositio,Aino-Kaisa Pekonen,220,0.40721052139921365,0.41512801376117936,0.3992930290372479,0.5927894786007862,0.5848719862388205,0.6007069709627519,2023-2027,2
1099,oppositio,Eeva-Johanna Eloranta,84,0.4264420440329166,0.40752595299478367,0.4453581350710495,0.5735579559670834,0.5924740470052163,0.5546418649289505,2023-2027,2
1100,hallitus,Sanni Grahn-Laasonen,308,0.5607759405499639,0.5549974868557566,0.5665543942441713,0.43922405945003595,0.44500251314424333,0.43344560575582863,2023-2027,2
1106,oppositio,Mikko Savola,151,0.5387051561217451,0.5392397829819326,0.5381705292615575,0.46129484387825487,0.4607602170180673,0.46182947073844244,2023-2027,2
1126,oppositio,Tytti Tuppurainen,291,0.4680994544914681,0.4629348810168602,0.47326402796607603,0.5319005455085319,0.5370651189831398,0.526735972033924,2023-2027,2
1129,hallitus,Arja Juvonen,134,0.5579737461263372,0.5667442623488189,0.5492032299038555,0.4420262538736628,0.4332557376511811,0.4507967700961445,2023-2027,2
1131,hallitus,Sinuhe Wallinheimo,154,0.5062181583928773,0.4904757615045513,0.5219605552812034,0.4937818416071227,0.5095242384954487,0.47803944471879667,2023-2027,2
1133,oppositio,Mika Kari,133,0.5176061174768767,0.5194225799038585,0.5157896550498949,0.4823938825231233,0.48057742009614157,0.4842103449501051,2023-2027,2
1134,hallitus,Sofia Vikman,102,0.6124645734425219,0.6035953084654444,0.6213338384195994,0.38753542655747797,0.3964046915345554,0.3786661615804006,2023-2027,2
1135,hallitus,Pia Kauma,84,0.5482325338007981,0.546485172469499,0.5499798951320971,0.45176746619920205,0.4535148275305011,0.450020104867903,2023-2027,2
1136,hallitus,Ville Vähämäki,94,0.5652255588988286,0.562805088059853,0.5676460297378043,0.4347744411011714,0.4371949119401471,0.43235397026219574,2023-2027,2
1137,hallitus,Pauli Kiuru,225,0.5315130446760883,0.5308992220599056,0.532126867292271,0.4684869553239117,0.46910077794009436,0.4678731327077291,2023-2027,2
1141,hallitus,Peter Östman,138,0.5460099977861517,0.5440540368573678,0.5479659587149355,0.45399000221384844,0.45594596314263225,0.45203404128506464,2023-2027,2
1142,hallitus,Jukka Kopra,58,0.5322533455690134,0.5375546916381874,0.5269519994998394,0.4677466544309867,0.46244530836181263,0.4730480005001607,2023-2027,2
1144,oppositio,Suna Kymäläinen,93,0.446629548757309,0.4716010530604965,0.4216580444541215,0.553370451242691,0.5283989469395035,0.5783419555458785,2023-2027,2
1149,oppositio,Markus Lohi,387,0.4819856126270321,0.4771742640229303,0.4867969612311339,0.5180143873729679,0.5228257359770698,0.5132030387688661,2023-2027,2
1155,oppositio,Anna Kontula,119,0.487491677760711,0.47297611093634356,0.5020072445850785,0.512508322239289,0.5270238890636565,0.49799275541492144,2023-2027,2
1157,oppositio,Annika Saarikko,73,0.46778484032157064,0.44412680772095897,0.49144287292218236,0.5322151596784293,0.555873192279041,0.5085571270778176,2023-2027,2
1202,oppositio,Nasima Razmyar,101,0.45950462248718704,0.45162391450092604,0.46738533047344805,0.5404953775128128,0.5483760854990738,0.5326146695265519,2023-2027,2
1219,hallitus,Saara-Sofia Sirén,94,0.5260280323636355,0.5207356418863374,0.5313204228409337,0.4739719676363645,0.4792643581136627,0.46867957715906633,2023-2027,2
1265,hallitus,Matias Marttinen,256,0.5200113177720227,0.5314164925852881,0.5086061429587572,0.4799886822279774,0.4685835074147119,0.49139385704124294,2023-2027,2
1279,hallitus,Elina Valtonen,85,0.5701341781580735,0.5727119679774872,0.56755638833866,0.42986582184192645,0.42728803202251286,0.4324436116613401,2023-2027,2
1282,hallitus,Wille Rydman,196,0.5349971259946732,0.5583773116354988,0.5116169403538476,0.4650028740053268,0.4416226883645013,0.48838305964615225,2023-2027,2
1298,oppositio,Krista Mikkonen,373,0.4555926840652339,0.44486779773405205,0.4663175703964157,0.5444073159347661,0.555132202265948,0.5336824296035843,2023-2027,2
1299,hallitus,Sari Multala,209,0.5713507082552935,0.5851238451223197,0.5575775713882674,0.4286492917447064,0.4148761548776802,0.4424224286117326,2023-2027,2
1301,hallitus,Jani Mäkelä,69,0.5148092058848834,0.5288660040886504,0.5007524076811166,0.48519079411511645,0.4711339959113496,0.4992475923188834,2023-2027,2
1302,oppositio,Ilmari Nurminen,234,0.3858560398799197,0.369416921261573,0.4022951584982664,0.6141439601200804,0.6305830787384271,0.5977048415017336,2023-2027,2
1306,hallitus,Anders Adlercreutz,123,0.5268488176300725,0.5325511210340684,0.5211465142260767,0.47315118236992737,0.46744887896593157,0.47885348577392317,2023-2027,2
1308,hallitus,Jari Ronkainen,124,0.566221210032532,0.5662213526071505,0.5662210674579136,0.433778789967468,0.4337786473928495,0.43377893254208655,2023-2027,2
1310,oppositio,Li Andersson,129,0.4449645998313018,0.4546214508531136,0.43530774880949,0.5550354001686981,0.5453785491468863,0.56469225119051,2023-2027,2
1311,oppositio,Joona Räsänen,637,0.46161811884479037,0.4538836223502692,0.46935261533931155,0.5383818811552097,0.5461163776497308,0.5306473846606885,2023-2027,2
1312,oppositio,Hanna Sarkkinen,226,0.4266023349882633,0.4140135163117402,0.43919115366478634,0.5733976650117367,0.5859864836882599,0.5608088463352137,2023-2027,2
1314,hallitus,Sami Savio,76,0.570629308816051,0.5662409675128878,0.5750176501192141,0.4293706911839491,0.43375903248711234,0.4249823498807858,2023-2027,2
1316,oppositio,Ville Skinnari,69,0.44985750647319145,0.43409271650578674,0.4656222964405961,0.5501424935268086,0.5659072834942132,0.534377703559404,2023-2027,2
1318,hallitus,Joakim Strand,41,0.5662944460647021,0.5740745207023753,0.5585143714270289,0.43370555393529786,0.4259254792976247,0.44148562857297097,2023-2027,2
1323,hallitus,Mari-Leena Talvitie,99,0.536398688977415,0.5136583779893592,0.5591389999654709,0.46360131102258506,0.4863416220106408,0.4408610000345293,2023-2027,2
1326,oppositio,Timo Harakka,156,0.4702624103176559,0.48554707879127806,0.45497774184403383,0.529737589682344,0.5144529212087219,0.545022258155966,2023-2027,2
1331,oppositio,Petri Honkonen,222,0.4733591150137668,0.46064396679370134,0.48607426323383224,0.5266408849862332,0.5393560332062985,0.5139257367661678,2023-2027,2
1333,hallitus,Laura Huhtasaari,58,0.5109175610386534,0.515309507081868,0.5065256149954388,0.4890824389613466,0.484690492918132,0.4934743850045612,2023-2027,2
1334,hallitus,Antti Häkkänen,100,0.6092438517741228,0.6209745191501533,0.5975131843980921,0.39075614822587723,0.3790254808498467,0.40248681560190774,2023-2027,2
1340,oppositio,Katri Kulmuni,68,0.45082924897081367,0.455865890876733,0.4457926070648943,0.5491707510291863,0.5441341091232671,0.5542073929351056,2023-2027,2
1341,oppositio,Antti Kurvinen,253,0.4809384167220701,0.48495178745533973,0.4769250459888005,0.51906158327793,0.5150482125446604,0.5230749540111994,2023-2027,2
1349,hallitus,Leena Meri,211,0.5807598632376108,0.580710777475306,0.5808089489999155,0.4192401367623893,0.4192892225246941,0.4191910510000845,2023-2027,2
1379,hallitus,Mia Laiho,176,0.5084828247446683,0.5296642226383422,0.4873014268509944,0.4915171752553317,0.47033577736165777,0.5126985731490056,2023-2027,2
1380,oppositio,Riitta Kaarisalo,218,0.4598355507548123,0.4460240271131718,0.47364707439645287,0.5401644492451876,0.5539759728868281,0.5263529256035472,2023-2027,2
1382,oppositio,Hanna-Leena Mattila,168,0.408185101149017,0.40447246213399046,0.41189774016404357,0.591814898850983,0.5955275378660095,0.5881022598359567,2023-2027,2
1383,oppositio,Veronika Honkasalo,340,0.461969701132647,0.4568723497068891,0.46706705255840497,0.5380302988673529,0.5431276502931108,0.5329329474415949,2023-2027,2
1384,oppositio,Mai Kivelä,239,0.45890639906954,0.46031110390517754,0.4575016942339024,0.5410936009304601,0.5396888960948225,0.5424983057660976,2023-2027,2
1385,oppositio,Atte Harjanne,179,0.47688583479896396,0.4799299240920144,0.47384174550591346,0.523114165201036,0.5200700759079856,0.5261582544940866,2023-2027,2
1386,oppositio,Mari Holopainen,50,0.48691869777902297,0.4835115526054802,0.49032584295256576,0.5130813022209769,0.5164884473945198,0.509674157047434,2023-2027,2
1387,oppositio,Maria Ohisalo,101,0.43214863562220396,0.42826010133808606,0.43603716990632185,0.567851364377796,0.5717398986619139,0.5639628300936781,2023-2027,2
1388,hallitus,Mari Rantanen,159,0.6106277788757184,0.6352965492779383,0.5859590084734985,0.38937222112428166,0.36470345072206173,0.4140409915265016,2023-2027,2
1390,oppositio,Eveliina Heinäluoma,102,0.45077060200901065,0.4564953622235521,0.44504584179446927,0.5492293979909892,0.543504637776448,0.5549541582055306,2023-2027,2
1391,hallitus,Ari Koponen,143,0.5546430107740046,0.5426661963627142,0.566619825185295,0.4453569892259954,0.4573338036372858,0.43338017481470503,2023-2027,2
1392,hallitus,Riikka Purra,622,0.5780152337252956,0.570141460064183,0.5858890073864083,0.4219847662747043,0.4298585399358171,0.4141109926135916,2023-2027,2
1394,hallitus,Pihla Keto-Huovinen,70,0.5834190724852981,0.5894653421395161,0.5773728028310801,0.4165809275147021,0.41053465786048415,0.42262719716892,2023-2027,2
1396,hallitus,Heikki Vestman,150,0.5382728579656346,0.5378157188694181,0.5387299970618511,0.46172714203436543,0.4621842811305819,0.46127000293814896,2023-2027,2
1399,oppositio,Pia Lohikoski,210,0.44327858190350755,0.41880860029127787,0.4677485635157372,0.5567214180964924,0.5811913997087221,0.5322514364842628,2023-2027,2
1400,oppositio,Jussi Saramo,86,0.43256882846015654,0.4708309130935495,0.39430674382676356,0.5674311715398435,0.5291690869064505,0.6056932561732364,2023-2027,2
1401,oppositio,Tiina Elo,301,0.49826776407223905,0.5359466139397177,0.46058891420476045,0.501732235927761,0.46405338606028235,0.5394110857952396,2023-2027,2
1402,oppositio,Inka Hopsu,356,0.5005475041552923,0.49435236824993173,0.5067426400606528,0.49945249584470774,0.5056476317500683,0.49325735993934716,2023-2027,2
1403,oppositio,Saara Hyrkkö,215,0.46178135251855223,0.4526528494469204,0.470909855590184,0.5382186474814478,0.5473471505530796,0.5290901444098159,2023-2027,2
1406,hallitus,Sandra Bergqvist,54,0.4922512413158201,0.47597451470403973,0.5085279679276005,0.5077487586841799,0.5240254852959603,0.4914720320723995,2023-2027,2
1407,oppositio,Johannes Yrttiaho,110,0.48723650093306986,0.5078699764269308,0.46660302543920895,0.5127634990669302,0.49213002357306923,0.5333969745607912,2023-2027,2
1408,oppositio,Aki Lindén,671,0.4619921434938397,0.478559502743102,0.44542478424457743,0.5380078565061603,0.521440497256898,0.5545752157554226,2023-2027,2
1409,hallitus,Vilhelm Junnila,78,0.5113703384486886,0.5399456255749395,0.4827950513224377,0.4886296615513114,0.46005437442506053,0.5172049486775622,2023-2027,2
1410,hallitus,Mikko Lundén,97,0.5396774415746933,0.528680687481819,0.5506741956675677,0.4603225584253068,0.47131931251818104,0.44932580433243247,2023-2027,2
1411,oppositio,Sofia Virta,158,0.48117508996041586,0.46529938313612085,0.49705079678471087,0.5188249100395843,0.5347006168638792,0.5029492032152894,2023-2027,2
1412,oppositio,Eeva Kalli,163,0.42382837272892,0.4154252416412051,0.4322315038166349,0.5761716272710802,0.584574758358795,0.5677684961833652,2023-2027,2
1413,hallitus,Jari Koskela,105,0.5230700856133644,0.5227141165923971,0.5234260546343318,0.47692991438663557,0.477285883407603,0.4765739453656682,2023-2027,2
1415,oppositio,Hilkka Kemppi,203,0.46558285481728157,0.4623468139970305,0.46881889563753265,0.5344171451827184,0.5376531860029695,0.5311811043624675,2023-2027,2
1417,hallitus,Lulu Ranne,173,0.5850284846729266,0.5704420046348082,0.5996149647110449,0.41497151532707344,0.4295579953651919,0.40038503528895497,2023-2027,2
1418,hallitus,Veijo Niemi,135,0.5397054510040562,0.5495172267095321,0.5298936752985802,0.4602945489959438,0.4504827732904678,0.4701063247014198,2023-2027,2
1419,hallitus,Sakari Puisto,162,0.5659879120711444,0.5715617845112183,0.5604140396310705,0.43401208792885554,0.4284382154887817,0.4395859603689294,2023-2027,2
1421,hallitus,Anna-Kaisa Ikonen,174,0.5405437065999461,0.5410946504401716,0.5399927627597207,0.45945629340005384,0.4589053495598285,0.4600072372402792,2023-2027,2
1422,oppositio,Jouni Ovaska,209,0.4458688400862513,0.46672396008264094,0.42501372008986166,0.5541311599137488,0.5332760399173591,0.5749862799101385,2023-2027,2
1424,oppositio,Hanna Holopainen,185,0.4767317221144475,0.4610172222914798,0.4924462219374151,0.5232682778855526,0.5389827777085203,0.5075537780625848,2023-2027,2
1426,hallitus,Sheikki Laakso,60,0.48848117300259786,0.4844108332320903,0.4925515127731054,0.5115188269974023,0.5155891667679098,0.5074484872268946,2023-2027,2
1428,oppositio,Niina Malm,252,0.4413539318292188,0.4309687829858708,0.45173908067256674,0.5586460681707812,0.5690312170141292,0.5482609193274331,2023-2027,2
1429,oppositio,Paula Werning,171,0.4869030645137654,0.5089927189245108,0.4648134101030201,0.5130969354862345,0.49100728107548913,0.5351865898969799,2023-2027,2
1430,oppositio,Seppo Eskelinen,163,0.46173685955044963,0.4484028707335151,0.4750708483673841,0.5382631404495505,0.551597129266485,0.524929151632616,2023-2027,2
1432,hallitus,Marko Kilpi,124,0.47238251279988186,0.47908382873813116,0.4656811968616326,0.527617487200118,0.5209161712618688,0.5343188031383672,2023-2027,2
1433,oppositio,Hanna Räsänen,176,0.4368005820495679,0.4383582701372223,0.4352428939619135,0.563199417950432,0.5616417298627777,0.5647571060380864,2023-2027,2
1434,hallitus,Sanna Antikainen,104,0.544909274257025,0.5331140769088667,0.5567044716051833,0.455090725742975,0.4668859230911333,0.4432955283948167,2023-2027,2
1437,hallitus,Juha Mäenpää,216,0.4913554081190004,0.49454275202055487,0.48816806421744596,0.5086445918809996,0.5054572479794451,0.511831935782554,2023-2027,2
1439,hallitus,Mauri Peltokangas,185,0.579983294830753,0.5808764734916477,0.5790901161698582,0.42001670516924694,0.4191235265083521,0.4209098838301418,2023-2027,2
1441,hallitus,Mikko Ollikainen,57,0.5529258848122958,0.564165332258505,0.5416864373660866,0.4470741151877041,0.435834667741495,0.4583135626339133,2023-2027,2
1443,oppositio,Kim Berg,232,0.41375424082012036,0.4075561380855223,0.41995234355471844,0.5862457591798795,0.5924438619144776,0.5800476564452816,2023-2027,2
1445,oppositio,Bella Forsgrén,185,0.44192169588392183,0.4464343804300762,0.4374090113377675,0.5580783041160781,0.5535656195699237,0.5625909886622324,2023-2027,2
1447,oppositio,Piritta Rantanen,250,0.4363525172977496,0.436241666044687,0.43646336855081225,0.5636474827022503,0.5637583339553128,0.5635366314491878,2023-2027,2
1450,hallitus,Jenna Simula,121,0.5461364648268341,0.5494303165451045,0.5428426131085635,0.4538635351731659,0.45056968345489545,0.4571573868914364,2023-2027,2
1451,hallitus,Sebastian Tynkkynen,78,0.5340272718740857,0.5441099367503457,0.5239446069978257,0.46597272812591434,0.45589006324965436,0.4760553930021743,2023-2027,2
1452,hallitus,Pekka Aittakumpu,121,0.5643350377314112,0.5634035439078475,0.565266531554975,0.43566496226858875,0.43659645609215253,0.43473346844502503,2023-2027,2
1452,oppositio,Pekka Aittakumpu,122,0.473810266618675,0.4382781808697631,0.5093423523675868,0.5261897333813251,0.561721819130237,0.4906576476324133,2023-2027,2
1454,hallitus,Janne Heikkinen,71,0.5034657546390926,0.5069442661553467,0.4999872431228386,0.4965342453609073,0.49305573384465323,0.5000127568771614,2023-2027,2
1468,oppositio,Tuomas Kettunen,310,0.4573865437791709,0.4507088281446509,0.4640642594136909,0.5426134562208291,0.5492911718553491,0.535935740586309,2023-2027,2
1469,oppositio,Matias Mäkynen,116,0.4305289536176751,0.432911773349848,0.42814613388550227,0.5694710463823249,0.567088226650152,0.5718538661144977,2023-2027,2
1481,hallitus,Atte Kaleva,59,0.5212368428765022,0.506296289419706,0.5361773963332983,0.478763157123498,0.49370371058029405,0.4638226036667019,2023-2027,2
1483,hallitus,Ville Valkonen,98,0.5723876984891687,0.5697413165771698,0.5750340804011677,0.4276123015108313,0.43025868342283025,0.42496591959883234,2023-2027,2
1485,oppositio,Minja Koskela,286,0.40613053036188895,0.3804463029126915,0.43181475781108647,0.593869469638111,0.6195536970873086,0.5681852421889135,2023-2027,2
1488,oppositio,Elisa Gebhard,109,0.40412909179442846,0.4055428617782201,0.40271532181063685,0.5958709082055715,0.5944571382217799,0.5972846781893633,2023-2027,2
1489,oppositio,Fatim Diarra,68,0.4378997806111019,0.4391935657379772,0.43660599548422657,0.5621002193888982,0.5608064342620228,0.5633940045157735,2023-2027,2
1490,hallitus,Noora Fagerström,58,0.5769898584850293,0.5603546594859987,0.5936250574840598,0.42301014151497074,0.43964534051400134,0.40637494251594014,2023-2027,2
1491,hallitus,Jarno Limnell,43,0.5698354653139057,0.5669708546863219,0.5727000759414895,0.4301645346860943,0.4330291453136782,0.42729992405851036,2023-2027,2
1492,hallitus,Susanne Päivärinta,105,0.5694443224211327,0.5585076788168019,0.5803809660254635,0.43055567757886726,0.44149232118319803,0.4196190339745365,2023-2027,2
1493,hallitus,Tere Sammallahti,66,0.5153787977625768,0.5188292796237544,0.5119283159013992,0.48462120223742317,0.4811707203762456,0.48807168409860074,2023-2027,2
1495,hallitus,Mika Poutala,91,0.528434912260725,0.5388479595630121,0.5180218649584378,0.47156508773927497,0.46115204043698793,0.48197813504156206,2023-2027,2
1496,oppositio,Eemeli Peltonen,277,0.5191574858114985,0.5136020191173996,0.5247129525055975,0.48084251418850155,0.48639798088260056,0.4752870474944026,2023-2027,2
1497,oppositio,Pinja Perholehto,194,0.4494098393242499,0.4379783957293471,0.46084128291915266,0.5505901606757502,0.562021604270653,0.5391587170808474,2023-2027,2
1498,hallitus,Teemu Keskisarja,64,0.5152676128257123,0.5175392510576708,0.5129959745937539,0.48473238717428757,0.48246074894232904,0.4870040254062461,2023-2027,2
1499,hallitus,Jorma Piisinen,190,0.5643355619401105,0.5800983005021897,0.5485728233780314,0.4356644380598894,0.4199016994978103,0.4514271766219686,2023-2027,2
1500,hallitus,Onni Rostila,71,0.5199582641596594,0.519829440528879,0.5200870877904399,0.4800417358403405,0.48017055947112086,0.4799129122095601,2023-2027,2
1501,hallitus,Henrik Wickström,116,0.5349515121040922,0.5233525105958853,0.546550513612299,0.4650484878959079,0.4766474894041147,0.45344948638770105,2023-2027,2
1502,oppositio,Timo Furuholm,283,0.4631980163097199,0.470118983037011,0.45627704958242876,0.5368019836902802,0.5298810169629891,0.5437229504175712,2023-2027,2
1503,oppositio,Saku Nikkanen,206,0.45530263165377205,0.4870523335125988,0.4235529297949453,0.544697368346228,0.5129476664874012,0.5764470702050547,2023-2027,2
1504,hallitus,Pauli Aalto-Setälä,76,0.5276230046164616,0.526895127793576,0.5283508814393472,0.4723769953835384,0.4731048722064239,0.47164911856065295,2023-2027,2
1505,hallitus,Milla Lahdenperä,166,0.5625803986586696,0.5618492422104758,0.5633115551068634,0.4374196013413304,0.4381507577895243,0.4366884448931366,2023-2027,2
1506,oppositio,Juha Viitala,370,0.49708325156462796,0.48327761047315904,0.5108888926560968,0.502916748435372,0.5167223895268409,0.48911110734390323,2023-2027,2
1507,hallitus,Mari Kaunistola,105,0.5773562920448447,0.5592440672266947,0.5954685168629946,0.4226437079551554,0.4407559327733053,0.4045314831370055,2023-2027,2
1508,hallitus,Rami Lehtinen,276,0.5431742705350109,0.5223865715460421,0.5639619695239796,0.4568257294649891,0.4776134284539578,0.4360380304760204,2023-2027,2
1509,hallitus,Mira Nieminen,185,0.5763288186497033,0.6084277741879309,0.5442298631114757,0.4236711813502967,0.391572225812069,0.4557701368885243,2023-2027,2
1510,hallitus,Teemu Kinnari,65,0.545605913431187,0.53724952824566,0.5539622986167141,0.4543940865688129,0.46275047175434,0.44603770138328586,2023-2027,2
1511,oppositio,Lauri Lyly,1134,0.5212668001273162,0.5248164623778074,0.517717137876825,0.4787331998726838,0.47518353762219256,0.482282862123175,2023-2027,2
1512,oppositio,Ville Merinen,156,0.4582238813718888,0.4424072605160241,0.4740405022277535,0.5417761186281111,0.5575927394839758,0.5259594977722464,2023-2027,2
1513,hallitus,Aleksi Jäntti,76,0.5567718350777354,0.5718044162492704,0.5417392539062005,0.4432281649222646,0.42819558375072964,0.45826074609379946,2023-2027,2
1514,hallitus,Miko Bergbom,427,0.4785780750733152,0.4686479049010278,0.4885082452456026,0.5214219249266847,0.5313520950989722,0.5114917547543973,2023-2027,2
1515,hallitus,Joakim Vigelius,316,0.55703058928974,0.5562331882728302,0.5578279903066498,0.44296941071025997,0.4437668117271697,0.44217200969335024,2023-2027,2
1516,hallitus,Jaana Strandman,470,0.5894731049735398,0.5947589257985697,0.58418728414851,0.4105268950264601,0.40524107420143035,0.4158127158514898,2023-2027,2
1517,hallitus,Oskari Valtola,258,0.5193246442081401,0.5083583453969381,0.530290943019342,0.4806753557918599,0.49164165460306186,0.4697090569806579,2023-2027,2
1518,oppositio,Vesa Kallio,433,0.4890524516287387,0.47148153997903497,0.5066233632784425,0.5109475483712612,0.5285184600209649,0.49337663672155746,2023-2027,2
1519,oppositio,Anna-Kristiina Mikkonen,212,0.49093748503302725,0.47959723190335535,0.5022777381626992,0.5090625149669727,0.5204027680966447,0.49772226183730084,2023-2027,2
1520,hallitus,Karoliina Partanen,153,0.5062956358416584,0.4833501858661843,0.5292410858171326,0.4937043641583416,0.5166498141338158,0.47075891418286736,2023-2027,2
1521,oppositio,Timo Suhonen,617,0.43275266582908634,0.44248666007736803,0.42301867158080464,0.5672473341709137,0.557513339922632,0.5769813284191955,2023-2027,2
1523,oppositio,Laura Meriluoto,154,0.4431311075686123,0.43372050251833427,0.4525417126188903,0.5568688924313876,0.5662794974816656,0.5474582873811097,2023-2027,2
1524,oppositio,Markku Siponen,335,0.4545778565918237,0.4654035760063441,0.4437521371773034,0.5454221434081762,0.5345964239936558,0.5562478628226966,2023-2027,2
1525,hallitus,Janne Jukkola,157,0.6010945221550956,0.5994563917430307,0.6027326525671607,0.3989054778449043,0.4005436082569694,0.39726734743283926,2023-2027,2
1527,hallitus,Pia Sillanpää,234,0.5103885203329999,0.5162302036018273,0.5045468370641726,0.4896114796670001,0.48376979639817275,0.4954531629358274,2023-2027,2
1529,oppositio,Jani Kokko,253,0.5255373586726195,0.5400580003099945,0.5110167170352444,0.47446264132738053,0.45994199969000543,0.48898328296475563,2023-2027,2
1530,hallitus,Kaisa Garedew,275,0.5470431619009791,0.5610540681588138,0.5330322556431445,0.4529568380990209,0.43894593184118624,0.46696774435685545,2023-2027,2
1531,hallitus,Tomi Immonen,88,0.5970903039216846,0.6110387540486313,0.5831418537947379,0.4029096960783155,0.3889612459513687,0.41685814620526224,2023-2027,2
1532,oppositio,Timo Mehtälä,180,0.48664228408746735,0.49508870362885216,0.4781958645460825,0.5133577159125327,0.504911296371148,0.5218041354539175,2023-2027,2
1534,oppositio,Pia Hiltunen,112,0.495505351305044,0.5077594612916981,0.4832512413183898,0.504494648694956,0.49224053870830187,0.5167487586816101,2023-2027,2
1536,hallitus,Mikko Polvinen,84,0.532451155522796,0.5365568109880641,0.5283455000575279,0.4675488444772041,0.463443189011936,0.47165449994247216,2023-2027,2
1536,oppositio,Mikko Polvinen,49,0.46813870839429705,0.4640212612836434,0.47225615550495065,0.531861291605703,0.5359787387163566,0.5277438444950493,2023-2027,2
1538,hallitus,Sara Seppänen,311,0.5424729548155172,0.5498975227685505,0.5350483868624839,0.45752704518448273,0.4501024772314494,0.4649516131375161,2023-2027,2
1539,oppositio,Helena Marttila,126,0.409035797510672,0.3952673196465282,0.4228042753748157,0.590964202489328,0.6047326803534718,0.5771957246251843,2023-2027,2
301,hallitus,Ben Zyskowicz,252,0.5122879503171736,0.5230604544081732,0.5015154462261739,0.48771204968282655,0.47693954559182694,0.4984845537738261,2023-2027,2
358,oppositio,Johannes Koskinen,124,0.5205278104387909,0.5184284111100138,0.5226272097675682,0.479472189561209,0.4815715888899862,0.47737279023243184,2023-2027,2
464,oppositio,Kimmo Kiljunen,216,0.5087484501091851,0.5216331263629164,0.4958637738554539,0.4912515498908149,0.4783668736370836,0.5041362261445461,2023-2027,2
499,hallitus,Päivi Räsänen,184,0.5182983572629274,0.5333326073472163,0.5032641071786385,0.48170164273707256,0.4666673926527837,0.49673589282136144,2023-2027,2
538,oppositio,Tuula Haatainen,134,0.44812181046498156,0.44212902866574577,0.45411459226421735,0.5518781895350184,0.5578709713342542,0.5458854077357826,2023-2027,2
583,oppositio,Mika Lintilä,69,0.5181333994620843,0.518883465143943,0.5173833337802256,0.4818666005379158,0.481116534856057,0.4826166662197746,2023-2027,2
612,hallitus,Sari Sarkomaa,74,0.5322257447703926,0.5341829582506772,0.530268531290108,0.46777425522960736,0.46581704174932276,0.469731468709892,2023-2027,2
778,hallitus,Sari Essayah,178,0.5667912569517803,0.5662896298246125,0.5672928840789483,0.43320874304821966,0.4337103701753876,0.43270711592105177,2023-2027,2
784,hallitus,Arto Satonen,383,0.5213775450876535,0.5098473334651069,0.5329077567102002,0.47862245491234645,0.49015266653489303,0.4670922432897998,2023-2027,2
797,oppositio,Hannu Hoskonen,533,0.4152089965004212,0.4192152465215873,0.41120274647925514,0.5847910034995788,0.5807847534784127,0.5887972535207449,2023-2027,2
807,oppositio,Miapetra Kumpula-Natri,74,0.4992807943132406,0.48113514563445603,0.5174264429920251,0.5007192056867594,0.518864854365544,0.4825735570079749,2023-2027,2
846,oppositio,Oras Tynkkynen,286,0.46210421557213666,0.4752679466900117,0.4489404844542616,0.5378957844278633,0.5247320533099884,0.5510595155457384,2023-2027,2
911820,oppositio,Lotta Hamari,201,0.4683445530957471,0.4742139554266366,0.4624751507648576,0.5316554469042529,0.5257860445733634,0.5375248492351423,2023-2027,2
911822,hallitus,Maaret Castrén,56,0.5104527208933057,0.49725402656633444,0.523651415220277,0.48954727910669427,0.5027459734336656,0.47634858477972297,2023-2027,2
911824,oppositio,Jessi Jokelainen,75,0.4594148788889096,0.44712846548664603,0.47170129229117314,0.5405851211110904,0.5528715345133539,0.5282987077088269,2023-2027,2
911829,oppositio,Hanna Laine-Nousimaa,84,0.4360448503220098,0.4287374372262206,0.44335226341779893,0.5639551496779902,0.5712625627737793,0.5566477365822011,2023-2027,2
913,oppositio,Eerikki Viljanen,158,0.4675842083698353,0.4719429066592776,0.4632255100803929,0.5324157916301647,0.5280570933407225,0.536774489919607,2023-2027,2
941,hallitus,Anna-Maja Henriksson,54,0.5727142763472346,0.5878116082439873,0.5576169444504818,0.42728572365276546,0.4121883917560128,0.4423830555495181,2023-2027,2
947,hallitus,Petteri Orpo,723,0.5532612601753513,0.5670293008483275,0.5394932195023752,0.44673873982464873,0.43297069915167263,0.46050678049762483,2023-2027,2
953,oppositio,Anne Kalmari,219,0.4647148291978145,0.48372103362019014,0.4457086247754389,0.5352851708021855,0.5162789663798099,0.5542913752245611,2023-2027,2
960,oppositio,Krista Kiuru,408,0.4247611363151319,0.4141505952990413,0.43537167733122245,0.5752388636848682,0.5858494047009587,0.5646283226687777,2023-2027,2
963,oppositio,Merja Kyllönen,43,0.457932646442842,0.4500407059330354,0.46582458695264856,0.5420673535571581,0.5499592940669645,0.5341754130473515,2023-2027,2
967,hallitus,Timo Heinonen,305,0.520972304557659,0.5260652500338843,0.5158793590814337,0.4790276954423409,0.47393474996611573,0.4841206409185661,2023-2027,2
970,oppositio,Marko Asell,95,0.43150616865229785,0.45956792241024635,0.40344441489434935,0.5684938313477021,0.5404320775897536,0.5965555851056507,2023-2027,2
1089,hallitus,Heikki Autto,267,0.5487952976391732,0.5636275211667423,0.5339630741116042,0.45120470236082677,0.43637247883325775,0.4660369258883958,2023-2027,3
1094,hallitus,Markku Eestilä,119,0.47930706535574,0.46857061688447094,0.4900435138270091,0.5206929346442599,0.531429383115529,0.5099564861729908,2023-2027,3
1096,hallitus,Ritva Elomaa,211,0.5494521910765925,0.5419115121045095,0.5569928700486755,0.4505478089234075,0.45808848789549045,0.4430071299513245,2023-2027,3
1097,oppositio,Aino-Kaisa Pekonen,220,0.37276416964794234,0.3986801412872874,0.34684819800859723,0.6272358303520577,0.6013198587127127,0.6531518019914027,2023-2027,3
1099,oppositio,Eeva-Johanna Eloranta,84,0.45990029271940625,0.4365262545405401,0.4832743308982724,0.5400997072805938,0.5634737454594598,0.5167256691017277,2023-2027,3
1100,hallitus,Sanni Grahn-Laasonen,308,0.5398412241877459,0.5481608575065634,0.5315215908689284,0.4601587758122542,0.45183914249343654,0.46847840913107175,2023-2027,3
1106,oppositio,Mikko Savola,151,0.5089630380849144,0.5122184455968232,0.5057076305730057,0.4910369619150857,0.487781554403177,0.4942923694269944,2023-2027,3
1126,oppositio,Tytti Tuppurainen,291,0.44589131630437684,0.4515422292526291,0.4402404033561246,0.554108683695623,0.5484577707473709,0.5597595966438753,2023-2027,3
1129,hallitus,Arja Juvonen,134,0.5330662112404878,0.5388083026954498,0.527324119785526,0.46693378875951197,0.4611916973045502,0.4726758802144738,2023-2027,3
1131,hallitus,Sinuhe Wallinheimo,154,0.5157609423895156,0.5118099807848422,0.5197119039941891,0.4842390576104844,0.488190019215158,0.48028809600581085,2023-2027,3
1133,oppositio,Mika Kari,133,0.49358564185032516,0.49766370635198787,0.4895075773486625,0.5064143581496747,0.5023362936480121,0.5104924226513374,2023-2027,3
1135,hallitus,Pia Kauma,84,0.49496749259534917,0.4859485386752117,0.5039864465154866,0.5050325074046509,0.5140514613247882,0.4960135534845135,2023-2027,3
1137,hallitus,Pauli Kiuru,225,0.5477849241703918,0.563202745140239,0.5323671032005446,0.4522150758296081,0.4367972548597609,0.46763289679945536,2023-2027,3
1142,hallitus,Jukka Kopra,58,0.546958989887981,0.5523749361827239,0.5415430435932381,0.4530410101120189,0.4476250638172761,0.45845695640676176,2023-2027,3
1144,oppositio,Suna Kymäläinen,93,0.45624101298872843,0.43513665085789477,0.47734537511956204,0.5437589870112716,0.5648633491421051,0.522654624880438,2023-2027,3
1149,oppositio,Markus Lohi,387,0.4524300415964576,0.44730202358767784,0.45755805960523743,0.5475699584035423,0.5526979764123221,0.5424419403947626,2023-2027,3
1155,oppositio,Anna Kontula,119,0.48956604253539565,0.5081259820958796,0.47100610297491174,0.5104339574646044,0.49187401790412055,0.5289938970250881,2023-2027,3
1157,oppositio,Annika Saarikko,73,0.4533024697730833,0.4368852055340568,0.46971973401210976,0.5466975302269168,0.5631147944659433,0.5302802659878902,2023-2027,3
1189,hallitus,Otto Andersson,104,0.5105141471809569,0.5053268636879136,0.5157014306740003,0.4894858528190431,0.4946731363120865,0.48429856932599974,2023-2027,3
1202,oppositio,Nasima Razmyar,101,0.45396763086265085,0.4573678424619936,0.4505674192633081,0.5460323691373492,0.5426321575380065,0.5494325807366918,2023-2027,3
1219,hallitus,Saara-Sofia Sirén,94,0.5125070661279659,0.49973560468526274,0.5252785275706691,0.4874929338720341,0.5002643953147372,0.47472147242933094,2023-2027,3
1282,hallitus,Wille Rydman,196,0.5473486116938326,0.550148164466786,0.5445490589208791,0.4526513883061675,0.4498518355332141,0.45545094107912093,2023-2027,3
1298,oppositio,Krista Mikkonen,373,0.4679732484004956,0.479238889862982,0.4567076069380092,0.5320267515995043,0.520761110137018,0.5432923930619907,2023-2027,3
1299,hallitus,Sari Multala,209,0.5392294978947498,0.5251157022842529,0.5533432935052467,0.4607705021052502,0.47488429771574714,0.4466567064947533,2023-2027,3
1300,hallitus,Kai Mykkänen,145,0.5226430674478497,0.5247022371614803,0.5205838977342192,0.4773569325521502,0.47529776283851966,0.4794161022657808,2023-2027,3
1301,hallitus,Jani Mäkelä,69,0.5158198506237583,0.5066854325214302,0.5249542687260865,0.48418014937624165,0.4933145674785699,0.4750457312739135,2023-2027,3
1302,oppositio,Ilmari Nurminen,234,0.4189884505835452,0.4222377049669281,0.41573919620016236,0.5810115494164549,0.5777622950330719,0.5842608037998379,2023-2027,3
1306,hallitus,Anders Adlercreutz,123,0.509570448727236,0.5183536386173744,0.5007872588370976,0.4904295512727641,0.48164636138262573,0.49921274116290243,2023-2027,3
1308,hallitus,Jari Ronkainen,124,0.5913212841566332,0.5820024621466073,0.6006401061666591,0.4086787158433668,0.41799753785339266,0.39935989383334086,2023-2027,3
1310,oppositio,Li Andersson,129,0.4238360847126579,0.42557380024950636,0.42209836917580945,0.576163915287342,0.5744261997504936,0.5779016308241904,2023-2027,3
1311,oppositio,Joona Räsänen,637,0.43194138463197096,0.43750350574281915,0.4263792635211227,0.5680586153680289,0.5624964942571808,0.5736207364788771,2023-2027,3
1312,oppositio,Hanna Sarkkinen,226,0.4141069025310385,0.4117910128695826,0.4164227921924944,0.5858930974689616,0.5882089871304174,0.5835772078075057,2023-2027,3
1314,hallitus,Sami Savio,76,0.5943781606603067,0.5815100034320236,0.6072463178885898,0.4056218393396932,0.4184899965679764,0.39275368211141004,2023-2027,3
1316,oppositio,Ville Skinnari,69,0.4957451629221624,0.49979646403549066,0.4916938618088341,0.5042548370778377,0.5002035359645094,0.5083061381911659,2023-2027,3
1318,hallitus,Joakim Strand,41,0.5553158936775461,0.5569364558961889,0.5536953314589033,0.44468410632245403,0.44306354410381116,0.4463046685410969,2023-2027,3
1323,hallitus,Mari-Leena Talvitie,99,0.5459214069181169,0.5727130516946315,0.5191297621416023,0.4540785930818831,0.4272869483053685,0.48087023785839766,2023-2027,3
1325,hallitus,Sari Tanus,126,0.5011971231554727,0.5031520680659126,0.49924217824503286,0.49880287684452723,0.4968479319340874,0.5007578217549671,2023-2027,3
1326,oppositio,Timo Harakka,156,0.47059864475685026,0.4868338356017026,0.4543634539119979,0.5294013552431498,0.5131661643982974,0.5456365460880022,2023-2027,3
1331,oppositio,Petri Honkonen,222,0.500618443800067,0.47848818787062825,0.5227486997295058,0.499381556199933,0.5215118121293718,0.4772513002704942,2023-2027,3
1333,hallitus,Laura Huhtasaari,58,0.5355468558953798,0.5413559860109893,0.5297377257797702,0.46445314410462013,0.45864401398901045,0.47026227422022976,2023-2027,3
1338,oppositio,Hanna Kosonen,182,0.4684372117916228,0.44835894921431274,0.4885154743689329,0.5315627882083772,0.5516410507856873,0.5114845256310672,2023-2027,3
1340,oppositio,Katri Kulmuni,68,0.4510629139577974,0.4582695659178386,0.4438562619977562,0.5489370860422026,0.5417304340821614,0.5561437380022438,2023-2027,3
1341,oppositio,Antti Kurvinen,253,0.431308019714553,0.43844006596429086,0.4241759734648152,0.568691980285447,0.5615599340357091,0.5758240265351848,2023-2027,3
1349,hallitus,Leena Meri,211,0.5573890922589062,0.5494073127185886,0.5653708717992239,0.4426109077410939,0.45059268728141155,0.43462912820077626,2023-2027,3
1379,hallitus,Mia Laiho,176,0.5241828407929561,0.5274073965111187,0.5209582850747936,0.4758171592070439,0.4725926034888813,0.47904171492520653,2023-2027,3
1380,oppositio,Riitta Kaarisalo,218,0.4658789883858574,0.4270636306386926,0.5046943461330222,0.5341210116141425,0.5729363693613072,0.4953056538669777,2023-2027,3
1382,oppositio,Hanna-Leena Mattila,168,0.4662402811181806,0.47708306141468937,0.45539750082167185,0.5337597188818195,0.5229169385853106,0.5446024991783283,2023-2027,3
1383,oppositio,Veronika Honkasalo,340,0.44599064856139536,0.4426256881907821,0.4493556089320087,0.5540093514386046,0.557374311809218,0.5506443910679912,2023-2027,3
1385,oppositio,Atte Harjanne,179,0.4722487650900333,0.4577665585551678,0.48673097162489876,0.5277512349099668,0.5422334414448322,0.5132690283751014,2023-2027,3
1387,oppositio,Maria Ohisalo,101,0.42580956013960414,0.42749899184198964,0.42412012843721864,0.5741904398603959,0.5725010081580103,0.5758798715627814,2023-2027,3
1388,hallitus,Mari Rantanen,159,0.5900862902509592,0.599346462563074,0.5808261179388443,0.40991370974904073,0.4006535374369259,0.41917388206115563,2023-2027,3
1390,oppositio,Eveliina Heinäluoma,102,0.4491346605052842,0.460591695705992,0.43767762530457643,0.5508653394947157,0.5394083042940079,0.5623223746954236,2023-2027,3
1392,hallitus,Riikka Purra,622,0.5338755517737714,0.5320494161464098,0.5357016874011332,0.46612444822622845,0.4679505838535902,0.46429831259886667,2023-2027,3
1396,hallitus,Heikki Vestman,150,0.5277398117751473,0.5225295006918833,0.5329501228584113,0.4722601882248528,0.47747049930811675,0.4670498771415888,2023-2027,3
1399,oppositio,Pia Lohikoski,210,0.4321696409211713,0.4365219559492702,0.4278173258930725,0.5678303590788287,0.5634780440507299,0.5721826741069276,2023-2027,3
1400,oppositio,Jussi Saramo,86,0.42391382609245215,0.4336699261748566,0.4141577260100477,0.5760861739075478,0.5663300738251434,0.5858422739899523,2023-2027,3
1401,oppositio,Tiina Elo,301,0.47936788260916885,0.4565392304812363,0.5021965347371015,0.5206321173908312,0.5434607695187638,0.49780346526289854,2023-2027,3
1402,oppositio,Inka Hopsu,356,0.46913899896940914,0.4778154463226185,0.4604625516161997,0.5308610010305909,0.5221845536773815,0.5395374483838002,2023-2027,3
1403,oppositio,Saara Hyrkkö,215,0.45638743265011317,0.45306372822348384,0.4597111370767425,0.5436125673498868,0.5469362717765162,0.5402888629232575,2023-2027,3
1408,oppositio,Aki Lindén,671,0.4678953621568738,0.46253147753221524,0.47325924678153236,0.5321046378431262,0.5374685224677848,0.5267407532184676,2023-2027,3
1409,hallitus,Vilhelm Junnila,78,0.5348242770125589,0.5346624957263375,0.5349860582987802,0.46517572298744103,0.46533750427366244,0.4650139417012197,2023-2027,3
1410,hallitus,Mikko Lundén,97,0.546023608430951,0.5639491553056586,0.5280980615562434,0.453976391569049,0.4360508446943414,0.47190193844375655,2023-2027,3
1411,oppositio,Sofia Virta,158,0.4084816760234178,0.4129686174381163,0.40399473460871926,0.5915183239765822,0.5870313825618837,0.5960052653912807,2023-2027,3
1412,oppositio,Eeva Kalli,163,0.4253623813265922,0.43169081541873905,0.4190339472344454,0.5746376186734077,0.5683091845812609,0.5809660527655546,2023-2027,3
1413,hallitus,Jari Koskela,105,0.5476733045613609,0.5465039200860811,0.5488426890366407,0.4523266954386392,0.45349607991391894,0.4511573109633594,2023-2027,3
1415,oppositio,Hilkka Kemppi,203,0.47533771585034473,0.4748025927171227,0.47587283898356675,0.5246622841496553,0.5251974072828772,0.5241271610164333,2023-2027,3
1417,hallitus,Lulu Ranne,173,0.5686276381826063,0.5642688170489591,0.5729864593162534,0.43137236181739375,0.4357311829510409,0.4270135406837466,2023-2027,3
1418,hallitus,Veijo Niemi,135,0.5434733462603238,0.5277376187155682,0.5592090738050794,0.45652665373967616,0.47226238128443176,0.44079092619492055,2023-2027,3
1419,hallitus,Sakari Puisto,162,0.5406929863116794,0.5307724624365442,0.5506135101868145,0.45930701368832066,0.4692275375634557,0.44938648981318563,2023-2027,3
1421,hallitus,Anna-Kaisa Ikonen,174,0.5067506307488293,0.5062829236150939,0.5072183378825648,0.4932493692511707,0.49371707638490614,0.4927816621174353,2023-2027,3
1422,oppositio,Jouni Ovaska,209,0.4658378400700912,0.46274114913586634,0.46893453100431604,0.5341621599299087,0.5372588508641336,0.5310654689956839,2023-2027,3
1424,oppositio,Hanna Holopainen,185,0.46436109975761,0.47394851329700416,0.45477368621821573,0.5356389002423901,0.526051486702996,0.5452263137817843,2023-2027,3
1425,hallitus,Ville Kaunisto,93,0.5425835959717589,0.5383916951204843,0.5467754968230334,0.4574164040282411,0.4616083048795156,0.45322450317696655,2023-2027,3
1426,hallitus,Sheikki Laakso,60,0.47946887647476166,0.4687773806803107,0.49016037226921255,0.5205311235252383,0.5312226193196893,0.5098396277307873,2023-2027,3
1428,oppositio,Niina Malm,252,0.44051779075350217,0.4262657778502323,0.4547698036567721,0.5594822092464977,0.5737342221497678,0.5452301963432278,2023-2027,3
1429,oppositio,Paula Werning,171,0.4596986282896805,0.4520443285634679,0.4673529280158931,0.5403013717103194,0.5479556714365321,0.5326470719841068,2023-2027,3
1430,oppositio,Seppo Eskelinen,163,0.45551213980840083,0.45346189573022766,0.457562383886574,0.5444878601915992,0.5465381042697725,0.5424376161134261,2023-2027,3
1432,hallitus,Marko Kilpi,124,0.49512039802743796,0.48288815944612684,0.5073526366087491,0.5048796019725621,0.5171118405538733,0.49264736339125087,2023-2027,3
1433,oppositio,Hanna Räsänen,176,0.4194043605198251,0.42217847056945085,0.4166302504701994,0.5805956394801748,0.5778215294305491,0.5833697495298006,2023-2027,3
1434,hallitus,Sanna Antikainen,104,0.5416197482859185,0.5345373531111929,0.5487021434606442,0.4583802517140815,0.4654626468888072,0.45129785653935584,2023-2027,3
1435,hallitus,Minna Reijonen,177,0.5146853485088891,0.5222878882239297,0.5070828087938487,0.48531465149111086,0.47771211177607037,0.4929171912061513,2023-2027,3
1437,hallitus,Juha Mäenpää,216,0.5150793157787839,0.4968888625298876,0.5332697690276801,0.4849206842212162,0.5031111374701124,0.46673023097232,2023-2027,3
1439,hallitus,Mauri Peltokangas,185,0.5424849698136662,0.5828310269332236,0.5021389126941089,0.4575150301863337,0.4171689730667764,0.497861087305891,2023-2027,3
1441,hallitus,Mikko Ollikainen,57,0.5456369590694845,0.530281280066291,0.560992638072678,0.4543630409305155,0.46971871993370895,0.43900736192732204,2023-2027,3
1445,oppositio,Bella Forsgrén,185,0.42332935722475623,0.4152505036211127,0.43140821082839975,0.5766706427752437,0.5847494963788873,0.5685917891716002,2023-2027,3
1447,oppositio,Piritta Rantanen,250,0.45308009589944964,0.4695591863912358,0.4366010054076635,0.5469199041005504,0.5304408136087642,0.5633989945923364,2023-2027,3
1449,oppositio,Jenni Pitko,231,0.4783699408147281,0.4793877912381186,0.47735209039133764,0.5216300591852718,0.5206122087618813,0.5226479096086624,2023-2027,3
1451,hallitus,Sebastian Tynkkynen,78,0.5071734322454775,0.5155062424693211,0.4988406220216338,0.4928265677545226,0.48449375753067897,0.5011593779783662,2023-2027,3
1452,hallitus,Pekka Aittakumpu,121,0.5707480861406773,0.5866369802611152,0.5548591920202395,0.4292519138593227,0.4133630197388848,0.44514080797976063,2023-2027,3
1452,oppositio,Pekka Aittakumpu,122,0.48166779860358944,0.4749595073839064,0.4883760898232725,0.5183322013964107,0.5250404926160936,0.5116239101767276,2023-2027,3
1454,hallitus,Janne Heikkinen,71,0.5197109955554418,0.5271572979622459,0.5122646931486375,0.48028900444455835,0.47284270203775414,0.4877353068513625,2023-2027,3
1455,hallitus,Kaisa Juuso,343,0.4772365590164084,0.4742337346911417,0.4802393833416751,0.5227634409835916,0.5257662653088584,0.5197606166583248,2023-2027,3
1468,oppositio,Tuomas Kettunen,310,0.45707557414083566,0.4644422496844622,0.4497088985972092,0.5429244258591643,0.5355577503155378,0.5502911014027908,2023-2027,3
1469,oppositio,Matias Mäkynen,116,0.4363906925229683,0.4272121112426177,0.4455692738033189,0.5636093074770316,0.5727878887573824,0.554430726196681,2023-2027,3
1481,hallitus,Atte Kaleva,59,0.5109545022340618,0.5214753494527137,0.50043365501541,0.4890454977659381,0.47852465054728627,0.49956634498458996,2023-2027,3
1485,oppositio,Minja Koskela,286,0.41391527579601817,0.4140090573378772,0.4138214942541591,0.5860847242039818,0.5859909426621228,0.5861785057458408,2023-2027,3
1488,oppositio,Elisa Gebhard,109,0.4350239567018578,0.4456729284482285,0.4243749849554871,0.5649760432981423,0.5543270715517716,0.575625015044513,2023-2027,3
1489,oppositio,Fatim Diarra,68,0.4488542010040128,0.4475447372096756,0.45016366479835,0.5511457989959871,0.5524552627903244,0.54983633520165,2023-2027,3
1490,hallitus,Noora Fagerström,58,0.5369439697408667,0.5317492543664636,0.5421386851152697,0.46305603025913333,0.4682507456335364,0.45786131488473025,2023-2027,3
1491,hallitus,Jarno Limnell,43,0.5761773826203725,0.5734111711457577,0.5789435940949874,0.42382261737962756,0.42658882885424243,0.42105640590501264,2023-2027,3
1492,hallitus,Susanne Päivärinta,105,0.4939360150862236,0.4863371076946166,0.5015349224778306,0.5060639849137765,0.5136628923053834,0.4984650775221694,2023-2027,3
1493,hallitus,Tere Sammallahti,66,0.5475352287009096,0.5575431335546837,0.5375273238471358,0.4524647712990903,0.44245686644531623,0.46247267615286436,2023-2027,3
1495,hallitus,Mika Poutala,91,0.5401073568573072,0.535950611779916,0.5442641019346983,0.4598926431426928,0.46404938822008396,0.4557358980653016,2023-2027,3
1496,oppositio,Eemeli Peltonen,277,0.5095144025225762,0.5078060544737375,0.511222750571415,0.49048559747742376,0.4921939455262625,0.488777249428585,2023-2027,3
1497,oppositio,Pinja Perholehto,194,0.4147124700176923,0.40638920712053145,0.4230357329148532,0.5852875299823077,0.5936107928794686,0.5769642670851467,2023-2027,3
1498,hallitus,Teemu Keskisarja,64,0.523041024249272,0.5237934498792189,0.5222885986193252,0.4769589757507279,0.476206550120781,0.4777114013806747,2023-2027,3
1500,hallitus,Onni Rostila,71,0.49820416407160406,0.5035525254068856,0.4928558027363226,0.5017958359283959,0.49644747459311445,0.5071441972636774,2023-2027,3
1501,hallitus,Henrik Wickström,116,0.5139387963245742,0.5106393072910891,0.5172382853580593,0.48606120367542593,0.489360692708911,0.48276171464194084,2023-2027,3
1502,oppositio,Timo Furuholm,283,0.4603187737656479,0.4751978400837496,0.44543970744754624,0.539681226234352,0.5248021599162502,0.5545602925524539,2023-2027,3
1503,oppositio,Saku Nikkanen,206,0.44730274299903483,0.4466992225475835,0.4479062634504861,0.5526972570009652,0.5533007774524166,0.5520937365495138,2023-2027,3
1504,hallitus,Pauli Aalto-Setälä,76,0.5157687808151681,0.4951685613225876,0.5363690003077487,0.4842312191848319,0.5048314386774125,0.4636309996922513,2023-2027,3
1505,hallitus,Milla Lahdenperä,166,0.5949785251290548,0.5577255127467959,0.6322315375113137,0.4050214748709452,0.44227448725320395,0.36776846248868644,2023-2027,3
1506,oppositio,Juha Viitala,370,0.4700704330716541,0.446888234402351,0.49325263174095724,0.5299295669283459,0.553111765597649,0.5067473682590428,2023-2027,3
1507,hallitus,Mari Kaunistola,105,0.5887588213360038,0.6013924624326286,0.5761251802393791,0.4112411786639963,0.39860753756737166,0.4238748197606209,2023-2027,3
1508,hallitus,Rami Lehtinen,276,0.5341277710694012,0.5406977448125849,0.5275577973262174,0.46587222893059876,0.459302255187415,0.47244220267378256,2023-2027,3
1509,hallitus,Mira Nieminen,185,0.5818519678873153,0.5750125207341555,0.5886914150404751,0.4181480321126846,0.4249874792658444,0.4113085849595248,2023-2027,3
1510,hallitus,Teemu Kinnari,65,0.5590423663435777,0.5514284283981745,0.5666563042889811,0.4409576336564222,0.4485715716018254,0.433343695711019,2023-2027,3
1511,oppositio,Lauri Lyly,1134,0.46447151574334433,0.4576993539281268,0.4712436775585619,0.5355284842566557,0.5423006460718733,0.5287563224414381,2023-2027,3
1512,oppositio,Ville Merinen,156,0.4469335611112818,0.4207987854184503,0.47306833680411337,0.5530664388887182,0.5792012145815498,0.5269316631958866,2023-2027,3
1513,hallitus,Aleksi Jäntti,76,0.5459300742747142,0.5525216853813324,0.5393384631680959,0.45406992572528593,0.44747831461866755,0.46066153683190425,2023-2027,3
1514,hallitus,Miko Bergbom,427,0.5052321799010725,0.4857546809154405,0.5247096788867045,0.4947678200989274,0.5142453190845593,0.47529032111329544,2023-2027,3
1515,hallitus,Joakim Vigelius,316,0.5091071830130284,0.5118572243495119,0.5063571416765449,0.4908928169869717,0.4881427756504883,0.49364285832345506,2023-2027,3
1516,hallitus,Jaana Strandman,470,0.5688365683515999,0.5610989821710402,0.5765741545321597,0.4311634316484002,0.43890101782896007,0.4234258454678404,2023-2027,3
1519,oppositio,Anna-Kristiina Mikkonen,212,0.5004174814870997,0.5141075201801226,0.4867274427940769,0.49958251851290025,0.4858924798198774,0.5132725572059231,2023-2027,3
1520,hallitus,Karoliina Partanen,153,0.5214065110541874,0.516201782360088,0.5266112397482869,0.4785934889458128,0.48379821763991215,0.47338876025171334,2023-2027,3
1521,oppositio,Timo Suhonen,617,0.4551381327690025,0.4755297534439821,0.43474651209402293,0.5448618672309975,0.5244702465560179,0.5652534879059771,2023-2027,3
1523,oppositio,Laura Meriluoto,154,0.4230147299741741,0.4102597331249028,0.4357697268234454,0.5769852700258258,0.5897402668750971,0.5642302731765546,2023-2027,3
1525,hallitus,Janne Jukkola,157,0.5575516081422205,0.5616117944276178,0.5534914218568232,0.4424483918577795,0.4383882055723822,0.44650857814317685,2023-2027,3
1526,hallitus,Anne Rintamäki,315,0.5689150360513123,0.5522348187837158,0.5855952533189088,0.43108496394868767,0.44776518121628406,0.4144047466810913,2023-2027,3
1527,hallitus,Pia Sillanpää,234,0.530019327498148,0.5308980444997429,0.5291406104965531,0.46998067250185194,0.4691019555002571,0.47085938950344686,2023-2027,3
1528,hallitus,Ville Väyrynen,224,0.4660677632313557,0.451623160343735,0.48051236611897635,0.5339322367686443,0.5483768396562649,0.5194876338810237,2023-2027,3
1529,oppositio,Jani Kokko,253,0.5113845249132767,0.5364538337294723,0.4863152160970811,0.4886154750867233,0.4635461662705277,0.5136847839029189,2023-2027,3
1530,hallitus,Kaisa Garedew,275,0.5688514516048554,0.5845521181304372,0.5531507850792736,0.4311485483951446,0.4154478818695628,0.4468492149207264,2023-2027,3
1531,hallitus,Tomi Immonen,88,0.5601851849321087,0.5482084276154656,0.5721619422487516,0.4398148150678914,0.4517915723845343,0.42783805775124845,2023-2027,3
1532,oppositio,Timo Mehtälä,180,0.4951030690453446,0.49936773465909673,0.4908384034315925,0.5048969309546554,0.5006322653409032,0.5091615965684075,2023-2027,3
1534,oppositio,Pia Hiltunen,112,0.48240168100154057,0.4888297400592595,0.4759736219438217,0.5175983189984594,0.5111702599407405,0.5240263780561782,2023-2027,3
1535,hallitus,Antti Kangas,75,0.5031926361225187,0.5017708154611696,0.5046144567838678,0.49680736387748126,0.49822918453883036,0.49538554321613215,2023-2027,3
1537,hallitus,Juha Hänninen,992,0.5989108182234812,0.6081384219707717,0.5896832144761908,0.40108918177651876,0.3918615780292283,0.4103167855238092,2023-2027,3
1538,hallitus,Sara Seppänen,311,0.5478781214136763,0.5400267555789215,0.5557294872484311,0.45212187858632363,0.4599732444210784,0.44427051275156887,2023-2027,3
1539,oppositio,Helena Marttila,126,0.44784578234528594,0.4381515714251035,0.45753999326546835,0.5521542176547141,0.5618484285748966,0.5424600067345317,2023-2027,3
301,hallitus,Ben Zyskowicz,252,0.470129451831223,0.4848975210852166,0.45536138257722947,0.5298705481687769,0.5151024789147833,0.5446386174227705,2023-2027,3
351,hallitus,Eva Biaudet,40,0.5006033886452101,0.48360512824823676,0.5176016490421836,0.4993966113547898,0.5163948717517631,0.48239835095781647,2023-2027,3
358,oppositio,Johannes Koskinen,124,0.5270086231047396,0.540866251941829,0.5131509942676502,0.4729913768952604,0.459133748058171,0.48684900573234985,2023-2027,3
464,oppositio,Kimmo Kiljunen,216,0.5021435100918069,0.4937397917915196,0.5105472283920942,0.497856489908193,0.5062602082084804,0.48945277160790557,2023-2027,3
499,hallitus,Päivi Räsänen,184,0.5329449676958578,0.5364830769453119,0.5294068584464036,0.4670550323041423,0.46351692305468817,0.47059314155359644,2023-2027,3
511,oppositio,Pia Viitanen,249,0.4182052554870124,0.4133156218769865,0.42309488909703824,0.5817947445129876,0.5866843781230136,0.5769051109029616,2023-2027,3
538,oppositio,Tuula Haatainen,134,0.46823663839858887,0.44397733095366076,0.4924959458435169,0.5317633616014112,0.5560226690463393,0.507504054156483,2023-2027,3
612,hallitus,Sari Sarkomaa,74,0.5238921178128368,0.5246245997886081,0.5231596358370655,0.47610788218716316,0.47537540021139185,0.4768403641629345,2023-2027,3
772,oppositio,Antti Kaikkonen,91,0.47546270405048585,0.4599711756402976,0.49095423246067416,0.5245372959495141,0.5400288243597025,0.5090457675393258,2023-2027,3
778,hallitus,Sari Essayah,178,0.5684408692156553,0.5683434183743618,0.5685383200569488,0.4315591307843446,0.43165658162563825,0.431461679943051,2023-2027,3
784,hallitus,Arto Satonen,383,0.5290124057976054,0.5706858626935276,0.4873389489016833,0.47098759420239455,0.42931413730647233,0.5126610510983167,2023-2027,3
797,oppositio,Hannu Hoskonen,533,0.49859712568516423,0.49085827744288074,0.5063359739274478,0.5014028743148358,0.5091417225571193,0.4936640260725523,2023-2027,3
807,oppositio,Miapetra Kumpula-Natri,74,0.4834916424965488,0.4900246502098898,0.4769586347832078,0.5165083575034513,0.5099753497901103,0.5230413652167922,2023-2027,3
846,oppositio,Oras Tynkkynen,286,0.4761217013912533,0.47221309379061827,0.48003030899188837,0.5238782986087467,0.5277869062093818,0.5199696910081116,2023-2027,3
911820,oppositio,Lotta Hamari,201,0.4898350962067415,0.48233128421746174,0.4973389081960212,0.5101649037932585,0.5176687157825384,0.5026610918039787,2023-2027,3
911824,oppositio,Jessi Jokelainen,75,0.46056630555832984,0.46916759823115123,0.45196501288550844,0.5394336944416702,0.5308324017688488,0.5480349871144916,2023-2027,3
911827,oppositio,Mika Riipi,78,0.4115986742988429,0.4066678251470489,0.4165295234506369,0.5884013257011571,0.5933321748529512,0.5834704765493631,2023-2027,3
913,oppositio,Eerikki Viljanen,158,0.47782894915933205,0.4604431680925202,0.4952147302261438,0.5221710508406678,0.5395568319074797,0.5047852697738561,2023-2027,3
941,hallitus,Anna-Maja Henriksson,54,0.5078390018073934,0.5135564973989009,0.5021215062158859,0.4921609981926066,0.4864435026010991,0.4978784937841141,2023-2027,3
953,oppositio,Anne Kalmari,219,0.4822162631002138,0.4747496522730733,0.4896828739273543,0.5177837368997862,0.5252503477269267,0.5103171260726457,2023-2027,3
960,oppositio,Krista Kiuru,408,0.41635972802508486,0.4061032857337059,0.4266161703164638,0.5836402719749152,0.5938967142662941,0.5733838296835362,2023-2027,3
963,oppositio,Merja Kyllönen,43,0.4633289296822767,0.4562046074913943,0.47045325187315906,0.5366710703177232,0.5437953925086056,0.5295467481268408,2023-2027,3
967,hallitus,Timo Heinonen,305,0.5183233320604199,0.5125785763100049,0.5240680878108349,0.48167666793958,0.48742142368999497,0.4759319121891651,2023-2027,3
971,oppositio,Johanna Ojala-Niemelä,139,0.47850177398076454,0.4864966192317272,0.47050692872980193,0.5214982260192355,0.5135033807682727,0.5294930712701982,2023-2027,3
1089,hallitus,Heikki Autto,267,0.5212239133601029,0.5319460710871333,0.5105017556330723,0.4787760866398971,0.4680539289128666,0.4894982443669277,2023-2027,4
1094,hallitus,Markku Eestilä,119,0.4780638125888752,0.48768949198791506,0.4684381331898354,0.5219361874111248,0.5123105080120849,0.5315618668101646,2023-2027,4
1096,hallitus,Ritva Elomaa,211,0.5323204961657679,0.5255498800524473,0.5390911122790886,0.46767950383423207,0.4744501199475527,0.46090888772091143,2023-2027,4
1097,oppositio,Aino-Kaisa Pekonen,220,0.4210630908002648,0.4237852146685797,0.4183409669319499,0.5789369091997352,0.5762147853314203,0.58165903306805,2023-2027,4
1099,oppositio,Eeva-Johanna Eloranta,84,0.46396975738936014,0.4738495882058948,0.4540899265728255,0.5360302426106398,0.526150411794105,0.5459100734271745,2023-2027,4
1100,hallitus,Sanni Grahn-Laasonen,308,0.5307686461871246,0.534231826621774,0.527305465752475,0.4692313538128756,0.46576817337822607,0.47269453424752517,2023-2027,4
1106,oppositio,Mikko Savola,151,0.4921719216246383,0.47492750380972365,0.509416339439553,0.5078280783753617,0.5250724961902764,0.49058366056044705,2023-2027,4
1126,oppositio,Tytti Tuppurainen,291,0.46221673751690884,0.4440014102290416,0.480432064804776,0.5377832624830913,0.5559985897709585,0.519567935195224,2023-2027,4
1129,hallitus,Arja Juvonen,134,0.5166113296271482,0.5285313194601484,0.504691339794148,0.4833886703728517,0.4714686805398515,0.49530866020585185,2023-2027,4
1131,hallitus,Sinuhe Wallinheimo,154,0.5146035261625559,0.5200446860348715,0.5091623662902404,0.485396473837444,0.47995531396512836,0.4908376337097596,2023-2027,4
1133,oppositio,Mika Kari,133,0.5411124710889851,0.550400231732187,0.5318247104457832,0.4588875289110149,0.4495997682678129,0.4681752895542169,2023-2027,4
1134,hallitus,Sofia Vikman,102,0.5796194721475108,0.57371180188289,0.5855271424121314,0.42038052785248936,0.4262881981171101,0.41447285758786856,2023-2027,4
1136,hallitus,Ville Vähämäki,94,0.5202074849107381,0.5154596620438616,0.5249553077776147,0.4797925150892618,0.4845403379561383,0.4750446922223853,2023-2027,4
1137,hallitus,Pauli Kiuru,225,0.5282393142026214,0.527076955243112,0.5294016731621307,0.4717606857973785,0.47292304475688784,0.47059832683786923,2023-2027,4
1141,hallitus,Peter Östman,138,0.5535910911975576,0.5597056133160574,0.5474765690790577,0.44640890880244244,0.44029438668394266,0.45252343092094227,2023-2027,4
1142,hallitus,Jukka Kopra,58,0.5734248060823375,0.590812135904146,0.556037476260529,0.4265751939176625,0.409187864095854,0.443962523739471,2023-2027,4
1144,oppositio,Suna Kymäläinen,93,0.44191320418964725,0.44398291705820336,0.43984349132109113,0.5580867958103528,0.5560170829417967,0.5601565086789089,2023-2027,4
1147,oppositio,Antti Lindtman,249,0.40436756231466187,0.41032991905755356,0.39840520557177017,0.5956324376853382,0.5896700809424464,0.60159479442823,2023-2027,4
1149,oppositio,Markus Lohi,387,0.4852846331917048,0.49896271140117143,0.4716065549822382,0.5147153668082951,0.5010372885988285,0.5283934450177619,2023-2027,4
1155,oppositio,Anna Kontula,119,0.4973418444226728,0.4879655442250301,0.5067181446203155,0.5026581555773273,0.51203445577497,0.4932818553796845,2023-2027,4
1157,oppositio,Annika Saarikko,73,0.4566761348292886,0.47311418016862666,0.44023808948995047,0.5433238651707115,0.5268858198313733,0.5597619105100496,2023-2027,4
1189,hallitus,Otto Andersson,104,0.5303724480893912,0.5226825672955692,0.5380623288832134,0.4696275519106086,0.47731743270443083,0.4619376711167864,2023-2027,4
1202,oppositio,Nasima Razmyar,101,0.45880053636547985,0.4392625246266375,0.4783385481043222,0.5411994636345201,0.5607374753733625,0.5216614518956778,2023-2027,4
1265,hallitus,Matias Marttinen,256,0.540483276455656,0.5561495353668028,0.5248170175445092,0.45951672354434403,0.4438504646331973,0.47518298245549084,2023-2027,4
1279,hallitus,Elina Valtonen,85,0.5551577359095248,0.5637505998696707,0.5465648719493789,0.4448422640904751,0.4362494001303293,0.4534351280506209,2023-2027,4
1282,hallitus,Wille Rydman,196,0.5455036196167229,0.5315384330429449,0.5594688061905009,0.454496380383277,0.468461566957055,0.440531193809499,2023-2027,4
1299,hallitus,Sari Multala,209,0.5350938771101008,0.5235915730087511,0.5465961812114506,0.464906122889899,0.47640842699124886,0.4534038187885492,2023-2027,4
1300,hallitus,Kai Mykkänen,145,0.5442177277060338,0.5451878623037072,0.5432475931083603,0.45578227229396623,0.45481213769629286,0.4567524068916396,2023-2027,4
1301,hallitus,Jani Mäkelä,69,0.5296824719295229,0.5259003411539797,0.5334646027050661,0.4703175280704771,0.47409965884602034,0.4665353972949339,2023-2027,4
1302,oppositio,Ilmari Nurminen,234,0.3656106039431055,0.35067150484946674,0.38054970303674424,0.6343893960568945,0.6493284951505334,0.6194502969632556,2023-2027,4
1306,hallitus,Anders Adlercreutz,123,0.5481124934248998,0.5602154153932337,0.5360095714565659,0.45188750657510024,0.4397845846067664,0.46399042854343414,2023-2027,4
1310,oppositio,Li Andersson,129,0.4352339632223694,0.43516906612878997,0.4352988603159488,0.5647660367776306,0.5648309338712101,0.5647011396840511,2023-2027,4
1311,oppositio,Joona Räsänen,637,0.45781628835940663,0.44882086538075905,0.4668117113380542,0.5421837116405932,0.5511791346192408,0.5331882886619457,2023-2027,4
1314,hallitus,Sami Savio,76,0.5559335681865896,0.5538217370116343,0.5580453993615448,0.4440664318134104,0.44617826298836566,0.4419546006384551,2023-2027,4
1318,hallitus,Joakim Strand,41,0.5393342705700218,0.5488702025700618,0.5297983385699818,0.46066572942997813,0.4511297974299381,0.4702016614300182,2023-2027,4
1325,hallitus,Sari Tanus,126,0.5022518628947701,0.49959112191303995,0.5049126038765002,0.49774813710522986,0.50040887808696,0.4950873961234997,2023-2027,4
1326,oppositio,Timo Harakka,156,0.4976506033458875,0.49630355004709026,0.4989976566446847,0.5023493966541126,0.5036964499529097,0.5010023433553153,2023-2027,4
1331,oppositio,Petri Honkonen,222,0.4760882649182578,0.476202611805025,0.4759739180314906,0.5239117350817422,0.5237973881949749,0.5240260819685094,2023-2027,4
1333,hallitus,Laura Huhtasaari,58,0.5350130762717639,0.5451995004810014,0.5248266520625263,0.46498692372823613,0.4548004995189986,0.4751733479374737,2023-2027,4
1334,hallitus,Antti Häkkänen,100,0.5710123513577379,0.5806420350330945,0.5613826676823811,0.42898764864226224,0.41935796496690536,0.4386173323176191,2023-2027,4
1338,oppositio,Hanna Kosonen,182,0.4758266925368615,0.49050200615570977,0.46115137891801317,0.5241733074631385,0.5094979938442903,0.5388486210819868,2023-2027,4
1340,oppositio,Katri Kulmuni,68,0.4436014875706654,0.4621890743914706,0.4250139007498602,0.5563985124293346,0.5378109256085294,0.5749860992501398,2023-2027,4
1341,oppositio,Antti Kurvinen,253,0.4559696382826056,0.44653461763313523,0.46540465893207605,0.5440303617173945,0.5534653823668649,0.5345953410679241,2023-2027,4
1349,hallitus,Leena Meri,211,0.5534352212257414,0.5495728815247152,0.5572975609267676,0.44656477877425854,0.45042711847528477,0.4427024390732323,2023-2027,4
1380,oppositio,Riitta Kaarisalo,218,0.46691518758841627,0.44989931181666065,0.4839310633601719,0.5330848124115838,0.5501006881833395,0.5160689366398281,2023-2027,4
1382,oppositio,Hanna-Leena Mattila,168,0.44700854398248224,0.44396978551530547,0.450047302449659,0.5529914560175178,0.5560302144846945,0.549952697550341,2023-2027,4
1383,oppositio,Veronika Honkasalo,340,0.4485181617491746,0.45668649519923676,0.44034982829911246,0.5514818382508253,0.5433135048007632,0.5596501717008875,2023-2027,4
1384,oppositio,Mai Kivelä,239,0.4525433895325927,0.4371920049950475,0.4678947740701379,0.5474566104674072,0.5628079950049524,0.5321052259298622,2023-2027,4
1385,oppositio,Atte Harjanne,179,0.48306087839377015,0.47071926434306277,0.49540249244447754,0.5169391216062299,0.5292807356569373,0.5045975075555225,2023-2027,4
1386,oppositio,Mari Holopainen,50,0.4628349706242063,0.44341739235320593,0.4822525488952067,0.5371650293757937,0.5565826076467941,0.5177474511047934,2023-2027,4
1387,oppositio,Maria Ohisalo,101,0.4569178056114398,0.4674965777078911,0.4463390335149885,0.5430821943885602,0.532503422292109,0.5536609664850115,2023-2027,4
1388,hallitus,Mari Rantanen,159,0.572786279919058,0.5502908276745397,0.5952817321635762,0.42721372008094205,0.4497091723254602,0.40471826783642395,2023-2027,4
1390,oppositio,Eveliina Heinäluoma,102,0.456208834384342,0.47076049167824274,0.4416571770904413,0.5437911656156579,0.5292395083217571,0.5583428229095586,2023-2027,4
1391,hallitus,Ari Koponen,143,0.5683439938677725,0.5685206961864055,0.5681672915491394,0.43165600613222743,0.4314793038135944,0.4318327084508605,2023-2027,4
1392,hallitus,Riikka Purra,622,0.512800121052295,0.5101245051876344,0.5154757369169557,0.4871998789477049,0.48987549481236553,0.4845242630830443,2023-2027,4
1394,hallitus,Pihla Keto-Huovinen,70,0.5501695474988638,0.5524977629478753,0.5478413320498523,0.4498304525011362,0.44750223705212466,0.45215866795014764,2023-2027,4
1396,hallitus,Heikki Vestman,150,0.5560497419133645,0.5630327903249952,0.5490666935017338,0.4439502580866354,0.43696720967500474,0.4509333064982661,2023-2027,4
1398,oppositio,Johan Kvarnström,49,0.47983707444301027,0.49446322274359683,0.46521092614242365,0.5201629255569897,0.5055367772564032,0.5347890738575763,2023-2027,4
1399,oppositio,Pia Lohikoski,210,0.4523506804364244,0.4108304244878954,0.4938709363849534,0.5476493195635757,0.5891695755121046,0.5061290636150466,2023-2027,4
1400,oppositio,Jussi Saramo,86,0.4511318595222264,0.43596038752174815,0.46630333152270464,0.5488681404777735,0.5640396124782519,0.5336966684772951,2023-2027,4
1401,oppositio,Tiina Elo,301,0.4966016624954448,0.5121117522113978,0.4810915727794918,0.5033983375045552,0.4878882477886021,0.5189084272205082,2023-2027,4
1402,oppositio,Inka Hopsu,356,0.4662450523902041,0.4440589258789546,0.4884311789014535,0.533754947609796,0.5559410741210454,0.5115688210985465,2023-2027,4
1406,hallitus,Sandra Bergqvist,54,0.5095235190728447,0.5224446226885521,0.49660241545713735,0.49047648092715523,0.47755537731144776,0.5033975845428628,2023-2027,4
1407,oppositio,Johannes Yrttiaho,110,0.4640651147653652,0.47962841474109474,0.4485018147896357,0.5359348852346348,0.5203715852589054,0.5514981852103642,2023-2027,4
1408,oppositio,Aki Lindén,671,0.47094364358988505,0.4545611105206574,0.4873261766591127,0.529056356410115,0.5454388894793426,0.5126738233408872,2023-2027,4
1409,hallitus,Vilhelm Junnila,78,0.5098259413706063,0.5216084317693653,0.49804345097184743,0.4901740586293936,0.47839156823063467,0.5019565490281526,2023-2027,4
1410,hallitus,Mikko Lundén,97,0.5445484939316267,0.5473017595826715,0.5417952282805819,0.4554515060683732,0.4526982404173284,0.458204771719418,2023-2027,4
1412,oppositio,Eeva Kalli,163,0.45057834581400813,0.44770103085037327,0.45345566077764293,0.5494216541859919,0.5522989691496268,0.5465443392223569,2023-2027,4
1413,hallitus,Jari Koskela,105,0.5285601323401257,0.5183115615623777,0.5388087031178737,0.4714398676598744,0.4816884384376223,0.46119129688212646,2023-2027,4
1415,oppositio,Hilkka Kemppi,203,0.4432956117118025,0.45608780231796864,0.43050342110563633,0.5567043882881975,0.5439121976820314,0.5694965788943637,2023-2027,4
1417,hallitus,Lulu Ranne,173,0.5898629468910285,0.5902757096666327,0.5894501841154243,0.4101370531089715,0.4097242903333672,0.4105498158845758,2023-2027,4
1418,hallitus,Veijo Niemi,135,0.5496419899602543,0.5434061988442247,0.5558777810762838,0.4503580100397458,0.4565938011557754,0.44412221892371617,2023-2027,4
1419,hallitus,Sakari Puisto,162,0.5760796832602056,0.5767467092955467,0.5754126572248646,0.4239203167397943,0.4232532907044533,0.4245873427751353,2023-2027,4
1421,hallitus,Anna-Kaisa Ikonen,174,0.5038652100721733,0.5101734932769699,0.4975569268673768,0.49613478992782667,0.4898265067230301,0.5024430731326233,2023-2027,4
1422,oppositio,Jouni Ovaska,209,0.4555425367522438,0.4288055752950761,0.4822794982094115,0.5444574632477563,0.5711944247049241,0.5177205017905886,2023-2027,4
1424,oppositio,Hanna Holopainen,185,0.48141134491247484,0.4532275205888041,0.5095951692361456,0.5185886550875252,0.5467724794111958,0.49040483076385444,2023-2027,4
1426,hallitus,Sheikki Laakso,60,0.5186114995671598,0.5125167827257611,0.5247062164085585,0.4813885004328403,0.48748321727423904,0.47529378359144153,2023-2027,4
1428,oppositio,Niina Malm,252,0.4431397375457211,0.4276034848031284,0.45867599028831385,0.5568602624542789,0.5723965151968715,0.5413240097116861,2023-2027,4
1429,oppositio,Paula Werning,171,0.4607323280101395,0.4650954123959698,0.4563692436243093,0.5392676719898604,0.5349045876040301,0.5436307563756907,2023-2027,4
1432,hallitus,Marko Kilpi,124,0.4898447441421839,0.4816048501922919,0.49808463809207587,0.5101552558578162,0.5183951498077082,0.5019153619079242,2023-2027,4
1434,hallitus,Sanna Antikainen,104,0.5202103324180428,0.499404950679626,0.5410157141564597,0.4797896675819571,0.5005950493203739,0.45898428584354034,2023-2027,4
1435,hallitus,Minna Reijonen,177,0.5177217832570004,0.5013953538462574,0.5340482126677433,0.48227821674299964,0.4986046461537425,0.46595178733225684,2023-2027,4
1439,hallitus,Mauri Peltokangas,185,0.5589398498837613,0.5506561163546948,0.5672235834128279,0.44106015011623867,0.4493438836453051,0.4327764165871722,2023-2027,4
1441,hallitus,Mikko Ollikainen,57,0.5189703777922442,0.5246505031656928,0.5132902524187956,0.4810296222077558,0.47534949683430716,0.48670974758120444,2023-2027,4
1443,oppositio,Kim Berg,232,0.4392327316569835,0.4403561719345278,0.43810929137943927,0.5607672683430165,0.5596438280654722,0.5618907086205607,2023-2027,4
1445,oppositio,Bella Forsgrén,185,0.42763541027602303,0.42446044241701963,0.4308103781350264,0.5723645897239771,0.5755395575829804,0.5691896218649737,2023-2027,4
1447,oppositio,Piritta Rantanen,250,0.45970426570543144,0.4588752514265841,0.46053327998427884,0.5402957342945685,0.5411247485734159,0.5394667200157212,2023-2027,4
1449,oppositio,Jenni Pitko,231,0.5134168726122654,0.5189630348181826,0.5078707104063482,0.4865831273877346,0.48103696518181743,0.4921292895936518,2023-2027,4
1450,hallitus,Jenna Simula,121,0.5551075455982392,0.5725841880274771,0.5376309031690012,0.44489245440176095,0.42741581197252304,0.46236909683099886,2023-2027,4
1451,hallitus,Sebastian Tynkkynen,78,0.5400968639298986,0.5357880639316469,0.5444056639281503,0.45990313607010147,0.4642119360683532,0.4555943360718497,2023-2027,4
1452,hallitus,Pekka Aittakumpu,121,0.5842091092219291,0.5856423161811419,0.5827759022627164,0.4157908907780709,0.4143576838188582,0.41722409773728364,2023-2027,4
1452,oppositio,Pekka Aittakumpu,122,0.4579689342457756,0.45355861068296754,0.4623792578085837,0.5420310657542244,0.5464413893170325,0.5376207421914163,2023-2027,4
1455,hallitus,Kaisa Juuso,343,0.5104801659212412,0.5125035951519832,0.5084567366904993,0.48951983407875865,0.48749640484801676,0.4915432633095006,2023-2027,4
1468,oppositio,Tuomas Kettunen,310,0.4508157239095387,0.4667876997439987,0.43484374807507875,0.5491842760904612,0.5332123002560011,0.5651562519249212,2023-2027,4
1469,oppositio,Matias Mäkynen,116,0.4115567937073834,0.4209740961193182,0.4021394912954487,0.5884432062926166,0.5790259038806818,0.5978605087045513,2023-2027,4
1481,hallitus,Atte Kaleva,59,0.5419999387424488,0.5424907932001838,0.5415090842847139,0.45800006125755116,0.4575092067998162,0.4584909157152861,2023-2027,4
1483,hallitus,Ville Valkonen,98,0.5649422963098278,0.5623488487525672,0.5675357438670884,0.43505770369017216,0.43765115124743276,0.43246425613291156,2023-2027,4
1485,oppositio,Minja Koskela,286,0.4569281375207173,0.453638048492411,0.4602182265490236,0.5430718624792827,0.546361951507589,0.5397817734509763,2023-2027,4
1488,oppositio,Elisa Gebhard,109,0.4225041710430235,0.4315353455029493,0.4134729965830978,0.5774958289569764,0.5684646544970506,0.5865270034169021,2023-2027,4
1489,oppositio,Fatim Diarra,68,0.45364897734027426,0.4672019382046616,0.4400960164758869,0.5463510226597257,0.5327980617953384,0.5599039835241131,2023-2027,4
1490,hallitus,Noora Fagerström,58,0.5536102922491173,0.5673897356614128,0.5398308488368216,0.4463897077508827,0.4326102643385871,0.46016915116317836,2023-2027,4
1491,hallitus,Jarno Limnell,43,0.5647880784534263,0.5607604650779623,0.5688156918288904,0.4352119215465736,0.43923953492203777,0.43118430817110953,2023-2027,4
1492,hallitus,Susanne Päivärinta,105,0.5371805147352486,0.5420675533682715,0.5322934761022257,0.4628194852647515,0.4579324466317285,0.4677065238977744,2023-2027,4
1493,hallitus,Tere Sammallahti,66,0.5437392156637537,0.5294364061578698,0.5580420251696376,0.4562607843362463,0.47056359384213026,0.4419579748303623,2023-2027,4
1496,oppositio,Eemeli Peltonen,277,0.4965093512258437,0.4929953350565521,0.5000233673951353,0.5034906487741564,0.5070046649434479,0.4999766326048648,2023-2027,4
1497,oppositio,Pinja Perholehto,194,0.4401430741754522,0.45566375571912826,0.42462239263177615,0.5598569258245477,0.5443362442808717,0.5753776073682237,2023-2027,4
1498,hallitus,Teemu Keskisarja,64,0.5091434550110152,0.5214397291479868,0.49684718087404367,0.4908565449889848,0.47856027085201325,0.5031528191259563,2023-2027,4
1499,hallitus,Jorma Piisinen,190,0.5446586409985126,0.5483499714988647,0.5409673104981604,0.4553413590014874,0.4516500285011353,0.45903268950183956,2023-2027,4
1500,hallitus,Onni Rostila,71,0.512160288021693,0.4980819049859161,0.5262386710574699,0.487839711978307,0.5019180950140839,0.4737613289425301,2023-2027,4
1501,hallitus,Henrik Wickström,116,0.5168789715557714,0.5350508599407504,0.4987070831707925,0.48312102844422844,0.46494914005924964,0.5012929168292073,2023-2027,4
1502,oppositio,Timo Furuholm,283,0.43780822074244086,0.45933610137341574,0.4162803401114659,0.5621917792575593,0.5406638986265843,0.5837196598885341,2023-2027,4
1503,oppositio,Saku Nikkanen,206,0.4597377225160758,0.4514707436187567,0.46800470141339484,0.5402622774839243,0.5485292563812433,0.5319952985866052,2023-2027,4
1504,hallitus,Pauli Aalto-Setälä,76,0.527436477365443,0.5166559802604659,0.5382169744704202,0.47256352263455703,0.4833440197395341,0.46178302552957995,2023-2027,4
1506,oppositio,Juha Viitala,370,0.46841698488039507,0.4904869597105307,0.4463470100502594,0.531583015119605,0.5095130402894693,0.5536529899497407,2023-2027,4
1507,hallitus,Mari Kaunistola,105,0.603160535769711,0.6069540406723879,0.599367030867034,0.3968394642302891,0.39304595932761216,0.40063296913296603,2023-2027,4
1508,hallitus,Rami Lehtinen,276,0.5405367357864497,0.540903060533609,0.5401704110392902,0.4594632642135503,0.45909693946639096,0.45982958896070975,2023-2027,4
1509,hallitus,Mira Nieminen,185,0.5656869960247439,0.5582201433958645,0.5731538486536233,0.434313003975256,0.44177985660413543,0.4268461513463766,2023-2027,4
1510,hallitus,Teemu Kinnari,65,0.5306890908189583,0.5329145138785332,0.5284636677593835,0.4693109091810416,0.4670854861214668,0.4715363322406165,2023-2027,4
1511,oppositio,Lauri Lyly,1134,0.47205921900460057,0.48537698969635423,0.45874144831284697,0.5279407809953994,0.5146230103036458,0.5412585516871531,2023-2027,4
1512,oppositio,Ville Merinen,156,0.4213243752048135,0.4282575572915596,0.4143911931180674,0.5786756247951865,0.5717424427084404,0.5856088068819327,2023-2027,4
1513,hallitus,Aleksi Jäntti,76,0.5840027913308468,0.5872161549164849,0.5807894277452085,0.41599720866915335,0.4127838450835151,0.4192105722547915,2023-2027,4
1514,hallitus,Miko Bergbom,427,0.5276079104991855,0.52217634006405,0.5330394809343212,0.47239208950081446,0.47782365993595005,0.4669605190656788,2023-2027,4
1515,hallitus,Joakim Vigelius,316,0.5283672174996281,0.510891979238588,0.5458424557606683,0.47163278250037194,0.48910802076141213,0.45415754423933175,2023-2027,4
1516,hallitus,Jaana Strandman,470,0.5721091812885546,0.5756065985516817,0.5686117640254273,0.4278908187114455,0.4243934014483184,0.4313882359745726,2023-2027,4
1518,oppositio,Vesa Kallio,433,0.4804699503115831,0.4637913854330537,0.4971485151901126,0.5195300496884169,0.5362086145669464,0.5028514848098874,2023-2027,4
1519,oppositio,Anna-Kristiina Mikkonen,212,0.4616041961615448,0.48936169909496846,0.4338466932281212,0.5383958038384552,0.5106383009050315,0.5661533067718789,2023-2027,4
1520,hallitus,Karoliina Partanen,153,0.5324778792099085,0.517244165724937,0.5477115926948801,0.46752212079009153,0.48275583427506313,0.45228840730511993,2023-2027,4
1521,oppositio,Timo Suhonen,617,0.45210722432011957,0.4479613067812185,0.45625314185902066,0.5478927756798805,0.5520386932187816,0.5437468581409793,2023-2027,4
1523,oppositio,Laura Meriluoto,154,0.43540213553504004,0.44553729524003727,0.42526697583004286,0.5645978644649601,0.5544627047599627,0.5747330241699573,2023-2027,4
1524,oppositio,Markku Siponen,335,0.4623401138095179,0.47017146001039317,0.45450876760864267,0.537659886190482,0.5298285399896068,0.5454912323913573,2023-2027,4
1525,hallitus,Janne Jukkola,157,0.5821444520955401,0.584644382999914,0.5796445211911663,0.4178555479044598,0.41535561700008594,0.4203554788088336,2023-2027,4
1526,hallitus,Anne Rintamäki,315,0.5792498958363648,0.5833373418933523,0.5751624497793771,0.42075010416363523,0.4166626581066476,0.4248375502206228,2023-2027,4
1527,hallitus,Pia Sillanpää,234,0.5445133279997008,0.5388594048762647,0.5501672511231369,0.45548667200029924,0.46114059512373534,0.4498327488768631,2023-2027,4
1528,hallitus,Ville Väyrynen,224,0.5143123887131149,0.5174457239482827,0.5111790534779472,0.4856876112868851,0.4825542760517173,0.4888209465220529,2023-2027,4
1529,oppositio,Jani Kokko,253,0.48275088937166205,0.48777217495471026,0.47772960378861384,0.517249110628338,0.5122278250452897,0.5222703962113863,2023-2027,4
1530,hallitus,Kaisa Garedew,275,0.5940335386039592,0.6124208011006346,0.5756462761072839,0.40596646139604076,0.38757919889936543,0.4243537238927161,2023-2027,4
1531,hallitus,Tomi Immonen,88,0.5600927199567848,0.5413439514254683,0.5788414884881012,0.4399072800432152,0.45865604857453174,0.42115851151189865,2023-2027,4
1533,oppositio,Olga Oinas-Panuma,164,0.46938842631929933,0.4716968460495286,0.46708000658907006,0.5306115736807007,0.5283031539504713,0.5329199934109299,2023-2027,4
1534,oppositio,Pia Hiltunen,112,0.5025381994663487,0.5193410374509333,0.4857353614817641,0.49746180053365135,0.4806589625490668,0.5142646385182359,2023-2027,4
1535,hallitus,Antti Kangas,75,0.5143212876842035,0.5086104568034954,0.5200321185649116,0.48567871231579646,0.4913895431965045,0.4799678814350884,2023-2027,4
1536,hallitus,Mikko Polvinen,84,0.5403473736902066,0.5512108059853539,0.5294839413950593,0.4596526263097934,0.4487891940146461,0.4705160586049407,2023-2027,4
1536,oppositio,Mikko Polvinen,49,0.4867418119253698,0.5076353270899946,0.465848296760745,0.5132581880746302,0.4923646729100054,0.534151703239255,2023-2027,4
1537,hallitus,Juha Hänninen,992,0.592046475985402,0.5839590804547603,0.6001338715160438,0.407953524014598,0.4160409195452398,0.3998661284839562,2023-2027,4
1538,hallitus,Sara Seppänen,311,0.5658386269554068,0.5697712239889438,0.5619060299218699,0.4341613730445931,0.4302287760110562,0.43809397007813,2023-2027,4
301,hallitus,Ben Zyskowicz,252,0.5232702192337682,0.5250256026858331,0.5215148357817031,0.4767297807662319,0.474974397314167,0.4784851642182968,2023-2027,4
358,oppositio,Johannes Koskinen,124,0.5126466075029854,0.5000215507952026,0.5252716642107681,0.4873533924970146,0.4999784492047974,0.4747283357892318,2023-2027,4
464,oppositio,Kimmo Kiljunen,216,0.48748038048116493,0.47303583171996744,0.5019249292423624,0.5125196195188351,0.5269641682800326,0.4980750707576376,2023-2027,4
499,hallitus,Päivi Räsänen,184,0.5149250092953707,0.510605412595333,0.5192446059954083,0.48507499070462945,0.4893945874046671,0.4807553940045917,2023-2027,4
511,oppositio,Pia Viitanen,249,0.4056808543702354,0.4000282459687332,0.4113334627717376,0.5943191456297646,0.5999717540312668,0.5886665372282625,2023-2027,4
612,hallitus,Sari Sarkomaa,74,0.5440769054189569,0.5320399047603959,0.5561139060775179,0.4559230945810433,0.46796009523960436,0.44388609392248224,2023-2027,4
772,oppositio,Antti Kaikkonen,91,0.4993583710120937,0.502386286780941,0.4963304552432463,0.5006416289879063,0.4976137132190591,0.5036695447567536,2023-2027,4
784,hallitus,Arto Satonen,383,0.509299193899484,0.5127558003545817,0.5058425874443863,0.490700806100516,0.4872441996454183,0.49415741255561363,2023-2027,4
797,oppositio,Hannu Hoskonen,533,0.48405077653656403,0.472065856294756,0.496035696778372,0.515949223463436,0.527934143705244,0.503964303221628,2023-2027,4
846,oppositio,Oras Tynkkynen,286,0.4694085876531503,0.48331251172895423,0.4555046635773464,0.5305914123468496,0.5166874882710457,0.5444953364226535,2023-2027,4
911824,oppositio,Jessi Jokelainen,75,0.4632080105471471,0.46854202795742916,0.4578739931368651,0.536791989452853,0.531457972042571,0.542126006863135,2023-2027,4
911826,hallitus,Merja Rasinkangas,287,0.5688124163819765,0.5699347124069255,0.5676901203570277,0.43118758361802345,0.4300652875930745,0.4323098796429724,2023-2027,4
911827,oppositio,Mika Riipi,78,0.4446978400176542,0.4479383427989262,0.44145733723638225,0.5553021599823458,0.5520616572010738,0.5585426627636176,2023-2027,4
913,oppositio,Eerikki Viljanen,158,0.48696600972373133,0.4939201921119791,0.4800118273354836,0.5130339902762686,0.5060798078880209,0.5199881726645164,2023-2027,4
941,hallitus,Anna-Maja Henriksson,54,0.562440511068652,0.549750900492406,0.575130121644898,0.4375594889313481,0.45024909950759406,0.42486987835510215,2023-2027,4
947,hallitus,Petteri Orpo,723,0.5530348063728727,0.5616461512942827,0.5444234614514628,0.44696519362712717,0.4383538487057172,0.4555765385485372,2023-2027,4
953,oppositio,Anne Kalmari,219,0.49434500516441404,0.5135405914978466,0.4751494188309815,0.505654994835586,0.4864594085021533,0.5248505811690185,2023-2027,4
960,oppositio,Krista Kiuru,408,0.4223163967241361,0.4133464366009495,0.43128635684732275,0.5776836032758639,0.5866535633990504,0.5687136431526773,2023-2027,4
963,oppositio,Merja Kyllönen,43,0.47559789443159384,0.4829697641955086,0.46822602466767904,0.5244021055684062,0.5170302358044914,0.531773975332321,2023-2027,4
967,hallitus,Timo Heinonen,305,0.4941705577976464,0.48649670753587937,0.5018444080594134,0.5058294422023536,0.5135032924641206,0.49815559194058656,2023-2027,4
970,oppositio,Marko Asell,95,0.43577857143648735,0.4407247485262406,0.43083239434673404,0.5642214285635127,0.5592752514737594,0.5691676056532659,2023-2027,4
1089,hallitus,Heikki Autto,267,0.5420206691235343,0.5353049914360755,0.548736346810993,0.45797933087646575,0.46469500856392454,0.45126365318900696,2023-2027,5
1096,hallitus,Ritva Elomaa,211,0.5380977560490587,0.5250862046932872,0.5511093074048303,0.46190224395094126,0.47491379530671285,0.44889069259516967,2023-2027,5
1097,oppositio,Aino-Kaisa Pekonen,220,0.41328658782531713,0.4096714699923599,0.4169017056582744,0.5867134121746829,0.5903285300076401,0.5830982943417256,2023-2027,5
1106,oppositio,Mikko Savola,151,0.46922795872462225,0.46091199572793284,0.47754392172131166,0.5307720412753778,0.5390880042720672,0.5224560782786885,2023-2027,5
1126,oppositio,Tytti Tuppurainen,291,0.4296590777775326,0.4542077117065439,0.4051104438485213,0.5703409222224674,0.545792288293456,0.5948895561514786,2023-2027,5
1129,hallitus,Arja Juvonen,134,0.5520171037399009,0.5412928962997856,0.562741311180016,0.4479828962600992,0.4587071037002143,0.4372586888199841,2023-2027,5
1131,hallitus,Sinuhe Wallinheimo,154,0.4745278507183933,0.46936475928052335,0.4796909421562633,0.5254721492816068,0.5306352407194767,0.5203090578437368,2023-2027,5
1133,oppositio,Mika Kari,133,0.5076159759839438,0.5084531915704643,0.5067787603974232,0.4923840240160563,0.4915468084295358,0.49322123960257674,2023-2027,5
1134,hallitus,Sofia Vikman,102,0.5787156005465572,0.5922969721949235,0.5651342288981911,0.42128439945344265,0.40770302780507645,0.4348657711018088,2023-2027,5
1135,hallitus,Pia Kauma,84,0.546541981480231,0.5557610500114987,0.5373229129489634,0.4534580185197689,0.4442389499885013,0.46267708705103655,2023-2027,5
1136,hallitus,Ville Vähämäki,94,0.5413658744252722,0.5662866873372332,0.5164450615133112,0.45863412557472794,0.4337133126627669,0.4835549384866889,2023-2027,5
1137,hallitus,Pauli Kiuru,225,0.5038000832434295,0.5092608797684507,0.4983392867184083,0.4961999167565705,0.4907391202315493,0.5016607132815917,2023-2027,5
1142,hallitus,Jukka Kopra,58,0.5392243451313079,0.5420704411890147,0.5363782490736012,0.460775654868692,0.45792955881098524,0.4636217509263988,2023-2027,5
1144,oppositio,Suna Kymäläinen,93,0.417567662725134,0.4251324756380398,0.4100028498122283,0.5824323372748659,0.5748675243619601,0.5899971501877715,2023-2027,5
1149,oppositio,Markus Lohi,387,0.47328887783300055,0.47045022219159094,0.4761275334744102,0.5267111221669993,0.529549777808409,0.5238724665255897,2023-2027,5
1155,oppositio,Anna Kontula,119,0.46339688168798915,0.46629821572283614,0.46049554765314216,0.5366031183120108,0.5337017842771636,0.5395044523468578,2023-2027,5
1157,oppositio,Annika Saarikko,73,0.46705957635638173,0.4669759003934983,0.4671432523192651,0.5329404236436184,0.5330240996065017,0.532856747680735,2023-2027,5
1189,hallitus,Otto Andersson,104,0.5185826621485158,0.5053844581486849,0.5317808661483466,0.4814173378514842,0.49461554185131507,0.46821913385165337,2023-2027,5
1202,oppositio,Nasima Razmyar,101,0.4625987872734813,0.460402848600137,0.4647947259468256,0.5374012127265189,0.5395971513998631,0.5352052740531745,2023-2027,5
1219,hallitus,Saara-Sofia Sirén,94,0.5302415008072243,0.5163195901632378,0.5441634114512108,0.4697584991927757,0.48368040983676225,0.4558365885487891,2023-2027,5
1265,hallitus,Matias Marttinen,256,0.5342071596142282,0.5344901356300127,0.5339241835984436,0.4657928403857719,0.46550986436998737,0.46607581640155643,2023-2027,5
1279,hallitus,Elina Valtonen,85,0.5098079353143741,0.5155088153539752,0.5041070552747731,0.49019206468562593,0.4844911846460249,0.49589294472522694,2023-2027,5
1282,hallitus,Wille Rydman,196,0.5137247348976492,0.5376591049282009,0.4897903648670976,0.4862752651023507,0.462340895071799,0.5102096351329024,2023-2027,5
1298,oppositio,Krista Mikkonen,373,0.49017895890447727,0.4833473706956567,0.4970105471132979,0.5098210410955227,0.5166526293043433,0.5029894528867022,2023-2027,5
1299,hallitus,Sari Multala,209,0.5685421118134004,0.5612855549145019,0.5757986687122988,0.43145788818659964,0.4387144450854981,0.42420133128770116,2023-2027,5
1302,oppositio,Ilmari Nurminen,234,0.37522241841019316,0.38429496722176487,0.36614986959862145,0.6247775815898069,0.6157050327782352,0.6338501304013786,2023-2027,5
1308,hallitus,Jari Ronkainen,124,0.6103502083295815,0.5976283415544278,0.6230720751047354,0.38964979167041836,0.40237165844557204,0.37692792489526467,2023-2027,5
1311,oppositio,Joona Räsänen,637,0.42624881860245745,0.4362359416006162,0.41626169560429876,0.5737511813975424,0.5637640583993837,0.5837383043957012,2023-2027,5
1312,oppositio,Hanna Sarkkinen,226,0.442452961584444,0.4466675458458053,0.4382383773230827,0.5575470384155561,0.5533324541541947,0.5617616226769173,2023-2027,5
1314,hallitus,Sami Savio,76,0.5472102114330899,0.5498730175755826,0.5445474052905971,0.4527897885669101,0.4501269824244173,0.45545259470940297,2023-2027,5
1316,oppositio,Ville Skinnari,69,0.4576594305263175,0.4606526073771784,0.45466625367545666,0.5423405694736825,0.5393473926228215,0.5453337463245433,2023-2027,5
1318,hallitus,Joakim Strand,41,0.5305043495923468,0.5299910462760522,0.5310176529086414,0.4694956504076532,0.4700089537239478,0.4689823470913586,2023-2027,5
1325,hallitus,Sari Tanus,126,0.48164952968299846,0.48853978089360534,0.47475927847239163,0.5183504703170014,0.5114602191063946,0.5252407215276084,2023-2027,5
1326,oppositio,Timo Harakka,156,0.4400309875660099,0.46300625858335803,0.4170557165486618,0.55996901243399,0.5369937414166419,0.5829442834513382,2023-2027,5
1331,oppositio,Petri Honkonen,222,0.44705864936177875,0.44583898047194503,0.4482783182516125,0.5529413506382213,0.554161019528055,0.5517216817483875,2023-2027,5
1333,hallitus,Laura Huhtasaari,58,0.5127320269693884,0.5277227734196496,0.4977412805191272,0.4872679730306116,0.47227722658035043,0.5022587194808728,2023-2027,5
1334,hallitus,Antti Häkkänen,100,0.5545104814894917,0.5474192340999336,0.5616017288790497,0.44548951851050844,0.45258076590006635,0.43839827112095053,2023-2027,5
1338,oppositio,Hanna Kosonen,182,0.46445834482807125,0.49082035366284044,0.438096335993302,0.535541655171929,0.5091796463371596,0.5619036640066982,2023-2027,5
1340,oppositio,Katri Kulmuni,68,0.473412844718084,0.4810806474945184,0.4657450419416495,0.526587155281916,0.5189193525054816,0.5342549580583504,2023-2027,5
1349,hallitus,Leena Meri,211,0.5465131522128215,0.5246867527887594,0.5683395516368837,0.45348684778717846,0.4753132472112406,0.43166044836311634,2023-2027,5
1379,hallitus,Mia Laiho,176,0.5026029677822201,0.48983855583261693,0.5153673797318234,0.49739703221777976,0.5101614441673831,0.48463262026817644,2023-2027,5
1380,oppositio,Riitta Kaarisalo,218,0.4975692431624017,0.5007710184709495,0.4943674678538539,0.5024307568375983,0.4992289815290506,0.5056325321461461,2023-2027,5
1382,oppositio,Hanna-Leena Mattila,168,0.42452031142540725,0.4236144140434749,0.4254262088073396,0.5754796885745928,0.5763855859565251,0.5745737911926603,2023-2027,5
1383,oppositio,Veronika Honkasalo,340,0.4630007980782296,0.4940957459003751,0.431905850256084,0.5369992019217704,0.5059042540996248,0.568094149743916,2023-2027,5
1384,oppositio,Mai Kivelä,239,0.44818483748395166,0.4611219494020872,0.43524772556581615,0.5518151625160483,0.5388780505979128,0.5647522744341837,2023-2027,5
1385,oppositio,Atte Harjanne,179,0.47365047758099,0.47453463267898444,0.47276632248299555,0.52634952241901,0.5254653673210156,0.5272336775170045,2023-2027,5
1386,oppositio,Mari Holopainen,50,0.4467409077367986,0.44085412910316313,0.45262768637043405,0.5532590922632015,0.559145870896837,0.5473723136295658,2023-2027,5
1387,oppositio,Maria Ohisalo,101,0.42364132900220053,0.4104310588031209,0.43685159920128014,0.5763586709977995,0.5895689411968791,0.56314840079872,2023-2027,5
1388,hallitus,Mari Rantanen,159,0.5774349156107699,0.5750029564583576,0.5798668747631821,0.4225650843892301,0.4249970435416423,0.42013312523681784,2023-2027,5
1390,oppositio,Eveliina Heinäluoma,102,0.4653531370936115,0.460836845610707,0.469869428576516,0.5346468629063885,0.539163154389293,0.530130571423484,2023-2027,5
1391,hallitus,Ari Koponen,143,0.5788096414490846,0.5806981517751774,0.5769211311229918,0.42119035855091547,0.41930184822482275,0.42307886887700813,2023-2027,5
1392,hallitus,Riikka Purra,622,0.49674378705387434,0.4900497199734688,0.5034378541342799,0.5032562129461258,0.5099502800265312,0.49656214586572034,2023-2027,5
1394,hallitus,Pihla Keto-Huovinen,70,0.5737021820519312,0.5807481040221346,0.566656260081728,0.42629781794806876,0.41925189597786544,0.4333437399182721,2023-2027,5
1396,hallitus,Heikki Vestman,150,0.5311097810667493,0.5480292665233616,0.5141902956101372,0.46889021893325056,0.4519707334766383,0.4858097043898629,2023-2027,5
1398,oppositio,Johan Kvarnström,49,0.4372879742291558,0.45467561774124976,0.4199003307170618,0.5627120257708442,0.5453243822587502,0.5800996692829382,2023-2027,5
1400,oppositio,Jussi Saramo,86,0.41406429743394424,0.4100493422545452,0.4180792526133432,0.5859357025660559,0.589950657745455,0.5819207473866567,2023-2027,5
1401,oppositio,Tiina Elo,301,0.5070331058997104,0.4975414005878198,0.5165248112116009,0.49296689410028965,0.5024585994121802,0.4834751887883991,2023-2027,5
1402,oppositio,Inka Hopsu,356,0.48222936219582924,0.46989926246945435,0.49455946192220407,0.5177706378041709,0.5301007375305457,0.505440538077796,2023-2027,5
1403,oppositio,Saara Hyrkkö,215,0.4462527869045534,0.451548128716596,0.4409574450925107,0.5537472130954467,0.5484518712834041,0.5590425549074893,2023-2027,5
1406,hallitus,Sandra Bergqvist,54,0.521624123372474,0.5242180022269642,0.5190302445179837,0.478375876627526,0.47578199777303576,0.4809697554820163,2023-2027,5
1407,oppositio,Johannes Yrttiaho,110,0.48405814133616876,0.4659794336900719,0.5021368489822656,0.5159418586638312,0.5340205663099281,0.4978631510177343,2023-2027,5
1408,oppositio,Aki Lindén,671,0.45607155735180527,0.45630611586213343,0.45583699884147705,0.5439284426481948,0.5436938841378667,0.544163001158523,2023-2027,5
1409,hallitus,Vilhelm Junnila,78,0.4733275385245188,0.48374205178174956,0.462913025267288,0.5266724614754812,0.5162579482182503,0.537086974732712,2023-2027,5
1410,hallitus,Mikko Lundén,97,0.5709695440990412,0.5645876420147657,0.5773514461833168,0.42903045590095873,0.43541235798523426,0.4226485538166832,2023-2027,5
1413,hallitus,Jari Koskela,105,0.5217540888638832,0.5201700997027077,0.5233380780250588,0.4782459111361168,0.47982990029729244,0.4766619219749411,2023-2027,5
1415,oppositio,Hilkka Kemppi,203,0.41414209520658885,0.42391737876830105,0.40436681164487664,0.5858579047934112,0.576082621231699,0.5956331883551235,2023-2027,5
1417,hallitus,Lulu Ranne,173,0.5637292895224901,0.5473821441344713,0.580076434910509,0.43627071047751,0.45261785586552883,0.41992356508949114,2023-2027,5
1418,hallitus,Veijo Niemi,135,0.5027216284001583,0.4999398845716989,0.5055033722286177,0.4972783715998417,0.5000601154283011,0.49449662777138226,2023-2027,5
1419,hallitus,Sakari Puisto,162,0.594796014479201,0.5857112854006887,0.6038807435577133,0.405203985520799,0.4142887145993114,0.3961192564422866,2023-2027,5
1421,hallitus,Anna-Kaisa Ikonen,174,0.5202032531440741,0.5364367288335531,0.5039697774545951,0.4797967468559259,0.4635632711664469,0.4960302225454048,2023-2027,5
1422,oppositio,Jouni Ovaska,209,0.49503971089963394,0.4972929679659982,0.4927864538332697,0.5049602891003662,0.5027070320340018,0.5072135461667304,2023-2027,5
1424,oppositio,Hanna Holopainen,185,0.4711215762121088,0.4821497393702427,0.460093413053975,0.5288784237878911,0.5178502606297573,0.5399065869460249,2023-2027,5
1425,hallitus,Ville Kaunisto,93,0.52297498744619,0.5198148929398548,0.526135081952525,0.47702501255381013,0.48018510706014517,0.47386491804747505,2023-2027,5
1426,hallitus,Sheikki Laakso,60,0.47492126896873377,0.4770809969130034,0.4727615410244642,0.5250787310312662,0.5229190030869966,0.5272384589755359,2023-2027,5
1428,oppositio,Niina Malm,252,0.42176481963876933,0.4180728903489185,0.42545674892862023,0.5782351803612306,0.5819271096510814,0.5745432510713797,2023-2027,5
1429,oppositio,Paula Werning,171,0.4343107641480324,0.44012496952299773,0.428496558773067,0.5656892358519677,0.5598750304770023,0.5715034412269332,2023-2027,5
1430,oppositio,Seppo Eskelinen,163,0.3820792531511813,0.38182163406049735,0.38233687224186524,0.6179207468488188,0.6181783659395027,0.6176631277581348,2023-2027,5
1433,oppositio,Hanna Räsänen,176,0.4493164287661362,0.450166657379515,0.44846620015275745,0.5506835712338638,0.5498333426204851,0.5515337998472425,2023-2027,5
1434,hallitus,Sanna Antikainen,104,0.5261495141306325,0.5204730293563847,0.5318259989048802,0.4738504858693675,0.47952697064361527,0.4681740010951197,2023-2027,5
1435,hallitus,Minna Reijonen,177,0.49577795545817965,0.5095106008476276,0.48204531006873175,0.5042220445418203,0.49048939915237233,0.5179546899312683,2023-2027,5
1437,hallitus,Juha Mäenpää,216,0.4957871162887533,0.49808005405438704,0.4934941785231196,0.5042128837112467,0.501919945945613,0.5065058214768804,2023-2027,5
1439,hallitus,Mauri Peltokangas,185,0.5492336758264971,0.5581440996743661,0.5403232519786282,0.4507663241735029,0.44185590032563393,0.4596767480213718,2023-2027,5
1441,hallitus,Mikko Ollikainen,57,0.5262545535688713,0.52388712457292,0.5286219825648226,0.4737454464311287,0.4761128754270799,0.4713780174351775,2023-2027,5
1443,oppositio,Kim Berg,232,0.4421017815244016,0.47668368798485616,0.407519875063947,0.5578982184755984,0.5233163120151438,0.592480124936053,2023-2027,5
1445,oppositio,Bella Forsgrén,185,0.42583421271106414,0.42226023074140107,0.4294081946807273,0.5741657872889356,0.5777397692585988,0.5705918053192726,2023-2027,5
1449,oppositio,Jenni Pitko,231,0.518191694914697,0.5202791348854182,0.5161042549439757,0.4818083050853031,0.4797208651145818,0.4838957450560244,2023-2027,5
1450,hallitus,Jenna Simula,121,0.5278059601243359,0.5164712372089977,0.5391406830396741,0.47219403987566405,0.48352876279100226,0.46085931696032584,2023-2027,5
1451,hallitus,Sebastian Tynkkynen,78,0.5235911515408833,0.5322097347215673,0.5149725683601993,0.4764088484591167,0.46779026527843265,0.4850274316398008,2023-2027,5
1452,hallitus,Pekka Aittakumpu,121,0.5633673397969539,0.5673931977987264,0.5593414817951814,0.43663266020304614,0.4326068022012737,0.4406585182048186,2023-2027,5
1452,oppositio,Pekka Aittakumpu,122,0.4430306834438529,0.43622742787834,0.44983393900936575,0.5569693165561471,0.56377257212166,0.5501660609906343,2023-2027,5
1454,hallitus,Janne Heikkinen,71,0.4968177433084312,0.4876585636071991,0.5059769230096632,0.5031822566915689,0.5123414363928009,0.49402307699033676,2023-2027,5
1455,hallitus,Kaisa Juuso,343,0.5153762538607692,0.5117265213430873,0.5190259863784512,0.48462374613923076,0.48827347865691284,0.48097401362154873,2023-2027,5
1468,oppositio,Tuomas Kettunen,310,0.48260169333711567,0.4808742930731464,0.4843290936010849,0.5173983066628842,0.5191257069268536,0.515670906398915,2023-2027,5
1469,oppositio,Matias Mäkynen,116,0.39485797704818487,0.3966681506855121,0.39304780341085765,0.6051420229518152,0.6033318493144879,0.6069521965891423,2023-2027,5
1481,hallitus,Atte Kaleva,59,0.5152644791820722,0.5089812074704929,0.5215477508936515,0.48473552081792787,0.49101879252950714,0.4784522491063486,2023-2027,5
1483,hallitus,Ville Valkonen,98,0.49052237929216846,0.4968577359730986,0.48418702261123825,0.5094776207078316,0.5031422640269014,0.5158129773887619,2023-2027,5
1485,oppositio,Minja Koskela,286,0.4124952767194524,0.42230309070502603,0.40268746273387884,0.5875047232805475,0.577696909294974,0.597312537266121,2023-2027,5
1488,oppositio,Elisa Gebhard,109,0.42926286960919047,0.4272424885637844,0.43128325065459655,0.5707371303908095,0.5727575114362156,0.5687167493454035,2023-2027,5
1489,oppositio,Fatim Diarra,68,0.44366905287957376,0.42702432717276856,0.46031377858637895,0.5563309471204263,0.5729756728272315,0.5396862214136211,2023-2027,5
1490,hallitus,Noora Fagerström,58,0.545144275984333,0.5387906562643818,0.5514978957042843,0.454855724015667,0.4612093437356182,0.4485021042957157,2023-2027,5
1492,hallitus,Susanne Päivärinta,105,0.5095351299719609,0.5304685660067091,0.48860169393721276,0.49046487002803907,0.4695314339932909,0.5113983060627872,2023-2027,5
1495,hallitus,Mika Poutala,91,0.5246087171886932,0.5477201681630001,0.5014972662143863,0.4753912828113068,0.4522798318369999,0.4985027337856138,2023-2027,5
1496,oppositio,Eemeli Peltonen,277,0.4714526380797347,0.47197038002607367,0.4709348961333958,0.5285473619202653,0.5280296199739264,0.5290651038666042,2023-2027,5
1497,oppositio,Pinja Perholehto,194,0.45160847506800483,0.45963700936965246,0.44357994076635715,0.5483915249319953,0.5403629906303477,0.5564200592336429,2023-2027,5
1498,hallitus,Teemu Keskisarja,64,0.5074658010244231,0.4909786205475684,0.5239529815012778,0.4925341989755768,0.5090213794524315,0.47604701849872216,2023-2027,5
1499,hallitus,Jorma Piisinen,190,0.5486406718524626,0.5212765611791863,0.5760047825257387,0.45135932814753754,0.47872343882081375,0.4239952174742613,2023-2027,5
1500,hallitus,Onni Rostila,71,0.49589560859648,0.48730256887579015,0.5044886483171699,0.5041043914035199,0.5126974311242098,0.4955113516828301,2023-2027,5
1501,hallitus,Henrik Wickström,116,0.5707003769779286,0.5714076780313443,0.5699930759245129,0.4292996230220713,0.42859232196865554,0.4300069240754871,2023-2027,5
1502,oppositio,Timo Furuholm,283,0.4381369327793202,0.4421593094034357,0.4341145561552048,0.5618630672206799,0.5578406905965644,0.5658854438447953,2023-2027,5
1503,oppositio,Saku Nikkanen,206,0.46393804764279,0.4535379907943741,0.47433810449120584,0.53606195235721,0.5464620092056258,0.5256618955087942,2023-2027,5
1504,hallitus,Pauli Aalto-Setälä,76,0.561297357642729,0.5698171788741259,0.5527775364113322,0.43870264235727097,0.43018282112587414,0.4472224635886678,2023-2027,5
1505,hallitus,Milla Lahdenperä,166,0.5868025369102265,0.5966936439580784,0.5769114298623748,0.41319746308977334,0.40330635604192133,0.4230885701376253,2023-2027,5
1507,hallitus,Mari Kaunistola,105,0.577080815426088,0.5566274166529016,0.5975342141992744,0.422919184573912,0.4433725833470984,0.40246578580072556,2023-2027,5
1508,hallitus,Rami Lehtinen,276,0.4962616929567807,0.49889652609238777,0.49362685982117355,0.5037383070432193,0.5011034739076122,0.5063731401788265,2023-2027,5
1509,hallitus,Mira Nieminen,185,0.5808590010677626,0.5822451271174331,0.579472875018092,0.41914099893223744,0.41775487288256674,0.4205271249819081,2023-2027,5
1510,hallitus,Teemu Kinnari,65,0.5190156357693139,0.5030301213667212,0.5350011501719065,0.48098436423068625,0.4969698786332789,0.46499884982809353,2023-2027,5
1511,oppositio,Lauri Lyly,1134,0.4926787657602083,0.5085722782733605,0.47678525324705606,0.5073212342397918,0.4914277217266396,0.523214746752944,2023-2027,5
1512,oppositio,Ville Merinen,156,0.4405734245414831,0.42239091136734713,0.4587559377156191,0.5594265754585168,0.5776090886326528,0.5412440622843809,2023-2027,5
1513,hallitus,Aleksi Jäntti,76,0.5569403403901487,0.5513507435525906,0.5625299372277069,0.44305965960985116,0.4486492564474095,0.43747006277229283,2023-2027,5
1514,hallitus,Miko Bergbom,427,0.4965505260920108,0.5046095769208617,0.48849147526315984,0.5034494739079893,0.4953904230791383,0.5115085247368404,2023-2027,5
1515,hallitus,Joakim Vigelius,316,0.5020668301365324,0.5051583829364714,0.4989752773365934,0.4979331698634676,0.4948416170635285,0.5010247226634066,2023-2027,5
1516,hallitus,Jaana Strandman,470,0.5798064319867453,0.5955312953628417,0.5640815686106488,0.42019356801325486,0.40446870463715845,0.43591843138935127,2023-2027,5
1517,hallitus,Oskari Valtola,258,0.50310350266939,0.49943835019350696,0.506768655145273,0.49689649733061003,0.5005616498064931,0.493231344854727,2023-2027,5
1519,oppositio,Anna-Kristiina Mikkonen,212,0.4767114458515887,0.4548190754944895,0.4986038162086879,0.5232885541484114,0.5451809245055105,0.5013961837913121,2023-2027,5
1520,hallitus,Karoliina Partanen,153,0.526316427190946,0.5266397549123566,0.5259930994695353,0.47368357280905404,0.4733602450876434,0.4740069005304647,2023-2027,5
1521,oppositio,Timo Suhonen,617,0.476581247763185,0.48637492952527694,0.466787566001093,0.523418752236815,0.5136250704747231,0.533212433998907,2023-2027,5
1523,oppositio,Laura Meriluoto,154,0.44089585146447885,0.45382032755865725,0.4279713753703005,0.5591041485355213,0.5461796724413428,0.5720286246296996,2023-2027,5
1524,oppositio,Markku Siponen,335,0.4516758054395178,0.4561914477365668,0.44716016314246876,0.5483241945604822,0.5438085522634333,0.5528398368575312,2023-2027,5
1525,hallitus,Janne Jukkola,157,0.579278570930754,0.579687329100913,0.578869812760595,0.4207214290692461,0.4203126708990871,0.4211301872394051,2023-2027,5
1526,hallitus,Anne Rintamäki,315,0.5711914647603759,0.5633580052723695,0.5790249242483823,0.4288085352396241,0.4366419947276306,0.4209750757516176,2023-2027,5
1527,hallitus,Pia Sillanpää,234,0.5586497232050389,0.5473079269998513,0.5699915194102265,0.4413502767949611,0.4526920730001488,0.43000848058977337,2023-2027,5
1528,hallitus,Ville Väyrynen,224,0.490522768792787,0.517720094529832,0.4633254430557419,0.5094772312072131,0.48227990547016797,0.5366745569442581,2023-2027,5
1529,oppositio,Jani Kokko,253,0.4913673912014529,0.49882343928245587,0.4839113431204499,0.5086326087985471,0.5011765607175441,0.5160886568795501,2023-2027,5
1530,hallitus,Kaisa Garedew,275,0.5631138306048823,0.5797422307390104,0.5464854304707542,0.43688616939511765,0.42025776926098946,0.45351456952924585,2023-2027,5
1531,hallitus,Tomi Immonen,88,0.5368881128200871,0.5216741999771237,0.5521020256630504,0.4631118871799129,0.4783258000228764,0.44789797433694944,2023-2027,5
1532,oppositio,Timo Mehtälä,180,0.48707761391892823,0.4533808728179765,0.52077435501988,0.5129223860810718,0.5466191271820235,0.47922564498012,2023-2027,5
1533,oppositio,Olga Oinas-Panuma,164,0.43345946088912785,0.4291875737905154,0.43773134798774027,0.5665405391108721,0.5708124262094845,0.5622686520122597,2023-2027,5
1534,oppositio,Pia Hiltunen,112,0.4859299448516694,0.4820811576039287,0.4897787320994101,0.5140700551483307,0.5179188423960714,0.51022126790059,2023-2027,5
1535,hallitus,Antti Kangas,75,0.5125454992390627,0.5039628438645601,0.5211281546135652,0.4874545007609373,0.4960371561354398,0.4788718453864348,2023-2027,5
1536,hallitus,Mikko Polvinen,84,0.5262060858239325,0.5242121062129425,0.5282000654349225,0.47379391417606753,0.47578789378705755,0.4717999345650775,2023-2027,5
1536,oppositio,Mikko Polvinen,49,0.45966887692364433,0.44767706500477944,0.4716606888425092,0.5403311230763556,0.5523229349952203,0.5283393111574908,2023-2027,5
1537,hallitus,Juha Hänninen,992,0.5983195994043746,0.596773468927498,0.5998657298812512,0.4016804005956254,0.4032265310725019,0.40013427011874886,2023-2027,5
1538,hallitus,Sara Seppänen,311,0.5479215163447537,0.5407186686830128,0.5551243640064947,0.4520784836552463,0.4592813313169871,0.4448756359935054,2023-2027,5
1539,oppositio,Helena Marttila,126,0.4315714422463571,0.4183998929675168,0.44474299152519736,0.568428557753643,0.5816001070324832,0.5552570084748027,2023-2027,5
301,hallitus,Ben Zyskowicz,252,0.48990717475563006,0.49260608788943944,0.4872082616218206,0.5100928252443699,0.5073939121105606,0.5127917383781794,2023-2027,5
351,hallitus,Eva Biaudet,40,0.5076596129990981,0.5043539291208623,0.5109652968773339,0.4923403870009019,0.49564607087913765,0.48903470312266606,2023-2027,5
358,oppositio,Johannes Koskinen,124,0.47512948522898835,0.4659212898575539,0.48433768060042287,0.5248705147710118,0.5340787101424463,0.5156623193995771,2023-2027,5
464,oppositio,Kimmo Kiljunen,216,0.4268937709517636,0.44873526942533026,0.40505227247819703,0.5731062290482364,0.5512647305746698,0.5949477275218029,2023-2027,5
499,hallitus,Päivi Räsänen,184,0.5234913597170356,0.5269224436164932,0.520060275817578,0.47650864028296447,0.4730775563835068,0.4799397241824222,2023-2027,5
511,oppositio,Pia Viitanen,249,0.4204621103404423,0.4262008054344955,0.41472341524638906,0.5795378896595578,0.5737991945655045,0.585276584753611,2023-2027,5
538,oppositio,Tuula Haatainen,134,0.46730059833689197,0.4364971313659532,0.4981040653078308,0.5326994016631079,0.5635028686340467,0.5018959346921692,2023-2027,5
583,oppositio,Mika Lintilä,69,0.49775488478179086,0.5178257105360683,0.4776840590275134,0.5022451152182092,0.4821742894639317,0.5223159409724867,2023-2027,5
612,hallitus,Sari Sarkomaa,74,0.5539715532609362,0.5549628173674562,0.552980289154416,0.44602844673906383,0.44503718263254377,0.44701971084558395,2023-2027,5
772,oppositio,Antti Kaikkonen,91,0.47166311009326856,0.4700904996706544,0.4732357205158827,0.5283368899067314,0.5299095003293455,0.5267642794841174,2023-2027,5
778,hallitus,Sari Essayah,178,0.494279444625864,0.5125286274778523,0.47603026177387564,0.5057205553741361,0.48747137252214773,0.5239697382261244,2023-2027,5
784,hallitus,Arto Satonen,383,0.4678455334297334,0.455547590314919,0.4801434765445478,0.5321544665702667,0.544452409685081,0.5198565234554522,2023-2027,5
797,oppositio,Hannu Hoskonen,533,0.4986756158382237,0.5054169414000759,0.4919342902763715,0.5013243841617763,0.49458305859992413,0.5080657097236285,2023-2027,5
846,oppositio,Oras Tynkkynen,286,0.4456090951943885,0.4261917049533718,0.46502648543540526,0.5543909048056115,0.5738082950466282,0.5349735145645946,2023-2027,5
911820,oppositio,Lotta Hamari,201,0.47837993221218655,0.4647910785312986,0.4919687858930746,0.5216200677878134,0.5352089214687015,0.5080312141069254,2023-2027,5
911826,hallitus,Merja Rasinkangas,287,0.6127058875993507,0.6130224434542983,0.6123893317444031,0.38729411240064937,0.38697755654570176,0.387610668255597,2023-2027,5
911827,oppositio,Mika Riipi,78,0.43461773277374804,0.4243160101650858,0.44491945538241034,0.565382267226252,0.5756839898349142,0.5550805446175897,2023-2027,5
911829,oppositio,Hanna Laine-Nousimaa,84,0.459529271227706,0.434789957706164,0.48426858474924794,0.5404707287722941,0.565210042293836,0.5157314152507521,2023-2027,5
913,oppositio,Eerikki Viljanen,158,0.4989012423070322,0.4942786904730415,0.5035237941410229,0.5010987576929679,0.5057213095269585,0.49647620585897717,2023-2027,5
941,hallitus,Anna-Maja Henriksson,54,0.5353365488964821,0.5559789654037182,0.5146941323892461,0.4646634511035179,0.4440210345962819,0.4853058676107539,2023-2027,5
947,hallitus,Petteri Orpo,723,0.5331282813043103,0.5363052282443876,0.529951334364233,0.4668717186956896,0.4636947717556123,0.4700486656357669,2023-2027,5
953,oppositio,Anne Kalmari,219,0.48178257682687586,0.492804185855071,0.4707609677986807,0.5182174231731241,0.507195814144929,0.5292390322013193,2023-2027,5
963,oppositio,Merja Kyllönen,43,0.4515855457917768,0.4412908413298001,0.4618802502537534,0.5484144542082232,0.5587091586701998,0.5381197497462467,2023-2027,5
967,hallitus,Timo Heinonen,305,0.5119392699007103,0.5033930346097872,0.5204855051916333,0.48806073009928974,0.4966069653902128,0.4795144948083666,2023-2027,5
970,oppositio,Marko Asell,95,0.45989976933147314,0.4657174023455881,0.4540821363173582,0.5401002306685267,0.5342825976544119,0.5459178636826417,2023-2027,5
971,oppositio,Johanna Ojala-Niemelä,139,0.4682058501281384,0.48340131029446887,0.453010389961808,0.5317941498718617,0.5165986897055311,0.5469896100381921,2023-2027,5
1089,hallitus,Heikki Autto,267,0.550624137497718,0.5399943530143742,0.5612539219810618,0.449375862502282,0.4600056469856259,0.43874607801893817,2023-2027,6
1094,hallitus,Markku Eestilä,119,0.4825207994006684,0.49545871915459594,0.46958287964674084,0.5174792005993316,0.5045412808454041,0.530417120353259,2023-2027,6
1096,hallitus,Ritva Elomaa,211,0.5319893366546193,0.5477124982838919,0.5162661750253467,0.4680106633453808,0.45228750171610815,0.48373382497465334,2023-2027,6
1097,oppositio,Aino-Kaisa Pekonen,220,0.4219913931710001,0.4152316348666446,0.4287511514753556,0.578008606829,0.5847683651333556,0.5712488485246445,2023-2027,6
1099,oppositio,Eeva-Johanna Eloranta,84,0.4440285685143197,0.4556472845028764,0.432409852525763,0.5559714314856803,0.5443527154971236,0.5675901474742369,2023-2027,6
1100,hallitus,Sanni Grahn-Laasonen,308,0.5483001021772944,0.5544424806876743,0.5421577236669144,0.4516998978227057,0.44555751931232573,0.4578422763330857,2023-2027,6
1106,oppositio,Mikko Savola,151,0.5124773298809897,0.5289158234009697,0.49603883636100987,0.4875226701190103,0.4710841765990305,0.5039611636389901,2023-2027,6
1126,oppositio,Tytti Tuppurainen,291,0.4562021842173274,0.43761838570778283,0.47478598272687195,0.5437978157826726,0.5623816142922171,0.5252140172731281,2023-2027,6
1129,hallitus,Arja Juvonen,134,0.5449542698880689,0.5383532519356897,0.5515552878404483,0.45504573011193095,0.4616467480643102,0.44844471215955173,2023-2027,6
1131,hallitus,Sinuhe Wallinheimo,154,0.49263917439774707,0.5100534611623153,0.4752248876331788,0.5073608256022528,0.48994653883768446,0.5247751123668212,2023-2027,6
1133,oppositio,Mika Kari,133,0.4986221687225858,0.4969162371175219,0.5003281003276496,0.5013778312774142,0.5030837628824779,0.49967189967235043,2023-2027,6
1134,hallitus,Sofia Vikman,102,0.5793781954157351,0.5769389228972559,0.5818174679342144,0.420621804584265,0.4230610771027442,0.41818253206578576,2023-2027,6
1136,hallitus,Ville Vähämäki,94,0.5797902614322011,0.5604606590493106,0.5991198638150916,0.42020973856779875,0.43953934095068925,0.40088013618490825,2023-2027,6
1137,hallitus,Pauli Kiuru,225,0.5039020181309666,0.5047348525460503,0.5030691837158829,0.4960979818690333,0.4952651474539496,0.49693081628411706,2023-2027,6
1141,hallitus,Peter Östman,138,0.5354678509217028,0.519994473069097,0.5509412287743087,0.4645321490782972,0.480005526930903,0.4490587712256914,2023-2027,6
1144,oppositio,Suna Kymäläinen,93,0.439885457265345,0.43282002785935436,0.44695088667133565,0.560114542734655,0.5671799721406456,0.5530491133286644,2023-2027,6
1147,oppositio,Antti Lindtman,249,0.4424778312820904,0.4480606210888193,0.4368950414753615,0.5575221687179096,0.5519393789111808,0.5631049585246384,2023-2027,6
1149,oppositio,Markus Lohi,387,0.4948237598730999,0.4970046585978798,0.49264286114831995,0.5051762401269001,0.5029953414021202,0.50735713885168,2023-2027,6
1155,oppositio,Anna Kontula,119,0.4827487531046134,0.4790217182945221,0.48647578791470475,0.5172512468953866,0.5209782817054779,0.5135242120852953,2023-2027,6
1157,oppositio,Annika Saarikko,73,0.45125291635024767,0.44191002771570026,0.4605958049847951,0.5487470836497523,0.5580899722842997,0.5394041950152049,2023-2027,6
1189,hallitus,Otto Andersson,104,0.5254486608849528,0.5291080189386048,0.5217893028313008,0.4745513391150472,0.47089198106139507,0.4782106971686993,2023-2027,6
1202,oppositio,Nasima Razmyar,101,0.45787807440154227,0.46618226589900946,0.449573882904075,0.5421219255984577,0.5338177341009904,0.5504261170959249,2023-2027,6
1265,hallitus,Matias Marttinen,256,0.5457545554076428,0.5527611918508105,0.5387479189644753,0.45424544459235705,0.4472388081491895,0.4612520810355247,2023-2027,6
1279,hallitus,Elina Valtonen,85,0.5214365907052383,0.5285268056964026,0.5143463757140738,0.4785634092947618,0.4714731943035974,0.4856536242859262,2023-2027,6
1282,hallitus,Wille Rydman,196,0.5459477326522175,0.5635060909290277,0.5283893743754072,0.45405226734778253,0.4364939090709723,0.47161062562459277,2023-2027,6
1298,oppositio,Krista Mikkonen,373,0.4506236699340662,0.47172526606253185,0.4295220738056006,0.5493763300659338,0.528274733937468,0.5704779261943995,2023-2027,6
1299,hallitus,Sari Multala,209,0.5226265521626925,0.49924917545264036,0.5460039288727446,0.47737344783730745,0.5007508245473596,0.45399607112725526,2023-2027,6
1300,hallitus,Kai Mykkänen,145,0.5463922797067,0.5561479076730971,0.536636651740303,0.4536077202933,0.4438520923269028,0.4633633482596971,2023-2027,6
1301,hallitus,Jani Mäkelä,69,0.49744704259998057,0.49062846113006486,0.5042656240698963,0.5025529574000194,0.5093715388699351,0.4957343759301035,2023-2027,6
1302,oppositio,Ilmari Nurminen,234,0.3971621074560616,0.4227043679900947,0.37161984692202854,0.6028378925439385,0.5772956320099054,0.6283801530779716,2023-2027,6
1306,hallitus,Anders Adlercreutz,123,0.5267688864470498,0.5301854738939867,0.5233522990001128,0.47323111355295033,0.4698145261060135,0.4766477009998871,2023-2027,6
1308,hallitus,Jari Ronkainen,124,0.5466329433264765,0.5412169522983807,0.5520489343545723,0.4533670566735235,0.4587830477016192,0.4479510656454278,2023-2027,6
1310,oppositio,Li Andersson,129,0.4109070261873224,0.4117338693962216,0.4100801829784232,0.5890929738126776,0.5882661306037784,0.5899198170215768,2023-2027,6
1311,oppositio,Joona Räsänen,637,0.44852885969400313,0.44472190740486717,0.4523358119831391,0.5514711403059969,0.5552780925951329,0.5476641880168609,2023-2027,6
1312,oppositio,Hanna Sarkkinen,226,0.44365283815030776,0.46480694355587027,0.4224987327447452,0.5563471618496922,0.5351930564441297,0.5775012672552547,2023-2027,6
1314,hallitus,Sami Savio,76,0.5487144097490855,0.5479491129824368,0.5494797065157342,0.4512855902509146,0.45205088701756335,0.4505202934842658,2023-2027,6
1316,oppositio,Ville Skinnari,69,0.45992403243203306,0.47154172187452054,0.44830634298954564,0.5400759675679669,0.5284582781254795,0.5516936570104544,2023-2027,6
1323,hallitus,Mari-Leena Talvitie,99,0.5284914015328984,0.530913342752941,0.5260694603128558,0.4715085984671016,0.469086657247059,0.4739305396871442,2023-2027,6
1325,hallitus,Sari Tanus,126,0.5095545232672003,0.5187495893001718,0.5003594572342289,0.4904454767327998,0.48125041069982827,0.4996405427657713,2023-2027,6
1326,oppositio,Timo Harakka,156,0.4523410786013642,0.4586268640616812,0.44605529314104714,0.5476589213986359,0.5413731359383189,0.5539447068589529,2023-2027,6
1331,oppositio,Petri Honkonen,222,0.4856154471148489,0.4651346095361909,0.5060962846935069,0.5143845528851511,0.5348653904638091,0.493903715306493,2023-2027,6
1333,hallitus,Laura Huhtasaari,58,0.5310660270916866,0.5424538174283174,0.5196782367550558,0.46893397290831335,0.45754618257168245,0.48032176324494424,2023-2027,6
1338,oppositio,Hanna Kosonen,182,0.4605047651378879,0.4555566798877835,0.46545285038799233,0.5394952348621121,0.5444433201122165,0.5345471496120078,2023-2027,6
1340,oppositio,Katri Kulmuni,68,0.4326716810189029,0.4414232723236271,0.4239200897141787,0.5673283189810971,0.5585767276763729,0.5760799102858213,2023-2027,6
1341,oppositio,Antti Kurvinen,253,0.42473614239223656,0.4156267473599712,0.4338455374245019,0.5752638576077634,0.5843732526400288,0.5661544625754981,2023-2027,6
1349,hallitus,Leena Meri,211,0.5503293093741984,0.5444230505412813,0.5562355682071156,0.44967069062580156,0.4555769494587188,0.4437644317928844,2023-2027,6
1379,hallitus,Mia Laiho,176,0.5174645848770398,0.5214604932288076,0.513468676525272,0.48253541512296017,0.47853950677119234,0.48653132347472805,2023-2027,6
1382,oppositio,Hanna-Leena Mattila,168,0.4331582473369291,0.4483540419768686,0.41796245269698956,0.5668417526630709,0.5516459580231313,0.5820375473030104,2023-2027,6
1383,oppositio,Veronika Honkasalo,340,0.46981935832231714,0.4708611569431301,0.4687775597015042,0.5301806416776829,0.52913884305687,0.5312224402984957,2023-2027,6
1384,oppositio,Mai Kivelä,239,0.43762011876825646,0.44560814661958786,0.429632090916925,0.5623798812317435,0.5543918533804122,0.570367909083075,2023-2027,6
1385,oppositio,Atte Harjanne,179,0.47982500070839385,0.47936554202502374,0.480284459391764,0.520174999291606,0.5206344579749762,0.519715540608236,2023-2027,6
1386,oppositio,Mari Holopainen,50,0.4737773873409751,0.45772956686837063,0.4898252078135795,0.5262226126590248,0.5422704331316293,0.5101747921864205,2023-2027,6
1387,oppositio,Maria Ohisalo,101,0.43468295005785573,0.44872203983016473,0.42064386028554673,0.5653170499421443,0.5512779601698353,0.5793561397144533,2023-2027,6
1390,oppositio,Eveliina Heinäluoma,102,0.4486199418432042,0.421819756678332,0.4754201270080764,0.5513800581567958,0.5781802433216681,0.5245798729919235,2023-2027,6
1391,hallitus,Ari Koponen,143,0.5875769927766195,0.5764656809763048,0.5986883045769341,0.41242300722338054,0.4235343190236952,0.40131169542306583,2023-2027,6
1392,hallitus,Riikka Purra,622,0.4674399258946769,0.47551289305032285,0.459366958739031,0.5325600741053231,0.5244871069496772,0.5406330412609691,2023-2027,6
1394,hallitus,Pihla Keto-Huovinen,70,0.6144733737937671,0.6072238970748478,0.6217228505126864,0.38552662620623296,0.3927761029251525,0.3782771494873134,2023-2027,6
1396,hallitus,Heikki Vestman,150,0.5067636489869443,0.5192628808890475,0.49426441708484103,0.4932363510130558,0.4807371191109526,0.505735582915159,2023-2027,6
1398,oppositio,Johan Kvarnström,49,0.4632173749052606,0.4741217854178811,0.4523129643926401,0.5367826250947394,0.5258782145821188,0.5476870356073599,2023-2027,6
1399,oppositio,Pia Lohikoski,210,0.44944647980131336,0.4530302160659601,0.44586274353666655,0.5505535201986868,0.5469697839340399,0.5541372564633336,2023-2027,6
1400,oppositio,Jussi Saramo,86,0.4531794997096379,0.47116488320983346,0.4351941162094423,0.5468205002903621,0.5288351167901666,0.5648058837905576,2023-2027,6
1401,oppositio,Tiina Elo,301,0.4798171668585516,0.49193867658950435,0.46769565712759886,0.5201828331414484,0.5080613234104956,0.5323043428724012,2023-2027,6
1402,oppositio,Inka Hopsu,356,0.47328306490360117,0.48028106075572774,0.46628506905147454,0.5267169350963989,0.5197189392442723,0.5337149309485255,2023-2027,6
1403,oppositio,Saara Hyrkkö,215,0.4609254526280966,0.44197860402575373,0.4798723012304394,0.5390745473719034,0.5580213959742463,0.5201276987695607,2023-2027,6
1406,hallitus,Sandra Bergqvist,54,0.5060153360318469,0.5113209666917944,0.5007097053718993,0.4939846639681531,0.48867903330820556,0.4992902946281007,2023-2027,6
1407,oppositio,Johannes Yrttiaho,110,0.47731149403908335,0.48651046337988235,0.4681125246982843,0.5226885059609166,0.5134895366201175,0.5318874753017158,2023-2027,6
1408,oppositio,Aki Lindén,671,0.49697937211831156,0.48732201281998105,0.506636731416642,0.5030206278816884,0.5126779871800189,0.49336326858335805,2023-2027,6
1409,hallitus,Vilhelm Junnila,78,0.49818160181236126,0.4922114301326171,0.5041517734921055,0.5018183981876387,0.507788569867383,0.49584822650789445,2023-2027,6
1411,oppositio,Sofia Virta,158,0.4025914082837033,0.4217095511555645,0.3834732654118421,0.5974085917162968,0.5782904488444356,0.616526734588158,2023-2027,6
1412,oppositio,Eeva Kalli,163,0.44635461387160313,0.4553636810967744,0.4373455466464319,0.5536453861283968,0.5446363189032256,0.562654453353568,2023-2027,6
1413,hallitus,Jari Koskela,105,0.5167980356202788,0.5040009208107861,0.5295951504297716,0.4832019643797212,0.4959990791892139,0.4704048495702285,2023-2027,6
1415,oppositio,Hilkka Kemppi,203,0.4545999678768113,0.4613044224872673,0.4478955132663553,0.5454000321231887,0.5386955775127328,0.5521044867336447,2023-2027,6
1418,hallitus,Veijo Niemi,135,0.5464048470855484,0.5501663078158754,0.5426433863552214,0.4535951529144515,0.4498336921841245,0.4573566136447786,2023-2027,6
1419,hallitus,Sakari Puisto,162,0.5808208014636792,0.5602093993122618,0.6014322036150966,0.4191791985363208,0.43979060068773823,0.3985677963849033,2023-2027,6
1421,hallitus,Anna-Kaisa Ikonen,174,0.5335997594248413,0.5453604351526289,0.5218390836970537,0.4664002405751587,0.45463956484737117,0.4781609163029463,2023-2027,6
1422,oppositio,Jouni Ovaska,209,0.44836575067921713,0.44306737305747984,0.4536641283009545,0.5516342493207829,0.5569326269425201,0.5463358716990455,2023-2027,6
1424,oppositio,Hanna Holopainen,185,0.4640080133242198,0.4801095524758033,0.4479064741726363,0.5359919866757803,0.5198904475241969,0.5520935258273637,2023-2027,6
1426,hallitus,Sheikki Laakso,60,0.48608166629600635,0.4833464598013122,0.4888168727907005,0.5139183337039936,0.5166535401986878,0.5111831272092995,2023-2027,6
1428,oppositio,Niina Malm,252,0.4366405917509368,0.4415521833318922,0.43172900016998134,0.5633594082490632,0.5584478166681077,0.5682709998300186,2023-2027,6
1429,oppositio,Paula Werning,171,0.44798344534614054,0.44759471247585625,0.4483721782164249,0.5520165546538593,0.5524052875241438,0.5516278217835751,2023-2027,6
1430,oppositio,Seppo Eskelinen,163,0.42649409974867264,0.41266255388313644,0.44032564561420884,0.5735059002513273,0.5873374461168636,0.559674354385791,2023-2027,6
1433,oppositio,Hanna Räsänen,176,0.4454200809018739,0.45103661261597916,0.43980354918776865,0.5545799190981262,0.5489633873840208,0.5601964508122316,2023-2027,6
1434,hallitus,Sanna Antikainen,104,0.5296745540910399,0.5364638326174592,0.5228852755646207,0.47032544590895997,0.4635361673825408,0.4771147244353792,2023-2027,6
1435,hallitus,Minna Reijonen,177,0.5167268832443036,0.5120968184806095,0.5213569480079977,0.4832731167556963,0.4879031815193905,0.4786430519920021,2023-2027,6
1437,hallitus,Juha Mäenpää,216,0.5058912347750741,0.4914482969494268,0.5203341726007213,0.4941087652249259,0.5085517030505732,0.47966582739927865,2023-2027,6
1443,oppositio,Kim Berg,232,0.4261329755282837,0.3963189005910131,0.45594705046555434,0.5738670244717163,0.603681099408987,0.5440529495344457,2023-2027,6
1447,oppositio,Piritta Rantanen,250,0.41816223498463634,0.42728023447157704,0.4090442354976956,0.5818377650153637,0.572719765528423,0.5909557645023045,2023-2027,6
1449,oppositio,Jenni Pitko,231,0.4826949289517397,0.4832835545558237,0.4821063033476557,0.5173050710482603,0.5167164454441762,0.5178936966523443,2023-2027,6
1450,hallitus,Jenna Simula,121,0.5363867178284561,0.5186561672295646,0.5541172684273477,0.46361328217154385,0.4813438327704353,0.44588273157265235,2023-2027,6
1451,hallitus,Sebastian Tynkkynen,78,0.5136857375719579,0.49329225879588484,0.534079216348031,0.4863142624280421,0.5067077412041152,0.46592078365196893,2023-2027,6
1452,hallitus,Pekka Aittakumpu,121,0.5604714717298838,0.5734562118202351,0.5474867316395323,0.43952852827011635,0.42654378817976485,0.4525132683604678,2023-2027,6
1452,oppositio,Pekka Aittakumpu,122,0.48202920660221316,0.4989358209940402,0.4651225922103861,0.5179707933977868,0.5010641790059598,0.534877407789614,2023-2027,6
1454,hallitus,Janne Heikkinen,71,0.5322169551623663,0.532479707000967,0.5319542033237658,0.4677830448376336,0.46752029299903297,0.46804579667623425,2023-2027,6
1455,hallitus,Kaisa Juuso,343,0.5139012695091678,0.5291607172353023,0.4986418217830333,0.486098730490832,0.47083928276469755,0.5013581782169665,2023-2027,6
1468,oppositio,Tuomas Kettunen,310,0.45445075924826756,0.4494088255697192,0.45949269292681594,0.5455492407517325,0.5505911744302808,0.5405073070731842,2023-2027,6
1469,oppositio,Matias Mäkynen,116,0.4348242727963302,0.4496785200940899,0.41997002549857054,0.5651757272036699,0.5503214799059102,0.5800299745014296,2023-2027,6
1481,hallitus,Atte Kaleva,59,0.548578001996474,0.543628097476373,0.553527906516575,0.451421998003526,0.4563719025236271,0.446472093483425,2023-2027,6
1483,hallitus,Ville Valkonen,98,0.5429732679852279,0.5551918516250989,0.530754684345357,0.45702673201477195,0.444808148374901,0.4692453156546429,2023-2027,6
1485,oppositio,Minja Koskela,286,0.4380901041735322,0.44944322256136837,0.4267369857856961,0.5619098958264678,0.5505567774386316,0.5732630142143039,2023-2027,6
1488,oppositio,Elisa Gebhard,109,0.4327620301178505,0.4422437086123446,0.4232803516233565,0.5672379698821495,0.5577562913876555,0.5767196483766435,2023-2027,6
1489,oppositio,Fatim Diarra,68,0.43954314861044064,0.4440834898387761,0.43500280738210517,0.5604568513895594,0.5559165101612239,0.5649971926178949,2023-2027,6
1490,hallitus,Noora Fagerström,58,0.5663922617433242,0.5628233562639291,0.5699611672227194,0.43360773825667565,0.4371766437360708,0.4300388327772805,2023-2027,6
1492,hallitus,Susanne Päivärinta,105,0.5224622970977426,0.5230973013302973,0.5218272928651879,0.47753770290225744,0.47690269866970275,0.47817270713481214,2023-2027,6
1493,hallitus,Tere Sammallahti,66,0.5141235830616679,0.5234772591395932,0.5047699069837426,0.48587641693833217,0.4765227408604068,0.4952300930162575,2023-2027,6
1495,hallitus,Mika Poutala,91,0.511664175534196,0.5046173454571389,0.5187110056112532,0.4883358244658039,0.4953826545428611,0.4812889943887468,2023-2027,6
1496,oppositio,Eemeli Peltonen,277,0.46847326831664227,0.4966758793853504,0.4402706572479341,0.5315267316833576,0.5033241206146496,0.5597293427520658,2023-2027,6
1497,oppositio,Pinja Perholehto,194,0.42951568074226065,0.39526931006538957,0.46376205141913174,0.5704843192577396,0.6047306899346105,0.5362379485808685,2023-2027,6
1498,hallitus,Teemu Keskisarja,64,0.49095920019749517,0.4868325769571512,0.49508582343783913,0.5090407998025049,0.513167423042849,0.5049141765621609,2023-2027,6
1499,hallitus,Jorma Piisinen,190,0.5778217099363818,0.5852027138992665,0.5704407059734973,0.4221782900636182,0.4147972861007335,0.4295592940265028,2023-2027,6
1500,hallitus,Onni Rostila,71,0.5360710176810921,0.5339382119786442,0.5382038233835399,0.4639289823189079,0.46606178802135567,0.46179617661646005,2023-2027,6
1501,hallitus,Henrik Wickström,116,0.5167696721007482,0.5368070778294379,0.49673226637205853,0.4832303278992518,0.4631929221705621,0.5032677336279414,2023-2027,6
1502,oppositio,Timo Furuholm,283,0.4404437396886094,0.424576045293857,0.4563114340833617,0.5595562603113906,0.575423954706143,0.5436885659166382,2023-2027,6
1503,oppositio,Saku Nikkanen,206,0.45090445001671203,0.4656932332778746,0.43611566675554947,0.5490955499832879,0.5343067667221254,0.5638843332444505,2023-2027,6
1505,hallitus,Milla Lahdenperä,166,0.5387281115185776,0.5228043666672897,0.5546518563698654,0.4612718884814224,0.4771956333327103,0.44534814363013453,2023-2027,6
1506,oppositio,Juha Viitala,370,0.48956771468006743,0.49574170087832564,0.48339372848180917,0.5104322853199326,0.5042582991216744,0.5166062715181907,2023-2027,6
1507,hallitus,Mari Kaunistola,105,0.5314514107460595,0.5161680580147076,0.5467347634774116,0.46854858925394044,0.4838319419852925,0.4532652365225884,2023-2027,6
1508,hallitus,Rami Lehtinen,276,0.5536485365965023,0.5580498017369863,0.5492472714560181,0.4463514634034978,0.4419501982630137,0.4507527285439819,2023-2027,6
1509,hallitus,Mira Nieminen,185,0.5795848935776244,0.5908256656541409,0.5683441215011081,0.4204151064223755,0.4091743343458593,0.4316558784988917,2023-2027,6
1510,hallitus,Teemu Kinnari,65,0.5620390245885838,0.5523879316462276,0.5716901175309401,0.4379609754114162,0.4476120683537725,0.42830988246906,2023-2027,6
1512,oppositio,Ville Merinen,156,0.4437643079978155,0.4411622167761129,0.44636639921951815,0.5562356920021845,0.5588377832238871,0.5536336007804817,2023-2027,6
1513,hallitus,Aleksi Jäntti,76,0.578533920178454,0.5853799348945495,0.5716879054623584,0.4214660798215462,0.4146200651054506,0.42831209453764185,2023-2027,6
1514,hallitus,Miko Bergbom,427,0.5204327077798279,0.5273573288287488,0.513508086730907,0.47956729222017214,0.47264267117125114,0.4864919132690931,2023-2027,6
1515,hallitus,Joakim Vigelius,316,0.5386464098604062,0.5528191617179937,0.5244736580028186,0.46135359013959387,0.4471808382820065,0.4755263419971813,2023-2027,6
1516,hallitus,Jaana Strandman,470,0.5808187171810418,0.5944654671090996,0.567171967252984,0.41918128281895817,0.4055345328909004,0.432828032747016,2023-2027,6
1517,hallitus,Oskari Valtola,258,0.511567798138007,0.5085743979449506,0.5145611983310634,0.488432201861993,0.49142560205504937,0.48543880166893655,2023-2027,6
1518,oppositio,Vesa Kallio,433,0.4978905270379992,0.4856893355104722,0.5100917185655262,0.5021094729620008,0.5143106644895279,0.48990828143447385,2023-2027,6
1519,oppositio,Anna-Kristiina Mikkonen,212,0.46039557198022085,0.48715759105258066,0.4336335529078611,0.5396044280197791,0.5128424089474193,0.566366447092139,2023-2027,6
1520,hallitus,Karoliina Partanen,153,0.5172919660322363,0.5369014984260746,0.497682433638398,0.48270803396776363,0.4630985015739254,0.5023175663616019,2023-2027,6
1521,oppositio,Timo Suhonen,617,0.4648586259773317,0.4759403488605267,0.45377690309413665,0.5351413740226684,0.5240596511394733,0.5462230969058635,2023-2027,6
1523,oppositio,Laura Meriluoto,154,0.42665052390446023,0.418976335699042,0.4343247121098785,0.5733494760955398,0.581023664300958,0.5656752878901216,2023-2027,6
1524,oppositio,Markku Siponen,335,0.485719828337007,0.4980472770808658,0.47339237959314817,0.514280171662993,0.5019527229191341,0.5266076204068519,2023-2027,6
1525,hallitus,Janne Jukkola,157,0.5636014017355121,0.5649342264241154,0.5622685770469088,0.43639859826448785,0.4350657735758845,0.4377314229530912,2023-2027,6
1526,hallitus,Anne Rintamäki,315,0.5572107595945921,0.5728224583398893,0.5415990608492948,0.44278924040540807,0.4271775416601108,0.45840093915070534,2023-2027,6
1527,hallitus,Pia Sillanpää,234,0.5307040441378419,0.5217910643088703,0.5396170239668135,0.469295955862158,0.4782089356911297,0.46038297603318634,2023-2027,6
1528,hallitus,Ville Väyrynen,224,0.4552831711059997,0.4610235998462916,0.44954274236570785,0.5447168288940003,0.5389764001537085,0.5504572576342921,2023-2027,6
1529,oppositio,Jani Kokko,253,0.5054996185694159,0.5281831300915608,0.482816107047271,0.49450038143058406,0.4718168699084392,0.5171838929527289,2023-2027,6
1530,hallitus,Kaisa Garedew,275,0.5476421038621528,0.5426843280352035,0.5525998796891021,0.45235789613784705,0.45731567196479633,0.4474001203108978,2023-2027,6
1531,hallitus,Tomi Immonen,88,0.5331873489056074,0.5445693176642867,0.5218053801469279,0.46681265109439274,0.4554306823357132,0.4781946198530722,2023-2027,6
1533,oppositio,Olga Oinas-Panuma,164,0.43099515570502384,0.42639280442201316,0.4355975069880345,0.5690048442949761,0.5736071955779867,0.5644024930119655,2023-2027,6
1534,oppositio,Pia Hiltunen,112,0.4929859206596765,0.5005444048608243,0.48542743645852876,0.5070140793403235,0.49945559513917576,0.5145725635414712,2023-2027,6
1535,hallitus,Antti Kangas,75,0.5168671497705477,0.5073426510534874,0.5263916484876079,0.4831328502294524,0.49265734894651264,0.4736083515123921,2023-2027,6
1536,hallitus,Mikko Polvinen,84,0.5090997611086197,0.5126952676351275,0.5055042545821117,0.49090023889138035,0.48730473236487243,0.49449574541788827,2023-2027,6
1536,oppositio,Mikko Polvinen,49,0.4659941325127524,0.45708169678454313,0.47490656824096167,0.5340058674872477,0.5429183032154569,0.5250934317590383,2023-2027,6
1537,hallitus,Juha Hänninen,992,0.543049981429802,0.548242603871899,0.537857358987705,0.4569500185701979,0.4517573961281009,0.46214264101229496,2023-2027,6
1538,hallitus,Sara Seppänen,311,0.5728935034795213,0.5636932852307912,0.5820937217282515,0.4271064965204786,0.4363067147692088,0.4179062782717485,2023-2027,6
1539,oppositio,Helena Marttila,126,0.43424564091831996,0.43657747795913737,0.43191380387750256,0.56575435908168,0.5634225220408626,0.5680861961224974,2023-2027,6
301,hallitus,Ben Zyskowicz,252,0.5007350623438767,0.4926103103169073,0.5088598143708462,0.4992649376561233,0.5073896896830927,0.49114018562915385,2023-2027,6
351,hallitus,Eva Biaudet,40,0.5058598847047147,0.5002402122819544,0.5114795571274748,0.4941401152952854,0.49975978771804563,0.48852044287252516,2023-2027,6
358,oppositio,Johannes Koskinen,124,0.5145812672542066,0.5049879859028268,0.5241745486055864,0.4854187327457934,0.4950120140971732,0.4758254513944135,2023-2027,6
464,oppositio,Kimmo Kiljunen,216,0.5358220378849288,0.5372155201494094,0.5344285556204481,0.4641779621150713,0.46278447985059057,0.465571444379552,2023-2027,6
499,hallitus,Päivi Räsänen,184,0.5232572821202921,0.5313945014754652,0.515120062765119,0.476742717879708,0.46860549852453487,0.4848799372348811,2023-2027,6
511,oppositio,Pia Viitanen,249,0.3732916044419021,0.35533287149158793,0.3912503373922164,0.6267083955580978,0.644667128508412,0.6087496626077835,2023-2027,6
538,oppositio,Tuula Haatainen,134,0.4675129807336793,0.47720547994405826,0.4578204815233004,0.5324870192663206,0.5227945200559416,0.5421795184766995,2023-2027,6
583,oppositio,Mika Lintilä,69,0.5047885040213567,0.5064070587255186,0.5031699493171947,0.49521149597864333,0.4935929412744814,0.49683005068280534,2023-2027,6
612,hallitus,Sari Sarkomaa,74,0.5379339069391075,0.5487137269976508,0.5271540868805642,0.4620660930608924,0.45128627300234914,0.47284591311943575,2023-2027,6
772,oppositio,Antti Kaikkonen,91,0.5011937275983187,0.484771342240262,0.5176161129563754,0.4988062724016812,0.5152286577597378,0.4823838870436246,2023-2027,6
778,hallitus,Sari Essayah,178,0.5730026039079386,0.5680765513421037,0.5779286564737734,0.42699739609206144,0.43192344865789634,0.42207134352622655,2023-2027,6
784,hallitus,Arto Satonen,383,0.5254622137634269,0.516726363699566,0.5341980638272879,0.474537786236573,0.483273636300434,0.465801936172712,2023-2027,6
797,oppositio,Hannu Hoskonen,533,0.5185280841193265,0.5194691754097545,0.5175869928288985,0.4814719158806735,0.4805308245902456,0.4824130071711014,2023-2027,6
807,oppositio,Miapetra Kumpula-Natri,74,0.4889812194858414,0.5045673925959908,0.4733950463756919,0.5110187805141586,0.49543260740400924,0.526604953624308,2023-2027,6
846,oppositio,Oras Tynkkynen,286,0.4426887687697464,0.4355735725195289,0.44980396501996395,0.5573112312302537,0.5644264274804713,0.5501960349800361,2023-2027,6
911820,oppositio,Lotta Hamari,201,0.47924569577578724,0.4852456761862058,0.47324571536536875,0.5207543042242126,0.5147543238137943,0.5267542846346311,2023-2027,6
911822,hallitus,Maaret Castrén,56,0.5248908165871642,0.5160125577725865,0.5337690754017419,0.4751091834128358,0.48398744222741347,0.46623092459825816,2023-2027,6
911826,hallitus,Merja Rasinkangas,287,0.591321392624235,0.5686924862122181,0.6139502990362519,0.40867860737576506,0.43130751378778187,0.38604970096374824,2023-2027,6
911827,oppositio,Mika Riipi,78,0.48294492400134503,0.47656797495693193,0.48932187304575814,0.517055075998655,0.5234320250430681,0.5106781269542419,2023-2027,6
911829,oppositio,Hanna Laine-Nousimaa,84,0.4687651954824068,0.45930182785993273,0.4782285631048809,0.5312348045175932,0.5406981721400672,0.5217714368951192,2023-2027,6
953,oppositio,Anne Kalmari,219,0.4875758810920227,0.4874512491377862,0.4877005130462592,0.5124241189079772,0.5125487508622137,0.5122994869537407,2023-2027,6
963,oppositio,Merja Kyllönen,43,0.48746714979710926,0.48499413083718174,0.4899401687570368,0.5125328502028907,0.5150058691628183,0.5100598312429632,2023-2027,6
967,hallitus,Timo Heinonen,305,0.5243446951699327,0.5194779118153918,0.5292114785244735,0.47565530483006735,0.4805220881846082,0.4707885214755265,2023-2027,6
970,oppositio,Marko Asell,95,0.46730145304710485,0.47113993292761264,0.46346297316659707,0.5326985469528951,0.5288600670723873,0.5365370268334029,2023-2027,6
971,oppositio,Johanna Ojala-Niemelä,139,0.5001765831943854,0.512398017023354,0.48795514936541684,0.4998234168056146,0.48760198297664603,0.5120448506345832,2023-2027,6
1089,hallitus,Heikki Autto,267,0.576215154943459,0.559008888621984,0.593421421264934,0.42378484505654107,0.44099111137801594,0.4065785787350662,2023-2027,7
1093,hallitus,Juho Eerola,305,0.5275331254574183,0.5299757346718,0.5250905162430364,0.47246687454258185,0.47002426532820013,0.4749094837569635,2023-2027,7
1094,hallitus,Markku Eestilä,119,0.4756346992767177,0.4719352325668926,0.47933416598654277,0.5243653007232824,0.5280647674331074,0.5206658340134573,2023-2027,7
1097,oppositio,Aino-Kaisa Pekonen,220,0.3889958267830894,0.38747174608719004,0.39051990747898885,0.6110041732169106,0.61252825391281,0.6094800925210112,2023-2027,7
1100,hallitus,Sanni Grahn-Laasonen,308,0.5605440853281312,0.5520690786712901,0.5690190919849722,0.43945591467186884,0.4479309213287099,0.43098090801502786,2023-2027,7
1106,oppositio,Mikko Savola,151,0.5302341921309232,0.518337996247786,0.5421303880140603,0.46976580786907685,0.48166200375221396,0.4578696119859397,2023-2027,7
1126,oppositio,Tytti Tuppurainen,291,0.38647032877603527,0.39241738982700275,0.3805232677250677,0.6135296712239647,0.6075826101729971,0.6194767322749324,2023-2027,7
1129,hallitus,Arja Juvonen,134,0.5731435700882095,0.5640729458714933,0.5822141943049257,0.4268564299117905,0.4359270541285068,0.4177858056950742,2023-2027,7
1131,hallitus,Sinuhe Wallinheimo,154,0.5340185673758174,0.5409505057617723,0.5270866289898626,0.46598143262418257,0.4590494942382278,0.4729133710101374,2023-2027,7
1133,oppositio,Mika Kari,133,0.5143780118495707,0.49727390459136184,0.5314821191077794,0.4856219881504294,0.5027260954086381,0.4685178808922207,2023-2027,7
1134,hallitus,Sofia Vikman,102,0.5799454518562804,0.574773062839106,0.5851178408734549,0.4200545481437197,0.425226937160894,0.41488215912654536,2023-2027,7
1136,hallitus,Ville Vähämäki,94,0.5388482755822805,0.524287718537984,0.553408832626577,0.4611517244177195,0.47571228146201605,0.44659116737342297,2023-2027,7
1137,hallitus,Pauli Kiuru,225,0.535192638059572,0.5167608681396587,0.5536244079794852,0.46480736194042804,0.4832391318603412,0.4463755920205149,2023-2027,7
1141,hallitus,Peter Östman,138,0.538803194287927,0.5354600577405467,0.5421463308353072,0.461196805712073,0.4645399422594532,0.4578536691646928,2023-2027,7
1144,oppositio,Suna Kymäläinen,93,0.44978075801276596,0.44313876304866645,0.45642275297686546,0.550219241987234,0.5568612369513335,0.5435772470231346,2023-2027,7
1147,oppositio,Antti Lindtman,249,0.4138891381991299,0.4352858400763432,0.39249243632191666,0.5861108618008701,0.5647141599236568,0.6075075636780833,2023-2027,7
1149,oppositio,Markus Lohi,387,0.47346495203550704,0.44250645390550714,0.5044234501655069,0.526535047964493,0.5574935460944929,0.4955765498344931,2023-2027,7
1155,oppositio,Anna Kontula,119,0.4762587947615042,0.47278644125047026,0.4797311482725381,0.5237412052384958,0.5272135587495297,0.5202688517274618,2023-2027,7
1157,oppositio,Annika Saarikko,73,0.4515166709526697,0.46465598584462137,0.4383773560607179,0.5484833290473305,0.5353440141553787,0.5616226439392823,2023-2027,7
1189,hallitus,Otto Andersson,104,0.5037399308174317,0.4930614152140994,0.5144184464207641,0.49626006918256826,0.5069385847859006,0.48558155357923594,2023-2027,7
1202,oppositio,Nasima Razmyar,101,0.46234924014429823,0.45401550351957976,0.4706829767690167,0.5376507598557018,0.5459844964804201,0.5293170232309834,2023-2027,7
1219,hallitus,Saara-Sofia Sirén,94,0.538234715435352,0.5328790636202678,0.5435903672504361,0.4617652845646482,0.4671209363797324,0.45640963274956403,2023-2027,7
1279,hallitus,Elina Valtonen,85,0.6011244675277758,0.5932103500230058,0.6090385850325459,0.39887553247222407,0.4067896499769941,0.390961414967454,2023-2027,7
1282,hallitus,Wille Rydman,196,0.5642335568050574,0.5663607099800263,0.5621064036300886,0.4357664431949426,0.4336392900199738,0.43789359636991143,2023-2027,7
1298,oppositio,Krista Mikkonen,373,0.4631371386817009,0.4680935535417853,0.4581807238216166,0.5368628613182989,0.5319064464582145,0.5418192761783833,2023-2027,7
1299,hallitus,Sari Multala,209,0.5088277005381447,0.5036223020770703,0.5140330989992193,0.49117229946185526,0.4963776979229298,0.48596690100078066,2023-2027,7
1300,hallitus,Kai Mykkänen,145,0.5091667597288541,0.4981570122989349,0.5201765071587732,0.4908332402711459,0.5018429877010651,0.4798234928412267,2023-2027,7
1301,hallitus,Jani Mäkelä,69,0.50886646021959,0.5018789967740116,0.5158539236651685,0.4911335397804099,0.49812100322598835,0.4841460763348315,2023-2027,7
1302,oppositio,Ilmari Nurminen,234,0.37022402449381414,0.37633706416781504,0.36411098481981324,0.6297759755061858,0.6236629358321848,0.6358890151801868,2023-2027,7
1306,hallitus,Anders Adlercreutz,123,0.5656580618499252,0.5683100403386405,0.5630060833612098,0.4343419381500749,0.43168995966135953,0.4369939166387902,2023-2027,7
1310,oppositio,Li Andersson,129,0.42895118017567097,0.42079622656584903,0.4371061337854929,0.5710488198243291,0.5792037734341511,0.5628938662145072,2023-2027,7
1311,oppositio,Joona Räsänen,637,0.4607422186295361,0.46792822709556614,0.45355621016350617,0.5392577813704638,0.5320717729044339,0.5464437898364938,2023-2027,7
1312,oppositio,Hanna Sarkkinen,226,0.4288608117537678,0.43963127617460146,0.4180903473329341,0.5711391882462322,0.5603687238253985,0.581909652667066,2023-2027,7
1314,hallitus,Sami Savio,76,0.5547276047040106,0.5476414135933645,0.5618137958146566,0.44527239529598944,0.4523585864066355,0.4381862041853434,2023-2027,7
1318,hallitus,Joakim Strand,41,0.5482946580045553,0.5556559925728307,0.5409333234362799,0.45170534199544465,0.4443440074271692,0.45906667656372013,2023-2027,7
1326,oppositio,Timo Harakka,156,0.48719338853404015,0.476735102735596,0.49765167433248436,0.5128066114659598,0.5232648972644041,0.5023483256675156,2023-2027,7
1331,oppositio,Petri Honkonen,222,0.4550815363824907,0.4696459962895482,0.4405170764754332,0.5449184636175093,0.5303540037104518,0.5594829235245669,2023-2027,7
1333,hallitus,Laura Huhtasaari,58,0.517510452051312,0.5351534111248826,0.49986749297774136,0.48248954794868804,0.4648465888751174,0.5001325070222588,2023-2027,7
1338,oppositio,Hanna Kosonen,182,0.4480601440603297,0.4616022121466056,0.43451807597405373,0.5519398559396704,0.5383977878533944,0.5654819240259463,2023-2027,7
1340,oppositio,Katri Kulmuni,68,0.4759764673212989,0.48244915924064535,0.46950377540195243,0.524023532678701,0.5175508407593546,0.5304962245980476,2023-2027,7
1341,oppositio,Antti Kurvinen,253,0.43470840625295337,0.4350478385562314,0.4343689739496754,0.5652915937470466,0.5649521614437687,0.5656310260503246,2023-2027,7
1349,hallitus,Leena Meri,211,0.5702951876329808,0.557168613104018,0.5834217621619436,0.4297048123670191,0.44283138689598206,0.41657823783805614,2023-2027,7
1379,hallitus,Mia Laiho,176,0.5310918203009822,0.5425612133662269,0.5196224272357377,0.46890817969901766,0.457438786633773,0.48037757276426224,2023-2027,7
1380,oppositio,Riitta Kaarisalo,218,0.47514202683309725,0.4740811092016378,0.4762029444645567,0.5248579731669027,0.5259188907983622,0.5237970555354433,2023-2027,7
1382,oppositio,Hanna-Leena Mattila,168,0.4567599180070402,0.46644974220891394,0.4470700938051665,0.5432400819929598,0.533550257791086,0.5529299061948336,2023-2027,7
1383,oppositio,Veronika Honkasalo,340,0.44938612865510075,0.44662410865462415,0.4521481486555774,0.5506138713448993,0.5533758913453758,0.5478518513444227,2023-2027,7
1384,oppositio,Mai Kivelä,239,0.4458027862845555,0.44590424641867665,0.44570132615043434,0.5541972137154445,0.5540957535813233,0.5542986738495658,2023-2027,7
1387,oppositio,Maria Ohisalo,101,0.4255242335001153,0.42356916925106153,0.4274792977491691,0.5744757664998847,0.5764308307489385,0.5725207022508308,2023-2027,7
1390,oppositio,Eveliina Heinäluoma,102,0.4462316451384084,0.4434978311488658,0.44896545912795094,0.5537683548615917,0.5565021688511342,0.5510345408720491,2023-2027,7
1391,hallitus,Ari Koponen,143,0.5609213272088305,0.535324104128906,0.5865185502887551,0.4390786727911694,0.4646758958710939,0.41348144971124495,2023-2027,7
1392,hallitus,Riikka Purra,622,0.5125672512864187,0.49490503948489123,0.5302294630879462,0.4874327487135812,0.5050949605151087,0.4697705369120538,2023-2027,7
1394,hallitus,Pihla Keto-Huovinen,70,0.5683510311086688,0.576725512394717,0.5599765498226207,0.4316489688913312,0.4232744876052831,0.4400234501773793,2023-2027,7
1398,oppositio,Johan Kvarnström,49,0.45956699866751877,0.43075371327758044,0.4883802840574571,0.5404330013324812,0.5692462867224195,0.511619715942543,2023-2027,7
1399,oppositio,Pia Lohikoski,210,0.4259078604903068,0.43114180296234583,0.4206739180182678,0.5740921395096931,0.5688581970376541,0.5793260819817321,2023-2027,7
1400,oppositio,Jussi Saramo,86,0.43001360694788726,0.4282124528636787,0.4318147610320958,0.5699863930521127,0.5717875471363213,0.5681852389679042,2023-2027,7
1401,oppositio,Tiina Elo,301,0.4594464639606891,0.4484593729099071,0.47043355501147105,0.5405535360393108,0.5515406270900928,0.5295664449885289,2023-2027,7
1402,oppositio,Inka Hopsu,356,0.4743007594360559,0.47121266114373583,0.4773888577283759,0.5256992405639441,0.5287873388562642,0.5226111422716241,2023-2027,7
1403,oppositio,Saara Hyrkkö,215,0.4210244254314676,0.41238683219191363,0.4296620186710216,0.5789755745685323,0.5876131678080863,0.5703379813289784,2023-2027,7
1406,hallitus,Sandra Bergqvist,54,0.5680563506891205,0.546037262990277,0.590075438387964,0.43194364931087953,0.4539627370097229,0.40992456161203616,2023-2027,7
1407,oppositio,Johannes Yrttiaho,110,0.4561033821395951,0.4498593412775101,0.4623474230016801,0.5438966178604049,0.55014065872249,0.5376525769983198,2023-2027,7
1408,oppositio,Aki Lindén,671,0.4906940214273289,0.5002951795319897,0.48109286332266815,0.5093059785726711,0.49970482046801035,0.5189071366773319,2023-2027,7
1409,hallitus,Vilhelm Junnila,78,0.49774532243685204,0.5151115146182392,0.48037913025546486,0.502254677563148,0.48488848538176077,0.5196208697445351,2023-2027,7
1411,oppositio,Sofia Virta,158,0.4269204028310319,0.4180727620986813,0.43576804356338245,0.5730795971689682,0.5819272379013186,0.5642319564366176,2023-2027,7
1412,oppositio,Eeva Kalli,163,0.45612876285793374,0.4567605857334793,0.4554969399823882,0.5438712371420662,0.5432394142665207,0.5445030600176117,2023-2027,7
1413,hallitus,Jari Koskela,105,0.5524361762478032,0.5531669582856533,0.5517053942099529,0.44756382375219683,0.44683304171434657,0.4482946057900471,2023-2027,7
1415,oppositio,Hilkka Kemppi,203,0.4669102645571565,0.4551485419500298,0.4786719871642832,0.5330897354428434,0.5448514580499703,0.5213280128357167,2023-2027,7
1417,hallitus,Lulu Ranne,173,0.5498349846502211,0.5622579838188868,0.5374119854815553,0.45016501534977893,0.4377420161811133,0.4625880145184446,2023-2027,7
1418,hallitus,Veijo Niemi,135,0.5531676844581881,0.5392619618293623,0.567073407087014,0.4468323155418118,0.46073803817063774,0.4329265929129858,2023-2027,7
1419,hallitus,Sakari Puisto,162,0.5576848031167381,0.5731705449780837,0.5421990612553925,0.4423151968832618,0.42682945502191616,0.4578009387446075,2023-2027,7
1421,hallitus,Anna-Kaisa Ikonen,174,0.563761651205174,0.5670357022746189,0.5604876001357292,0.43623834879482604,0.4329642977253811,0.439512399864271,2023-2027,7
1422,oppositio,Jouni Ovaska,209,0.4760525295184148,0.5149573928157827,0.4371476662210469,0.5239474704815851,0.4850426071842171,0.562852333778953,2023-2027,7
1424,oppositio,Hanna Holopainen,185,0.46983362445092747,0.47848004865759697,0.46118720024425797,0.5301663755490726,0.521519951342403,0.5388127997557421,2023-2027,7
1425,hallitus,Ville Kaunisto,93,0.5197421371961303,0.5201965060401806,0.5192877683520799,0.48025786280386973,0.47980349395981936,0.48071223164792015,2023-2027,7
1426,hallitus,Sheikki Laakso,60,0.5055934505635978,0.4938914340264963,0.5172954671006993,0.4944065494364022,0.5061085659735036,0.4827045328993008,2023-2027,7
1428,oppositio,Niina Malm,252,0.4394820569218878,0.4265141893542134,0.4524499244895622,0.5605179430781122,0.5734858106457866,0.5475500755104378,2023-2027,7
1429,oppositio,Paula Werning,171,0.468038804070972,0.4700404310539935,0.4660371770879504,0.5319611959290281,0.5299595689460066,0.5339628229120497,2023-2027,7
1430,oppositio,Seppo Eskelinen,163,0.4608115598695559,0.4548395857596293,0.46678353397948247,0.5391884401304442,0.5451604142403708,0.5332164660205176,2023-2027,7
1432,hallitus,Marko Kilpi,124,0.47808115202808044,0.46548567104924726,0.49067663300691355,0.5219188479719195,0.5345143289507528,0.5093233669930862,2023-2027,7
1433,oppositio,Hanna Räsänen,176,0.4363336661552599,0.4538169053556855,0.4188504269548344,0.5636663338447401,0.5461830946443145,0.5811495730451657,2023-2027,7
1434,hallitus,Sanna Antikainen,104,0.5229268391966178,0.528285231125732,0.5175684472675034,0.47707316080338236,0.47171476887426805,0.4824315527324966,2023-2027,7
1437,hallitus,Juha Mäenpää,216,0.5054035103518641,0.49799287676377046,0.512814143939958,0.49459648964813574,0.5020071232362294,0.48718585606004206,2023-2027,7
1439,hallitus,Mauri Peltokangas,185,0.5544751996074901,0.5695558471935736,0.5393945520214066,0.44552480039250986,0.4304441528064264,0.4606054479785933,2023-2027,7
1441,hallitus,Mikko Ollikainen,57,0.5110586440454666,0.49356944558851046,0.5285478425024228,0.48894135595453325,0.5064305544114895,0.47145215749757696,2023-2027,7
1443,oppositio,Kim Berg,232,0.3849969878225107,0.40776005173043134,0.3622339239145901,0.6150030121774892,0.5922399482695687,0.6377660760854098,2023-2027,7
1445,oppositio,Bella Forsgrén,185,0.4111997386827431,0.4275654543165821,0.39483402304890414,0.5888002613172569,0.572434545683418,0.6051659769510958,2023-2027,7
1447,oppositio,Piritta Rantanen,250,0.4403468811701713,0.4263374696706978,0.4543562926696447,0.5596531188298288,0.5736625303293021,0.5456437073303554,2023-2027,7
1449,oppositio,Jenni Pitko,231,0.4749162290856964,0.4761222653115519,0.47371019285984095,0.5250837709143035,0.523877734688448,0.5262898071401589,2023-2027,7
1451,hallitus,Sebastian Tynkkynen,78,0.525936341430339,0.5350551586589036,0.5168175242017743,0.47406365856966115,0.46494484134109654,0.4831824757982258,2023-2027,7
1452,hallitus,Pekka Aittakumpu,121,0.5516244036000519,0.5399121286964801,0.5633366785036238,0.448375596399948,0.46008787130351986,0.43666332149637616,2023-2027,7
1452,oppositio,Pekka Aittakumpu,122,0.44294043708046377,0.43091883340093595,0.4549620407599916,0.5570595629195363,0.569081166599064,0.5450379592400084,2023-2027,7
1454,hallitus,Janne Heikkinen,71,0.5367607358104001,0.5489708357927829,0.5245506358280172,0.46323926418959993,0.4510291642072171,0.47544936417198275,2023-2027,7
1455,hallitus,Kaisa Juuso,343,0.5147322779126621,0.5263185833256653,0.5031459724996589,0.4852677220873378,0.4736814166743346,0.496854027500341,2023-2027,7
1468,oppositio,Tuomas Kettunen,310,0.4776529501670416,0.4756399775377275,0.4796659227963557,0.5223470498329583,0.5243600224622724,0.5203340772036442,2023-2027,7
1469,oppositio,Matias Mäkynen,116,0.424843267243911,0.44630881395576755,0.4033777205320545,0.5751567327560889,0.5536911860442324,0.5966222794679453,2023-2027,7
1481,hallitus,Atte Kaleva,59,0.5334732033966556,0.5317648930665919,0.5351815137267193,0.4665267966033444,0.46823510693340814,0.4648184862732806,2023-2027,7
1483,hallitus,Ville Valkonen,98,0.5544659422984023,0.5491796702124501,0.5597522143843545,0.44553405770159765,0.45082032978754993,0.44024778561564537,2023-2027,7
1485,oppositio,Minja Koskela,286,0.42504569741945397,0.42756237107356104,0.42252902376534685,0.5749543025805459,0.572437628926439,0.5774709762346529,2023-2027,7
1488,oppositio,Elisa Gebhard,109,0.4067991296141722,0.40901238330310585,0.40458587592523854,0.5932008703858278,0.5909876166968941,0.5954141240747616,2023-2027,7
1489,oppositio,Fatim Diarra,68,0.433756865053235,0.44342755264360034,0.4240861774628697,0.5662431349467649,0.5565724473563997,0.5759138225371303,2023-2027,7
1490,hallitus,Noora Fagerström,58,0.5727677783330367,0.5564261313627756,0.5891094253032978,0.42723222166696334,0.4435738686372244,0.41089057469670226,2023-2027,7
1491,hallitus,Jarno Limnell,43,0.5581854362661218,0.5755209644006456,0.540849908131598,0.4418145637338783,0.4244790355993544,0.4591500918684022,2023-2027,7
1492,hallitus,Susanne Päivärinta,105,0.5361069117320534,0.5473246945121403,0.5248891289519665,0.46389308826794656,0.4526753054878596,0.4751108710480335,2023-2027,7
1493,hallitus,Tere Sammallahti,66,0.5248392457125424,0.5220785333102873,0.5275999581147975,0.4751607542874575,0.47792146668971264,0.47240004188520246,2023-2027,7
1496,oppositio,Eemeli Peltonen,277,0.4688220378693173,0.45379119329803536,0.48385288244059926,0.5311779621306827,0.5462088067019646,0.5161471175594008,2023-2027,7
1497,oppositio,Pinja Perholehto,194,0.4489295672209336,0.44736711650619954,0.4504920179356676,0.5510704327790664,0.5526328834938005,0.5495079820643324,2023-2027,7
1498,hallitus,Teemu Keskisarja,64,0.4872446861606451,0.48668898371752195,0.4878003886037683,0.5127553138393549,0.5133110162824781,0.5121996113962317,2023-2027,7
1499,hallitus,Jorma Piisinen,190,0.5463578360744541,0.553420575233984,0.539295096914924,0.45364216392554596,0.446579424766016,0.46070490308507595,2023-2027,7
1500,hallitus,Onni Rostila,71,0.4993547786829112,0.5143059169598411,0.48440364040598133,0.5006452213170889,0.48569408304015893,0.5155963595940187,2023-2027,7
1501,hallitus,Henrik Wickström,116,0.541256867731748,0.5604079924100569,0.522105743053439,0.4587431322682519,0.439592007589943,0.47789425694656085,2023-2027,7
1502,oppositio,Timo Furuholm,283,0.4391011222224819,0.42298770386125123,0.4552145405837125,0.5608988777775181,0.5770122961387487,0.5447854594162875,2023-2027,7
1503,oppositio,Saku Nikkanen,206,0.47125760905329983,0.4638386282349777,0.47867658987162204,0.5287423909467002,0.5361613717650224,0.5213234101283779,2023-2027,7
1504,hallitus,Pauli Aalto-Setälä,76,0.5245692000771818,0.5208627129994096,0.5282756871549539,0.4754307999228182,0.47913728700059044,0.47172431284504607,2023-2027,7
1505,hallitus,Milla Lahdenperä,166,0.5785445670428466,0.5752220818705827,0.5818670522151106,0.4214554329571535,0.4247779181294174,0.4181329477848895,2023-2027,7
1506,oppositio,Juha Viitala,370,0.46949383621125496,0.49710354482735164,0.44188412759515827,0.5305061637887452,0.5028964551726484,0.5581158724048418,2023-2027,7
1507,hallitus,Mari Kaunistola,105,0.5789790760631333,0.5727005150898582,0.5852576370364082,0.4210209239368667,0.42729948491014164,0.41474236296359174,2023-2027,7
1508,hallitus,Rami Lehtinen,276,0.5229248457125866,0.5241514190355047,0.5216982723896686,0.4770751542874134,0.47584858096449534,0.47830172761033146,2023-2027,7
1509,hallitus,Mira Nieminen,185,0.5603409790503282,0.5492519060518023,0.5714300520488542,0.4396590209496717,0.4507480939481977,0.4285699479511457,2023-2027,7
1510,hallitus,Teemu Kinnari,65,0.5297630841362231,0.5302588445377101,0.5292673237347361,0.47023691586377686,0.46974115546228984,0.4707326762652639,2023-2027,7
1511,oppositio,Lauri Lyly,1134,0.4793239296200854,0.4845854628618166,0.4740623963783543,0.5206760703799146,0.5154145371381835,0.5259376036216457,2023-2027,7
1512,oppositio,Ville Merinen,156,0.4472575329953494,0.44134343255227904,0.4531716334384198,0.5527424670046506,0.558656567447721,0.5468283665615801,2023-2027,7
1513,hallitus,Aleksi Jäntti,76,0.5490564521785625,0.5431048033724248,0.5550081009847001,0.4509435478214375,0.45689519662757505,0.4449918990152999,2023-2027,7
1514,hallitus,Miko Bergbom,427,0.5140803500147526,0.5112215088820925,0.5169391911474126,0.4859196499852475,0.4887784911179076,0.48306080885258745,2023-2027,7
1515,hallitus,Joakim Vigelius,316,0.4796969003315721,0.4602927472157778,0.4991010534473664,0.5203030996684279,0.5397072527842222,0.5008989465526337,2023-2027,7
1516,hallitus,Jaana Strandman,470,0.5592992664026,0.5463081336762092,0.5722903991289907,0.44070073359740003,0.4536918663237909,0.42770960087100923,2023-2027,7
1517,hallitus,Oskari Valtola,258,0.5360628928774571,0.5459568857003019,0.5261689000546124,0.4639371071225429,0.4540431142996981,0.47383109994538763,2023-2027,7
1518,oppositio,Vesa Kallio,433,0.49935193081757817,0.4944786871274883,0.504225174507668,0.5006480691824219,0.5055213128725117,0.49577482549233204,2023-2027,7
1519,oppositio,Anna-Kristiina Mikkonen,212,0.5122208321947094,0.5141333758566955,0.5103082885327233,0.4877791678052906,0.48586662414330445,0.48969171146727686,2023-2027,7
1520,hallitus,Karoliina Partanen,153,0.5053533865741422,0.5095730594665208,0.5011337136817636,0.4946466134258578,0.49042694053347924,0.4988662863182364,2023-2027,7
1521,oppositio,Timo Suhonen,617,0.4352206041519876,0.4183420649692118,0.4520991433347635,0.5647793958480123,0.581657935030788,0.5479008566652366,2023-2027,7
1523,oppositio,Laura Meriluoto,154,0.4350819369966934,0.4235732145779373,0.44659065941544956,0.5649180630033066,0.5764267854220627,0.5534093405845504,2023-2027,7
1524,oppositio,Markku Siponen,335,0.4444221893120919,0.4655372610754974,0.4233071175486864,0.5555778106879081,0.5344627389245026,0.5766928824513136,2023-2027,7
1525,hallitus,Janne Jukkola,157,0.5281640525649003,0.5119197597451854,0.5444083453846152,0.4718359474350997,0.48808024025481467,0.45559165461538476,2023-2027,7
1526,hallitus,Anne Rintamäki,315,0.5419585876216333,0.5448207013031985,0.539096473940068,0.4580414123783668,0.45517929869680146,0.4609035260599321,2023-2027,7
1527,hallitus,Pia Sillanpää,234,0.5281203580652112,0.5315634837371522,0.5246772323932702,0.4718796419347887,0.46843651626284766,0.4753227676067298,2023-2027,7
1528,hallitus,Ville Väyrynen,224,0.5176022048565316,0.5153582593430782,0.5198461503699852,0.48239779514346837,0.4846417406569218,0.48015384963001495,2023-2027,7
1529,oppositio,Jani Kokko,253,0.5175971590111406,0.5490089334073297,0.4861853846149513,0.4824028409888594,0.4509910665926702,0.5138146153850486,2023-2027,7
1530,hallitus,Kaisa Garedew,275,0.5645178084594958,0.5634931569164408,0.5655424600025509,0.43548219154050416,0.4365068430835593,0.43445753999744907,2023-2027,7
1531,hallitus,Tomi Immonen,88,0.5476669106581262,0.5525385241587186,0.5427952971575338,0.4523330893418738,0.44746147584128126,0.4572047028424663,2023-2027,7
1532,oppositio,Timo Mehtälä,180,0.49904458304552435,0.4981978551539565,0.4998913109370922,0.5009554169544757,0.5018021448460436,0.5001086890629077,2023-2027,7
1533,oppositio,Olga Oinas-Panuma,164,0.4684600989479049,0.46925540376445396,0.46766479413135587,0.5315399010520951,0.5307445962355462,0.5323352058686441,2023-2027,7
1534,oppositio,Pia Hiltunen,112,0.4993849931531267,0.4723920794426175,0.5263779068636358,0.5006150068468733,0.5276079205573825,0.4736220931363643,2023-2027,7
1535,hallitus,Antti Kangas,75,0.4841944601378181,0.48829315381088917,0.48009576646474705,0.5158055398621819,0.5117068461891108,0.519904233535253,2023-2027,7
1536,hallitus,Mikko Polvinen,84,0.5114697190712642,0.5117837672190333,0.511155670923495,0.48853028092873585,0.48821623278096665,0.488844329076505,2023-2027,7
1536,oppositio,Mikko Polvinen,49,0.4448818955762881,0.45288219572076577,0.43688159543181043,0.5551181044237119,0.5471178042792343,0.5631184045681895,2023-2027,7
1538,hallitus,Sara Seppänen,311,0.5808740542864307,0.5879618659620256,0.5737862426108358,0.4191259457135692,0.41203813403797424,0.4262137573891641,2023-2027,7
1539,oppositio,Helena Marttila,126,0.438717157697734,0.4490316935090707,0.42840262188639733,0.561282842302266,0.5509683064909293,0.5715973781136027,2023-2027,7
301,hallitus,Ben Zyskowicz,252,0.5068320115293637,0.5004958267729,0.5131681962858274,0.49316798847063625,0.49950417322709983,0.4868318037141727,2023-2027,7
351,hallitus,Eva Biaudet,40,0.5163731611661219,0.5341224225639175,0.4986238997683262,0.4836268388338781,0.4658775774360824,0.5013761002316738,2023-2027,7
358,oppositio,Johannes Koskinen,124,0.5163188260914247,0.5175477847204341,0.5150898674624151,0.48368117390857546,0.48245221527956605,0.4849101325375848,2023-2027,7
464,oppositio,Kimmo Kiljunen,216,0.5092561611635044,0.5165331260956563,0.5019791962313525,0.49074383883649564,0.4834668739043437,0.49802080376864755,2023-2027,7
499,hallitus,Päivi Räsänen,184,0.5484648402720859,0.5444052535473507,0.552524426996821,0.45153515972791414,0.45559474645264936,0.447475573003179,2023-2027,7
511,oppositio,Pia Viitanen,249,0.3899377903758118,0.39623142887718743,0.3836441518744361,0.6100622096241883,0.6037685711228126,0.616355848125564,2023-2027,7
612,hallitus,Sari Sarkomaa,74,0.5587886071544138,0.5590589872482808,0.5585182270605468,0.4412113928455862,0.4409410127517191,0.44148177293945323,2023-2027,7
772,oppositio,Antti Kaikkonen,91,0.451024638621787,0.4544009540909868,0.44764832315258724,0.5489753613782129,0.5455990459090131,0.5523516768474127,2023-2027,7
778,hallitus,Sari Essayah,178,0.5973630766223144,0.6134105082274706,0.581315645017158,0.40263692337768575,0.3865894917725294,0.41868435498284207,2023-2027,7
784,hallitus,Arto Satonen,383,0.499868377819673,0.47789692358526414,0.5218398320540819,0.500131622180327,0.522103076414736,0.4781601679459181,2023-2027,7
797,oppositio,Hannu Hoskonen,533,0.505147440813326,0.5141597026916042,0.49613517893504777,0.49485255918667403,0.48584029730839584,0.5038648210649522,2023-2027,7
807,oppositio,Miapetra Kumpula-Natri,74,0.47322298330050405,0.4992598093000393,0.4471861573009687,0.526777016699496,0.5007401906999607,0.5528138426990312,2023-2027,7
846,oppositio,Oras Tynkkynen,286,0.48788298415264275,0.474925532931506,0.5008404353737795,0.5121170158473571,0.5250744670684939,0.49915956462622046,2023-2027,7
911820,oppositio,Lotta Hamari,201,0.4793457132533247,0.474627945285929,0.4840634812207204,0.5206542867466752,0.525372054714071,0.5159365187792796,2023-2027,7
911822,hallitus,Maaret Castrén,56,0.5395356832744881,0.5439011427959077,0.5351702237530684,0.4604643167255119,0.4560988572040922,0.46482977624693156,2023-2027,7
911824,oppositio,Jessi Jokelainen,75,0.45121424608795446,0.4353018793705939,0.46712661280531503,0.5487857539120455,0.5646981206294062,0.5328733871946849,2023-2027,7
911826,hallitus,Merja Rasinkangas,287,0.5434892541132436,0.5325977008000151,0.554380807426472,0.45651074588675655,0.467402299199985,0.4456191925735281,2023-2027,7
911827,oppositio,Mika Riipi,78,0.4523231895944432,0.47230009701852105,0.4323462821703653,0.5476768104055567,0.527699902981479,0.5676537178296346,2023-2027,7
911829,oppositio,Hanna Laine-Nousimaa,84,0.4575630363780977,0.4478979403201365,0.4672281324360588,0.5424369636219024,0.5521020596798635,0.5327718675639413,2023-2027,7
913,oppositio,Eerikki Viljanen,158,0.4667734791060878,0.470838678674707,0.4627082795374685,0.5332265208939122,0.529161321325293,0.5372917204625315,2023-2027,7
941,hallitus,Anna-Maja Henriksson,54,0.5803424365357361,0.5897181551294264,0.570966717942046,0.41965756346426386,0.41028184487057373,0.429033282057954,2023-2027,7
947,hallitus,Petteri Orpo,723,0.5379929572733569,0.5344479657531975,0.5415379487935164,0.46200704272664306,0.46555203424680247,0.4584620512064837,2023-2027,7
953,oppositio,Anne Kalmari,219,0.49304158708339985,0.49000017155527786,0.49608300261152183,0.5069584129166003,0.5099998284447222,0.5039169973884782,2023-2027,7
963,oppositio,Merja Kyllönen,43,0.4691151964364187,0.4560544026966943,0.4821759901761431,0.5308848035635814,0.5439455973033056,0.517824009823857,2023-2027,7
967,hallitus,Timo Heinonen,305,0.5158369164853027,0.5170143976474263,0.5146594353231793,0.4841630835146973,0.4829856023525737,0.48534056467682085,2023-2027,7
970,oppositio,Marko Asell,95,0.43733950879913885,0.44239522218002164,0.4322837954182561,0.5626604912008611,0.5576047778199784,0.5677162045817439,2023-2027,7
971,oppositio,Johanna Ojala-Niemelä,139,0.4952152172503688,0.5198877276823555,0.4705427068183822,0.5047847827496312,0.48011227231764464,0.5294572931816178,2023-2027,7
