person_id,label,mp_name,n_speeches,p_VAS,a_VAS,b_VAS,p_SDP,a_SDP,b_SDP,p_VIHR,a_VIHR,b_VIHR,p_KESK,a_KESK,b_KESK,p_RKP,a_RKP,b_RKP,p_KD,a_KD,b_KD,p_KOK,a_KOK,b_KOK,p_SIN,a_SIN,b_SIN,p_PS,a_PS,b_PS,term,rep
1031,KOK,Alexander Stubb,190,0.11294908493111727,0.11855519638923484,0.1073429734729997,0.10183987839959446,0.10519855305337455,0.09848120374581436,0.07783183818284069,0.08522689369355277,0.0704367826721286,0.14469051730352822,0.13548132189763476,0.15389971270942165,0.10070548009042601,0.10672045200114495,0.09469050817970706,0.08030521426326556,0.08456512926013668,0.07604529926639444,0.1528461850635499,0.15635176289441463,0.14934060723268516,0.11900418415345387,0.09930451525104854,0.13870385305585922,0.10982761761222407,0.10859617555945829,0.11105905966498983,2015-2019,0
1041,PS,Vesa-Matti Saarakkala,71,0.12271012243396183,0.11148892663210463,0.13393131823581902,0.09971584488884262,0.10103289623188454,0.09839879354580071,0.07992227389992584,0.08547477274923033,0.07436977505062135,0.10904846227973297,0.11131181458913057,0.10678510997033537,0.09994101992539407,0.10564241190571277,0.09423962794507537,0.11564459720034337,0.10435798135423262,0.1269312130464541,0.11313151265944968,0.11482362887731135,0.111439396441588,0.11643343568994176,0.12421904633565142,0.1086478250442321,0.1434527310224078,0.14164852132474176,0.14525694072007386,2015-2019,0
1056,KOK,Kalle Jokinen,135,0.11365064784882635,0.10947155632973748,0.11782973936791521,0.11372836411630183,0.10609306747137541,0.12136366076122826,0.09042908879670056,0.08973216643559324,0.09112601115780787,0.12885918760346982,0.1387816238406701,0.11893675136626951,0.10127637587907154,0.10458823181051147,0.09796451994763163,0.08654518512456677,0.08214188549116376,0.0909484847579698,0.12428631784576483,0.11719080278480273,0.13138183290672692,0.11570985102525136,0.12472148814196979,0.10669821390853292,0.12551498176004694,0.12727917769417602,0.12375078582591785,2015-2019,0
1087,SDP,Merja Mäkisalo-Ropponen,555,0.1215481399895689,0.12106150114369407,0.12203477883544371,0.1200819952660361,0.1206279257502271,0.11953606478184513,0.14284705856300717,0.15312457918155162,0.13256953794446275,0.10428638727282022,0.09818950708797008,0.11038326745767035,0.08554140978228153,0.08389045877903481,0.08719236078552824,0.11006761511102132,0.11148386488893203,0.10865136533311062,0.10670791102572706,0.1097520820892293,0.10366373996222482,0.10336829606015635,0.09382193745456557,0.11291465466574713,0.10555118692938134,0.10804814362479546,0.1030542302339672,2015-2019,0
1088,PS,Hanna Mäntylä,82,0.0878513532279627,0.09616827454103201,0.07953443191489339,0.12935048363069193,0.13526833022206605,0.1234326370393178,0.09482667220811529,0.09386458649825771,0.09578875791797287,0.13030125607428297,0.12753748067708134,0.1330650314714846,0.06946021701979158,0.06567205352632302,0.07324838051326013,0.08284077731467461,0.07666996604116004,0.08901158858818918,0.15489097480832334,0.15295007334494243,0.15683187627170425,0.12756158611586096,0.12825578310901986,0.12686738912270207,0.12291667960029659,0.12361345204011749,0.1222199071604757,2015-2019,0
1091,PS,Martti Mölsä,42,0.10409212767024698,0.10976470202840435,0.0984195533120896,0.10659671259426573,0.10377723878026579,0.10941618640826567,0.10254471492848938,0.10184543777561003,0.10324399208136874,0.12581469950219673,0.11735313229726665,0.1342762667071268,0.0864784190690211,0.08699017277133633,0.08596666536670587,0.0920549773470962,0.09684416599464192,0.08726578869955047,0.1105598910808622,0.10003154087523754,0.12108824128648685,0.12558429155870798,0.1358386948206423,0.11532988829677367,0.14627416624911369,0.14755491465659504,0.14499341784163233,2015-2019,0
1092,PS,Mika Niikko,366,0.09655513319986764,0.09372212551074988,0.09938814088898541,0.11570362576094206,0.12114496400380044,0.11026228751808367,0.10062313032773446,0.09976500567228515,0.10148125498318376,0.09612755322706577,0.10330339145948389,0.08895171499464766,0.09094926886231432,0.08543937968470533,0.0964591580399233,0.12023636388306055,0.11387692362476157,0.12659580414135954,0.10930081507840267,0.12133228097574236,0.09726934918106298,0.11700694876647985,0.11741513084530956,0.11659876668765012,0.15349716089413268,0.14400079822316184,0.1629935235651035,2015-2019,0
1093,PS,Juho Eerola,150,0.0940073411751246,0.08733864423700219,0.10067603811324702,0.10088609771268567,0.09713510642959104,0.10463708899578031,0.09490393813480491,0.10346927714978701,0.08633859911982279,0.09983133705206851,0.11355179991356752,0.08611087419056951,0.11265447349433244,0.08832461205748894,0.13698433493117596,0.1038225979759306,0.10338352033569838,0.10426167561616281,0.09259454739606116,0.08429398664488061,0.10089510814724172,0.12468032651677972,0.13291349924363288,0.11644715378992657,0.17661934054221246,0.18958955398835142,0.16364912709607346,2015-2019,0
1097,VAS,Aino-Kaisa Pekonen,197,0.1318011246466733,0.14534467173463214,0.11825757755871444,0.14966048592160586,0.15769746404257118,0.14162350780064054,0.11410006176382062,0.10794991651412773,0.12025020701351352,0.08790170127530667,0.09291274892075757,0.08289065362985577,0.12654510988502904,0.1222521650744747,0.13083805469558335,0.11805280033537024,0.10540536315307798,0.1307002375176625,0.09037876670033675,0.09009529657920311,0.09066223682147038,0.09669238435193306,0.09477481990967468,0.09860994879419145,0.0848675651199245,0.08356755407148093,0.08616757616836808,2015-2019,0
1098,KOK,Jaana Pelkonen,87,0.10851029559286367,0.10844515417924502,0.10857543700648231,0.10525924308993982,0.11065968967292783,0.09985879650695181,0.13531828880032637,0.1347930308353312,0.13584354676532154,0.10871490036410805,0.10375664982371284,0.11367315090450325,0.11441385288001507,0.11773876181812395,0.11108894394190619,0.1106439046680861,0.10993246590901366,0.11135534342715855,0.11446090378752516,0.10872600730411897,0.12019580027093135,0.10251938773442212,0.11236948138294858,0.09266929408589566,0.10015922308271363,0.09357875907457791,0.10673968709084936,2015-2019,0
1099,SDP,Eeva-Johanna Eloranta,194,0.122620243203997,0.12479012626246837,0.12045036014552565,0.11346960684588692,0.11508683251984368,0.11185238117193017,0.15786912045870394,0.16402601593232607,0.1517122249850818,0.09496542789280871,0.09685961356764985,0.09307124221796757,0.09761386832171723,0.1144729112181431,0.08075482542529136,0.11586157641272593,0.10392525708830773,0.12779789573714412,0.11001804250254969,0.11179407629802449,0.1082420087070749,0.1003594460352279,0.08841914578960999,0.11229974628084578,0.0872226683263826,0.08062602132362656,0.09381931532913865,2015-2019,0
1100,KOK,Sanni Grahn-Laasonen,466,0.09598915557913051,0.09014584253217896,0.10183246862608208,0.12431814390101381,0.12154828588212478,0.12708800191990283,0.1239687368481592,0.1336581847339828,0.1142792889623356,0.1142379416091566,0.11601831629539361,0.11245756692291957,0.09312327020651798,0.08666519969571947,0.09958134071731647,0.07637307006932675,0.07256310303371812,0.08018303710493538,0.19719694771041554,0.21854461453410146,0.17584928088672963,0.10560895541665552,0.09959119198977283,0.11162671884353823,0.06918377865962405,0.061265261303007953,0.07710229601624016,2015-2019,0
1101,KESK,Arto Pirttilahti,168,0.09836050922491892,0.09213177081996107,0.10458924762987676,0.09435743465455924,0.09517471824205015,0.09354015106706834,0.07746994762818205,0.07915192817692125,0.07578796707944283,0.1786710883179571,0.1897325065648925,0.16760967007102173,0.0912422234105669,0.0860250434934264,0.09645940332770739,0.09303048019895227,0.0950798249539964,0.09098113544390814,0.12167191053113631,0.12527833689188794,0.11806548417038468,0.1130560235677799,0.1183088717075433,0.1078031754280165,0.13214038246594734,0.11911699914932106,0.14516376578257364,2015-2019,0
1102,SDP,Kristiina Salonen,218,0.13129176184462193,0.13534222236432525,0.12724130132491865,0.1224460619938681,0.11721015300843766,0.12768197097929854,0.12076631364123536,0.12646677720787175,0.11506585007459898,0.11262722339634168,0.1040937443627838,0.12116070242989954,0.09926286376495683,0.10491782430100738,0.09360790322890628,0.10888401232407632,0.10268097913714518,0.11508704551100746,0.09813047815735752,0.10617939909621259,0.09008155721850246,0.09884192779131486,0.09572106569120305,0.10196278989142667,0.10774935708622738,0.10738783483101333,0.10811087934144144,2015-2019,0
1106,KESK,Mikko Savola,230,0.09592255829193402,0.08707389941211549,0.10477121717175257,0.09393061190423509,0.0957107793163802,0.09215044449208998,0.09321011749673165,0.08109134569767416,0.10532888929578914,0.17132743051620675,0.1784261964288751,0.16422866460353838,0.07590402423378419,0.06380545731388904,0.08800259115367934,0.07924064202181677,0.08108088271545147,0.07740040132818206,0.11997622933326735,0.13555524180126732,0.10439721686526737,0.13690650363637133,0.149624313565056,0.12418869370768666,0.13358188256565295,0.12763188374929127,0.1395318813820146,2015-2019,0
1107,PS,Teuvo Hakkarainen,297,0.09000501819950565,0.08621830125241016,0.09379173514660114,0.12620081741694672,0.14032497293848084,0.11207666189541257,0.08526327406083742,0.0777529542795053,0.09277359384216954,0.11431446146154733,0.11811646429114817,0.11051245863194652,0.081931484915148,0.07007418215304835,0.09378878767724765,0.0733714233498606,0.06196969921850114,0.08477314748122007,0.10394279100113472,0.10163751878584434,0.1062480632164251,0.11211376505789353,0.12432551168033008,0.09990201843545699,0.2128569645371261,0.21958039540073165,0.20613353367352052,2015-2019,0
1108,KESK,Juha Sipilä,663,0.09509564083107096,0.09588740245694757,0.09430387920519434,0.11507873645882818,0.11147339554171636,0.11868407737594,0.10956039519203858,0.10265930128977499,0.11646148909430216,0.13706722452595738,0.13868075289204024,0.1354536961598745,0.10188813150589296,0.10792216161762613,0.0958541013941598,0.06630405554552529,0.06868239036275026,0.06392572072830031,0.15704682367666117,0.1586003395151324,0.15549330783818996,0.10652903085512233,0.10279317413479956,0.1102648875754451,0.11142996140890318,0.11330108218921249,0.10955884062859389,2015-2019,0
1111,KOK,Eero Suutari,195,0.10113567997336098,0.10958340015683328,0.0926879597898887,0.10175386370703735,0.09533962211734517,0.10816810529672953,0.08346063753375982,0.08315105287169723,0.08377022219582242,0.12777068830811053,0.12457621578946572,0.13096516082675533,0.08966041935904318,0.10003457830639773,0.07928626041168864,0.09818502060250871,0.09119946645315563,0.10517057475186178,0.13014580850740562,0.1198233974172552,0.14046821959755604,0.1337436677584563,0.13452926256728087,0.13295807294963172,0.13414421425031753,0.14176300432056918,0.12652542418006588,2015-2019,0
1114,VIHR,Jani Toivola,95,0.11092062763095352,0.10614393619489418,0.11569731906701286,0.0931175370032244,0.09371640565435738,0.09251866835209141,0.14044428368277118,0.13530490941310042,0.14558365795244196,0.12019843444001782,0.11816156065322311,0.12223530822681253,0.12203639235583441,0.1274872228645923,0.11658556184707651,0.1402322573555559,0.13527807554533994,0.1451864391657718,0.1084104774073758,0.11827011359911839,0.0985508412156332,0.08530698869920042,0.08522776390243686,0.08538621349596398,0.0793330014250666,0.08041001217293753,0.07825599067719566,2015-2019,0
1116,PS,Maria Tolppanen,118,0.12347295619240725,0.10664153407003649,0.14030437831477802,0.10118243110074776,0.11016029480920649,0.09220456739228904,0.08058686144739952,0.07955782533490191,0.08161589755989714,0.13066504117544728,0.1303235467440394,0.13100653560685516,0.09609520819641938,0.08937555624568104,0.10281486014715772,0.09592896161526221,0.10425145165362429,0.08760647157690013,0.12693048355357142,0.13340245723882252,0.12045850986832034,0.10449528751574037,0.1087500610963272,0.10024051393515354,0.14064276920300472,0.13753727280736056,0.14374826559864887,2015-2019,0
1116,SDP,Maria Tolppanen,315,0.13358025469157758,0.12983600738032477,0.13732450200283036,0.09856427628056771,0.10212165833528938,0.09500689422584606,0.09418607380005989,0.098845651696866,0.08952649590325376,0.11633875954225881,0.1080620366158388,0.12461548246867882,0.11023107809866588,0.11541223889112548,0.10504991730620628,0.09282751746308607,0.09012948599344048,0.09552554893273166,0.11970459859593022,0.13546343894880467,0.10394575824305578,0.10556369174976415,0.10460381836220697,0.10652356513732135,0.12900374977808968,0.11552566377610347,0.1424818357800759,2015-2019,0
1118,KOK,Kari Tolvanen,103,0.08358447268548333,0.08624279020072198,0.08092615517024469,0.08194847540351963,0.08351402274821981,0.08038292805881946,0.07543276598178747,0.07783109987528601,0.07303443208828894,0.11290386147450332,0.11153239430807249,0.11427532864093415,0.07852385201257203,0.07802312947267173,0.07902457455247233,0.12292557320886253,0.11088655751334256,0.1349645889043825,0.13904861975852695,0.1532653365436645,0.12483190297338938,0.1474259020805303,0.1488989529172147,0.1459528512438459,0.1582064773942144,0.1498057164208062,0.16660723836762256,2015-2019,0
1119,PS,Reijo Hongisto,78,0.09385086594467579,0.09315030696759391,0.09455142492175767,0.09104820273249739,0.09535798364955227,0.08673842181544253,0.12213874383348122,0.12434830724360588,0.11992918042335657,0.11765758130535628,0.11893518032999084,0.11637998228072173,0.09685249979805077,0.09787234971285493,0.0958326498832466,0.1432027963764676,0.14231774936811467,0.14408784338482053,0.12468864171968426,0.11549240328863722,0.1338848801507313,0.10279171133745017,0.10830739984857907,0.09727602282632128,0.10776895695233654,0.10421831959107127,0.11131959431360183,2015-2019,0
1119,SIN,Reijo Hongisto,86,0.09898134847217926,0.09334688424409852,0.10461581270025999,0.11028234295312854,0.10323599701036124,0.11732868889589584,0.09601021405691734,0.11197656905833935,0.08004385905549534,0.11482186230292138,0.12431579466276407,0.10532792994307867,0.09574900648649154,0.09286023355053338,0.0986377794224497,0.12205337403455618,0.12866668771770012,0.11544006035141223,0.12583021048206314,0.11706930981515196,0.13459111114897432,0.1252393692690542,0.12459361165406757,0.12588512688404083,0.11103227194268844,0.10393491228698384,0.11812963159839304,2015-2019,0
1121,SDP,Lauri Ihalainen,154,0.12324046348798531,0.11604197874652922,0.1304389482294414,0.11844452023244788,0.11768259930426114,0.11920644116063461,0.10401449497867934,0.10960822389541588,0.09842076606194279,0.1284654329727516,0.12138168082728132,0.13554918511822187,0.09687237709477095,0.10430175139803341,0.08944300279150849,0.0810534518234042,0.07688074061649566,0.08522616303031273,0.11705757685868365,0.12042378647733154,0.11369136724003574,0.11651450271793207,0.11596578018001928,0.11706322525584485,0.11433717983334499,0.11771345855463253,0.11096090111205745,2015-2019,0
1122,PS,Olli Immonen,65,0.120983587842378,0.124109697998616,0.11785747768614001,0.090629067665114,0.09389189959745876,0.08736623573276922,0.12104207123104227,0.13231340433696934,0.10977073812511522,0.08877127484976716,0.09195858197335392,0.08558396772618039,0.08336344963123671,0.08070488975734082,0.08602200950513261,0.10902171127394604,0.12026531994355547,0.09777810260433661,0.10595197503536705,0.09764138504162061,0.11426256502911347,0.12857588271335363,0.1260469868732635,0.13110477855344377,0.1516609797577951,0.13306783447782158,0.17025412503776863,2015-2019,0
1124,PS,Ari Jalonen,98,0.09245689248001243,0.0924231980660597,0.09249058689396517,0.11939842021777121,0.1328669725385934,0.10592986789694903,0.1072478719116429,0.10750154335136682,0.10699420047191896,0.10045233482927984,0.10192486559609419,0.09897980406246551,0.10174976220544604,0.103238781274039,0.10026074313685307,0.09422442285246704,0.08512935566468811,0.10331949004024596,0.10089240361793403,0.10388845575865317,0.09789635147721487,0.13383493562244086,0.12203375008540376,0.14563612115947797,0.14974295626300566,0.1509930776651019,0.14849283486090942,2015-2019,0
1124,SIN,Ari Jalonen,97,0.09585892518820234,0.1026821078423648,0.08903574253403988,0.10358883965582648,0.10590666664897834,0.10127101266267462,0.1106172910309988,0.10831164754585201,0.11292293451614559,0.14386301240420007,0.14920253324628693,0.13852349156211324,0.09967787344822304,0.08888716293972368,0.1104685839567224,0.08939935028629886,0.091164594000152,0.08763410657244573,0.11604589858954761,0.11069438901283009,0.12139740816626514,0.12390560183388871,0.12695849092093706,0.12085271274684035,0.11704320756281406,0.11619240784287514,0.11789400728275298,2015-2019,0
1126,SDP,Tytti Tuppurainen,221,0.12748606182207556,0.13302198041541866,0.12195014322873247,0.09337360441090489,0.09414910673932657,0.09259810208248323,0.14630377117065546,0.15064933820066592,0.14195820414064503,0.10905216076286675,0.0950744791722492,0.12302984235348431,0.10278741156157035,0.10177800177835679,0.10379682134478392,0.10953843378604446,0.11265838443237781,0.1064184831397111,0.09273235127920379,0.0890970481217277,0.0963676544366799,0.11257234480393591,0.11823064859339001,0.1069140410144818,0.1061538604027428,0.10534101254648735,0.10696670825899823,2015-2019,0
1128,PS,Kaj Turunen,196,0.10890505727976313,0.10837611567635305,0.1094339988831732,0.12363326027179417,0.1259964015557333,0.12127011898785504,0.08684380148312401,0.08906444682828488,0.08462315613796316,0.11873077815547395,0.12494020234963595,0.11252135396131194,0.09610463920788503,0.09627911482666703,0.09593016358910306,0.0914377791675954,0.09077218345849836,0.09210337487669247,0.10635337060166922,0.10744059460368156,0.10526614659965686,0.13750760989411928,0.12376848269533354,0.151246737092905,0.1304837039385758,0.13336245800581228,0.12760494987133933,2015-2019,0
1128,SIN,Kaj Turunen,64,0.09841923307199785,0.09594934096957598,0.10088912517441972,0.12340746208351694,0.10828398378836819,0.1385309403786657,0.09302631397022337,0.09825225509927853,0.0878003728411682,0.1323734164709816,0.14306484393933466,0.12168198900262857,0.08674308082273044,0.08561301835990405,0.08787314328555682,0.09540029532484742,0.10392147791341635,0.08687911273627848,0.12590810610333786,0.1352885413241392,0.11652767088253649,0.12792452363440718,0.12160198275495193,0.13424706451386242,0.11679756851795732,0.1080245558510311,0.12557058118488354,2015-2019,0
1129,PS,Arja Juvonen,426,0.08092229282363624,0.08352230681398204,0.07832227883329043,0.12427531063428782,0.11667904715724291,0.13187157411133274,0.07634457066809168,0.07523846646109339,0.07745067487508997,0.11209675113726392,0.10603776939454349,0.11815573287998433,0.09846479704155017,0.10113423891713133,0.09579535516596903,0.14784169234451922,0.1476767535214998,0.14800663116753862,0.10920915353860279,0.11895896257914125,0.09945934449806433,0.1271599172679635,0.12361448288298707,0.1307053516529399,0.12368551454408469,0.12713797227237872,0.12023305681579066,2015-2019,0
1133,SDP,Mika Kari,366,0.10893523724647483,0.1146719071363946,0.10319856735655505,0.12666308810271598,0.13839340447746779,0.11493277172796415,0.09833796538923306,0.09840151836507878,0.09827441241338734,0.10354939764180959,0.09669804191344498,0.11040075337017421,0.08449368986955128,0.08582313158076675,0.08316424815833581,0.11477148224950809,0.10520995301658034,0.12433301148243585,0.12125489252725333,0.12181541834156787,0.12069436671293879,0.1265485016919436,0.11804145112780692,0.13505555225608026,0.11544574528151025,0.12094517404089193,0.10994631652212858,2015-2019,0
1134,KOK,Sofia Vikman,121,0.10072438774111189,0.10226632537994665,0.09918245010227715,0.10249242743106843,0.09643913973677129,0.10854571512536557,0.12010078624468928,0.12292921330392241,0.11727235918545617,0.10508184261197825,0.10850840529308754,0.10165527993086895,0.10567260258806255,0.1193440555223427,0.09200114965378238,0.11012575696537097,0.11387976242143978,0.10637175150930216,0.14714404524267605,0.14262470730205765,0.15166338318329442,0.10937294635290964,0.09960015883665488,0.11914573386916441,0.09928520482213296,0.09440823220377711,0.10416217744048879,2015-2019,0
1135,KOK,Pia Kauma,72,0.0932841877679848,0.09450560036947091,0.09206277516649869,0.11863557487031245,0.10200517389024051,0.1352659758503844,0.11469663190639032,0.10690757946858032,0.12248568434420033,0.14079933652680998,0.1483879659513355,0.1332107071022845,0.10359381096820222,0.09630883173105594,0.11087879020534852,0.09664644671358702,0.09670948750047091,0.09658340592670311,0.1321922645997748,0.14729320302068774,0.11709132617886184,0.09387424542215994,0.09691389507824788,0.090834595766072,0.10627750122477843,0.11096826298991032,0.10158673945964654,2015-2019,0
1136,PS,Ville Vähämäki,118,0.09324086592546421,0.07947245492357952,0.10700927692734892,0.11209806234595687,0.0999578882062666,0.12423823648564714,0.0700379088446518,0.06492152878165776,0.07515428890764586,0.1274589922375548,0.14849814333279746,0.10641984114231215,0.08832366480584122,0.09332601375893053,0.08332131585275193,0.10447110950447702,0.09833090976624383,0.1106113092427102,0.12933301454866958,0.13187013685440357,0.12679589224293558,0.12526397059429598,0.12527733145629505,0.1252506097322969,0.14977241119308854,0.15834559291982575,0.14119922946635133,2015-2019,0
1137,KOK,Pauli Kiuru,339,0.1058234091600766,0.1005334634943424,0.11111335482581078,0.1031020015574977,0.09740035109426026,0.10880365202073514,0.11586797312033177,0.10932249113235185,0.1224134551083117,0.13166322989854987,0.14174924038642855,0.12157721941067116,0.09416229403966128,0.09326516142104302,0.09505942665827954,0.10863348414771332,0.11101444930910712,0.10625251898631952,0.10656621702746397,0.10748350104963844,0.1056489330052895,0.12263414599008461,0.12399505062400931,0.12127324135615991,0.1115472450586209,0.11523629148881911,0.10785819862842268,2015-2019,0
1138,PS,Kimmo Kivelä,159,0.11037815280043134,0.10467188168566184,0.11608442391520084,0.10154440646459362,0.10056445798159516,0.10252435494759209,0.11198631827415358,0.11092935034273228,0.11304328620557487,0.11136116783806217,0.11509497610821251,0.10762735956791183,0.11124539381268189,0.11231247305686579,0.11017831456849798,0.1070885159609076,0.10637072051736143,0.10780631140445378,0.10922442902136809,0.11038340810639716,0.108065449936339,0.10695186073107314,0.10966601546902359,0.1042377059931227,0.13021975509672856,0.13000671673215028,0.13043279346130685,2015-2019,0
1138,SIN,Kimmo Kivelä,129,0.11110188989227762,0.10900022451539144,0.11320355526916379,0.1104593825698451,0.10033896688587234,0.12057979825381786,0.10391209045386318,0.10529272158247731,0.10253145932524906,0.1221254238797136,0.12645872846175815,0.11779211929766906,0.10905180528139158,0.11094382431927316,0.10715978624351001,0.10944152931365039,0.11322149516223372,0.10566156346506705,0.1062219124124446,0.1029623349751551,0.10948148984973409,0.10554256653478958,0.11154590264467087,0.09953923042490828,0.12214339966202432,0.12023580145316788,0.12405099787088077,2015-2019,0
1141,KD,Peter Östman,321,0.10885668503813611,0.09990008429520122,0.117813285781071,0.10731659412221359,0.12562116268990983,0.08901202555451733,0.10807171624624501,0.10372333527249278,0.11242009721999724,0.09912977387939978,0.0946926145391458,0.10356693321965374,0.14639312092386514,0.1514990792656661,0.14128716258206417,0.10024012438974744,0.100064220714657,0.10041602806483789,0.10180790366955327,0.09593230457014512,0.10768350276896141,0.1073200858760639,0.09983795651574924,0.11480221523637857,0.12086399585477577,0.1287292421370329,0.11299874957251863,2015-2019,0
1142,KOK,Jukka Kopra,159,0.10153137412063631,0.10677984320389577,0.09628290503737684,0.09683814638244437,0.09019866164634167,0.10347763111854705,0.08808027676100794,0.0963035358591888,0.07985701766282707,0.13294849087890076,0.12730041010734872,0.13859657165045283,0.08597918971622726,0.08420431973644751,0.087754059696007,0.10721027120353918,0.09759520264865874,0.1168253397584196,0.12338358143537273,0.1320713849801945,0.11469577789055097,0.13131706393418022,0.12475904890973513,0.1378750789586253,0.13271160556769124,0.14078759290818915,0.12463561822719335,2015-2019,0
1144,SDP,Suna Kymäläinen,198,0.13389910987135545,0.13700668827553747,0.13079153146717343,0.14102684704890556,0.14467386413233846,0.13737982996547263,0.10569525794350723,0.10320538155574713,0.10818513433126734,0.09523476899855178,0.09158225958718166,0.0988872784099219,0.07613775369433437,0.06751945196795185,0.08475605542071689,0.10379583401117405,0.11087907524378778,0.09671259277856033,0.10231946389944671,0.10455433755066665,0.10008459024822676,0.10781338445853733,0.11472500610152125,0.10090176281555341,0.13407758007418755,0.12585393558526775,0.14230122456310734,2015-2019,0
1146,PS,Jari Lindström,307,0.10660904780778972,0.0997349995253301,0.11348309609024934,0.12256679227739337,0.11472579334732562,0.13040779120746113,0.0896534255739205,0.08403753536428986,0.09526931578355113,0.11997435499871564,0.11586537539843596,0.12408333459899534,0.08679831636678587,0.08494535899407016,0.08865127373950157,0.08502654472066165,0.07438521413670425,0.09566787530461904,0.12617382702221708,0.13971959482844443,0.11262805921598976,0.12508451640627488,0.13083131225332306,0.11933772055922671,0.1381131748262413,0.15575481615207656,0.12047153350040604,2015-2019,0
1146,SIN,Jari Lindström,217,0.11125586542740484,0.11365250298384981,0.10885922787095989,0.12334375111879217,0.1283567211177031,0.11833078111988124,0.1110734848749586,0.1135167844476374,0.10863018530227983,0.1309850675169432,0.1356773737981096,0.1262927612357768,0.09356641343351887,0.09669821094993103,0.0904346159171067,0.07522457225648613,0.07583225314850538,0.07461689136446689,0.13021125299415837,0.12385439652339376,0.13656810946492298,0.1095154258686857,0.10594763043667343,0.11308322130069796,0.1148241665090521,0.10646412659419649,0.1231842064239077,2015-2019,0
1147,SDP,Antti Lindtman,603,0.12231588354842195,0.12269386118039885,0.12193790591644504,0.1621142004230749,0.16312833073459537,0.16110007011155442,0.11572686246099229,0.11373376576610586,0.11771995915587871,0.09298323845563955,0.0956302647238916,0.0903362121873875,0.11063750322800148,0.11467620700354322,0.10659879945245972,0.08635253397981,0.08738344714540766,0.08532162081421235,0.10121079104903433,0.10176056405213889,0.10066101804592978,0.09331302937560906,0.08650453233785818,0.10012152641335995,0.11534595747941648,0.11448902705606037,0.1162028879027726,2015-2019,0
1150,PS,Anne Louhelainen,70,0.08447490215785133,0.08716937864978472,0.08178042566591795,0.10478732244011844,0.09569983984868669,0.1138748050315502,0.1132184100431304,0.12166288997419719,0.1047739301120636,0.10710038592162698,0.10295148678081625,0.1112492850624377,0.09617930142940934,0.11401607636741229,0.0783425264914064,0.12357157124296958,0.11394450565608641,0.13319863682985275,0.14006112887082453,0.11875781405640642,0.16136444368524264,0.11151231979429657,0.11440916072915726,0.10861547885943587,0.11909465809977282,0.13138884793745276,0.10680046826209288,2015-2019,0
1151,KESK,Eeva-Maria Maijala,406,0.08611111652580618,0.08392989957735096,0.0882923334742614,0.1202267173692737,0.1221972652837248,0.1182561694548226,0.09614016917505144,0.10195288059865597,0.09032745775144692,0.1799084298642965,0.17404608094159077,0.18577077878700227,0.08171771612447576,0.07529205372658783,0.08814337852236367,0.07576623754553016,0.08068594948703603,0.07084652560402431,0.10905442457021308,0.10768936274017175,0.11041948640025442,0.1001224746555205,0.09404229473753858,0.10620265457350242,0.15095271416983258,0.16016421290734326,0.14174121543232193,2015-2019,0
1152,PS,Pirkko Mattila,148,0.10994629171014132,0.10989105185900168,0.11000153156128097,0.11273729129298996,0.11780363125261281,0.1076709513333671,0.08384074130540525,0.08185665060341497,0.08582483200739553,0.1363087565279868,0.13903099250959922,0.13358652054637438,0.0773440828022514,0.07406661128202582,0.08062155432247697,0.08075087547633718,0.07955384744685326,0.0819479035058211,0.139648781827365,0.1374393755398674,0.1418581881148626,0.14074007580823045,0.13567419376295128,0.1458059578535096,0.11868310324929263,0.1246836457436735,0.11268256075491176,2015-2019,0
1152,SIN,Pirkko Mattila,114,0.09742864880964294,0.09820142496169622,0.09665587265758965,0.10885678191333592,0.11239871540024984,0.105314848426422,0.09237585093638284,0.09283832457119698,0.09191337730156872,0.10975431621185683,0.11063816113185307,0.1088704712918606,0.07730066709373581,0.08233051426236154,0.0722708199251101,0.09358651637673752,0.09355071444237033,0.09362231831110472,0.1318482844188666,0.12838635644134636,0.1353102123963868,0.16823948931629015,0.16300909439695443,0.17346988423562587,0.12060944492315134,0.1186466943919712,0.12257219545433148,2015-2019,0
1153,VAS,Silvia Modig,205,0.13218199033771635,0.13512041503574493,0.12924356563968778,0.1318582381142135,0.13022273152802155,0.13349374470040543,0.1386867976081258,0.13339933274957055,0.14397426246668107,0.09648771833829697,0.09455653925795307,0.09841889741864088,0.10627519765559537,0.10875837155506303,0.1037920237561277,0.09051995950500999,0.08892838478282074,0.09211153422719924,0.11005277134310476,0.1035283045847655,0.11657723810144402,0.09686888558126913,0.10092682841587593,0.09281094274666234,0.09706844151666817,0.10455909209018477,0.08957779094315158,2015-2019,0
1154,VAS,Jari Myllykoski,720,0.10393679073620485,0.1046798991031874,0.10319368236922229,0.12475634648750399,0.11898061216180686,0.1305320808132011,0.08668773400298868,0.09241538585116059,0.08096008215481676,0.12735359266747068,0.12436299951876255,0.1303441858161788,0.09112180085368869,0.0989520294783112,0.08329157222906619,0.08335885999944953,0.09104428078598147,0.07567343921291758,0.13110755530164453,0.13257757444976362,0.12963753615352547,0.1092416194196065,0.10477473921609781,0.11370849962311518,0.14243570053144258,0.13221247943492848,0.1526589216279567,2015-2019,0
1155,VAS,Anna Kontula,333,0.13606924629692038,0.13557556235947654,0.13656293023436422,0.13217624190639074,0.1284765399677122,0.1358759438450693,0.13655328859914906,0.14788102880437431,0.12522554839392383,0.08557806857646078,0.08277254464792862,0.08838359250499292,0.08409142991552247,0.07883673015641135,0.0893461296746336,0.10412373922397862,0.10148366113273155,0.10676381731522569,0.10543189543674575,0.11019878543283108,0.1006650054406604,0.1043201529352912,0.10475599328307512,0.10388431258750727,0.11165593710954105,0.11001915421545931,0.11329272000362278,2015-2019,0
1157,KESK,Annika Saarikko,536,0.10766075313499954,0.10511909373953358,0.1102024125304655,0.13152965656153898,0.12709920485151688,0.13596010827156105,0.12665632435755458,0.13533048102294937,0.11798216769215977,0.10866136638610416,0.09552905440363754,0.12179367836857077,0.09545128678369062,0.09572480867001815,0.0951777648973631,0.10912288987028158,0.10984017490075078,0.10840560483981239,0.12735995169065623,0.131269719959265,0.12345018342204746,0.10632495121121485,0.10991093289644686,0.10273896952598283,0.08723282000395949,0.09017652955588182,0.08428911045203716,2015-2019,0
116,SDP,Jukka Gustafsson,317,0.10988656256914198,0.10094268266016888,0.11883044247811507,0.13246609233628498,0.13221976204891442,0.13271242262365557,0.1029389699734156,0.09826359704663909,0.10761434290019212,0.0975874636804262,0.09259682673868305,0.10257810062216936,0.11985792326127015,0.11974740762067233,0.11996843890186797,0.09425360773184144,0.09544982082523154,0.09305739463845134,0.13331689688496995,0.12672321610645026,0.1399105776634896,0.10439220166091456,0.11301348335996741,0.0957709199618617,0.10530028190173511,0.12104320359327299,0.08955736021019724,2015-2019,0
118,VIHR,Pekka Haavisto,145,0.09360784250739529,0.08876651252448847,0.0984491724903021,0.11168224979887212,0.10775047944625435,0.11561402015148989,0.10863366920171436,0.10746258502613819,0.10980475337729054,0.12162743983524385,0.1326493681093195,0.1106055115611682,0.09570533380873263,0.0941481801268265,0.09726248749063875,0.08704348926002842,0.08565112946881401,0.08843584905124284,0.15740544941163861,0.16474836986733976,0.15006252895593747,0.1091823426849002,0.10255259094381955,0.11581209442598084,0.11511218349147452,0.11627078448699964,0.1139535824959494,2015-2019,0
1202,SDP,Nasima Razmyar,87,0.11085122172062048,0.11454508953592309,0.10715735390531786,0.11659949302935986,0.11364054504005172,0.119558441018668,0.1204140656453457,0.1324360968121545,0.10839203447853688,0.12128331864215419,0.11805963718125564,0.12450700010305274,0.10063797226767482,0.09691206795568473,0.10436387657966491,0.11184755739948171,0.11359991840322699,0.11009519639573644,0.10928093789075508,0.10521687724557147,0.11334499853593867,0.09835218743921406,0.09991217488141158,0.09679219999701656,0.11073324596539405,0.10567759294472026,0.11578889898606785,2015-2019,0
1217,RKP,Carl Haglund,50,0.09713547360709826,0.09404144741409952,0.10022949980009702,0.1313348342026527,0.13739624774700282,0.1252734206583026,0.11644704902301331,0.12012548552588158,0.11276861252014506,0.09281908030608535,0.08735902149311525,0.09827913911905545,0.15973681287674982,0.15761677517037725,0.16185685058312238,0.08406068791037266,0.08705527406152741,0.08106610175921791,0.09611537635254801,0.09619207680270964,0.09603867590238638,0.0949869603323884,0.09651427207067027,0.09345964859410652,0.12736372538909152,0.1236993997146163,0.13102805106356674,2015-2019,0
1219,KOK,Saara-Sofia Sirén,80,0.10121464913980482,0.10139973868845367,0.10102955959115596,0.1060430845171618,0.10161934865887975,0.11046682037544382,0.11439193198372552,0.10493254953423689,0.12385131443321414,0.123248186973166,0.12506082635286278,0.12143554759346922,0.09572345915262842,0.09955777543196047,0.09188914287329636,0.11771465675914874,0.11364893663474904,0.12178037688354844,0.14039424855524574,0.14367155619747077,0.13711694091302068,0.11310098635527203,0.11484260814056306,0.11135936456998101,0.08816879656384696,0.09526666036082357,0.08107093276687036,2015-2019,0
127,KESK,Sirkka-Liisa Anttila,155,0.09694906967622655,0.09911892907115064,0.09477921028130246,0.11217937999115891,0.10916180438158898,0.11519695560072885,0.09052350391687719,0.09144280902878982,0.08960419880496455,0.17869839741652987,0.17491760131154047,0.18247919352151926,0.07260010304973213,0.08066625147183401,0.06453395462763026,0.09911922595519417,0.09221747409174952,0.10602097781863881,0.14624109384054512,0.14537412949330245,0.14710805818778777,0.09866072872143039,0.10089128334587216,0.09643017409698863,0.1050284974323057,0.10620971780417195,0.10384727706043946,2015-2019,0
1274,SDP,Antti Rinne,489,0.15555796400139948,0.14593016113583476,0.16518576686696423,0.15399435373186693,0.16729243544308953,0.1406962720206443,0.12396255916542301,0.12408655405921798,0.12383856427162802,0.10994536617690623,0.1155966168314633,0.10429411552234916,0.09723953175008933,0.09067693569481752,0.10380212780536113,0.09689860517267722,0.09749127974615068,0.09630593059920375,0.10371705101434009,0.10330266778240485,0.10413143424627531,0.07034466183815064,0.06896401192228561,0.07172531175401567,0.08833990714914705,0.08665933738473572,0.09002047691355837,2015-2019,0
1275,PS,Mika Raatikainen,54,0.08051278897621426,0.08128405299984542,0.0797415249525831,0.10245833747561836,0.1079274991063528,0.09698917584488392,0.1064010923832093,0.10465745159644961,0.10814473316996898,0.11543033818580406,0.11062337475208905,0.12023730161951907,0.10722620687934056,0.12271248878753593,0.09173992497114519,0.1200882854417393,0.12023101474131533,0.11994555614216329,0.12115176236480628,0.11916246576985927,0.12314105895975329,0.12100094133896477,0.10194992600442658,0.14005195667350295,0.12573024695430307,0.13145172624212598,0.12000876766648017,2015-2019,0
1276,VAS,Katja Hänninen,176,0.11626329942633162,0.11705772820776876,0.11546887064489449,0.12496784911698419,0.131585610802612,0.11835008743135637,0.13913051368782547,0.12695087338639538,0.15131015398925554,0.09878456306085773,0.10097322742066354,0.09659589870105192,0.10462382238601714,0.11775068569066263,0.09149695908137163,0.11305160109179058,0.10751993825318458,0.11858326393039656,0.10144931887586327,0.10739258249385286,0.09550605525787367,0.09127613723859282,0.08784370285393207,0.09470857162325358,0.11045289511573722,0.1029256508909282,0.11798013934054623,2015-2019,0
1282,KOK,Wille Rydman,95,0.10931117001636795,0.10945145479533995,0.10917088523739593,0.11278575910463765,0.11169062789183973,0.11388089031743558,0.09684823589616338,0.09264423702239005,0.10105223476993672,0.13137948525127158,0.13379966494345508,0.1289593055590881,0.0945352175772614,0.09675142176977103,0.09231901338475176,0.08977044780966377,0.0895460110916122,0.08999488452771534,0.14025318327569142,0.1416299238545983,0.13887644269678456,0.10500219058172407,0.09855858313754084,0.11144579802590729,0.12011431048721877,0.1259280754934529,0.11430054548098463,2015-2019,0
1297,SDP,Sanna Marin,228,0.1336653576143948,0.13234822607418734,0.13498248915460226,0.16970034177544446,0.16659349892508138,0.17280718462580755,0.15826914396956712,0.14670826413078308,0.16983002380835116,0.08305190026034757,0.08974229072259995,0.0763615097980952,0.09178003667250667,0.09367559668255232,0.08988447666246104,0.09616695406083506,0.09135453108366913,0.100979377038001,0.097438193626013,0.10889178389984414,0.08598460335218185,0.08172093962181465,0.079453791302342,0.08398808794128729,0.08820713239907671,0.09123201717894072,0.08518224761921271,2015-2019,0
1299,KOK,Sari Multala,174,0.10828211457298373,0.11797928496593395,0.09858494418003352,0.09689355890979942,0.09230557937561368,0.10148153844398518,0.10688045937247745,0.10811437095466944,0.10564654779028546,0.09593290920926141,0.0926867648969177,0.09917905352160512,0.09566776558133566,0.09031565138443384,0.10101987977823748,0.10968710716946511,0.09798809886785735,0.12138611547107288,0.17800496652397776,0.19287093988863094,0.1631389931593246,0.1065054981148667,0.11385327424569128,0.09915772198404213,0.10214562054583279,0.0938860354202519,0.1104052056714137,2015-2019,0
1300,KOK,Kai Mykkänen,218,0.0895815224032221,0.08729673281339478,0.09186631199304943,0.1107554393679813,0.10956197323482615,0.11194890550113645,0.10660994848277586,0.10533327879908247,0.10788661816646924,0.12428107626321308,0.1323458814400597,0.11621627108636645,0.07360502223014981,0.06691438936374877,0.08029565509655086,0.10006848451903713,0.10353584728671297,0.09660112175136129,0.15150430785910968,0.1602600925761591,0.14274852314206027,0.13408678927332385,0.11516418371548207,0.15300939483116566,0.10950740960118716,0.11958762077053398,0.09942719843184035,2015-2019,0
1301,PS,Jani Mäkelä,606,0.13830718265256564,0.13867287164100225,0.137941493664129,0.10633052278987368,0.10135425857346289,0.11130678700628445,0.10511871133030024,0.09585356532459299,0.11438385733600746,0.10272325768836987,0.10232862187263476,0.10311789350410497,0.10425012754933212,0.11040114549886211,0.09809910959980213,0.10346330928214076,0.09882639029008193,0.10810022827419959,0.1019067309274912,0.0952978923615052,0.10851556949347718,0.11568866502632276,0.12231838396790973,0.10905894608473579,0.12221149275360373,0.13494687046994805,0.1094761150372594,2015-2019,0
1303,KESK,Ulla Parviainen,162,0.10103027770773639,0.09649237721066235,0.10556817820481042,0.08908701208786834,0.08834313258853152,0.08983089158720518,0.10102824033711749,0.08912867284297668,0.11292780783125829,0.15510216037621438,0.16011462215433492,0.15008969859809382,0.08855662347601811,0.08300404468222658,0.09410920226980965,0.11775679819998344,0.11653384777558211,0.11897974862438476,0.14422979731444702,0.15636791259279317,0.13209168203610083,0.0996808341658815,0.10348890495606107,0.09587276337570191,0.10352825633473335,0.10652648519683157,0.10053002747263513,2015-2019,0
1304,VIHR,Olli-Poika Parviainen,260,0.10152001394341278,0.09891997614267747,0.10412005174414811,0.11740731950413705,0.12150240344564814,0.11331223556262596,0.1374559116217982,0.1344001839598247,0.14051163928377172,0.09980025671448166,0.08817494881049287,0.11142556461847045,0.1021703875466568,0.10034911231166252,0.1039916627816511,0.1025827449789208,0.10678877299772871,0.09837671696011288,0.12642293584914338,0.13205467839165935,0.12079119330662744,0.10769337420403421,0.10764118522966741,0.107745563178401,0.10494705563741516,0.11016873871063888,0.09972537256419144,2015-2019,0
1305,KESK,Juha Pylväs,69,0.08479633051608378,0.08470197113433714,0.08489068989783041,0.08725585046645087,0.0942438558861167,0.08026784504678507,0.08598155717734055,0.08449508195938225,0.08746803239529885,0.15138446424303872,0.15326759989772104,0.1495013285883564,0.09109920377946723,0.0914978411308598,0.09070056642807464,0.11710224722902136,0.1195665063060534,0.11463798815198933,0.10590064504165524,0.11180139613663635,0.09999989394667412,0.15804082831412125,0.15197795278944423,0.16410370383879827,0.118438873232821,0.10844779475944913,0.12842995170619287,2015-2019,0
1306,RKP,Anders Adlercreutz,203,0.1234483219630582,0.12614325994909176,0.12075338397702465,0.09936505614710675,0.09170706233859321,0.10702304995562029,0.13123172452845955,0.14114880765386972,0.12131464140304937,0.1114980569622299,0.11791413327143374,0.10508198065302607,0.1319820008415858,0.12581075798760105,0.13815324369557053,0.09252371269018797,0.08949974068782415,0.09554768469255179,0.10569974687366056,0.10640360657318641,0.1049958871741347,0.10062142873963287,0.09734924430135597,0.10389361317790977,0.10362995125407842,0.10402338723704393,0.10323651527111291,2015-2019,0
1308,PS,Jari Ronkainen,110,0.11882167762973479,0.11531027765888449,0.1223330776005851,0.09343074279477206,0.09949152348127745,0.0873699621082667,0.09791531885781374,0.09804897411532246,0.09778166360030502,0.0953301896967022,0.10001429670042232,0.0906460826929821,0.08769997519754388,0.07945833256808107,0.0959416178270067,0.12848440834731462,0.13519526402217008,0.12177355267245915,0.10286022476522999,0.10256493317112794,0.10315551635933204,0.132195873454381,0.12778528061945188,0.13660646628931014,0.14326158925650767,0.14213111766326228,0.14439206084975303,2015-2019,0
1309,KOK,Veera Ruoho,82,0.08895827362133119,0.0850760083596124,0.09284053888304997,0.10233252189594788,0.10646459324937814,0.09820045054251764,0.11226448602713697,0.1059343235337954,0.11859464852047855,0.09612035405144741,0.10100906306355992,0.0912316450393349,0.08315272292210704,0.0812900600022141,0.085015385842,0.12193871801199077,0.1208251431824536,0.12305229284152794,0.11511034218199516,0.11937895719837903,0.11084172716561129,0.13287909561881828,0.13384743407910357,0.131910757158533,0.1472434856692253,0.14617441733150385,0.14831255400694673,2015-2019,0
1309,PS,Veera Ruoho,94,0.10041407650750839,0.10474214171869008,0.09608601129632668,0.0986460725979358,0.10068570297167005,0.09660644222420155,0.11772079036111241,0.12626449292301228,0.10917708779921254,0.08659700800893441,0.0869722380320431,0.08622177798582574,0.10213695362244524,0.1038242796531053,0.10044962759178519,0.11277176964185384,0.11255760884469126,0.11298593043901643,0.11210548333153822,0.10234805095855659,0.12186291570451983,0.14010306520151627,0.1356082871413201,0.1445978432617125,0.12950478072715538,0.1269971977569113,0.13201236369739947,2015-2019,0
1310,VAS,Li Andersson,699,0.12121227049422709,0.11800661762015863,0.12441792336829553,0.13336531171944532,0.13596427379881143,0.1307663496400792,0.14340657252805372,0.1445674084948183,0.14224573656128917,0.08878085527270133,0.08852331573588576,0.08903839480951689,0.1175658651451182,0.11898857720820921,0.11614315308202719,0.09030754796199944,0.09870351382750563,0.08191158209649327,0.12701893223856373,0.1117729979667231,0.14226486651040435,0.08933086464542639,0.08429532503091833,0.09436640425993444,0.0890117799944648,0.09917797031696957,0.07884558967196002,2015-2019,0
1312,VAS,Hanna Sarkkinen,440,0.13726800594683902,0.13302982519961054,0.14150618669406748,0.11964078789498853,0.128924920440673,0.11035665534930406,0.14344372305455322,0.13734728356213174,0.14954016254697466,0.09324842346024687,0.10646984633112247,0.08002700058937126,0.09299917932265986,0.08671708734765711,0.0992812712976626,0.11020098042587563,0.10608712875145554,0.11431483210029572,0.09310615140569026,0.08834851826890963,0.0978637845424709,0.10582399289518404,0.1068436683547332,0.1048043174356349,0.10426875559396259,0.10623172174370674,0.10230578944421846,2015-2019,0
1313,KESK,Anne Berner,250,0.07938500868718362,0.07969978447331608,0.07907023290105117,0.11236346375730294,0.10544688463573085,0.11928004287887502,0.10745613603383715,0.10345939042715238,0.11145288164052192,0.1644516953770674,0.16778466829214106,0.16111872246199369,0.09436434768259935,0.0860869159972422,0.10264177936795649,0.07071174689779226,0.07004978989316063,0.0713737039024239,0.16917002829468958,0.1755822542072568,0.16275780238212234,0.12025757995924642,0.1278280908322562,0.11268706908623663,0.0818399933102813,0.08406222124174371,0.07961776537881887,2015-2019,0
1315,VAS,Matti Semi,222,0.10444353876505888,0.10529061060122266,0.10359646692889508,0.12310926001784965,0.12528810557961406,0.12093041445608524,0.09751882289213978,0.10101154634255313,0.09402609944172644,0.12483240219494193,0.10235281086162724,0.1473119935282566,0.09679037626624368,0.1060081335381566,0.08757261899433075,0.10485205320659835,0.10539390790686323,0.10431019850633345,0.11002727785053934,0.12005735590984838,0.09999719979123031,0.10170908993264657,0.10440501922676244,0.0990131606385307,0.13671717887398183,0.13019251003335225,0.14324184771461138,2015-2019,0
1316,SDP,Ville Skinnari,199,0.0984301776260675,0.10405303263103309,0.0928073226211019,0.10108901500173148,0.09026288697439641,0.11191514302906655,0.11695872914801328,0.11147881586499853,0.12243864243102802,0.12269956111809865,0.11308286702986922,0.1323162552063281,0.10665949558844476,0.107314832085844,0.1060041590910455,0.09582788641013684,0.09975811464342649,0.09189765817684718,0.09457131760882712,0.09422751200111387,0.09491512321654035,0.12035721064433964,0.12397602544720998,0.1167383958414693,0.1434066068543407,0.15584591332210837,0.13096730038657303,2015-2019,0
1317,PS,Simon Elo,173,0.10620913887768234,0.11337330236149545,0.09904497539386922,0.1080800077068067,0.11661724238987661,0.09954277302373678,0.08800887767568366,0.0839362426074369,0.09208151274393042,0.098462284669316,0.09609887739350882,0.10082569194512317,0.08285913384532753,0.08648827384668546,0.0792299938439696,0.10037275760640703,0.10234105939436719,0.09840445581844687,0.11622949410294736,0.1106445432537646,0.12181444495213012,0.1269531588186229,0.12802254632619817,0.1258837713110476,0.1728251466972065,0.16247791242666684,0.18317238096774613,2015-2019,0
1317,SIN,Simon Elo,276,0.10576363759342014,0.10676232197382371,0.10476495321301656,0.10980738576867051,0.10610636279609871,0.11350840874124231,0.09742745143773962,0.10301426541915679,0.09184063745632245,0.10637342598124142,0.10778982115049818,0.10495703081198464,0.09178873887159804,0.09286377810288483,0.09071369964031124,0.09302134250976443,0.09417465585350573,0.09186802916602313,0.12538235197199615,0.12267129173647022,0.1280934122075221,0.1278080498417835,0.1311014616787766,0.12451463800479046,0.14262761602378624,0.13551604128878536,0.1497391907587871,2015-2019,0
1318,RKP,Joakim Strand,79,0.11025731834193464,0.11719695896382512,0.10331767772004416,0.09342663540370169,0.08411111513839677,0.1027421556690066,0.10770330365394405,0.09839029490618204,0.11701631240170607,0.1179115915272029,0.1285110734752348,0.107312109579171,0.1533605602606473,0.1607778470317766,0.14594327348951797,0.11349042414029162,0.10582782275174504,0.12115302552883819,0.10147495171068538,0.10083273028702829,0.10211717313434247,0.08939654617527369,0.08758099677735721,0.09121209557319017,0.1129786687863188,0.11677116066845424,0.10918617690418338,2015-2019,0
1320,PS,Tiina Elovaara,41,0.10411138609761258,0.10914657201504459,0.09907620018018057,0.1272866983627507,0.11287853583964139,0.14169486088585997,0.1391034221417279,0.13587336562018243,0.1423334786632734,0.10799931511655296,0.1103118602970061,0.10568676993609982,0.1038848491641946,0.1016056867563502,0.10616401157203899,0.11641457091795515,0.1194482731871567,0.11338086864875359,0.10895265147046895,0.11419101702288441,0.10371428591805351,0.09281201655417785,0.0967901696251047,0.08883386348325101,0.09943509017455934,0.09975451963662949,0.09911566071248919,2015-2019,0
1320,SIN,Tiina Elovaara,43,0.10284410088956478,0.11077299552621382,0.09491520625291575,0.11171426400452542,0.11341047138755662,0.11001805662149419,0.13185136380225376,0.1338780962146043,0.1298246313899032,0.09239989824326958,0.09070600117852846,0.09409379530801068,0.12873246990518042,0.12498497839699947,0.13247996141336135,0.1204127049385266,0.1192426597596378,0.1215827501174154,0.1137742278048989,0.11968564668004873,0.10786280892974906,0.09721723182304087,0.09150062350286219,0.10293384014321956,0.10105373858873967,0.09581852735354861,0.10628894982393075,2015-2019,0
1321,KESK,Martti Talja,119,0.11213152619160613,0.10978707308034323,0.11447597930286904,0.10945289531702734,0.10724735436369823,0.11165843627035647,0.10256758090875023,0.104545019013298,0.10059014280420245,0.12848547395679677,0.13570734498017448,0.12126360293341905,0.10519775761979319,0.10983158041245245,0.10056393482713395,0.12526211597721743,0.1275172104476405,0.12300702150679435,0.10466218994156941,0.09722318028912194,0.11210119959401688,0.11104949730834027,0.10873872147059829,0.11336027314608225,0.10119096277889922,0.09940251594267291,0.10297940961512553,2015-2019,0
1322,KESK,Pertti Hakanen,140,0.08806910839621208,0.0960765127578863,0.08006170403453787,0.1106034342820712,0.10627843710670101,0.11492843145744139,0.07433748628322208,0.07533523942811145,0.07333973313833271,0.2161888416684674,0.21014399032189607,0.22223369301503873,0.07622577664800972,0.0823423180014732,0.07010923529454624,0.08888484010379905,0.09044476286453175,0.08732491734306633,0.1455932335556419,0.14113194811249014,0.15005451899879368,0.1016699185059463,0.09664427877319305,0.10669555823869954,0.09842736055663029,0.10160251263371707,0.09525220847954352,2015-2019,0
1323,KOK,Mari-Leena Talvitie,117,0.09557026867838828,0.08509265681358466,0.10604788054319188,0.127754171257135,0.13009990337973837,0.12540843913453162,0.10728518886289498,0.10578642275800691,0.10878395496778304,0.11895169588643012,0.12449090780353247,0.11341248396932775,0.09304297586220406,0.09262593620733375,0.09346001551707436,0.11505620864629976,0.11621123543960551,0.113901181852994,0.1398012205934916,0.13677499898353776,0.1428274422034454,0.10827279174886797,0.1099361128721563,0.10660947062557966,0.09426547846428829,0.09898182574250423,0.08954913118607233,2015-2019,0
1324,VIHR,Hanna Halmeenpää,332,0.12424912926836529,0.10913441455216497,0.1393638439845656,0.12171324478355564,0.11893122878815213,0.12449526077895916,0.1429031669508037,0.15392159805202826,0.13188473584957916,0.10841265967030499,0.10134910663956365,0.11547621270104633,0.08404159927073875,0.09173491870849543,0.07634827983298206,0.10100216253261551,0.09857209767104871,0.1034322273941823,0.10322916853057795,0.10643642725851635,0.10002190980263954,0.1127071139757127,0.12205777456815736,0.10335645338326804,0.10174175501732546,0.09786243376187312,0.1056210762727778,2015-2019,0
1325,KD,Sari Tanus,390,0.09265667083587306,0.08746256531572069,0.09785077635602542,0.09803317550548957,0.09984679592676107,0.09621955508421808,0.1134867406701908,0.12276245525798828,0.10421102608239333,0.10421656345919858,0.10229484335409948,0.10613828356429769,0.09429881862904643,0.07863495302439864,0.10996268423369424,0.15846698214459326,0.16987742955110213,0.1470565347380844,0.11012669910040326,0.11014086520771953,0.11011253299308699,0.09938639909955696,0.10272458177437409,0.09604821642473985,0.12932795055564808,0.1262555105878361,0.13240039052346006,2015-2019,0
1327,PS,Ville Tavio,183,0.11075989060277526,0.11145003311685171,0.11006974808869881,0.10094782360666112,0.09951409734236959,0.10238154987095265,0.09951550655973154,0.10942402937869837,0.08960698374076473,0.08707767309204825,0.08021961305362287,0.09393573313047363,0.09886449855458215,0.09724669975805893,0.10048229735110537,0.10213001881529446,0.09526278225715444,0.10899725537343449,0.12006029752457667,0.11717703419836292,0.12294356085079043,0.1259656664431773,0.1344177443107453,0.11751358857560934,0.1546786248011532,0.15528796658413588,0.15406928301817052,2015-2019,0
1331,KESK,Petri Honkonen,160,0.10472303998432982,0.10188633095775242,0.10755974901090722,0.0912689986360839,0.09155575969133352,0.09098223758083429,0.12350147947657114,0.1193074041270844,0.12769555482605788,0.14439732634579167,0.1496903348433561,0.13910431784822727,0.09542105833098927,0.09233416545470079,0.09850795120727776,0.11047434731445104,0.11429225346623395,0.10665644116266812,0.1298512498057917,0.1259267935596086,0.13377570605197486,0.10432953167133606,0.10435886129667324,0.10430020204599888,0.09603296843465538,0.10064809660325702,0.09141784026605373,2015-2019,0
1332,VIHR,Ozan Yanar,213,0.13084315164352917,0.13327063277859422,0.1284156705084641,0.12407511751490324,0.10850344289797668,0.1396467921318298,0.11904333459841795,0.1262424481843652,0.11184422101247071,0.08057059840349295,0.08193923376490411,0.0792019630420818,0.11452288374124864,0.11945382183381788,0.10959194564867938,0.09131933341879765,0.0966965873462247,0.0859420794913706,0.11549120751505373,0.10898882164135464,0.12199359338875285,0.0957164666922908,0.09359531711513525,0.09783761626944634,0.1284179064722659,0.1313096944376273,0.12552611850690448,2015-2019,0
1333,PS,Laura Huhtasaari,268,0.12092759183380189,0.11800000125733627,0.12385518241026752,0.10021370612370592,0.10424918677998271,0.09617822546742913,0.11711041506194005,0.11341356554998427,0.12080726457389582,0.09100575908966552,0.09500199136337631,0.08700952681595471,0.10195147605051147,0.09346031326111812,0.11044263883990482,0.1175549780703526,0.1069185817699276,0.1281913743707776,0.09744811233943027,0.09495468209860092,0.0999415425802596,0.11293376458916604,0.12103854532121457,0.10482898385711752,0.14085419684142628,0.15296313259845926,0.1287452610843933,2015-2019,0
1336,VIHR,Emma Kari,109,0.1333822038460968,0.12422604096983103,0.14253836672236259,0.11421652984301395,0.11097153750011077,0.11746152218591714,0.17841748910301414,0.19571167069535383,0.16112330751067444,0.0906446702303208,0.08759151655971945,0.09369782390092216,0.11306740279979685,0.09993750462771182,0.12619730097188187,0.10074481746485912,0.10593996825316307,0.09554966667655518,0.08800860319375432,0.08782062348457936,0.08819658290292928,0.09178651919072005,0.09692563546361269,0.08664740291782741,0.08973176432842395,0.09087550244591798,0.08858802621092991,2015-2019,0
1337,KOK,Susanna Koski,50,0.11711385182986916,0.11429517893387613,0.1199325247258622,0.09438141111153085,0.09433424590861808,0.09442857631444362,0.11189893687533553,0.11920674951010582,0.10459112424056523,0.13571149228808602,0.13328631864758228,0.13813666592858975,0.13773391471002297,0.13929298331116516,0.13617484610888078,0.09901317381873431,0.10096925638420624,0.09705709125326237,0.10623108882523372,0.10079463498727737,0.11166754266319008,0.09979028105805202,0.09861567132629179,0.10096489078981226,0.09812584948313546,0.0992049609908772,0.09704673797539373,2015-2019,0
1338,KESK,Hanna Kosonen,158,0.10144462585426266,0.0958654195662991,0.10702383214222622,0.11562758891091082,0.1168050413856609,0.11445013643616073,0.11140100736619836,0.10320037878760369,0.11960163594479303,0.11920801590445795,0.12298502541316274,0.11543100639575318,0.08264114617454174,0.08768633378286665,0.07759595856621683,0.10807248913972695,0.11125427902379074,0.10489069925566315,0.12742098251540568,0.1224302772425774,0.13241168778823395,0.1133301357970061,0.1214196006677204,0.10524067092629179,0.12085400833748977,0.11835364413031832,0.12335437254466122,2015-2019,0
1339,PS,Kari Kulmala,202,0.1065161375550471,0.09930289531773684,0.11372937979235738,0.08023458051034259,0.07941599492591367,0.0810531660947715,0.1258973351352041,0.1291457964813596,0.12264887378904861,0.13090687981702648,0.1328449763496927,0.1289687832843603,0.07977437474772306,0.07937293241112246,0.08017581708432367,0.12988809193283907,0.12363681958942863,0.1361393642762495,0.11239009070446924,0.11437246627578224,0.11040771513315625,0.11241054024396321,0.11267994524984133,0.11214113523808508,0.1219819693533851,0.1292281733991225,0.1147357653076477,2015-2019,0
1339,SIN,Kari Kulmala,215,0.0992203930745843,0.10438845383937863,0.09405233230978996,0.08534843029958614,0.09413193271178946,0.07656492788738281,0.11408070439210555,0.10948194696715823,0.11867946181705288,0.13054496592862191,0.13476749330268853,0.12632243855455527,0.07088017822480233,0.06475894385481393,0.07700141259479072,0.13261753649689367,0.13767237246374867,0.12756270053003865,0.11909297566686326,0.11516554113195551,0.12302041020177101,0.1420507411594218,0.13613534542708147,0.14796613689176213,0.10616407475712106,0.10349797030138559,0.10883017921285654,2015-2019,0
1340,KESK,Katri Kulmuni,280,0.10955708763274144,0.11652309158671319,0.10259108367876968,0.10064912647183817,0.09485214907958453,0.10644610386409181,0.09295759374969324,0.09546670518447314,0.09044848231491334,0.1430359619577154,0.1424689707901648,0.143602953125266,0.09010629445736668,0.09579889584802148,0.08441369306671187,0.09717977214010387,0.11403184817297636,0.08032769610723137,0.11570674710725229,0.11590272656340612,0.11551076765109844,0.11277460435509973,0.10658881639311699,0.11896039231708247,0.13803281212818924,0.11836679638154343,0.15769882787483508,2015-2019,0
1341,KESK,Antti Kurvinen,267,0.09778005283106486,0.10149007957011758,0.09407002609201216,0.10476511509795489,0.09635070461149672,0.11317952558441305,0.08596409240629252,0.09102887818380029,0.08089930662878474,0.16953312211713337,0.16560554997346627,0.17346069426080046,0.09257696350655267,0.09227285373938472,0.09288107327372061,0.11696566831104671,0.11888935914874035,0.11504197747335305,0.12059768340139485,0.13406556387051743,0.10712980293227226,0.10106347429257637,0.09351448090170597,0.10861246768344676,0.1107538280359838,0.10678253000077065,0.11472512607119693,2015-2019,0
1342,KOK,Jaana Laitinen-Pesola,49,0.10547227481550955,0.09842427459185726,0.11252027503916184,0.10898986624007942,0.10493708846983647,0.11304264401032235,0.08623025455603658,0.08302353099454733,0.08943697811752585,0.11383079833841392,0.11517811972254695,0.11248347695428088,0.08941416062118081,0.09138951355610757,0.08743880768625405,0.16902475699364397,0.17195159424479653,0.1660979197424914,0.11716314104400512,0.11791934464991405,0.11640693743809619,0.12223418674174134,0.12749114475002085,0.11697722873346184,0.0876405606493893,0.08968538902037296,0.08559573227840564,2015-2019,0
1343,KD,Antero Laukkanen,603,0.09831484600229942,0.09464813531979552,0.10198155668480331,0.13333685314891186,0.1380599324158525,0.12861377388197123,0.09812573599516264,0.10370133813889564,0.09255013385142966,0.11834446475418706,0.11836998262084371,0.11831894688753039,0.09918345314835926,0.10864341722594958,0.08972348907076894,0.10463207582445877,0.10719742172664057,0.10206672992227699,0.11128350475962547,0.10211292070812679,0.12045408881112414,0.10818368464285488,0.10289263605084842,0.11347473323486135,0.12859538172414064,0.1243742157930473,0.13281654765523399,2015-2019,0
1344,PS,Rami Lehto,126,0.11449845589479658,0.10300559102950613,0.12599132076008704,0.11325216481367067,0.11512362477943831,0.11138070484790305,0.10303612847113003,0.11176928455664496,0.0943029723856151,0.09583702225957647,0.10091642797248904,0.09075761654666388,0.10864482943641626,0.11706638384294725,0.10022327502988526,0.10378358422554153,0.09294766017469469,0.11461950827638837,0.10184380853028727,0.10640423189909062,0.09728338516148391,0.11602720131743435,0.11207297565347134,0.11998142698139735,0.14307680505114684,0.14069382009171763,0.14545979001057607,2015-2019,0
1347,PS,Sampo Terho,133,0.12439014503822386,0.12123901595561429,0.12754127412083344,0.12155511391871471,0.12681423006172093,0.11629599777570847,0.095366817988525,0.10758860223735867,0.08314503373969136,0.10331984447072831,0.10620345951912993,0.1004362294223267,0.09758936786744218,0.08901655389137046,0.10616218184351392,0.09558175646073994,0.09396052063715409,0.0972029922843258,0.12406238169455314,0.11462678423394805,0.13349797915515824,0.11858634700976449,0.11361385092265783,0.12355884309687115,0.1195482255513084,0.1269369825410458,0.112159468561571,2015-2019,0
1347,SIN,Sampo Terho,79,0.09839908897515334,0.09785393076336399,0.0989442471869427,0.08693291416718585,0.08629671796090557,0.08756911037346612,0.10135138592932613,0.10100979790583275,0.10169297395281951,0.1355279844147338,0.12855893693858872,0.1424970318908789,0.07165927825856955,0.07148389938783144,0.07183465712930767,0.09902462029993121,0.10249301711278687,0.09555622348707556,0.14471705771637922,0.14789685663661026,0.14153725879614815,0.14907978358455265,0.1564397066664521,0.14171986050265323,0.11330788665416822,0.10796713662762822,0.1186486366807082,2015-2019,0
1348,KESK,Mikko Kärnä,199,0.10475139375155748,0.10590953711697063,0.10359325038614434,0.09463184061882446,0.0891519353524747,0.10011174588517421,0.11165653696961464,0.11826299307115525,0.10505008086807402,0.1355373073262972,0.13735020980001073,0.13372440485258372,0.09573751000995075,0.08671412561679928,0.10476089440310221,0.10252844015048196,0.09874060048334556,0.10631627981761835,0.11404682229767955,0.11365894741470883,0.11443469718065027,0.11311781052028146,0.12772424981869518,0.09851137122186773,0.12799233835531254,0.12248740132583995,0.13349727538478515,2015-2019,0
1349,PS,Leena Meri,563,0.11731955893913296,0.1104165422421639,0.12422257563610199,0.11044314735169537,0.10643206759413137,0.11445422710925937,0.10044031561250581,0.09845028453879458,0.10243034668621705,0.11123958230740308,0.11356425569909649,0.10891490891570968,0.1049321617224297,0.09869654782109258,0.11116777562376681,0.1072447447802474,0.10627364586567434,0.10821584369482047,0.09927227298437613,0.10463922002169593,0.09390532594705633,0.10709126285995263,0.11048195960831073,0.10370056611159455,0.14201695344225695,0.15104547660904014,0.13298843027547377,2015-2019,0
1372,SIN,Matti Torvinen,57,0.10606090360360226,0.11135823943221632,0.10076356777498822,0.11185909922765822,0.10726713764521126,0.11645106081010519,0.09633751681520224,0.09527337870080335,0.09740165492960112,0.13932497821361967,0.13599756335703098,0.14265239307020838,0.08693810321138509,0.08309217065704025,0.09078403576572995,0.09170024493633674,0.0963745809898023,0.0870259088828712,0.11883969521545495,0.12458497201440469,0.11309441841650521,0.12817258707502283,0.1330350385005626,0.12331013564948301,0.12076687170171801,0.11301691870292825,0.1285168247005078,2015-2019,0
1374,RKP,Veronica Rehn-Kivi,68,0.1240289625844759,0.11089281723696627,0.13716510793198555,0.09813198936271095,0.09540845475225361,0.10085552397316828,0.12522467397334375,0.12494598940036124,0.12550335854632627,0.10406184473044727,0.09386437068454992,0.11425931877634463,0.15823522383857883,0.1515235858874923,0.16494686178966536,0.12606709486450918,0.143838444325519,0.10829574540349937,0.08733158126998744,0.09883135257439635,0.07583180996557855,0.08400321997889555,0.08993943268711078,0.07806700727068032,0.09291540939705117,0.09075555245135063,0.09507526634275174,2015-2019,0
1379,KOK,Mia Laiho,71,0.12568804536102446,0.12180397153430556,0.1295721191877434,0.10679804796279499,0.1128381797432447,0.10075791618234527,0.10528150847031836,0.10777437166471597,0.10278864527592077,0.1204082508707499,0.12056898568438983,0.12024751605710997,0.11854374068331042,0.11759530229377183,0.11949217907284901,0.10651261468387818,0.10049083602552941,0.11253439334222695,0.12533514111018845,0.1286238787437755,0.12204640347660141,0.09903445381874633,0.09500830071778704,0.10306060691970562,0.09239819703898886,0.0952961735924801,0.08950022048549762,2015-2019,0
1382,KESK,Hanna-Leena Mattila,40,0.11882547389907801,0.11454780262483569,0.12310314517332033,0.10844945792607141,0.10631891938861389,0.11057999646352892,0.11001428370126708,0.11166958340513589,0.10835898399739827,0.11268728308520573,0.10034170809958103,0.12503285807083042,0.09343707619142579,0.08503338517522295,0.10184076720762862,0.1272978774042989,0.1334907151986322,0.12110503960996559,0.10606391221099537,0.11360131521550605,0.09852650920648469,0.12115692879810608,0.11490268958843135,0.1274111680077808,0.10206770678355165,0.12009388130404101,0.08404153226306227,2015-2019,0
157,KESK,Kauko Juhantalo,109,0.09250468851519904,0.09563961760635109,0.08936975942404699,0.11072690236819825,0.10783903997181019,0.11361476476458632,0.10157334493603452,0.10132719332072113,0.10181949655134792,0.12341592449533545,0.1306334702701169,0.11619837872055401,0.09789610146491866,0.09212412884855437,0.10366807408128295,0.1091526441417063,0.09191747479721098,0.12638781348620165,0.11406078579147472,0.1229695009373708,0.10515207064557863,0.12067711633638059,0.11990492462131827,0.1214493080514429,0.12999249195075244,0.13764464962654627,0.1223403342749586,2015-2019,0
170,KOK,Ilkka Kanerva,117,0.09144635139628444,0.08810122492488821,0.09479147786768068,0.10645261605363007,0.10276663499030678,0.11013859711695335,0.11108264603354037,0.11329911876372833,0.1088661733033524,0.1512641227702204,0.1634084677267349,0.1391197778137059,0.09941810343896712,0.09868664394385553,0.10014956293407873,0.08985269194860279,0.08434370275245699,0.0953616811447486,0.12746772005047555,0.13267780546529528,0.12225763463565582,0.09288440711746096,0.09085917659595158,0.09490963763897034,0.13013134119081832,0.12585722483678244,0.13440545754485417,2015-2019,0
175,PS,Toimi Kankaanniemi,541,0.08965848459323918,0.08932372824570686,0.08999324094077149,0.13049354729893764,0.13789270277315316,0.12309439182472211,0.08116477204246106,0.08007381364702298,0.08225573043789912,0.1507836786450361,0.15591497296449514,0.1456523843255771,0.07705182342477675,0.0738705884481359,0.08023305840141759,0.09317135658228734,0.09652729408524126,0.08981541907933341,0.14030334212886836,0.11907074071855621,0.1615359435391805,0.11733950590482893,0.12260519346896656,0.1120738183406913,0.12003348937956466,0.12472096564872195,0.11534601311040737,2015-2019,0
202,KESK,Seppo Kääriäinen,117,0.07313566728944838,0.07563924413152848,0.07063209044736829,0.11709128908564201,0.10818271995284053,0.1259998582184435,0.08941648730241583,0.08722733008032438,0.09160564452450728,0.16601075784228542,0.1650352964645249,0.16698621922004592,0.1021558278138815,0.10787853579556572,0.09643311983219727,0.10346395889964304,0.10450234023418785,0.10242557756509822,0.10563237215333446,0.1024938778365579,0.108770866470111,0.12540110183086622,0.13104120665919267,0.11976099700253981,0.11769253778248315,0.11799944884527758,0.11738562671968873,2015-2019,0
203,SDP,Riitta Myller,300,0.10879767706412086,0.10919820443233981,0.10839714969590189,0.11926616801584075,0.1212447739887961,0.1172875620428854,0.10821075544087977,0.10174684158587002,0.1146746692958895,0.14611616436943164,0.16248790819882022,0.12974442054004304,0.10374685085871367,0.08935924677384202,0.11813445494358532,0.09911402626889387,0.10750873930192859,0.09071931323585916,0.12465880628665166,0.12160903460052123,0.12770857797278207,0.0885833966458805,0.0843463109035446,0.0928204823882164,0.10150615504958733,0.10249894021433739,0.10051336988483728,2015-2019,0
214,PS,Lea Mäkipää,163,0.10971862789506724,0.11112362361185613,0.10831363217827836,0.0949599152311105,0.09287966173588355,0.09704016872633744,0.09526582662637897,0.09315820523516993,0.09737344801758802,0.12129362707910307,0.12720661835122585,0.1153806358069803,0.07797062285469283,0.08483894992018665,0.07110229578919901,0.13616061794243883,0.121598241397715,0.15072299448716264,0.10761204941910585,0.10982176671294527,0.10540233212526642,0.13464955926984346,0.13882696911251655,0.13047214942717034,0.12236915368225919,0.12054596392250103,0.12419234344201735,2015-2019,0
214,SIN,Lea Mäkipää,102,0.10079344187791314,0.10535140850467686,0.09623547525114942,0.08854472647085017,0.09176082942598313,0.08532862351571721,0.09537401463152236,0.09470454169587315,0.09604348756717156,0.13623411778537797,0.1326604297151131,0.13980780585564287,0.07978418149810773,0.08232749606495858,0.0772408669312569,0.11578026576719481,0.11744952947936174,0.11411100205502789,0.11011745309853425,0.10510316302690911,0.1151317431701594,0.1402384351372991,0.1394583953375012,0.141018474937097,0.13313336373320045,0.13118420674962314,0.1350825207167778,2015-2019,0
242,KESK,Pekka Puska,93,0.09242666720519799,0.0980459544850685,0.08680737992532746,0.11428044247141768,0.10416757298514215,0.12439331195769321,0.12973576289085803,0.12786299242793178,0.1316085333537843,0.14185074536531045,0.14585561688388612,0.13784587384673477,0.12709065065848138,0.13485203997499026,0.11932926134197248,0.10285075594361376,0.10976799158719557,0.09593352030003197,0.1069617059932978,0.10852845821440031,0.10539495377219528,0.09447238439385466,0.08794320031812539,0.10100156846958394,0.09033088507796821,0.08297617312325994,0.09768559703267647,2015-2019,0
259,KOK,Pertti Salolainen,126,0.10434214807293477,0.09774029015369876,0.11094400599217077,0.10506501026608527,0.11338836872120053,0.09674165181097,0.08644573074236508,0.08051401473385353,0.09237744675087663,0.14873544064544872,0.16841787553428955,0.12905300575660789,0.0984933440756437,0.10198594987229799,0.09500073827898939,0.1139885099788373,0.10614971480627308,0.12182730515140153,0.10673685184192908,0.0989293460018712,0.11454435768198694,0.11003944607174754,0.10687596070733471,0.11320293143616036,0.1261535183050086,0.1259984794691807,0.1263085571408365,2015-2019,0
301,KOK,Ben Zyskowicz,691,0.11731306389800598,0.10769560527241709,0.12693052252359488,0.12156418891395862,0.12508315956185556,0.1180452182660617,0.1153609589794852,0.1106067379428551,0.12011518001611529,0.08975949193096067,0.09426569740099539,0.08525328646092596,0.10323810810472465,0.10065904752284272,0.1058171686866066,0.09252188753632773,0.08420807835539261,0.10083569671726285,0.11831861475221889,0.1298097318308482,0.10682749767358957,0.11385405597083936,0.1231941587671586,0.10451395317452013,0.12806962991347892,0.12447778334563475,0.13166147648132312,2015-2019,0
351,RKP,Eva Biaudet,172,0.09938593187724434,0.1045257486577608,0.0942461150967279,0.10678143672975561,0.09625321985445781,0.11730965360505341,0.1287396988311345,0.1275329073583918,0.1299464903038772,0.08489293689914129,0.08927446417276239,0.08051140962552021,0.1194035369995033,0.11544103194528384,0.12336604205372277,0.12357464181917474,0.12135280380386515,0.12579647983448433,0.13740942930935568,0.13011779927076011,0.14470105934795122,0.09397042915933893,0.1009323214476695,0.08700853687100835,0.10584195837535161,0.11456970348904863,0.09711421326165459,2015-2019,0
356,KESK,Olli Rehn,96,0.08475758454716387,0.08938709135832854,0.08012807773599921,0.10982331717807392,0.11451954321308408,0.10512709114306378,0.12010021806597165,0.11373046178415187,0.12646997434779145,0.17690839378097273,0.1696644545142829,0.1841523330476626,0.08336918936924953,0.0790448411462318,0.08769353759226725,0.07757139933457698,0.07352026945209883,0.08162252921705512,0.12545680652316732,0.14117584163679933,0.10973777140953529,0.12694001983815206,0.1227858096010831,0.13109423007522103,0.09507307136267185,0.09617168729393946,0.09397445543140423,2015-2019,0
357,SDP,Erkki Tuomioja,60,0.11957326615952248,0.11670743562724406,0.12243909669180089,0.10269975457096624,0.10077821011379273,0.10462129902813974,0.10968800255146757,0.1044348004396595,0.11494120466327566,0.12379351481854939,0.1264813331571068,0.12110569647999199,0.11133749588495942,0.11196351268448745,0.11071147908543137,0.089521963600465,0.0822730785642987,0.0967708486366313,0.11841876700391571,0.1267987365316032,0.11003879747622822,0.09603240893699085,0.09532321478123695,0.09674160309274474,0.1289348264731634,0.13523967810057064,0.12262997484575618,2015-2019,0
363,VIHR,Satu Hassi,411,0.10930539687622026,0.11075259337512389,0.10785820037731664,0.0917654599936171,0.0928592257749865,0.09067169421224769,0.15194549953223346,0.1300188463165665,0.17387215274790044,0.12077981641355802,0.12232869755040024,0.1192309352767158,0.09408109908212017,0.10079366972311501,0.08736852844112532,0.09756804391130268,0.10042820935111871,0.09470787847148665,0.10222511290476721,0.09886914136271793,0.10558108444681649,0.10882643820545335,0.10939930909111928,0.10825356731978741,0.1235031330807278,0.13455030745485203,0.11245595870660356,2015-2019,0
375,KESK,Markku Rossi,185,0.09040171488829321,0.09332593467554094,0.08747749510104548,0.1174269819307519,0.1143583052653071,0.12049565859619671,0.07426365386751496,0.07167931876801178,0.07684798896701815,0.1525891522376012,0.14357496764032351,0.16160333683487887,0.08708936322194052,0.08950058982439255,0.08467813661948849,0.0993123420307021,0.10116005923760094,0.09746462482380328,0.11522556611129814,0.11081248422176178,0.11963864800083449,0.13296151452923083,0.13927220311522004,0.12665082594324165,0.13072971118266713,0.13631613725184127,0.12514328511349296,2015-2019,0
392,KESK,Olavi Ala-Nissilä,418,0.09147062378754806,0.098696718431084,0.0842445291440121,0.10977338517182522,0.11221784954871765,0.10732892079493281,0.10302612674931069,0.10214941546210776,0.10390283803651364,0.15418285724657077,0.15296270403111592,0.1554030104620256,0.11464589338919026,0.12111212680773861,0.10817965997064191,0.09227054759107634,0.09049482715744059,0.09404626802471208,0.1357260539088807,0.12810157628159424,0.14335053153616717,0.08967726844688016,0.08404697485449615,0.09530756203926417,0.10922724370871775,0.11021780742570506,0.10823667999173045,2015-2019,0
402,KESK,Timo Kalli,153,0.11805015541049027,0.12069161770946653,0.11540869311151403,0.12251996592064726,0.12442647138170701,0.1206134604595875,0.08940439969396798,0.08687153313008157,0.09193726625785438,0.13978433914608696,0.15316786684823322,0.12640081144394072,0.09019323293183297,0.09368334354670856,0.08670312231695738,0.09285138371154152,0.09101988257188291,0.09468288485120012,0.11750586692963619,0.11144192055260813,0.12356981330666424,0.1115050499539631,0.11041772429036598,0.11259237561756023,0.1181856063018337,0.10827963996894603,0.12809157263472137,2015-2019,0
414,KESK,Matti Vanhanen,130,0.10331246813194431,0.10311220905197187,0.10351272721191676,0.11238461549354742,0.10676689559168753,0.1180023353954073,0.10278943525883644,0.11048544008087753,0.09509343043679533,0.1333031180940646,0.13528710742920164,0.13131912875892754,0.09250087778411586,0.09084950385393707,0.09415225171429467,0.08994720154714989,0.09657370671772242,0.08332069637657737,0.1265340305371883,0.12877304456732952,0.1242950165070471,0.11598148267355776,0.11310300338940649,0.11885996195770902,0.12324677047959547,0.11504908931786603,0.1314444516413249,2015-2019,0
451,SDP,Tarja Filatov,345,0.1308399090222646,0.13669720547126057,0.12498261257326868,0.1277844301412632,0.1283543403030151,0.1272145199795113,0.1319170274030275,0.12064808410770753,0.14318597069834746,0.09264939515458157,0.09521407897898097,0.09008471133018216,0.09104138582928732,0.08951184666641522,0.09257092499215942,0.11313925046541384,0.09721438690896167,0.12906411402186602,0.10846834425016935,0.12153390509743915,0.09540278340289954,0.1162847018330335,0.11738544906251902,0.11518395460354798,0.08787555590095907,0.09344070340370068,0.08231040839821745,2015-2019,0
479,VAS,Annika Lapintie,64,0.09802968300818371,0.10228346845996243,0.09377589755640497,0.10894270131984146,0.11108389441533531,0.10680150822434761,0.12437801206574702,0.12009097718833409,0.12866504694315994,0.09082631220687969,0.0841654037802055,0.09748722063355388,0.09428554421997454,0.0948266875841133,0.09374440085583577,0.11839237127763504,0.1189312508664239,0.11785349168884618,0.1110344032416512,0.11368926458129128,0.10837954190201113,0.12207928832292458,0.12603913342399092,0.11811944322185826,0.1320316843371628,0.12888991970034336,0.13517344897398226,2015-2019,0
499,KD,Päivi Räsänen,490,0.12461962537174417,0.110988427114962,0.13825082362852634,0.13045739209638554,0.14418085754675852,0.11673392664601256,0.10595438570136939,0.10568423392690203,0.10622453747583675,0.09522715843179318,0.0882996688919325,0.10215464797165386,0.09741820585763014,0.10212164174375371,0.09271476997150659,0.12416618672059769,0.12908821117944924,0.11924416226174614,0.11571163098661244,0.10580565760198435,0.12561760437124053,0.0982138460111252,0.10198362735173916,0.09444406467051127,0.10823156882274229,0.11184767464251852,0.10461546300296605,2015-2019,0
508,KESK,Anu Vehviläinen,242,0.09209285292893438,0.10153171433482126,0.0826539915230475,0.12524262472339145,0.12579341539772812,0.12469183404905479,0.07776452309510144,0.08420727726531915,0.07132176892488373,0.20091453362067127,0.18513557369278383,0.2166934935485587,0.07598394305626172,0.07664729302735804,0.0753205930851654,0.08514379456648492,0.08265442977703227,0.08763315935593757,0.11353380692422192,0.11499069759219702,0.11207691625624683,0.12839480508758983,0.1241504622326574,0.13263914794252224,0.10092911599734315,0.10488913668010302,0.09696909531458328,2015-2019,0
511,SDP,Pia Viitanen,1007,0.11589592603765245,0.10477833529363782,0.12701351678166706,0.1652354364151134,0.1824177260013302,0.14805314682889661,0.07800135959822264,0.07004996118983076,0.08595275800661453,0.10516484255083058,0.10728310604774387,0.10304657905391731,0.07227772555180714,0.0671907723055806,0.07736467879803369,0.09543393510052076,0.09632324285180427,0.09454462734923724,0.10113607887747794,0.10246378490854505,0.09980837284641084,0.10686883536612454,0.1136723323431301,0.10006533838911898,0.15998586050225044,0.15582073905839722,0.1641509819461037,2015-2019,0
538,SDP,Tuula Haatainen,214,0.10574038383028486,0.10850889800994139,0.10297186965062835,0.14530057015755743,0.13986100097684934,0.15074013933826555,0.11949609807471805,0.11636824030220091,0.12262395584723518,0.09485412838896626,0.09177512480707645,0.09793313197085608,0.11365298765630541,0.10670026482367553,0.12060571048893529,0.12019446420370805,0.12412325833065851,0.11626567007675759,0.08866542301113245,0.08960736119114066,0.08772348483112423,0.11751625898270229,0.13143002790143782,0.10360249006396675,0.09457968569462524,0.09162582365701953,0.09753354773223095,2015-2019,0
541,KESK,Juha Rehula,387,0.12526302991963256,0.11463598312311071,0.1358900767161544,0.11018687262786404,0.11743423278618781,0.10293951246954028,0.10420500570416047,0.09888137884683257,0.10952863256148837,0.1496706358324368,0.15360886160052573,0.1457324100643479,0.08561419905023898,0.08015102156586257,0.09107737653461541,0.09501070788165375,0.09563716204516923,0.09438425371813827,0.12457076580815524,0.13460390404516026,0.11453762757115023,0.11156450521948505,0.10518190215596282,0.1179471082830073,0.09391427795637303,0.09986555383118824,0.0879630020815578,2015-2019,0
565,SDP,Susanna Huovinen,121,0.11461792797577393,0.11408347640770063,0.11515237954384723,0.13426861985105187,0.14235089225285924,0.12618634744924453,0.11093189731165486,0.10659565954613197,0.11526813507717774,0.11132146584559038,0.11126772397535904,0.11137520771582173,0.10215389200115393,0.09726579740563132,0.10704198659667655,0.11976298274098303,0.11267591504483473,0.12685005043713132,0.09980640778441141,0.11449088686131423,0.0851219287075086,0.1068056917314098,0.10232332519320538,0.11128805826961422,0.10033111475797077,0.09894632331296345,0.10171590620297807,2015-2019,0
573,KESK,Niilo Keränen,63,0.11241165473017273,0.11041197780441643,0.11441133165592901,0.1076180655574957,0.11073302613730636,0.10450310497768504,0.09416728078713969,0.09539310193994302,0.09294145963433637,0.1475324552940847,0.14404688756653164,0.15101802302163778,0.08245601455062401,0.0699919040568078,0.09492012504444022,0.13770780212732942,0.144901727784353,0.13051387647030582,0.10293008926890454,0.10699447151869002,0.09886570701911908,0.10322890845215972,0.09928038904683299,0.10717742785748645,0.11194772923208954,0.11824651414511875,0.10564894431906033,2015-2019,0
583,KESK,Mika Lintilä,97,0.11658451140375205,0.11348894873156981,0.11968007407593428,0.09786006489647886,0.09575314524749934,0.0999669845454584,0.07384420458794774,0.07445814348188234,0.07323026569401313,0.1577857391138851,0.15449962797184055,0.16107185025592968,0.07622809198556062,0.07987821543930272,0.07257796853181851,0.08719966107445146,0.08388492974009144,0.09051439240881148,0.12748145529648275,0.11424558991962938,0.14071732067333612,0.13892070197312922,0.1605384613424703,0.11730294260378815,0.12409556966831217,0.12325293812571414,0.12493820121091019,2015-2019,0
592,KESK,Antti Rantakangas,139,0.09135073133620793,0.08869253380856505,0.0940089288638508,0.10929801413337165,0.11235016660227512,0.10624586166446819,0.07848511749946287,0.07458400616848412,0.08238622883044161,0.18598211217794322,0.2023982891914431,0.16956593516444335,0.09718524038652768,0.10029933914008708,0.09407114163296827,0.09115237805353715,0.09931426779230179,0.08299048831477253,0.13340332014471556,0.1204614779844759,0.14634516230495523,0.10194617730316839,0.10390775496467541,0.09998459964166137,0.11119690896506555,0.09799216434769242,0.12440165358243868,2015-2019,0
609,SDP,Harry Wallin,115,0.09062466584734222,0.0913451728697692,0.08990415882491523,0.11112393115010015,0.11178695552708577,0.11046090677311453,0.10834684084724053,0.09717251992836527,0.1195211617661158,0.13615507185189935,0.14365103553554448,0.1286591081682542,0.10031222258372294,0.09894502257988666,0.1016794225875592,0.10874938131192217,0.10571777212295934,0.11178099050088501,0.11373514919902661,0.11058303387448025,0.11688726452357298,0.11308297888651775,0.11719861883483054,0.10896733893820494,0.11786975832222826,0.12359986872707848,0.11213964791737804,2015-2019,0
612,KOK,Sari Sarkomaa,271,0.10786244936245762,0.10868563303681081,0.10703926568810443,0.1249441587054845,0.14342334640919777,0.10646497100177126,0.13022267421104047,0.1356589401071386,0.12478640831494232,0.12229131338796614,0.11558544187699935,0.12899718489893294,0.1072958486412551,0.1016827416517383,0.11290895563077193,0.10733709803451617,0.102347873319525,0.11232632274950735,0.13103035964134327,0.14267826586599938,0.11938245341668714,0.08011501529924277,0.06953037674482271,0.09069965385366283,0.088901082716694,0.08040738098776815,0.09739478444561986,2015-2019,0
767,PS,Timo Soini,236,0.09406417713248573,0.08607089448075045,0.10205745978422101,0.11076717022046208,0.09982195425474752,0.12171238618617664,0.09086176947615088,0.097878316639581,0.08384522231272076,0.15184842804450654,0.1550935973871501,0.14860325870186303,0.101400492721929,0.10275132819821646,0.10004965724564155,0.0817078730837667,0.08402645867335998,0.07938928749417344,0.12407152378974831,0.13514483086071136,0.11299821671878527,0.12292070998450425,0.12407456728256758,0.12176685268644091,0.12235785554644639,0.11513805222291554,0.12957765886997724,2015-2019,0
767,SIN,Timo Soini,84,0.08460361345011905,0.0869815405942191,0.08222568630601898,0.09123411229994319,0.08273161378243679,0.09973661081744958,0.11367874756248553,0.10427951689016708,0.12307797823480397,0.1511400271620581,0.15914227088470023,0.143137783439416,0.09442597440372423,0.09674768314396179,0.09210426566348667,0.09372296590023299,0.09514786317552441,0.09229806862494157,0.14325016465484464,0.14601588635111348,0.14048444295857582,0.11086124025148691,0.10921366588465678,0.11250881461831705,0.11708315431510531,0.1197399592932203,0.11442634933699032,2015-2019,0
768,SDP,Eero Heinäluoma,731,0.11278826471669787,0.10466373707149032,0.12091279236190541,0.14380149676366277,0.14769113916337231,0.13991185436395323,0.08971779701728672,0.08614212339117593,0.09329347064339749,0.1255317873234734,0.12060397250322012,0.13045960214372668,0.08715487689686269,0.07780081522452317,0.09650893856920222,0.09482419156053934,0.09812332422742463,0.09152505889365406,0.10344846434888258,0.11216067239963486,0.09473625629813029,0.11049895455790615,0.11799577742954123,0.10300213168627108,0.13223416681468847,0.13481843858961742,0.1296498950397595,2015-2019,0
769,RKP,Mikaela Nylander,122,0.10122817319143795,0.10984543925143182,0.09261090713144407,0.12885260990498806,0.11923738145771032,0.1384678383522658,0.127008837423066,0.11316666919489553,0.1408510056512365,0.08790698562044214,0.09720321707697153,0.07861075416391274,0.15938725833397183,0.16120914075635465,0.15756537591158898,0.09255539990926666,0.10244978057812826,0.08266101924040506,0.1136257432138108,0.09637459970701255,0.13087688672060907,0.08581991374695616,0.0886093118365607,0.08303051565735163,0.1036150786560604,0.11190446014093462,0.09532569717118619,2015-2019,0
771,VIHR,Jyrki Kasvi,130,0.10525677561305499,0.1028753325927001,0.10763821863340987,0.10291307022352969,0.0971516947826585,0.10867444566440088,0.13636645810588588,0.14837666331409705,0.12435625289767471,0.10715574981635964,0.11046629575073821,0.10384520388198107,0.10469206094609149,0.10335590278055337,0.1060282191116296,0.10864417609941983,0.10690772176852548,0.11038063043031418,0.08945681960678271,0.08648051863961989,0.09243312057394554,0.12875015846388752,0.13294904189934448,0.12455127502843055,0.11676473112498825,0.11143682847176298,0.12209263377821353,2015-2019,0
772,KESK,Antti Kaikkonen,130,0.10859408977412248,0.10146395651700539,0.11572422303123957,0.11648764839548692,0.11342821559248636,0.11954708119848748,0.08447032079326744,0.08889692357671355,0.08004371800982131,0.134906145917666,0.13582209143709398,0.13399020039823803,0.08244872544498719,0.08786699118456574,0.07703045970540864,0.09236403912163024,0.10024407872077265,0.08448399952248785,0.13146913583412304,0.12829588426486674,0.13464238740337933,0.12099356543757475,0.12534256612840497,0.11664456474674453,0.12826632928114196,0.11863929257809067,0.13789336598419324,2015-2019,0
779,KESK,Esko Kiviranta,233,0.09285270803024384,0.09415403408831875,0.09155138197216893,0.09136820367507108,0.09774686399799165,0.0849895433521505,0.11650812708046669,0.12796812626053,0.10504812790040338,0.1248296395193309,0.11460754262000321,0.1350517364186586,0.09440391396841147,0.09424655578244508,0.09456127215437787,0.12096126356763301,0.11315688615454451,0.1287656409807215,0.12185313854805538,0.12365774083100425,0.1200485362651065,0.12443518694576955,0.12013848090604977,0.12873189298548934,0.11278781866501802,0.11432376935911275,0.11125186797092332,2015-2019,0
784,KOK,Arto Satonen,183,0.10867103520350882,0.10957407350503919,0.10776799690197847,0.12099756349194482,0.12116250751121316,0.12083261947267647,0.08511101394973056,0.08837341901229019,0.08184860888717091,0.15283024787167848,0.1497563916569042,0.1559041040864528,0.08250832134708491,0.07814830407788581,0.086868338616284,0.08405473557550758,0.08256785403603233,0.08554161711498282,0.1485787363032866,0.15279130090934506,0.14436617169722818,0.11342705437461764,0.11685650624736581,0.10999760250186948,0.10382129188264058,0.10076964304392433,0.10687294072135682,2015-2019,0
791,SDP,Anneli Kiljunen,405,0.16667463821384332,0.17717605932044728,0.15617321710723936,0.12706506817610838,0.12920451154744533,0.12492562480477143,0.1315990956069033,0.13775410081991749,0.1254440903938891,0.09316524987731707,0.0845087138456109,0.10182178590902324,0.09349754700154274,0.09352603159280806,0.09346906241027741,0.11268877607358631,0.10835179857045858,0.11702575357671403,0.08694135445575733,0.0819569591189635,0.09192574979255116,0.10169915787705963,0.09714801731489764,0.10625029843922162,0.0866691127178819,0.0903738078694512,0.08296441756631259,2015-2019,0
796,KESK,Eero Reijonen,62,0.08131248754821833,0.08040358146502405,0.08222139363141262,0.09985782514856908,0.10287884344659053,0.09683680685054763,0.07663207436769134,0.07642133939469087,0.07684280934069182,0.1772686856656592,0.18819660565487129,0.16634076567644712,0.08789848384707957,0.08755582010434963,0.08824114758980953,0.08854505707651078,0.08852639186203723,0.08856372229098433,0.14785979850487935,0.1532717668586078,0.14244783015115092,0.11535813909556777,0.11344911335785852,0.11726716483327704,0.12526744874582452,0.10929653785597002,0.14123835963567904,2015-2019,0
797,KESK,Hannu Hoskonen,971,0.10646128989300936,0.10065622186212275,0.11226635792389597,0.09993517605087633,0.09499444295888873,0.10487590914286393,0.09503718604614339,0.10612074474635616,0.08395362734593062,0.14864261227383024,0.1465589517858727,0.15072627276178777,0.07266738325281288,0.07861859226933941,0.06671617423628635,0.0877141624691525,0.08010830918804837,0.09532001575025663,0.11763945560736419,0.11959153224817758,0.11568737896655082,0.10700236957586792,0.11075663868627081,0.10324810046546502,0.16490036483094322,0.16259456625492352,0.16720616340696293,2015-2019,0
800,KESK,Tapani Tölli,69,0.09143582123644806,0.09079995509084736,0.09207168738204875,0.1191372770156679,0.12273372585836448,0.11554082817297133,0.09456768957548328,0.09761962749270432,0.09151575165826224,0.14627731117965548,0.16135577899987102,0.13119884335943993,0.11567485655403692,0.11307258489308802,0.11827712821498582,0.11831728109766423,0.08375142171843357,0.15288314047689489,0.10668030175744736,0.10739815641343883,0.10596244710145589,0.10223258862749696,0.10170454714967685,0.10276063010531707,0.10567687295609976,0.12156420238357539,0.08978954352862414,2015-2019,0
802,VAS,Markus Mustajärvi,190,0.10818885195862107,0.1091343415676028,0.10724336234963934,0.11057218195353291,0.11696688674305115,0.10417747716401467,0.12588149680398797,0.12652857398287193,0.12523441962510398,0.11249803991118634,0.11874837423638454,0.10624770558598813,0.09470538756986305,0.08750065587990864,0.10191011925981745,0.10975511832514571,0.10467500529328178,0.11483523135700965,0.10076434084357522,0.10511772006663614,0.0964109616205143,0.12251191773047768,0.12108249056268543,0.12394134489826994,0.11512266490361009,0.11024595166757759,0.11999937813964259,2015-2019,0
805,KESK,Lasse Hautala,135,0.09912327965544239,0.0912621902289697,0.10698436908191508,0.09932552595684825,0.10595024719274963,0.09270080472094687,0.08018201490123203,0.08128716454557201,0.07907686525689206,0.1548449528374168,0.14161623798370782,0.1680736676911258,0.09519338253864035,0.09680074537202032,0.09358601970526038,0.08254779733741889,0.08368348518647584,0.08141210948836194,0.14942293626321423,0.1489058246417204,0.14994004788470805,0.11336213469003939,0.12075879822974203,0.10596547115033675,0.12599797581974764,0.1297353066190423,0.12226064502045297,2015-2019,0
808,SDP,Jutta Urpilainen,40,0.09449646449392343,0.08639788606267325,0.1025950429251736,0.12937736017180212,0.14323134751682992,0.11552337282677431,0.11623777475304127,0.10957343394968011,0.12290211555640243,0.11514006108009084,0.10869406092443268,0.121586061235749,0.14733494929263719,0.15436879783344643,0.14030110075182792,0.0881722739052618,0.0886105711637418,0.0877339766467818,0.1153460830694894,0.1175297600360002,0.1131624061029786,0.09369085613719116,0.0952124092057638,0.09216930306861854,0.10020417709656283,0.09638173330743181,0.10402662088569385,2015-2019,0
809,KOK,Paula Risikko,151,0.08161741579998837,0.07990641930107473,0.083328412298902,0.10390217031883497,0.09762321521127364,0.11018112542639631,0.07976114067757115,0.07019524911006317,0.08932703224507912,0.12972634077714515,0.14322545718487234,0.11622722436941794,0.08244943475383147,0.08155635705280505,0.0833425124548579,0.09437466644226697,0.09152237765352483,0.09722695523100909,0.15455612114133294,0.17324469410264703,0.1358675481800188,0.14447428477988067,0.15229513739631118,0.13665343216345016,0.12913842530914832,0.11043109298742801,0.14784575763086866,2015-2019,0
856,PS,Jussi Niinistö,63,0.0745758796721093,0.07365187457864965,0.07549988476556894,0.10546935031914195,0.10803833259659576,0.10290036804168816,0.08700397907713808,0.09150836712157309,0.08249959103270307,0.11835453521055637,0.10784782270566903,0.12886124771544372,0.06950298303632972,0.06514867110231755,0.0738572949703419,0.09233722367907618,0.09491317821265834,0.08976126914549401,0.13009769517188782,0.13419429181625928,0.12600109852751637,0.16408813522273866,0.17578960058825835,0.15238666985721896,0.15857021861102194,0.14890786127801905,0.1682325759440248,2015-2019,0
856,SIN,Jussi Niinistö,50,0.07776706493370752,0.07890743271205589,0.07662669715535916,0.08762205180218642,0.08630887321274859,0.08893523039162425,0.08860262426092905,0.09132576606494543,0.08587948245691265,0.12353292551776539,0.12718779496781157,0.1198780560677192,0.07646146621092648,0.0808275295260646,0.07209540289578834,0.1064195821006403,0.09212549260522446,0.12071367159605614,0.1219833374477719,0.12920021295618453,0.11476646193935928,0.1637311827907553,0.1618733988848189,0.1655889666966917,0.15387976493531763,0.15224349907014606,0.1555160308004892,2015-2019,0
887,SDP,Sirpa Paatero,286,0.09846737042258283,0.10146280375107049,0.09547193709409517,0.12935415212564413,0.1359308301706767,0.12277747408061157,0.09035108766035091,0.08551648702422879,0.09518568829647302,0.14679135176732683,0.1610884428075941,0.13249426072705955,0.1007628692724217,0.1005385888424977,0.10098714970234571,0.08190007324426937,0.07596100960870437,0.08783913687983436,0.12848591300018658,0.13107007878652968,0.12590174721384345,0.09537527277007113,0.09212953630679858,0.09862100923334366,0.1285119097371466,0.11630222270189963,0.14072159677239354,2015-2019,0
913,KESK,Eerikki Viljanen,155,0.10783737804098786,0.11165339219559287,0.10402136388638286,0.09312306103288182,0.10137498245851735,0.08487113960724627,0.11316431426003407,0.10243193574585525,0.12389669277421286,0.16104797055857545,0.15577020751390963,0.16632573360324124,0.09202900312452948,0.09262806316728713,0.09142994308177184,0.091430884692795,0.09472394922955193,0.08813782015603808,0.1185787970741097,0.11636141091232874,0.12079618323589066,0.11577361561076069,0.11427507523632385,0.11727215598519751,0.107014975605326,0.1107809835406333,0.1032489676700187,2015-2019,0
914,VIHR,Outi Alanko-Kahiluoto,341,0.1493002103939651,0.16057907453675402,0.13802134625117618,0.15943431751158144,0.1529586035375608,0.1659100314856021,0.14058994429162563,0.13907034167624382,0.14210954690700742,0.07142432969787424,0.06363512729068656,0.07921353210506192,0.10783547304481567,0.1199219265739764,0.09574901951565491,0.10188550838883392,0.09903395857808531,0.10473705819958254,0.08812338476226725,0.08748646310675415,0.08876030641778035,0.08704932525757247,0.0803758707168325,0.09372277979831245,0.09435750665146425,0.09693863398310644,0.09177637931982205,2015-2019,0
921,VIHR,Johanna Karimäki,347,0.115601154091453,0.1234623837374846,0.10773992444542138,0.10581729018760772,0.10880591140381728,0.10282866897139815,0.1526593809665195,0.14536753480930847,0.15995122712373053,0.08841569573012048,0.08969424164805509,0.08713714981218587,0.12397415780239061,0.12312338175789603,0.1248249338468852,0.12412849100037154,0.12329758837622877,0.12495939362451432,0.09714955082405763,0.09942511694515013,0.09487398470296513,0.10657519324833409,0.10059318278353022,0.11255720371313797,0.0856790861491454,0.08623065853852938,0.08512751375976142,2015-2019,0
925,KESK,Markku Pakkanen,354,0.10826950361766399,0.09661258390668989,0.1199264233286381,0.11298965395516469,0.11696458346375269,0.1090147244465767,0.08509339182477238,0.09206201570376968,0.07812476794577508,0.15130928646824432,0.14093271890522857,0.16168585403126004,0.07847035176789957,0.07842955428506519,0.07851114925073396,0.09895147887898575,0.11463583497423943,0.08326712278373208,0.10909086828562173,0.10821514701695827,0.1099665895542852,0.12621952631305,0.13064308178427317,0.12179597084182685,0.1296059388885976,0.12150447996002316,0.137707397817172,2015-2019,0
930,VIHR,Heli Järvinen,266,0.14177013913635006,0.14421733362622158,0.13932294464647857,0.12575600200618942,0.12114405483165394,0.13036794918072492,0.12469729634033216,0.11376853450575071,0.13562605817491363,0.1014502767719663,0.10933917830625788,0.09356137523767474,0.1017446312859629,0.09653718539374437,0.10695207717818142,0.10230794173737022,0.1030458572947027,0.10157002618003774,0.11795690920667126,0.1208294393972553,0.11508437901608723,0.09426501405422381,0.09775570979290413,0.0907743183155435,0.0900517894609338,0.09336270685150946,0.08674087207035813,2015-2019,0
931,SDP,Maarit Feldt-Ranta,111,0.09605461139430133,0.0994834603292339,0.09262576245936875,0.1408122173751063,0.1403095605348746,0.14131487421533798,0.11923909779309821,0.1223396462780649,0.11613854930813154,0.11765658336858817,0.12190684345332033,0.11340632328385603,0.10347612995067379,0.10348914157012386,0.10346311833122371,0.11008551300557763,0.10649021072743248,0.11368081528372279,0.10497139779141229,0.09978594136434282,0.11015685421848176,0.09756844590191055,0.09386616295949127,0.10127072884432983,0.11013600341933177,0.1123290327831159,0.10794297405554765,2015-2019,0
934,KOK,Sanna Lauslahti,172,0.1001320196031755,0.0959841467442195,0.10427989246213151,0.12872037952313528,0.12520146886492076,0.1322392901813498,0.11378995176199505,0.11403719130443998,0.1135427122195501,0.13424792646932177,0.14224628500980058,0.12624956792884295,0.10618906908835775,0.10934710797425613,0.10303103020245936,0.08445526222324728,0.08830963613095119,0.08060088831554338,0.14084986693193918,0.1339703419660871,0.14772939189779125,0.08781868674024078,0.08421288699682186,0.0914244864836597,0.10379683765858742,0.10669093500850288,0.10090274030867197,2015-2019,0
935,KOK,Eero Lehti,155,0.1007972647160158,0.09826460312680799,0.10332992630522361,0.09616638429663153,0.08049561287150062,0.11183715572176245,0.10433649903888334,0.1047532729635954,0.10391972511417129,0.11817831098350565,0.1163218462691004,0.12003477569791088,0.10502439555418927,0.11371280449303738,0.09633598661534118,0.11652486376498965,0.1285062756237078,0.10454345190627148,0.11039551154253444,0.11887517222593946,0.1019158508591294,0.1145900367983305,0.10204027627565918,0.12713979732100184,0.13398673330491986,0.13703013615065174,0.130943330459188,2015-2019,0
941,RKP,Anna-Maja Henriksson,220,0.10499994831802319,0.10194583632603707,0.1080540603100093,0.12271489470623989,0.12709931494019944,0.11833047447228033,0.10481696742615798,0.10026050114674652,0.10937343370556944,0.10114308968363495,0.10606383459231435,0.09622234477495553,0.17187262112520763,0.17852818308793533,0.16521705916247995,0.09107600323400397,0.08672546847787103,0.09542653799013691,0.10668081704819996,0.10234338070286757,0.11101825339353236,0.09228833607279802,0.094590128584515,0.08998654356108104,0.1044073223857344,0.10244335214151365,0.10637129262995515,2015-2019,0
943,RKP,Mats Nylund,57,0.11267201238593264,0.10688732751900143,0.11845669725286383,0.09981431067274968,0.10083213218600762,0.09879648915949175,0.11395331101409462,0.1151282132028664,0.11277840882532283,0.1095737047932123,0.1034995570260119,0.11564785256041268,0.1495211543510936,0.16797509376234304,0.13106721493984413,0.1060326538602026,0.09845649293112335,0.11360881478928184,0.08723041616368321,0.08521829999762852,0.0892425323297379,0.11399414921112085,0.11074025959023451,0.11724803883200718,0.10720828754791051,0.1112626237847832,0.10315395131103781,2015-2019,0
946,KESK,Tuomo Puumala,142,0.09504559725834039,0.09478679069277084,0.09530440382390995,0.12635757183707003,0.12111899789772848,0.13159614577641154,0.0916686521148394,0.09619497183854772,0.08714233239113109,0.14639052728404106,0.1474833169320305,0.14529773763605164,0.09076231279799167,0.09270012372843635,0.08882450186754699,0.086252830443727,0.09281177382905612,0.0796938870583979,0.15093383664362847,0.14553801516649037,0.15632965812076655,0.10132411982758913,0.09893189078772135,0.10371634886745691,0.11126455179277284,0.11043411912721826,0.1120949844583274,2015-2019,0
947,KOK,Petteri Orpo,618,0.12352973536215235,0.12576034774879646,0.12129912297550824,0.10978495344835251,0.1192075275389606,0.10036237935774443,0.08722872465761114,0.0933103761050977,0.0811470732101246,0.15446750617098787,0.14281784550406038,0.16611716683791533,0.07614489117452845,0.07644042385314893,0.07584935849590797,0.0789269364712265,0.08820131345775917,0.06965255948469384,0.15498992161704667,0.15511626401145379,0.15486357922263957,0.10211512964008448,0.09043513124397304,0.11379512803619593,0.11281220145801006,0.10871077053674993,0.11691363237927019,2015-2019,0
952,SDP,Katja Taimela,198,0.12475652820522706,0.1327070617079961,0.11680599470245805,0.12866860840169017,0.12358049700363669,0.13375671979974366,0.1182505711845071,0.12075579956600982,0.11574534280300437,0.12204247970884606,0.11447083894867935,0.12961412046901277,0.07604944416207224,0.07176367029220418,0.08033521803194031,0.10002222495066071,0.10378618880966653,0.09625826109165489,0.09292053322397686,0.09083845605577925,0.09500261039217447,0.13319191775284114,0.1328396194159242,0.13354421608975808,0.10409769241017866,0.1092578682001039,0.09893751662025344,2015-2019,0
953,KESK,Anne Kalmari,233,0.10347163090082168,0.09508977442856688,0.11185348737307646,0.10270761757809113,0.09886267761229066,0.10655255754389159,0.10694296327803596,0.10463707199018477,0.10924885456588715,0.1279028732950271,0.13061711797420894,0.12518862861584523,0.1040560039280578,0.09947826522292016,0.10863374263319543,0.09721013111293231,0.09536225019387565,0.09905801203198895,0.11908480124280274,0.11562576837487178,0.12254383411073369,0.11832429901491309,0.12613342640865347,0.1105151716211727,0.12029967964931823,0.13419364779442763,0.10640571150420881,2015-2019,0
954,SDP,Ilkka Kantola,119,0.11355967508157219,0.11087067534631381,0.11624867481683057,0.10858374482738539,0.12826826371302616,0.08889922594174463,0.11327341990112194,0.11221186589962542,0.11433497390261846,0.13189472179991962,0.1332382815623933,0.13055116203744593,0.09957581495802684,0.09736828936284134,0.10178334055321232,0.10696824451732698,0.09622082419892872,0.11771566483572522,0.11600488432503256,0.11063079486025666,0.12137897378980844,0.10278409131033311,0.10612790866395187,0.09944027395671437,0.10735540327928145,0.10506309639266279,0.1096477101659001,2015-2019,0
956,VIHR,Ville Niinistö,331,0.14103209565789043,0.15816730676270435,0.12389688455307649,0.12383555564273988,0.12615458523760953,0.12151652604787022,0.16059050203856373,0.171671352501262,0.14950965157586543,0.09066417767631793,0.07524240225275312,0.10608595309988274,0.12297685088827653,0.11335957941598067,0.13259412236057241,0.07618324964245082,0.07276638219329983,0.07960011709160181,0.1072779735902076,0.10429333718439641,0.1102626099960188,0.08650928248424991,0.09150174574465511,0.08151681922384471,0.0909303123793032,0.08684330870733903,0.09501731605126737,2015-2019,0
959,KESK,Timo V. Korhonen,212,0.0871852922874331,0.08972498503730422,0.084645599537562,0.1140436173851912,0.12505955809223915,0.10302767667814325,0.08340031234182646,0.08767867199734089,0.07912195268631202,0.17431234143533098,0.16640386124910675,0.18222082162155517,0.09066788459687157,0.09052909651981475,0.09080667267392839,0.09077422239983082,0.0924288594082102,0.08911958539145146,0.13770319460659153,0.14216786271622564,0.1332385264969574,0.12236503133814657,0.11380021408134752,0.1309298485949456,0.09954810360877774,0.09220689089841076,0.10688931631914471,2015-2019,0
967,KOK,Timo Heinonen,926,0.09550803255424317,0.09456657596022736,0.09644948914825897,0.10868116556355752,0.10901628856807277,0.10834604255904226,0.0984041086664304,0.09695188902444704,0.09985632830841375,0.11623463027889987,0.11523155999079393,0.1172377005670058,0.09192987669766316,0.09291463930531353,0.09094511409001278,0.10282448687872645,0.11196555017958039,0.09368342357787249,0.13262771147988656,0.12788057438898212,0.13737484857079102,0.1218490147230106,0.1219320597649349,0.1217659696810863,0.1319409731575823,0.12954086281764796,0.13434108349751667,2015-2019,0
971,SDP,Johanna Ojala-Niemelä,255,0.1207907469235952,0.13227441471327092,0.10930707913391949,0.1204382228746683,0.1085906972585664,0.13228574849077018,0.12162277615616582,0.10907266835532825,0.13417288395700339,0.09585021086966972,0.09827347262144857,0.09342694911789087,0.0901140637630555,0.08980288041606722,0.09042524711004377,0.12570179720794436,0.12457162294943114,0.12683197146645758,0.1045313707558759,0.10877575841358059,0.10028698309817123,0.11202801347771105,0.11143067119013388,0.11262535576528823,0.10892279797131413,0.117207814082173,0.10063778186045524,2015-2019,0
1031,KOK,Alexander Stubb,190,0.11086479772502428,0.10405585634863235,0.11767373910141621,0.11541857225440968,0.10966777098200094,0.12116937352681845,0.10424155050533947,0.09871223644742544,0.1097708645632535,0.10997437973486276,0.1154309444287781,0.10451781504094741,0.09180597368769472,0.09402583853342834,0.08958610884196111,0.08394659516308989,0.08781402791355833,0.08007916241262145,0.16469872123285145,0.1681939356152289,0.16120350685047402,0.11087134985097813,0.11161635031252684,0.1101263493894294,0.10817805984574964,0.11048303941842078,0.10587308027307851,2015-2019,1
1056,KOK,Kalle Jokinen,135,0.10422697388479502,0.10829181744291909,0.10016213032667096,0.11301059723209492,0.11193475172551466,0.11408644273867519,0.09857227722683219,0.10684874141204741,0.09029581304161698,0.12544641935150444,0.11869898375539274,0.13219385494761612,0.09435147035478617,0.09738713688007819,0.09131580382949414,0.09991655589003383,0.10318670351398385,0.09664640826608381,0.12752046575510786,0.12685872731433961,0.12818220419587611,0.11418734606852465,0.1096562966368114,0.11871839550023792,0.1227678942363209,0.11713684131891304,0.12839894715372874,2015-2019,1
1088,PS,Hanna Mäntylä,82,0.09953766918512164,0.10492772098640808,0.09414761738383519,0.11652575560232797,0.11779501478528358,0.11525649641937237,0.1010720220428736,0.1026395440423615,0.09950450004338572,0.14108456730528246,0.12809939045497748,0.1540697441555874,0.0839496760412441,0.08018180161193356,0.08771755047055466,0.11328696303123267,0.10331773178964268,0.12325619427282267,0.12960083659751975,0.12948799560361451,0.129713677591425,0.10647028089863854,0.12099067937849795,0.09194988241877913,0.10847222929575927,0.11256012134728063,0.1043843372442379,2015-2019,1
1091,PS,Martti Mölsä,42,0.10005176579949682,0.09729518125254225,0.10280835034645137,0.11578024721916183,0.10523181702370021,0.12632867741462345,0.08924638784088221,0.08751484429484843,0.09097793138691597,0.13010442661753407,0.14716693081480886,0.1130419224202593,0.09335175438801441,0.08675251378983069,0.09995099498619814,0.08709879826740902,0.08406998061414987,0.09012761592066817,0.10787366103978782,0.11410222980598439,0.10164509227359127,0.12717555479523304,0.14180625259124724,0.11254485699921886,0.14931740403248073,0.13606024981288803,0.1625745582520734,2015-2019,1
1094,KOK,Markku Eestilä,355,0.10174109557690571,0.08490527819764825,0.11857691295616317,0.11297435370954681,0.11519660441894178,0.11075210300015184,0.10589530080518592,0.09600700608361976,0.11578359552675208,0.13914850304253512,0.15896189556874693,0.11933511051632333,0.109160783039183,0.10313900797487299,0.11518255810349302,0.09212163750261629,0.09296371628379421,0.09127955872143836,0.1143069791004141,0.11458158114443537,0.11403237705639283,0.09734767649410694,0.10331680601062929,0.09137854697758459,0.1273036707295061,0.13092810431731144,0.12367923714170079,2015-2019,1
1096,PS,Ritva Elomaa,382,0.10080196499601524,0.10119108788206362,0.10041284210996684,0.09596090725274048,0.0951699486101706,0.09675186589531037,0.09823109567284019,0.10875519781966961,0.08770699352601077,0.11734047135311211,0.0952968002612429,0.13938414244498132,0.11608442740913043,0.1190277002690607,0.11314115454920015,0.10557826229079051,0.11219552228834147,0.09896100229323956,0.12767386254520388,0.13992352701112534,0.11542419807928243,0.09897029202205535,0.09073441670045893,0.10720616734365176,0.13935871645811182,0.13770579915786685,0.1410116337583568,2015-2019,1
1097,VAS,Aino-Kaisa Pekonen,197,0.12607461037337458,0.1228706927127926,0.12927852803395654,0.15287155458921875,0.13899316219821198,0.16674994698022555,0.12673994312014647,0.12036628086013842,0.13311360538015451,0.07857538993825708,0.08072105592076459,0.07642972395574955,0.13472911564104434,0.1569089911828278,0.11254924009926086,0.11519939297659051,0.1074131798347453,0.12298560611843572,0.0918093381328755,0.09246746175698344,0.09115121450876758,0.08325831483269776,0.08845685555146615,0.07805977411392936,0.09074234039579504,0.09180231998206971,0.08968236080952036,2015-2019,1
1098,KOK,Jaana Pelkonen,87,0.09674837378573142,0.09199735550960905,0.1014993920618538,0.09049806680534936,0.08955189318207844,0.09144424042862029,0.11316933698754592,0.1144141074012989,0.11192456657379293,0.11949522531001622,0.11958535312182225,0.11940509749821018,0.11309565503672092,0.11157072535364118,0.11462058471980066,0.10102810470798998,0.10248555982705179,0.09957064958892815,0.11568412345026392,0.11976132299637465,0.1116069239041532,0.12034002530437182,0.11939592853761113,0.12128412207113252,0.12994108861201048,0.13123775407051258,0.12864442315350838,2015-2019,1
1099,SDP,Eeva-Johanna Eloranta,194,0.09615412787617876,0.0945840968791202,0.09772415887323732,0.11672451205353487,0.1267646482481064,0.10668437585896336,0.12905283900061496,0.13085105910068132,0.1272546189005486,0.09565740565162378,0.09358746968201612,0.09772734162123146,0.098890514849103,0.10009048903993603,0.09769054065826997,0.1263881521776541,0.12216911213451664,0.1306071922207915,0.12045954594197912,0.10236564532174522,0.13855344656221302,0.10915033585983672,0.1195700253344952,0.09873064638517824,0.1075225665894747,0.11001745425938289,0.1050276789195665,2015-2019,1
1100,KOK,Sanni Grahn-Laasonen,466,0.11127777992353328,0.1148010604162141,0.10775449943085247,0.12638948411232287,0.1239926212307598,0.12878634699388594,0.10489335921479923,0.0998777224478089,0.10990899598178956,0.1302833401545706,0.12804584499575122,0.13252083531338998,0.10820256610435823,0.1062804688892238,0.11012466331949267,0.09498874357588061,0.09722811308671521,0.09274937406504599,0.12632285252787978,0.13578384476905273,0.11686186028670686,0.10245316486428528,0.09462791706068409,0.11027841266788647,0.09518870952237013,0.09936240710379017,0.0910150119409501,2015-2019,1
1101,KESK,Arto Pirttilahti,168,0.081081269523583,0.07322532241828747,0.08893721662887852,0.11113136110873928,0.11154559387873315,0.11071712833874539,0.07227442788235922,0.07132904118753777,0.07321981457718067,0.19069162912769205,0.20059228667751725,0.18079097157786683,0.07859752262223896,0.0815312172624178,0.07566382798206012,0.0966806059920321,0.08809686309266426,0.10526434889139993,0.12699146894818594,0.1275482880942933,0.12643464980207858,0.1114195077316705,0.11380768140483885,0.10903133405850214,0.13113220706349898,0.13232370598371015,0.12994070814328784,2015-2019,1
1106,KESK,Mikko Savola,230,0.11425524537386861,0.11771222794360456,0.11079826280413267,0.09952772209850005,0.09728085324401856,0.10177459095298155,0.08667641378497001,0.08281897654148437,0.09053385102845564,0.14950971995210977,0.14665739121838478,0.15236204868583472,0.08054451163101974,0.0750902106117312,0.08599881265030827,0.11709555833530165,0.13112152557404783,0.10306959109655547,0.11568851977741018,0.10828489074728262,0.12309214880753776,0.10896402057362597,0.11014153014304136,0.10778651100421058,0.12773828847319404,0.13089239397640473,0.12458418296998337,2015-2019,1
1107,PS,Teuvo Hakkarainen,297,0.11438270440468142,0.11205478096864843,0.1167106278407144,0.12519435676717044,0.12950008840983823,0.12088862512450263,0.09706219388536691,0.09785378480923493,0.0962706029614989,0.13985642163044917,0.15075454158371837,0.12895830167717998,0.08223704501377693,0.07307019152313568,0.09140389850441817,0.08259821286935012,0.08503805288143815,0.08015837285726209,0.10329289458232485,0.09990537500422883,0.10668041416042089,0.1126654825432438,0.11305285517780221,0.11227810990868539,0.14271068830363637,0.13877032964195515,0.14665104696531756,2015-2019,1
1111,KOK,Eero Suutari,195,0.09876721947012541,0.09727604320605761,0.10025839573419322,0.11873839707367874,0.1150086008221309,0.12246819332522658,0.1035430358169646,0.10283807519874877,0.10424799643518043,0.11683429119114269,0.12022220108137664,0.11344638130090874,0.10252409078031338,0.09467947285732332,0.11036870870330343,0.09006612058634245,0.100142511480391,0.07998972969229391,0.12436008658149397,0.12133836800639741,0.12738180515659053,0.12517152246454114,0.12827889907448983,0.12206414585459242,0.11999523603539769,0.12021582827308452,0.11977464379771086,2015-2019,1
1114,VIHR,Jani Toivola,95,0.10952915125271748,0.11419069404914899,0.10486760845628598,0.11518073016950744,0.1105204317738507,0.11984102856516418,0.12552185420643464,0.130541427070697,0.12050228134217225,0.09358264342153066,0.09413060464275755,0.09303468220030377,0.1387358155340333,0.1373023370281234,0.1401692940399432,0.13463054835405297,0.13348132454454076,0.13577977216356515,0.12279564878375532,0.1166750614277848,0.12891623613972583,0.08131530316628513,0.08815044927869371,0.07448015705387656,0.07870830511168309,0.07500767018440316,0.08240894003896303,2015-2019,1
1116,PS,Maria Tolppanen,118,0.10264299851166134,0.08615682965852248,0.1191291673648002,0.11166733987418508,0.11595644418790778,0.10737823556046237,0.08875957715963048,0.09342619687724127,0.08409295744201968,0.11933909277662141,0.1278810679020381,0.11079711765120473,0.09687016020809402,0.07850291903773916,0.11523740137844889,0.09189480569487671,0.09525602023800293,0.0885335911517505,0.12698484879439176,0.14242115635349842,0.11154854123528508,0.10019689375534262,0.10760474648807088,0.09278904102261436,0.1616442832251966,0.15279461925697901,0.1704939471934142,2015-2019,1
1116,SDP,Maria Tolppanen,315,0.11061799093067162,0.09892009221369505,0.1223158896476482,0.1272705732682804,0.12906634216910665,0.12547480436745417,0.09273516908535312,0.09205559122324172,0.0934147469474645,0.10242655307341905,0.1063922200271011,0.098460886119737,0.10222573533995649,0.12065420978103089,0.08379726089888209,0.08283109402984232,0.08555066626502597,0.08011152179465865,0.11857271883365919,0.11449181527346272,0.12265362239385565,0.11783702025716974,0.1110824664954736,0.12459157401886589,0.14548314518164807,0.14178659655186227,0.14917969381143384,2015-2019,1
1118,KOK,Kari Tolvanen,103,0.09356124216570633,0.07838748911866798,0.10873499521274466,0.08838451425124627,0.0890878940471736,0.08768113445531894,0.07349867306281055,0.06696481708108881,0.08003252904453227,0.14430064604099446,0.1346915110314047,0.15390978105058423,0.0996599608210681,0.10799895335925477,0.09132096828288142,0.10284608635546516,0.11025468193907836,0.09543749077185197,0.13556155801235878,0.1404875542183377,0.13063556180637986,0.11595341448540335,0.12585622061381652,0.10605060835699018,0.14623390480494697,0.14627087859117746,0.14619693101871648,2015-2019,1
1119,PS,Reijo Hongisto,78,0.09102784270534667,0.08308664152741814,0.09896904388327518,0.10135268955107664,0.10446445597131057,0.0982409231308427,0.0919367267241355,0.08749925010543981,0.0963742033428312,0.11991810423639523,0.12626893951669288,0.11356726895609759,0.09536535249196212,0.08741857434219395,0.10331213064173028,0.12531838286251779,0.1278202338749956,0.12281653185003998,0.11893405396895679,0.11243041982540673,0.12543768811250686,0.12118362185192055,0.12756332404464407,0.11480391965919705,0.1349632256076887,0.14344816079189818,0.12647829042347924,2015-2019,1
1119,SIN,Reijo Hongisto,86,0.0897999796255655,0.08563454740925416,0.09396541184187684,0.10153070806040225,0.10624892400429023,0.09681249211651427,0.09317646326906592,0.1021200403929415,0.08423288614519037,0.11739289461750936,0.10596311175807993,0.1288226774769388,0.10193164944341461,0.09991716666494176,0.10394613222188746,0.11547093259763574,0.11768615603978302,0.11325570915548847,0.12271715477800627,0.12212828855806848,0.12330602099794404,0.13458194451712277,0.1292296009324959,0.13993428810174963,0.12339827309127754,0.13107216424014498,0.11572438194241012,2015-2019,1
1120,KESK,Ari Torniainen,267,0.08825811213659762,0.0847917283803388,0.09172449589285643,0.12046952877539044,0.12258728048087153,0.11835177706990936,0.0953930985545915,0.09939830489244492,0.09138789221673806,0.1590806315287093,0.14338096750107088,0.17478029555634772,0.10469326185931804,0.10655112862857223,0.10283539509006386,0.11424371330309788,0.11361088714432672,0.11487653946186904,0.11342959428812813,0.11769805237467423,0.109161136201582,0.09760606261027184,0.1012948200377437,0.09391730518279998,0.1068259969438953,0.11068683055995705,0.10296516332783354,2015-2019,1
1122,PS,Olli Immonen,65,0.11128480855747525,0.11667015958927747,0.10589945752567302,0.09340247844821765,0.09597196359599511,0.0908329933004402,0.12439905274910573,0.11562219614579894,0.13317590935241252,0.09402860534655634,0.1035982329038849,0.08445897778922778,0.09685315940065875,0.09691632364772777,0.09678999515358974,0.10422683516138251,0.11206234109121352,0.09639132923155151,0.11881422767534647,0.12010365355476879,0.11752480179592414,0.1009269974885234,0.09504377107913282,0.10681022389791399,0.15606383517273387,0.14401135839220064,0.1681163119532671,2015-2019,1
1126,SDP,Tytti Tuppurainen,221,0.11455767317592747,0.11372651667607567,0.11538882967577928,0.124642723534584,0.12263663708113437,0.12664880998803363,0.13801092524059122,0.13275732887729122,0.14326452160389125,0.09641850776934774,0.09554222868540349,0.09729478685329197,0.10922875049497065,0.11157828295440453,0.10687921803553677,0.10145504500889858,0.1132835778622014,0.08962651215559576,0.11296792088881168,0.11920632210601671,0.10672951967160664,0.10095456671517247,0.09699532010606526,0.10491381332427967,0.10176388717169624,0.09427378565140734,0.10925398869198513,2015-2019,1
1128,PS,Kaj Turunen,196,0.11911258899571184,0.12091340009489919,0.11731177789652447,0.11812793645228131,0.12051822695454192,0.11573764595002071,0.1003152317523522,0.10408256925992154,0.09654789424478286,0.11896270290358557,0.10303677633522075,0.1348886294719504,0.1106561099629223,0.11366898856167988,0.10764323136416473,0.08314326723837764,0.08558725447761908,0.08069927999913622,0.11247097436546688,0.11493028208760188,0.11001166664333188,0.11221055155302857,0.11585431990331896,0.10856678320273819,0.12500063677627363,0.12140818232519675,0.1285930912273505,2015-2019,1
1128,SIN,Kaj Turunen,64,0.11191050949146489,0.11240976433611596,0.11141125464681381,0.12557332573964913,0.12443054960904729,0.12671610187025095,0.09597255305746022,0.10464261642021984,0.08730248969470059,0.11108144690879632,0.11598151958094663,0.106181374236646,0.1028423902418226,0.09389864562324966,0.11178613486039553,0.088479986727754,0.08200619257823236,0.09495378087727567,0.12272020171278686,0.12415574927727416,0.12128465414829956,0.11604189084309946,0.11470027757760919,0.11738350410858975,0.12537769527716652,0.1277746849973049,0.12298070555702811,2015-2019,1
1131,KOK,Sinuhe Wallinheimo,181,0.10484862670585168,0.09709276033767925,0.11260449307402413,0.10823426644260761,0.10047796342754194,0.1159905694576733,0.10251623594535447,0.1084073664914856,0.09662510539922335,0.11701441636069933,0.12795267033016317,0.10607616239123549,0.10206681842233602,0.10234494486643675,0.10178869197823529,0.098669386991448,0.09918123156743315,0.09815754241546286,0.13292868638068506,0.13336456834554494,0.13249280441582517,0.10808458959760889,0.1092399649930037,0.10692921420221406,0.12563697315340902,0.12193852964071161,0.12933541666610643,2015-2019,1
1134,KOK,Sofia Vikman,121,0.08520343866396782,0.09268793958311908,0.07771893774481656,0.089942852680304,0.09182749158805348,0.08805821377255452,0.11342378686118833,0.1103172872450171,0.11653028647735955,0.1127818975516268,0.10624095387827867,0.11932284122497494,0.10214468907325616,0.09783563936368077,0.10645373878283156,0.09976138253749184,0.10385162659174407,0.0956711384832396,0.15472426183999674,0.13881992987701058,0.1706285938029829,0.13279321380468634,0.14333359886324543,0.12225282874612722,0.10922447698748197,0.11508553300985078,0.10336342096511315,2015-2019,1
1136,PS,Ville Vähämäki,118,0.10078819143241034,0.09950811117956732,0.10206827168525337,0.12053507233348432,0.11585729487352958,0.12521284979343905,0.09136177293787127,0.08126339476759352,0.10146015110814903,0.12238935741169549,0.1323706158954509,0.11240809892794006,0.09651152581642952,0.09138094150653783,0.10164211012632123,0.09071101711903934,0.09143419340144027,0.0899878408366384,0.1338941955000931,0.1460533885513293,0.12173500244885689,0.11947703199526163,0.12619983471015123,0.11275422928037204,0.12433183545371498,0.11593222511440002,0.13273144579302995,2015-2019,1
1137,KOK,Pauli Kiuru,339,0.08751033044322737,0.09446574750643182,0.08055491338002294,0.10460088178510696,0.10387246868101856,0.10532929488919536,0.12226708990797858,0.12660619141185842,0.11792798840409872,0.14432286502282968,0.15557472003350983,0.13307101001214952,0.08187985788141597,0.08188369684541374,0.0818760189174182,0.08216497329965206,0.07466696668055575,0.08966297991874835,0.12965192526632646,0.11992582267326206,0.13937802785939085,0.12018612681210497,0.12118907625373739,0.11918317737047257,0.12741594958135805,0.1218153099142125,0.13301658924850357,2015-2019,1
1138,PS,Kimmo Kivelä,159,0.1183683856656455,0.11761572928929724,0.11912104204199378,0.10322476767809431,0.09388015596589483,0.1125693793902938,0.09654526608987377,0.09413511553755687,0.09895541664219068,0.11554597327033041,0.1197574007468393,0.11133454579382152,0.1318434014650577,0.13052912097166056,0.13315768195845487,0.09318601684502736,0.09543182549020397,0.09094020819985076,0.1160900469524717,0.11811179734288313,0.11406829656206027,0.09056223935241056,0.09268886011149967,0.08843561859332147,0.1346339026810886,0.1378499945441644,0.13141781081801282,2015-2019,1
1138,SIN,Kimmo Kivelä,129,0.11180137254654729,0.10432845069084065,0.11927429440225394,0.11322078047451148,0.11429583453793071,0.11214572641109226,0.09676414593454466,0.10350969936786333,0.09001859250122599,0.1181365831044463,0.1234565281160445,0.1128166380928481,0.12197224105037519,0.12974824891451978,0.11419623318623058,0.08698702562627003,0.07635030567132267,0.09762374558121738,0.1290097183309611,0.12571877737987558,0.13230065928204657,0.0996877417241969,0.10387789201571807,0.09549759143267574,0.12242039120814703,0.11871426330588467,0.1261265191104094,2015-2019,1
1141,KD,Peter Östman,321,0.12096687236215214,0.12273393813674979,0.1191998065875545,0.10573906117085245,0.11169978917504002,0.09977833316666489,0.12427797912419568,0.11225126038383018,0.13630469786456118,0.0970780038625674,0.08614226317127552,0.1080137445538593,0.14765176074539343,0.14798311435543846,0.14732040713534839,0.09058729415137422,0.09728442646464723,0.0838901618381012,0.10215197689484505,0.1036199882609109,0.1006839655287792,0.09546787983821806,0.09621215190953905,0.09472360776689707,0.11607917185040159,0.12207306814256887,0.11008527555823433,2015-2019,1
1142,KOK,Jukka Kopra,159,0.10262314150786947,0.10514434791316404,0.1001019351025749,0.1144164606463055,0.1197169623796684,0.10911595891294261,0.08363763526443277,0.08261657403658047,0.08465869649228505,0.13672797115405605,0.12425433588689316,0.14920160642121894,0.08720492925828777,0.08771626128004785,0.08669359723652767,0.10289618921299917,0.09572703767270851,0.11006534075328982,0.13300067906694407,0.1362754346155171,0.12972592351837103,0.11724830464075306,0.12012142039180629,0.11437518888969982,0.12224468924835216,0.12842762582361417,0.11606175267309016,2015-2019,1
1144,SDP,Suna Kymäläinen,198,0.12721963965570382,0.12657173229849508,0.12786754701291253,0.1375398677613167,0.14380507030086298,0.1312746652217704,0.11210130662525432,0.10646926698004869,0.11773334627045995,0.10845746942802402,0.11364881286669715,0.1032661259893509,0.08774396700494214,0.08096464881445592,0.09452328519542834,0.1118451082218081,0.11292602745371043,0.11076418898990578,0.09262112156596569,0.09311551200717469,0.0921267311247567,0.10014769861230538,0.09746139964439472,0.10283399758021605,0.12232382112467988,0.1250375296341604,0.11961011261519934,2015-2019,1
1146,PS,Jari Lindström,307,0.12599231444916686,0.11819695645275127,0.13378767244558246,0.11848926829160067,0.11285922983590771,0.12411930674729363,0.08421535334152752,0.08460033112379296,0.0838303755592621,0.1256685910389146,0.12242325667673679,0.12891392540109237,0.08510496574685476,0.09191077268254323,0.0782991588111663,0.08812527164225767,0.09720568186516965,0.0790448614193457,0.13161551483514236,0.13839482829037886,0.12483620137990585,0.10087465823430616,0.09398712729563045,0.10776218917298186,0.13991406242022944,0.1404218157770891,0.1394063090633698,2015-2019,1
1146,SIN,Jari Lindström,217,0.12198466553213308,0.1284663502814935,0.11550298078277266,0.13304766038150814,0.13011967939008867,0.1359756413729276,0.0862332252410079,0.07923968231806079,0.09322676816395503,0.12762377491196095,0.15425580873028893,0.10099174109363296,0.07383008401377297,0.06828343428344079,0.07937673374410517,0.08066410186733333,0.0802975815609992,0.08103062217366745,0.1223840206667606,0.12491144911112806,0.11985659222239316,0.12666663916862858,0.10633368398616035,0.14699959435109683,0.12756582821689444,0.1280923303383397,0.12703932609544916,2015-2019,1
1147,SDP,Antti Lindtman,603,0.14257223093385013,0.14865005031698816,0.1364944115507121,0.14647853754318108,0.14756653814012854,0.1453905369462336,0.11697514465289419,0.11611741077100153,0.11783287853478686,0.08386508031626469,0.09330050612656096,0.07442965450596842,0.10386041949133115,0.09394450878906976,0.11377633019359253,0.08567907949688375,0.07836903880607529,0.09298912018769222,0.11038255566082425,0.11537456071903014,0.10539055060261837,0.09510704665054445,0.09477975507395911,0.09543433822712981,0.1150799052542263,0.1118976312571865,0.1182621792512661,2015-2019,1
1150,PS,Anne Louhelainen,70,0.0905502780054634,0.08190866906239541,0.0991918869485314,0.09023293625457374,0.08706680952499482,0.09339906298415264,0.10236946373441004,0.09091213958785811,0.11382678788096197,0.12866105746414114,0.11472301304540536,0.14259910188287692,0.10782394902705103,0.10499444687970935,0.11065345117439271,0.09887605318704065,0.1052980701150457,0.09245403625903562,0.1276475525451394,0.13807269437410535,0.11722241071617345,0.1494150034282721,0.1675357687477878,0.1312942381087564,0.10442370635390846,0.10948838866269803,0.0993590240451189,2015-2019,1
1151,KESK,Eeva-Maria Maijala,406,0.08888572046782983,0.09241483417690352,0.08535660675875613,0.09932030097855801,0.09391579725138985,0.10472480470572618,0.09907340982415191,0.1041329770698514,0.09401384257845244,0.20302514738440008,0.2017695786878261,0.20428071608097403,0.07158101937224023,0.07736364333945987,0.0657983954050206,0.11439306547101138,0.11341187959170285,0.11537425135031994,0.11541338680158636,0.12296239753679568,0.10786437606637704,0.086540917461909,0.0760927030252485,0.09698913189856953,0.1217670322383132,0.11793618932082228,0.12559787515580412,2015-2019,1
1152,PS,Pirkko Mattila,148,0.10387484256321843,0.09860036907062335,0.1091493160558135,0.10533672269309735,0.10263567940847933,0.10803776597771537,0.08388436854577208,0.07972866581921653,0.08804007127232764,0.14145829417231037,0.140258392154111,0.14265819619050973,0.08298994809394694,0.09114382046667052,0.07483607572122335,0.12209653327759631,0.11701247191236193,0.1271805946428307,0.11652774273275962,0.11429525517356429,0.11876023029195495,0.129622171041162,0.1376247791007181,0.12161956298160588,0.11420937688013685,0.11870056689425487,0.10971818686601884,2015-2019,1
1152,SIN,Pirkko Mattila,114,0.1047868016087119,0.10793025506956386,0.10164334814785995,0.12691143174030078,0.1257799768264423,0.12804288665415928,0.08839520043326243,0.08549922782970379,0.09129117303682109,0.11919206965721352,0.12917819714485895,0.10920594216956807,0.08240273680007747,0.08420614617774153,0.08059932742241341,0.10838448605440038,0.10157322868405147,0.11519574342474928,0.10911605380538664,0.10850234998966415,0.1097297576211091,0.14531576972682522,0.14190700108546955,0.1487245383681809,0.11549545017382165,0.11542361719250441,0.11556728315513891,2015-2019,1
1153,VAS,Silvia Modig,205,0.10992424199411108,0.11542608061237074,0.1044224033758514,0.12533535159508194,0.13686648119232972,0.11380422199783417,0.15289264382875267,0.13876167411972568,0.1670236135377797,0.1066799475289158,0.10232884142690261,0.111031053630929,0.10100051652575084,0.09860811105856841,0.10339292199293329,0.09476770622201725,0.09237038638760567,0.09716502605642882,0.10868536732105791,0.11590125399654883,0.10146948064556698,0.09063559361181606,0.08750559496758788,0.09376559225604425,0.11007863137249646,0.11223157623836048,0.10792568650663244,2015-2019,1
1154,VAS,Jari Myllykoski,720,0.11301407967394544,0.11614445342242759,0.1098837059254633,0.11989793869257909,0.11290051031900279,0.1268953670661554,0.09964154850837906,0.11019222896913658,0.08909086804762152,0.12011910974861481,0.08730812368288136,0.15293009581434827,0.0988627791212606,0.10902067027342685,0.08870488796909433,0.10624045172439063,0.11924280317316087,0.09323810027562039,0.11644479528592513,0.11466956512492617,0.11822002544692412,0.10866306439153084,0.1123512383046387,0.10497489047842297,0.11711623285337437,0.1181704067303991,0.11606205897634965,2015-2019,1
116,SDP,Jukka Gustafsson,317,0.11873595888498419,0.11334836821759753,0.12412354955237084,0.12671685138556393,0.13067058449757724,0.12276311827355062,0.12809495959846084,0.12343797189266481,0.13275194730425688,0.08687997537541373,0.09116949794746847,0.08259045280335897,0.10937335431601378,0.11287505017903213,0.10587165845299543,0.0918342475538384,0.10184409553544951,0.0818243995722273,0.12318772884025156,0.12263443224659938,0.12374102543390375,0.1041289876762333,0.09350350878947469,0.11475446656299189,0.11104793636924029,0.11051649069413627,0.1115793820443443,2015-2019,1
118,VIHR,Pekka Haavisto,145,0.08278175341166372,0.08940866802940793,0.0761548387939195,0.10857448088247902,0.10881142897858512,0.10833753278637293,0.08546204421044809,0.08196683441925612,0.08895725400164005,0.11477547475754513,0.11626280830891537,0.11328814120617489,0.12548801969922307,0.11547924227280829,0.13549679712563784,0.13764373182255998,0.15144175179205308,0.12384571185306689,0.1154100155016807,0.11736083220504068,0.11345919879832074,0.12128137726587637,0.11540808818675022,0.12715466634500253,0.10858310244852393,0.10386034580718326,0.11330585908986461,2015-2019,1
1217,RKP,Carl Haglund,50,0.10494793575635662,0.09801849079131131,0.11187738072140194,0.11355174571143421,0.12038150134970797,0.10672199007316045,0.1181474070609212,0.1112658627343031,0.12502895138753928,0.109608154326475,0.1194896714807111,0.09972663717223888,0.14799628701864656,0.14835715315023612,0.147635420887057,0.09120715155489006,0.08281863586743031,0.09959566724234982,0.10067920571024075,0.09870383595827792,0.10265457546220358,0.09619732733807547,0.1043052505568353,0.08808940411931564,0.11766478552296013,0.11665959811118683,0.11866997293473343,2015-2019,1
1219,KOK,Saara-Sofia Sirén,80,0.0978803323262444,0.08925069281403626,0.10650997183845254,0.10240716738985695,0.10200690162041941,0.10280743315929448,0.10936556354822259,0.11260497131941379,0.1061261557770314,0.12943304653088522,0.12290050244284056,0.1359655906189299,0.09990854917227662,0.10172251544379915,0.09809458290075411,0.11023484562174733,0.10804968472072378,0.11242000652277089,0.15250424633104837,0.1622680079437198,0.14274048471837691,0.09831390040954426,0.10187006567333776,0.09475773514575075,0.0999523486701743,0.09932665802170958,0.10057803931863903,2015-2019,1
127,KESK,Sirkka-Liisa Anttila,155,0.11911652099081974,0.11878434481070207,0.11944869717093738,0.12996846915972313,0.1314298479760535,0.12850709034339275,0.09073298685748117,0.08838596290020431,0.09308001081475803,0.14666956134183923,0.13540227170524288,0.15793685097843554,0.0893287026423353,0.09857262020508598,0.08008478507958465,0.11197398105376838,0.11718742832763691,0.10676053377989984,0.11708635232146367,0.11042683935007871,0.12374586529284862,0.09957979542410192,0.10621443111416862,0.09294515973403523,0.09554363020846746,0.09359625361082693,0.09749100680610798,2015-2019,1
1275,PS,Mika Raatikainen,54,0.08895134280409189,0.09234970626263336,0.08555297934555042,0.1029655264388778,0.10060497729634658,0.10532607558140901,0.08384959192427768,0.07789571502313213,0.08980346882542325,0.11013826220424788,0.11636969462719862,0.10390682978129714,0.1103357249162838,0.11623589211558782,0.10443555771697977,0.08052243487726801,0.08027563695504464,0.08076923279949139,0.12412985371126488,0.130240290953047,0.11801941646948275,0.14909881002427788,0.1518416183285237,0.1463560017200321,0.1500084530994101,0.13418646843848614,0.16583043776033407,2015-2019,1
1276,VAS,Katja Hänninen,176,0.13493454666155752,0.14051927753512294,0.12934981578799212,0.12991146780607157,0.12263338869692722,0.13718954691521593,0.1241983109612097,0.125038048405783,0.12335857351663641,0.09757621792068139,0.09248102235856534,0.10267141348279743,0.10834284374473031,0.1265454350809196,0.09014025240854104,0.11908844208012359,0.13626758470239533,0.10190929945785185,0.09877048604831787,0.0839254334770839,0.11361553861955183,0.08094061126564114,0.07282811708674021,0.08905310544454206,0.10623707351166697,0.09976169265646251,0.11271245436687143,2015-2019,1
1282,KOK,Wille Rydman,95,0.1083305468287381,0.09777022120733582,0.11889087245014038,0.09628910873734012,0.09409116114563151,0.09848705632904871,0.10148849859582708,0.10040851620348368,0.10256848098817048,0.10649214630699831,0.11156340798620198,0.10142088462779464,0.07765232006910025,0.08255207700531936,0.07275256313288113,0.12200815145111299,0.12131579691444752,0.12270050598777846,0.15273537682593608,0.14761912396846238,0.1578516296834098,0.10963885319877267,0.11254827831529271,0.10672942808225264,0.12536499798617443,0.13213141725382502,0.11859857871852382,2015-2019,1
1297,SDP,Sanna Marin,228,0.1150044227815254,0.1037251781152488,0.12628366744780198,0.14532915688116854,0.1350253330657701,0.15563298069656695,0.16475643634149023,0.16136873069030017,0.1681441419926803,0.08378956579473855,0.0823985777970906,0.0851805537923865,0.10527625274167834,0.12021491835688965,0.09033758712646703,0.08331545070735127,0.09151246962256052,0.07511843179214202,0.12129998073113918,0.1220764421942302,0.12052351926804816,0.0882934734547759,0.0942150480404531,0.08237189886909868,0.09293526056613266,0.08946330211745686,0.09640721901480845,2015-2019,1
1299,KOK,Sari Multala,174,0.09732712581603387,0.09448527281990776,0.10016897881215996,0.10237697079687254,0.09817789829404762,0.10657604329969746,0.0928638822984574,0.10112734003864347,0.08460042455827135,0.10892086498828638,0.10861304958233242,0.10922868039424032,0.09398995887952724,0.08542463565153544,0.10255528210751905,0.09861294688017884,0.10226266317790889,0.0949632305824488,0.17242045521926253,0.16948454988429928,0.17535636055422577,0.1254311961772731,0.1348761782810195,0.11598621407352674,0.10805659894410807,0.1055484122703056,0.11056478561791054,2015-2019,1
1300,KOK,Kai Mykkänen,218,0.08831112253159054,0.08608041316665441,0.09054183189652669,0.10030761933547408,0.10356898859504371,0.09704625007590444,0.09493058530961665,0.08735271425092088,0.1025084563683124,0.11017755807729909,0.10837710346109761,0.11197801269350056,0.08041191927413532,0.08002829117147135,0.08079554737679931,0.09165093276587498,0.09075660046577894,0.09254526506597102,0.15643805347732245,0.16186245837713817,0.15101364857750674,0.14077906904766285,0.14290258797362848,0.1386555501216972,0.136993140181024,0.13907084253826638,0.13491543782378157,2015-2019,1
1301,PS,Jani Mäkelä,606,0.10362525717774321,0.11700157794673763,0.09024893640874879,0.10520084030907313,0.10942551647106113,0.10097616414708513,0.12114097777681404,0.12496248808103154,0.11731946747259656,0.1017914958260065,0.10568936139713356,0.09789363025487943,0.10874953302892115,0.1116748751874868,0.10582419087035552,0.09463631192955836,0.08597859654391674,0.10329402731519999,0.1174618576474225,0.1102210077634415,0.12470270753140349,0.10152176877475669,0.10259128785116416,0.1004522496983492,0.14587195752970444,0.13245528875802695,0.15928862630138196,2015-2019,1
1302,SDP,Ilmari Nurminen,131,0.13340776157838524,0.11743224803895265,0.14938327511781785,0.12068688842185521,0.11799465347272664,0.12337912337098378,0.14947488934827993,0.13302246433758436,0.1659273143589755,0.09202432441762981,0.1080582826844783,0.07599036615078131,0.08838939757162712,0.0906601759616604,0.08611861918159384,0.10821307618153883,0.10844149576802678,0.10798465659505088,0.09748632888976573,0.10679342862166337,0.08817922915786809,0.11077097336921021,0.11985044882459968,0.10169149791382073,0.0995463602217079,0.09774680229030788,0.10134591815310794,2015-2019,1
1303,KESK,Ulla Parviainen,162,0.10553323639996279,0.10312006623165881,0.10794640656826675,0.10369508582715783,0.10731408630187027,0.10007608535244539,0.09408310690024695,0.08167688616380583,0.10648932763668806,0.15769224670841675,0.15784735705779465,0.15753713635903882,0.0862413182641667,0.09239497675357791,0.08008765977475549,0.10485521681007931,0.11028897276146829,0.09942146085869033,0.13603887139077595,0.12926043254732564,0.14281731023422625,0.10732141650680363,0.10664939070196126,0.10799344231164601,0.10453950119239004,0.11144783148053719,0.09763117090424289,2015-2019,1
1305,KESK,Juha Pylväs,69,0.08741831766107627,0.09388271174057373,0.0809539235815788,0.09533902915125772,0.09319791001203517,0.09748014829048025,0.09964394097391513,0.10851200630949787,0.09077587563833238,0.19955629813775272,0.1737868961765474,0.22532570009895805,0.08591402521302305,0.08255343424124122,0.0892746161848049,0.09654244953725571,0.09373930567300467,0.09934559340150674,0.11422056421008724,0.12027166421989459,0.10816946420027988,0.10343744163168181,0.11247944804183378,0.09439543522152982,0.11792793348395042,0.12157662358537161,0.11427924338252922,2015-2019,1
1308,PS,Jari Ronkainen,110,0.10721768726410363,0.10941654785527902,0.10501882667292825,0.09893496821375813,0.10398878568394851,0.09388115074356776,0.09909260883904988,0.09839866432307896,0.09978655335502079,0.09949826582864418,0.09482665511125707,0.1041698765460313,0.094264822244794,0.09544694260000605,0.09308270188958195,0.12620381911841994,0.13306963097304708,0.1193380072637928,0.11184851744580782,0.09921902437986908,0.12447801051174653,0.11776544182394165,0.1180842963143508,0.1174465873335325,0.14517386922148076,0.14754945275916337,0.14279828568379815,2015-2019,1
1309,KOK,Veera Ruoho,82,0.08038910321197809,0.08235168532043238,0.07842652110352381,0.0914445554792998,0.09425369450071357,0.08863541645788606,0.11274343391671103,0.11665121553345034,0.10883565229997172,0.1168083507635807,0.12665143254941516,0.10696526897774623,0.08332812238846544,0.08102519199662633,0.08563105278030456,0.1165971712055763,0.11341940754679117,0.11977493486436144,0.11726707801210923,0.12070599840071347,0.11382815762350498,0.1324605146083447,0.1236744591928508,0.1412465700238386,0.1489616704139347,0.14126691495900684,0.15665642586886258,2015-2019,1
1309,PS,Veera Ruoho,94,0.09106005144971983,0.09197174830992999,0.09014835458950968,0.08804654559158401,0.0865515916220487,0.0895414995611193,0.1229168807511813,0.13002216874386802,0.11581159275849459,0.10539061653523096,0.1097621162913838,0.10101911677907813,0.11155341795518056,0.1182440036631586,0.10486283224720253,0.1097000891902756,0.1132744142176961,0.1061257641628551,0.1062364820502482,0.10481107222307673,0.10766189187741967,0.1313316518839499,0.1319267398658942,0.13073656390200558,0.13376426459262955,0.11343614506294375,0.15409238412231535,2015-2019,1
1310,VAS,Li Andersson,699,0.10735703604321542,0.0994771670233503,0.11523690506308053,0.14031688270232573,0.136897924773855,0.14373584063079647,0.1879152724983581,0.19600167048242434,0.17982887451429183,0.08159932313864177,0.07552718802028284,0.0876714582570007,0.10884879303807513,0.1160314826673992,0.10166610340875107,0.10862477868137306,0.10936291713040194,0.10788664023234418,0.1001861067969024,0.09906568849497108,0.10130652509883373,0.07754041335248947,0.08223006546139047,0.07285076124358847,0.08761139374861895,0.08540589594592488,0.08981689155131303,2015-2019,1
1311,SDP,Joona Räsänen,330,0.09386155418143416,0.09080438785359203,0.0969187205092763,0.13874932918439464,0.14482511161926376,0.1326735467495255,0.07865428509337516,0.07571489844396563,0.08159367174278467,0.14725908127210102,0.14945494032246637,0.14506322222173568,0.09082458846275922,0.09389132732245765,0.08775784960306078,0.08611469967800124,0.08838427975327603,0.08384511960272645,0.14010341919139746,0.14232733131937575,0.1378795070634192,0.10224352321160872,0.0978657870032191,0.10662125941999834,0.12218951972492842,0.11673193636238363,0.1276471030874732,2015-2019,1
1314,PS,Sami Savio,488,0.10093772490201575,0.09538095182010436,0.10649449798392714,0.0959908222772121,0.09899568422605623,0.09298596032836798,0.11036424464658721,0.1073798945456889,0.11334859474748553,0.11356161397310606,0.11863857884863249,0.10848464909757963,0.07580224656120971,0.07539477755233731,0.07620971557008209,0.09976510675259384,0.10364263770438482,0.09588757580080287,0.12131266344112465,0.12291510515190518,0.11971022173034411,0.13411663920179023,0.13445704301413328,0.13377623538944716,0.14814893824436046,0.14319532713675742,0.1531025493519635,2015-2019,1
1315,VAS,Matti Semi,222,0.10702245121646806,0.10500918449038306,0.10903571794255304,0.11234101991348286,0.1115940519807936,0.11308798784617213,0.09435765096198347,0.09386985854454916,0.09484544337941778,0.16066678599238016,0.16400405903488513,0.1573295129498752,0.09080597019924119,0.08211492500421944,0.09949701539426296,0.0822281384751467,0.08684702306588551,0.07760925388440791,0.1175900386757833,0.11648680621726752,0.11869327113429909,0.10519652094606097,0.10773407551127642,0.10265896638084553,0.12979142361945323,0.13234001615074015,0.12724283108816634,2015-2019,1
1316,SDP,Ville Skinnari,199,0.09351966328358662,0.09680707562483418,0.09023225094233905,0.11222645235724052,0.11196734916106325,0.11248555555341777,0.1267295597080073,0.14049759704473347,0.11296152237128118,0.12535914945013177,0.12011996852632227,0.13059833037394128,0.10548090422965112,0.10206911677107093,0.1088926916882313,0.08820195240558512,0.09047880063768601,0.08592510417348422,0.12130197186418881,0.11363740924138217,0.12896653448699547,0.10520161656774785,0.10460803306365982,0.10579520007183589,0.12197873013386089,0.11981464992924788,0.1241428103384739,2015-2019,1
1317,PS,Simon Elo,173,0.11368286237262737,0.12003391117275782,0.10733181357249691,0.11026847564441991,0.11150362608703253,0.10903332520180728,0.10419768508203675,0.08994181144177402,0.11845355872229948,0.09710428556066658,0.0974024136108569,0.09680615751047626,0.08471714392903175,0.08055985926454562,0.08887442859351788,0.11048191648272593,0.10760025862669868,0.11336357433875319,0.11867412882459676,0.11198579033407183,0.12536246731512168,0.11006827876410874,0.11612697354546112,0.10400958398275635,0.15080522333978624,0.16484535591680158,0.13676509076277094,2015-2019,1
1317,SIN,Simon Elo,276,0.11222138693336753,0.12397088484035168,0.10047188902638338,0.10587571591239328,0.1140200463107062,0.09773138551408037,0.0921179291128614,0.09385595307575458,0.09037990514996821,0.119009490748727,0.10786851832533487,0.13015046317211915,0.07998708374887625,0.07814153685876654,0.08183263063898596,0.10409230889186036,0.1007508514935358,0.1074337662901849,0.13736055287136273,0.13351332375369315,0.14120778198903233,0.1176333462682676,0.10913858920268471,0.1261281033338505,0.13170218551228383,0.1387402961391725,0.12466407488539517,2015-2019,1
1318,RKP,Joakim Strand,79,0.09173447226620873,0.08578552911405325,0.09768341541836423,0.098403720395105,0.09767383577818355,0.09913360501202648,0.11297322730834083,0.1157986553424895,0.11014779927419219,0.11692679106163781,0.10892731089791466,0.12492627122536097,0.1483521908446362,0.14473402271977454,0.15197035896949782,0.11867164677113154,0.11704744165357976,0.12029585188868333,0.10952538306928841,0.11490196877433952,0.1041487973642373,0.09071574520742717,0.09445404186754569,0.08697744854730866,0.11269682307622426,0.12067719385211957,0.10471645230032896,2015-2019,1
1319,SDP,Satu Taavitsainen,268,0.14075843319928227,0.14324784400604276,0.13826902239252176,0.13367846214518755,0.1382467870998274,0.1291101371905477,0.11442866464434119,0.10715801931506701,0.12169930997361537,0.12547945385214967,0.12768286389142505,0.1232760438128743,0.08182571409636827,0.08246552666509963,0.08118590152763691,0.1022428454165841,0.09492521311022513,0.10956047772294308,0.08393828059475898,0.08065355652108411,0.08722300466843386,0.10333227806307053,0.10496217654009699,0.10170237958604408,0.11431586798825742,0.12065801285113195,0.10797372312538289,2015-2019,1
1320,PS,Tiina Elovaara,41,0.09345305169281588,0.0967807848431968,0.09012531854243497,0.09304584979411168,0.09005990898129347,0.0960317906069299,0.12804491468718754,0.13503527447172062,0.12105455490265449,0.10851974162038983,0.10925627793190693,0.10778320530887273,0.10566302542491027,0.10563738277820763,0.10568866807161292,0.11907849624724498,0.11501904851597052,0.12313794397851945,0.14584225956944563,0.14356499526188957,0.14811952387700172,0.09513921836585527,0.09030836112253951,0.09997007560917104,0.11121344259803886,0.11433796609327493,0.1080889191028028,2015-2019,1
1320,SIN,Tiina Elovaara,43,0.11069317400259085,0.12086019952752158,0.1005261484776601,0.09490094428123871,0.09198878128365406,0.09781310727882336,0.12782414212025217,0.1324077334756168,0.12324055076488753,0.09182942729290751,0.08896253367655396,0.09469632090926106,0.1257539576306077,0.13375589588064815,0.11775201938056727,0.13118298727061062,0.13332270717722555,0.12904326736399566,0.13020858472238572,0.12327034962268055,0.13714681982209093,0.09499363883933354,0.08779083020416144,0.10219644747450563,0.09261314384007319,0.08764096915193789,0.0975853185282085,2015-2019,1
1322,KESK,Pertti Hakanen,140,0.08092498706610415,0.07802931170071084,0.08382066243149747,0.11329866476832642,0.10873752709117016,0.11785980244548269,0.06748139303553746,0.06440887052894032,0.07055391554213462,0.239196128905855,0.2449398613144338,0.2334523964972762,0.0822024242757653,0.07748260114936256,0.08692224740216803,0.06609157678790942,0.06634651123681458,0.06583664233900424,0.15309378385202244,0.15396264313320113,0.15222492457084377,0.09490328704293616,0.10523543178255237,0.08457114230331993,0.10280775426554364,0.10085724206281424,0.10475826646827305,2015-2019,1
1323,KOK,Mari-Leena Talvitie,117,0.09572263956022242,0.08645147240470871,0.10499380671573615,0.1260925072467245,0.12302549318613998,0.129159521307309,0.09257799386534094,0.09531678603400781,0.08983920169667406,0.13064156411018868,0.1426351521035179,0.11864797611685943,0.09578984788319693,0.0969212174553537,0.09465847831104016,0.11562725007911158,0.132621458204342,0.09863304195388115,0.1279251879982068,0.11962293336445531,0.13622744263195824,0.10496935745247124,0.09734193225148746,0.11259678265345503,0.1106536518045369,0.10606355499598705,0.11524374861308675,2015-2019,1
1324,VIHR,Hanna Halmeenpää,332,0.10200476218121839,0.09799320015232206,0.10601632421011471,0.126369539528179,0.126212732603449,0.126526346452909,0.132404019539952,0.12459374531123797,0.14021429376866607,0.10744608308984561,0.11080332004485127,0.10408884613483996,0.0929609395603492,0.0967738508175958,0.0891480283031026,0.11287245251943279,0.10701728728534163,0.11872761775352396,0.09460127010293798,0.09591264521507017,0.09328989499080578,0.11371323471894004,0.11652171255470989,0.11090475688317021,0.11762769875914497,0.12417150601542222,0.11108389150286772,2015-2019,1
1325,KD,Sari Tanus,390,0.08722862975053566,0.09079073747002366,0.08366652203104766,0.10695745007104662,0.10960523521966506,0.10430966492242819,0.13973799901918185,0.14592534043887334,0.13355065759949036,0.11729172133546084,0.11121070806091889,0.1233727346100028,0.10715752092835137,0.11792386275144151,0.09639117910526125,0.11284207031650625,0.11629234464081725,0.10939179599219524,0.12010174968653725,0.11141705810682831,0.1287864412662462,0.09610004776887915,0.09740509281524103,0.09479500272251726,0.11258281112350102,0.09942962049619096,0.12573600175081107,2015-2019,1
1326,SDP,Timo Harakka,585,0.12018765410631851,0.1312433818530109,0.10913192635962614,0.12143522861648798,0.12588264519880638,0.1169878120341696,0.1313879924375091,0.13356768380783846,0.1292083010671797,0.09431245887817957,0.0841567753662559,0.10446814239010323,0.09369820787199654,0.09534705957468136,0.09204935616931173,0.09197292342086252,0.08749401619456709,0.09645183064715797,0.10384447388850448,0.10925172140184256,0.0984372263751664,0.11794609864134753,0.11672000528542179,0.11917219199727329,0.1252149621387938,0.11633671131757557,0.13409321296001203,2015-2019,1
1327,PS,Ville Tavio,183,0.09642622379297852,0.09791015424516504,0.09494229334079199,0.10754502960405701,0.11110232241685906,0.10398773679125495,0.11779505464683754,0.10253323292815493,0.13305687636552016,0.09085398715625113,0.09461603095059616,0.08709194336190611,0.11065472921628319,0.11316701118419134,0.10814244724837505,0.08824709969033984,0.08841987269188532,0.08807432668879436,0.11881459390477375,0.12632059011621039,0.11130859769333712,0.10674311454350918,0.10847299671296518,0.1050132323740532,0.1629201674449698,0.1574577887539726,0.168382546135967,2015-2019,1
1329,VIHR,Antero Vartia,87,0.10642123202972448,0.10776701902281285,0.10507544503663609,0.12522025579807122,0.1242242295955531,0.12621628200058937,0.17105208014416,0.17059213858324998,0.17151202170507002,0.09206838613070246,0.09244406879265743,0.0916927034687475,0.10694934652448433,0.11239938728358234,0.10149930576538632,0.07999402394154476,0.07806781314719212,0.08192023473589741,0.09706176646471604,0.09276284726431847,0.10136068566511361,0.09913799030476808,0.10343104010425345,0.09484494050528272,0.12209491866182859,0.11831145620638024,0.12587838111727695,2015-2019,1
1331,KESK,Petri Honkonen,160,0.09358290198226947,0.0959830728140205,0.09118273115051843,0.09251438136741733,0.08849800749636678,0.09653075523846788,0.08828825007592285,0.080749011626041,0.0958274885258047,0.1685697357379723,0.16689986200725854,0.17023960946868605,0.09082186634866524,0.09460687793294652,0.08703685476438396,0.11329340182792455,0.11606864062416707,0.11051816303168202,0.1405427918790942,0.14883637082259374,0.1322492129355946,0.10526936217342872,0.09942251794941681,0.11111620639744064,0.10711730860730527,0.10893563872718892,0.10529897848742162,2015-2019,1
1332,VIHR,Ozan Yanar,213,0.13037408388324773,0.1251359661829908,0.13561220158350462,0.11690385439798434,0.11135606295477178,0.12245164584119692,0.16214907213138827,0.15462805366412197,0.16967009059865457,0.07651106208075559,0.07784145038292634,0.07518067377858484,0.12369395527035774,0.14133051128522442,0.10605739925549107,0.09051014722305699,0.08579621257701488,0.0952240818690991,0.10419149091890514,0.1116991709584246,0.09668381087938568,0.08825555807740657,0.0870818326350412,0.08942928351977195,0.10741077601689766,0.10513073935948403,0.10969081267431129,2015-2019,1
1333,PS,Laura Huhtasaari,268,0.1108416997299913,0.1144346736383431,0.10724872582163951,0.09922786119262722,0.09727885944563042,0.10117686293962402,0.12787853517957368,0.13184486660549014,0.12391220375365722,0.10388620296179799,0.10554814691722622,0.10222425900636974,0.10162538521572803,0.10458442167626006,0.098666348755196,0.08259750815473443,0.07804356842708148,0.08715144788238739,0.11588559368055325,0.1168025585042309,0.1149686288568756,0.10121193676922172,0.10288732753147725,0.09953654600696617,0.15684527711577242,0.14857557725426046,0.1651149769772844,2015-2019,1
1334,KOK,Antti Häkkänen,201,0.08341958793135751,0.08819828512225505,0.07864089074045995,0.10302582515792194,0.10350936761769128,0.10254228269815262,0.09440907248806749,0.10365538165872593,0.08516276331740906,0.12453795217255939,0.11713783089312453,0.13193807345199426,0.07973099623961108,0.08868695169102299,0.07077504078819917,0.08706129440729785,0.0911960344799344,0.08292655433466127,0.14848101525705387,0.1461622882909155,0.15079974222319228,0.142228026166848,0.13788070956414641,0.14657534276954953,0.13710623017928292,0.12357315068218393,0.1506393096763819,2015-2019,1
1335,KESK,Marisanna Jarva,278,0.12206195539546347,0.12008935925716664,0.1240345515337603,0.10915741260884627,0.10682418456749324,0.11149064065019931,0.08916989262294761,0.09191867236451667,0.08642111288137853,0.1390300715656295,0.1353282386120873,0.1427319045191717,0.07599892945228914,0.08211732368405358,0.06988053522052469,0.09401596694682657,0.09685443026259012,0.091177503631063,0.1469338516088063,0.14758140390166444,0.1462862993159481,0.12170775399124037,0.11995480033181967,0.12346070765066106,0.10192416580795084,0.09933158701860839,0.10451674459729329,2015-2019,1
1336,VIHR,Emma Kari,109,0.12060036166964164,0.12382519844749296,0.1173755248917903,0.12478508815412968,0.12359885748795604,0.12597131882030332,0.183225090273762,0.17232076276438515,0.19412941778313886,0.08308854524061085,0.10258468470864548,0.0635924057725762,0.13056783822129386,0.11265403870043242,0.14848163774215534,0.08457625845299684,0.09145298608557768,0.07769953082041599,0.09625509622509595,0.10022977658372142,0.09228041586647048,0.08114326603220626,0.08558783062394323,0.0766987014404693,0.0957584557302629,0.08774586459784563,0.10377104686268016,2015-2019,1
1337,KOK,Susanna Koski,50,0.09837893638846246,0.10691851625043344,0.08983935652649146,0.09814511959966042,0.1042566197029319,0.09203361949638894,0.11021217605435132,0.10815968765490439,0.11226466445379826,0.12889817808454906,0.12666025829112704,0.13113609787797106,0.17742916736670422,0.16841285932727632,0.18644547540613216,0.10681795747266024,0.10733121381264706,0.10630470113267343,0.10188311748125686,0.10369807260717441,0.1000681623553393,0.08530141149990034,0.09039421761226249,0.08020860538753818,0.09293393605245506,0.08416855474124299,0.10169931736366714,2015-2019,1
1338,KESK,Hanna Kosonen,158,0.09136128391813361,0.08313926784457434,0.0995832999916929,0.09662965375346237,0.0918262255917209,0.10143308191520384,0.11698060523699023,0.11304119500971266,0.12092001546426781,0.15384687796173963,0.1701279752691012,0.13756578065437808,0.09373858143383948,0.08864629056323262,0.09883087230444636,0.09432008313788388,0.09982034613889734,0.08881982013687043,0.11979543687494075,0.12561332696251265,0.11397754678736885,0.10686348446063765,0.10909539859618515,0.10463157032509014,0.1264639932223724,0.11868997402406316,0.13423801242068162,2015-2019,1
1339,PS,Kari Kulmala,202,0.07584743222372471,0.07660327402959999,0.07509159041784944,0.08545411546138637,0.08843682099911386,0.0824714099236589,0.11787686251755769,0.1270015160964842,0.10875220893863118,0.14374084222842118,0.1309435896618984,0.15653809479494396,0.1033993707324925,0.09804671082759084,0.10875203063739418,0.08846293135544192,0.09376132473642064,0.08316453797446319,0.13321912825910787,0.1384605719362949,0.1279776845819208,0.11089560528374534,0.10549572733533892,0.11629548323215175,0.14110371193812238,0.14125046437725824,0.1409569594989865,2015-2019,1
1339,SIN,Kari Kulmala,215,0.0869628781966007,0.08548610667683151,0.08843964971636988,0.09280703285621612,0.10070024616893702,0.08491381954349522,0.10506027175331135,0.0902221241293197,0.11989841937730301,0.15189116091930216,0.1437573518160145,0.1600249700225898,0.08242134553889349,0.08227547793138587,0.08256721314640111,0.09209019482943434,0.09635124574166246,0.08782914391720621,0.12337853339932013,0.1247526618498036,0.12200440494883666,0.12994020648622331,0.1402627563895653,0.11961765658288133,0.13544837602069834,0.13619202929647994,0.13470472274491674,2015-2019,1
1340,KESK,Katri Kulmuni,280,0.08395126590782,0.08800311624326607,0.07989941557237393,0.11706394353490487,0.12428451146660065,0.10984337560320909,0.0998330391081721,0.10088821424789736,0.09877786396844682,0.18291467177411808,0.17462638058973137,0.1912029629585048,0.08956779159211099,0.08972248141442668,0.0894131017697953,0.08729073415207525,0.07678864586796273,0.09779282243618775,0.10926276894886536,0.11049524153353012,0.10803029636420058,0.12131753106613166,0.11719975599113555,0.12543530614112777,0.10879825391580175,0.1179916526454495,0.099604855186154,2015-2019,1
1341,KESK,Antti Kurvinen,267,0.11597273805645147,0.10501677539987815,0.1269287007130248,0.11190429577236186,0.11108655080449967,0.11272204074022403,0.08419674081539927,0.08615011878397823,0.0822433628468203,0.144725169532043,0.15730068973058706,0.132149649333499,0.08783306802151211,0.09546575913076434,0.0802003769122599,0.08808811933137757,0.08478284520501486,0.09139339345774028,0.14027756811873304,0.14216543094114178,0.13838970529632433,0.10040496551503991,0.09149902825928598,0.10931090277079385,0.1265973348370817,0.1265328017448499,0.1266618679293135,2015-2019,1
1342,KOK,Jaana Laitinen-Pesola,49,0.10095200017895177,0.10078880152567868,0.10111519883222486,0.11290269764849843,0.11226178710966479,0.11354360818733207,0.08618737962811956,0.07502168808826501,0.09735307116797412,0.14723046352169789,0.16059911633170249,0.1338618107116933,0.10919198254707825,0.1081505012179695,0.110233463876187,0.12239899372657381,0.11370257668500246,0.13109541076814518,0.11787807827880134,0.11409022943276106,0.12166592712484163,0.11524299728248408,0.12420915972685595,0.1062768348381122,0.08801540718779483,0.09117613988210006,0.08485467449348959,2015-2019,1
1344,PS,Rami Lehto,126,0.12399145856306272,0.13279086493063824,0.1151920521954872,0.11426061339224294,0.11305474337274561,0.11546648341174029,0.10156293837459227,0.11766512400102314,0.08546075274816138,0.09547500838730419,0.09430968067447157,0.09664033610013682,0.09801011806417159,0.0891172012389502,0.10690303488939297,0.09568253522040562,0.09435709303784622,0.09700797740296502,0.12049577854971003,0.11430885045782072,0.12668270664159934,0.11998614902242752,0.11513929875677416,0.12483299928808086,0.13053540042608316,0.12925714352973022,0.1318136573224361,2015-2019,1
1346,VIHR,Touko Aalto,490,0.11548443182502563,0.10812789841568696,0.1228409652343643,0.13107452413503184,0.12186913191518171,0.14027991635488196,0.14248316479898876,0.14357198512461133,0.1413943444733662,0.11025113913334961,0.11486989007761861,0.1056323881890806,0.13536192547543763,0.1310773411918355,0.13964650975903975,0.058985358306097295,0.05916707493753306,0.05880364167466153,0.10519390530248207,0.11325824822074608,0.09712956238421806,0.08400633766566623,0.08412886052117798,0.0838838148101545,0.11715921335792093,0.12392956959560875,0.1103888571202331,2015-2019,1
1347,PS,Sampo Terho,133,0.12579601181553426,0.13229011789913536,0.11930190573193315,0.10602539922092948,0.10434914068752905,0.1077016577543299,0.11716877690937222,0.11993094010743499,0.11440661371130945,0.08660863858839088,0.08583823060341932,0.08737904657336246,0.09951602743286822,0.10540250418408739,0.09362955068164905,0.09980425788725461,0.10455859365993789,0.09504992211457133,0.10904385394108601,0.10718852288339634,0.11089918499877569,0.1253488577123393,0.11551312046017033,0.13518459496450827,0.13068817649222494,0.12492882951488929,0.1364475234695606,2015-2019,1
1347,SIN,Sampo Terho,79,0.0998216893826036,0.10946109357701712,0.09018228518819008,0.10858955234838012,0.1109297001383313,0.10624940455842895,0.10616135405020655,0.11049915429483934,0.10182355380557377,0.11652456983080384,0.10905598228965833,0.12399315737194935,0.06748719683589721,0.06167288553750607,0.07330150813428835,0.08171554726001154,0.07996576545874344,0.08346532906127964,0.13342702636137585,0.13824814812630998,0.12860590459644172,0.15495770796836755,0.1595086744911333,0.1504067414456018,0.13131535596235375,0.12065859608646112,0.14197211583824637,2015-2019,1
1348,KESK,Mikko Kärnä,199,0.1123740095260644,0.11897367114996475,0.10577434790216404,0.10488059904410636,0.09990037490007922,0.1098608231881335,0.09410406914004343,0.10409343874810295,0.08411469953198393,0.12282780784905184,0.12716421233512118,0.1184914033629825,0.10083624300282056,0.10729801286087079,0.09437447314477032,0.11893324565649255,0.10366286560040068,0.13420362571258443,0.11291192480163237,0.10718942593167632,0.11863442367158843,0.10636943281224123,0.10930391602142804,0.10343494960305441,0.12676266816754722,0.12241408245235601,0.13111125388273845,2015-2019,1
1349,PS,Leena Meri,563,0.09891571153664577,0.0927206212774517,0.10511080179583983,0.12508216406603426,0.1260647058706479,0.12409962226142064,0.08997272879757028,0.09169787094256032,0.08824758665258023,0.12810801468788446,0.13753122046758637,0.11868480890818256,0.11729270698976751,0.1067149610734303,0.12787045290610471,0.08884482941671917,0.08726576483575355,0.0904238939976848,0.10231075643257467,0.10336262332246307,0.10125888954268628,0.11848133730894139,0.12032314057786415,0.11663953404001863,0.1309917507638625,0.13431909163224265,0.12766440989548236,2015-2019,1
1372,SIN,Matti Torvinen,57,0.11110126396927911,0.11051001896536236,0.11169250897319585,0.10684523716885289,0.11275208545629527,0.10093838888141049,0.08403641709115875,0.07732061555550553,0.09075221862681197,0.12047922191126437,0.12101348544784649,0.11994495837468226,0.09018844067735324,0.0861476688938166,0.09422921246088989,0.09177218018705605,0.10036738367624712,0.08317697669786497,0.13228283125678875,0.13231168094766993,0.13225398156590754,0.13620902752587083,0.13224643563608102,0.14017161941566061,0.12708538021237603,0.12733062542117565,0.12684013500357644,2015-2019,1
1374,RKP,Veronica Rehn-Kivi,68,0.1310462963117888,0.12758708965346374,0.13450550297011385,0.11729169389862201,0.12232609172868703,0.11225729606855699,0.11485421193453843,0.11504677824557127,0.11466164562350559,0.08395586049902415,0.08988671588860302,0.0780250051094453,0.14594482711650936,0.1468045908998587,0.14508506333316,0.12267109721972703,0.11180251365372942,0.13353968078572465,0.09371739388857092,0.09051341725999537,0.09692137051714646,0.08780558081205472,0.09470649531943018,0.08090466630467928,0.10271303831916458,0.10132630735066124,0.10409976928766791,2015-2019,1
1378,SDP,Pilvi Torsti,94,0.09177446957688115,0.09497874321216945,0.08857019594159285,0.13697683658163204,0.13849197128643165,0.13546170187683243,0.11002774287294173,0.10646137949553389,0.11359410625034957,0.11877975607800395,0.11909341830368722,0.1184660938523207,0.08146362886414624,0.0856266023229432,0.07730065540534928,0.09153932845529128,0.09502479636020379,0.08805386055037875,0.18255390969153365,0.16511506143253551,0.19999275795053179,0.09497648332854106,0.10168758448989693,0.0882653821671852,0.09190784455102882,0.09352044309659828,0.09029524600545938,2015-2019,1
1382,KESK,Hanna-Leena Mattila,40,0.10624330160111731,0.1041606548930866,0.10832594830914802,0.09315851478455066,0.08668062918317276,0.09963640038592855,0.12201749497413174,0.11723791851693907,0.1267970714313244,0.10207387582635802,0.10117961813876027,0.10296813351395577,0.10144516340727086,0.11370688001935729,0.08918344679518442,0.10737755288105619,0.12270693745802305,0.09204816830408932,0.12381259840254127,0.12105620117759361,0.12656899562748894,0.13289064506948378,0.1201501839432334,0.1456311061957342,0.11098085305349017,0.11312097666983396,0.1088407294371464,2015-2019,1
157,KESK,Kauko Juhantalo,109,0.09935270352107307,0.08928129435664663,0.10942411268549952,0.10170376735828184,0.10272056590785139,0.10068696880871228,0.09769952248683769,0.09936378960864703,0.09603525536502835,0.1437253839684936,0.15790291948906496,0.12954784844792222,0.09813740119336678,0.09944502941129943,0.09682977297543413,0.08821193295150902,0.0820380843713723,0.09438578153164573,0.12561325753156588,0.1258942527341501,0.12533226232898162,0.1194075050467926,0.11239899559451987,0.1264160144990653,0.12614852594207956,0.1309550685264483,0.12134198335771082,2015-2019,1
175,PS,Toimi Kankaanniemi,541,0.10328404911308536,0.10851165744881312,0.0980564407773576,0.15597937385423852,0.16469402405476302,0.147264723653714,0.07926211337756595,0.08410084146031438,0.07442338529481751,0.15479513083050322,0.13156293830422044,0.17802732335678603,0.09447957721752777,0.0944599202590567,0.09449923417599884,0.09110465476406418,0.09827663038794729,0.08393267914018107,0.11026890757544099,0.11069799545408077,0.1098398196968012,0.0997971871525728,0.09663637899505724,0.10295799531008834,0.11102900611500122,0.11105961363574704,0.11099839859425538,2015-2019,1
202,KESK,Seppo Kääriäinen,117,0.10657410659192876,0.10875320413092353,0.10439500905293397,0.1053232744055452,0.11129821952829336,0.09934832928279705,0.09261926774743398,0.10151197862325127,0.08372655687161668,0.1637308603958813,0.14264796078479056,0.18481376000697206,0.11080804379357406,0.11707411998980388,0.10454196759734424,0.08530680890232703,0.08222178598519223,0.08839183181946185,0.13525954278901192,0.1354118629079464,0.13510722267007744,0.09608722575389285,0.09206087104132928,0.10011358046645642,0.10429086962040493,0.1090199970084695,0.09956174223234036,2015-2019,1
203,SDP,Riitta Myller,300,0.11471696970341201,0.12203341585348322,0.1074005235533408,0.10893476848782918,0.1122975136381497,0.10557202333750867,0.12857687368722123,0.13552124722528602,0.12163250014915646,0.15183835262807993,0.14313712795478972,0.16053957730137017,0.08640255843591141,0.08355702719523446,0.08924808967658836,0.11348299067990837,0.1177939125168738,0.10917206884294295,0.11187137913568633,0.10763846440907188,0.11610429386230078,0.08796576876840637,0.09011213490699381,0.08581940262981894,0.09621033847354515,0.08790915630011746,0.10451152064697286,2015-2019,1
214,PS,Lea Mäkipää,163,0.08334791696205558,0.08053797881862611,0.08615785510548506,0.1083179087802611,0.11484781636608905,0.10178800119443314,0.09210585103641647,0.0907054508577778,0.09350625121505515,0.13662962190346936,0.13400070225148014,0.13925854155545858,0.07842249212907365,0.08140983281591915,0.07543515144222813,0.11834643119851229,0.11586008000233435,0.12083278239469024,0.10641129529904457,0.11357769386366878,0.09924489673442036,0.1404796417263635,0.12952899862778094,0.15143028482494608,0.1359388409648034,0.1395314463963236,0.13234623553328323,2015-2019,1
214,SIN,Lea Mäkipää,102,0.09131699573412547,0.09866826321739221,0.08396572825085871,0.10439982696986823,0.10001349200259471,0.10878616193714175,0.08646006606721893,0.08707027007224737,0.08584986206219047,0.12809248367080314,0.13320992055399558,0.1229750467876107,0.0816595725311848,0.07371006559652864,0.08960907946584099,0.12776494457888415,0.12794378329834763,0.12758610585942068,0.11304566632013827,0.10769698095256386,0.11839435168771269,0.14595258104698125,0.15119503327367503,0.14071012882028747,0.12130786308079575,0.12049219103265499,0.12212353512893652,2015-2019,1
259,KOK,Pertti Salolainen,126,0.10860946621721321,0.10821703055493966,0.10900190187948677,0.09266933125186713,0.08885071952709366,0.09648794297664062,0.11433216603567403,0.12204533440988725,0.1066189976614608,0.13903244357947753,0.1312055757972361,0.14685931136171898,0.11115414094438547,0.11700811939354669,0.10530016249522425,0.10922525457287366,0.11499713629349909,0.10345337285224825,0.10935929252577786,0.0989193381594588,0.11979924689209694,0.09545845674523612,0.10082452709948697,0.09009238639098525,0.12015944812749496,0.11793221876485174,0.12238667749013817,2015-2019,1
301,KOK,Ben Zyskowicz,691,0.11520663047112131,0.12061026397718995,0.10980299696505269,0.11994859754725926,0.11247934934933146,0.12741784574518705,0.10924818074921858,0.1054087140687195,0.11308764742971764,0.0845072230913409,0.09189807549170644,0.07711637069097535,0.10885698172481233,0.10249133268312698,0.11522263076649768,0.09845341051523832,0.09520928199617681,0.10169753903429983,0.10829234459251533,0.11190414979707827,0.10468053938795237,0.11599895294476245,0.1191599353269879,0.112837970562537,0.1394876783637316,0.14083889730968277,0.1381364594177804,2015-2019,1
351,RKP,Eva Biaudet,172,0.09937176573159673,0.10240476065850634,0.0963387708046871,0.10388531302916232,0.10755814326887543,0.1002124827894492,0.11979201739996104,0.1322192630481885,0.10736477175173356,0.08954973717003084,0.08594000600640306,0.09315946833365861,0.12624261142081059,0.13135306336676372,0.12113215947485745,0.13954047139292958,0.12907689548054177,0.1500040473053174,0.12140481408631792,0.11402912407262959,0.12878050410000624,0.09142263397504238,0.0891105480387516,0.09373471991133317,0.10879063579414866,0.10830819605933999,0.10927307552895733,2015-2019,1
356,KESK,Olli Rehn,96,0.08344115372817629,0.08045501227031189,0.08642729518604067,0.0933673325273745,0.08325097138845541,0.10348369366629358,0.12638850378391084,0.13400199118461117,0.1187750163832105,0.1439854755706616,0.14812504323812842,0.13984590790319476,0.08779224520907528,0.08787118993607236,0.0877133004820782,0.09042296952339086,0.08921177345569792,0.09163416559108381,0.14157455535493962,0.13954970049392643,0.14359941021595282,0.1248645472730176,0.12397266653874488,0.1257564280072903,0.10816321702945345,0.11356165149405154,0.10276478256485537,2015-2019,1
357,SDP,Erkki Tuomioja,60,0.12900712221395344,0.12939438586914245,0.1286198585587644,0.10079911009833291,0.10782737570713286,0.09377084448953296,0.10724043619667098,0.10419853249875988,0.1102823398945821,0.10642994746912667,0.10323447953091154,0.10962541540734179,0.11873653336656971,0.11380716374310021,0.12366590299003921,0.09820846945687399,0.09776248071921557,0.0986544581945324,0.12122499557090058,0.12554931882837797,0.1169006723134232,0.1241179698953545,0.12160892233863718,0.1266270174520718,0.0942354157322173,0.09661734076472239,0.09185349069971221,2015-2019,1
363,VIHR,Satu Hassi,411,0.10014937629572984,0.10911723245003399,0.09118152014142569,0.12500196565091937,0.11782648438006937,0.13217744692176933,0.13241703358514745,0.13447439086783058,0.1303596763024643,0.10437014161054471,0.10286585055052107,0.10587443267056836,0.09466954187752355,0.09874103757077049,0.09059804618427661,0.11509942435653901,0.11343958441025197,0.11675926430282606,0.11403310353386469,0.10717178874526816,0.12089441832246121,0.10014728166913373,0.09474621442002681,0.10554834891824064,0.11411213142059769,0.12161741660522762,0.10660684623596775,2015-2019,1
375,KESK,Markku Rossi,185,0.10910881916814247,0.09496287626887681,0.12325476206740811,0.11293814250873592,0.10966797545164027,0.11620830956583157,0.07431295802983554,0.06821832740281113,0.08040758865685993,0.14584285498265678,0.15040552642230456,0.141280183543009,0.0910880639972524,0.09835434002700609,0.08382178796749871,0.10720640373088308,0.10616808745577962,0.10824472000598653,0.13086300530547973,0.12700880261299682,0.13471720799796266,0.09906991466590252,0.10253654291325012,0.09560328641855492,0.12956983761111163,0.14267752144533466,0.1164621537768886,2015-2019,1
414,KESK,Matti Vanhanen,130,0.09569804222121284,0.09429492685115295,0.09710115759127273,0.12081551852114623,0.1215460467712467,0.12008499027104577,0.1077109710555609,0.1131375255098039,0.10228441660131793,0.11502964117249731,0.11449221716773109,0.11556706517726353,0.10164335656257609,0.09313585402892174,0.11015085909623042,0.09281940268785832,0.09557691169602246,0.09006189367969417,0.12574278665835373,0.11985684294315942,0.13162873037354805,0.12139833075541112,0.12886360122943916,0.11393306028138309,0.11914195036538347,0.11909607380252256,0.11918782692824437,2015-2019,1
451,SDP,Tarja Filatov,345,0.1272841712364439,0.13037337467898247,0.1241949677939053,0.13936903917846286,0.1261556812759494,0.15258239708097632,0.15131109341893723,0.15107061967614951,0.15155156716172494,0.08850642085495913,0.09012855876730233,0.08688428294261592,0.08670865880129736,0.09325247956561729,0.08016483803697742,0.09258627874932021,0.08926843379782864,0.09590412370081178,0.0992749611988956,0.1117642972919444,0.08678562510584681,0.1175333340991156,0.11138463579102968,0.1236820324072015,0.09742604246256817,0.09660191915519632,0.09825016576994,2015-2019,1
479,VAS,Annika Lapintie,64,0.08992857313579838,0.08883542349549552,0.09102172277610124,0.14351605256844574,0.16663860551330228,0.12039349962358918,0.11066256039009983,0.10635823277146453,0.11496688800873514,0.09003736109251138,0.09339745482877182,0.08667726735625095,0.08969152878918576,0.0755829733671285,0.10380008421124302,0.11157020884369655,0.10771740891912251,0.11542300876827058,0.11728926006574833,0.10803728366431842,0.12654123646717824,0.13722547487829476,0.14403967793168293,0.13041127182490658,0.11007898023621923,0.10939293950871343,0.11076502096372502,2015-2019,1
499,KD,Päivi Räsänen,490,0.10873162459943006,0.12139556607296635,0.09606768312589375,0.11310195675731699,0.10756834223291159,0.11863557128172238,0.09473240812612659,0.09045793508248048,0.09900688116977269,0.11050202365015034,0.1201733580904077,0.10083068920989298,0.09188499826000293,0.095037622382589,0.08873237413741684,0.1515494572909083,0.14282697304269004,0.16027194153912652,0.11282805638662585,0.11346048176558483,0.11219563100766686,0.11495341056822006,0.11270031332755719,0.11720650780888293,0.10171606436121898,0.09637940800281283,0.10705272071962513,2015-2019,1
507,VAS,Kari Uotila,288,0.12052440592238295,0.13368195500243177,0.10736685684233413,0.14299757836997237,0.13131868713131373,0.15467646960863102,0.11080100920123731,0.10658887146099931,0.11501314694147532,0.11167093006606324,0.10758427214905095,0.11575758798307553,0.12675028418541123,0.13263872129030826,0.1208618470805142,0.09469471094720389,0.08462539392431641,0.10476402797009136,0.11493757663349144,0.12699411746764802,0.10288103579933487,0.0722258861594724,0.06893891640925096,0.07551285590969384,0.10539761851476517,0.1076290651646806,0.10316617186484975,2015-2019,1
508,KESK,Anu Vehviläinen,242,0.08952092955151775,0.08640300012451813,0.09263885897851737,0.14155851237818007,0.13514089235187352,0.14797613240448665,0.07675346141054246,0.07700811000834039,0.07649881281274454,0.1603457637762677,0.17968196620701982,0.14100956134551554,0.07130115180047378,0.07483303398613948,0.06776926961480809,0.078847207371032,0.08396485768759844,0.07372955705446556,0.14659385413529583,0.1422446661812986,0.15094304208929304,0.11142482218638777,0.10818683318340949,0.11466281118936605,0.12365429739030265,0.1125366402698021,0.1347719545108032,2015-2019,1
538,SDP,Tuula Haatainen,214,0.10412427676329329,0.10213005815770422,0.10611849536888236,0.14308877290890942,0.1503184906541618,0.13585905516365707,0.11733146025005196,0.11666098431068961,0.11800193618941432,0.0990401622877902,0.09687184351644097,0.10120848105913942,0.09468918135301432,0.08992254214875985,0.09945582055726879,0.1285222536736473,0.11819414512325313,0.13885036222404148,0.09372479194516965,0.09675829075478737,0.09069129313555194,0.12224174309408878,0.131318113677079,0.11316537251109855,0.09723735772403502,0.09782553165712407,0.09664918379094596,2015-2019,1
565,SDP,Susanna Huovinen,121,0.12179529931598912,0.11499737230823515,0.1285932263237431,0.13191584604279197,0.14175012930893863,0.12208156277664532,0.11273010317171009,0.11920496275534861,0.10625524358807156,0.10424708405252658,0.1018380835398621,0.10665608456519107,0.10841421243490165,0.11029646772865076,0.10653195714115256,0.10931820235986534,0.10682318264160846,0.11181322207812219,0.11535574331517848,0.11236025973953734,0.11835122689081963,0.09397904960506567,0.09378290442045491,0.09417519478967643,0.10224445970197103,0.09894663755736399,0.10554228184657807,2015-2019,1
573,KESK,Niilo Keränen,63,0.09321737412631009,0.08859433741618666,0.09784041083643352,0.1403112824070359,0.13608907053376537,0.14453349428030643,0.09060694407553282,0.08394163907087175,0.09727224908019391,0.1174506833081714,0.10833067663737683,0.12657068997896598,0.07998644659138981,0.08225069668897503,0.0777221964938046,0.14045982201434642,0.1637629277680428,0.11715671626065005,0.12916774656987168,0.13656952388092797,0.12176596925881536,0.09919790789783514,0.09443705171651437,0.1039587640791559,0.10960179300950676,0.10602407628733926,0.11317950973167427,2015-2019,1
582,KESK,Jari Leppä,177,0.09019024901463431,0.09157519290361829,0.08880530512565032,0.10548589307545489,0.10516145228262949,0.10581033386828027,0.09394428056352852,0.08585086726284648,0.10203769386421058,0.21339662531396963,0.2283017360168757,0.19849151461106354,0.08556146512425271,0.09442119779273622,0.0767017324557692,0.09083222646145883,0.08684195771434308,0.09482249520857458,0.12011863369712691,0.1210959855914751,0.11914128180277872,0.09586219034385299,0.08668102959512898,0.10504335109257698,0.10460843640572123,0.10007058084034655,0.1091462919710959,2015-2019,1
592,KESK,Antti Rantakangas,139,0.10282578838407044,0.09867225017579805,0.10697932659234284,0.12224823896484413,0.1302919006837358,0.11420457724595245,0.08263289657076336,0.08523132029073491,0.08003447285079181,0.16212979784886922,0.1557701327523258,0.16848946294541262,0.10319835231170549,0.10102320492135744,0.10537349970205354,0.07622860850006408,0.07485880500213572,0.07759841199799242,0.14395123941378504,0.1422746201167906,0.1456278587107795,0.08670080274795369,0.08599033626767108,0.08741126922823632,0.12008427525794454,0.1258874297894506,0.11428112072643848,2015-2019,1
609,SDP,Harry Wallin,115,0.11165318680245151,0.10356557018077613,0.11974080342412688,0.11414599803520754,0.11784127549245356,0.11045072057796153,0.11324703432521752,0.11672134956053229,0.10977271908990274,0.12211458134756378,0.12830370842885624,0.11592545426627132,0.10045053658510836,0.09773697583490185,0.10316409733531488,0.08700803578206834,0.08566879272847021,0.08834727883566648,0.12260036965664144,0.1319325170669347,0.11326822224634817,0.10439444872458101,0.09976683921207212,0.10902205823708988,0.12438580874116055,0.11846297149500293,0.13030864598731817,2015-2019,1
612,KOK,Sari Sarkomaa,271,0.104470247425533,0.11633565211537038,0.09260484273569562,0.13393926182421387,0.12394639095064712,0.1439321326977806,0.09831232539009518,0.09359225885021608,0.10303239192997429,0.1246913326051163,0.12463854814479247,0.12474411706544013,0.10629681847296898,0.09928220423469813,0.11331143271123985,0.12060693569249104,0.12569156191240774,0.11552230947257433,0.12263855609675799,0.1255411835205375,0.11973592867297847,0.09093565649119391,0.09324702626585282,0.088624286716535,0.09810886600162973,0.0977251740054778,0.09849255799778166,2015-2019,1
767,PS,Timo Soini,236,0.08660530121144147,0.08721621942659993,0.085994382996283,0.1232061877682994,0.12791486184999407,0.11849751368660474,0.08682286994551597,0.08113412132701513,0.09251161856401682,0.1386111811802912,0.13645455276626295,0.14076780959431942,0.10677206837717187,0.10364041516852633,0.1099037215858174,0.08268013570452779,0.08724836632582365,0.07811190508323193,0.12689468120245778,0.12510817269978597,0.1286811897051296,0.12679673517889925,0.13075604826244128,0.12283742209535724,0.12161083943139532,0.12052724217355071,0.12269443668923993,2015-2019,1
767,SIN,Timo Soini,84,0.08488996024981278,0.08347299894123031,0.08630692155839526,0.11215714972730298,0.11322553772731361,0.11108876172729235,0.10309643727281287,0.11166299095309717,0.09452988359252855,0.1330841103413461,0.12730804348079935,0.13886017720189284,0.11977365449358796,0.1331509140028154,0.10639639498436053,0.08431656154366066,0.08606873996970098,0.08256438311762035,0.12994349037584385,0.12545788228594115,0.13442909846574652,0.11572518853047978,0.10991741158802952,0.12153296547293002,0.11701344746515309,0.10973548105107252,0.12429141387923366,2015-2019,1
768,SDP,Eero Heinäluoma,731,0.12420764391469005,0.1274865501740887,0.1209287376552914,0.15130686771168356,0.1468634250479569,0.15575031037541018,0.09665716522017892,0.09141205824657343,0.10190227219378441,0.11215594020641823,0.11280947395351644,0.11150240645932,0.08813654178672813,0.08723519390659756,0.08903788966685869,0.0699431633187783,0.0733699275814377,0.06651639905611889,0.12544988246641303,0.12055367683305425,0.13034608809977183,0.10036751534367447,0.108438667445182,0.09229636324216692,0.13177528003143532,0.13183102681159295,0.1317195332512777,2015-2019,1
769,RKP,Mikaela Nylander,122,0.11213531129980145,0.11930063661918418,0.1049699859804187,0.0964219284322548,0.09314765921687831,0.09969619764763128,0.12084608275779268,0.12591758588009933,0.11577457963548606,0.08718566683896745,0.08970255682372455,0.08466877685421034,0.16751009508715575,0.1585745744904103,0.17644561568390119,0.1192480659162024,0.12305135744803689,0.11544477438436791,0.11877108568237515,0.11175304638476949,0.12578912497998082,0.09427674006636383,0.08912924682428693,0.09942423330844072,0.0836050239190865,0.0894233363126101,0.07778671152556291,2015-2019,1
771,VIHR,Jyrki Kasvi,130,0.10738006923171875,0.10815392821719305,0.10660621024624446,0.11925317944890176,0.13339802814281065,0.10510833075499289,0.12044852166094182,0.12608072986304258,0.11481631345884105,0.105083171156718,0.10644713418999721,0.10371920812343878,0.09099004357141893,0.08970357033683801,0.09227651680599987,0.09953280256164815,0.09927875794865296,0.09978684717464334,0.10507952148825093,0.09987710289157553,0.11028194008492634,0.12368937117408005,0.10835258955549454,0.13902615279266556,0.12854331970632163,0.12870815885439546,0.1283784805582478,2015-2019,1
772,KESK,Antti Kaikkonen,130,0.11198753294467996,0.1270646746168143,0.09691039127254561,0.10821794491215085,0.10758957036192533,0.10884631946237637,0.08882766929010602,0.09148003022556864,0.08617530835464342,0.14667682392712128,0.13028960282492918,0.16306404502931338,0.08932342043466915,0.08597242319139668,0.09267441767794163,0.094364976600603,0.0885101680402997,0.10021978516090632,0.13199186899002305,0.13292471385802926,0.13105902412201684,0.1055029166317098,0.10809770938366106,0.10290812387975853,0.12310684626893684,0.12807110749737582,0.11814258504049784,2015-2019,1
778,KD,Sari Essayah,637,0.1071474793340102,0.11991202754151428,0.09438293112650613,0.11962891994616723,0.12616791090988502,0.11308992898244943,0.09331649024978475,0.09271948105186409,0.09391349944770541,0.12948375187260303,0.11675260599453108,0.14221489775067495,0.11139091399285318,0.11372955246193797,0.1090522755237684,0.11922470580370687,0.10976928065450783,0.1286801309529059,0.12312923018386561,0.10651213522182537,0.13974632514590585,0.09421468234996747,0.10397462324694237,0.08445474145299255,0.10246382626704172,0.110462382916992,0.09446526961709144,2015-2019,1
779,KESK,Esko Kiviranta,233,0.08826269278353394,0.09661231538259776,0.07991307018447011,0.10823891437350196,0.11438076117741755,0.10209706756958636,0.08457207115550068,0.07983743490120389,0.08930670740979747,0.12002465491616227,0.11965150765611639,0.12039780217620813,0.12081410049244135,0.10834873082481526,0.13327947016006744,0.09703273820871515,0.0893925862044998,0.1046728902129305,0.12608773181726332,0.12955159965532437,0.12262386397920229,0.13063406841887262,0.13853461860967295,0.1227335182280723,0.12433302783400862,0.12369044558835196,0.12497561007966529,2015-2019,1
784,KOK,Arto Satonen,183,0.0984465031895249,0.09023959309249935,0.10665341328655045,0.1139406507045165,0.12131793493563903,0.10656336647339397,0.09070075483916323,0.0925614409695412,0.08884006870878525,0.15289886911178452,0.15810089101470634,0.14769684720886267,0.08496161367267714,0.0871902744157363,0.08273295292961798,0.09234097928302784,0.08112671467117286,0.10355524389488283,0.14997356384643104,0.1577529771217836,0.14219415057107848,0.10251173473385741,0.10414139582285793,0.10088207364485688,0.11422533061901748,0.10756877795606341,0.12088188328197154,2015-2019,1
786,KESK,Mikko Alatalo,108,0.06664355267347677,0.06678443284301284,0.06650267250394068,0.09827953265174927,0.0994659969872058,0.09709306831629273,0.0763183190679318,0.08186437378837898,0.07077226434748461,0.17527971871993642,0.1451802772028214,0.20537916023705147,0.08738971355440601,0.10178517730123138,0.07299424980758065,0.09752595880235995,0.1195885778764743,0.07546333972824562,0.1199754483019472,0.1158931232488809,0.12405777335501351,0.1279059844126258,0.12111056167258302,0.13470140715266857,0.1506817718155667,0.1483274790794113,0.15303606455172208,2015-2019,1
790,KESK,Kimmo Tiilikainen,338,0.07650773227981608,0.07577147985521118,0.07724398470442098,0.11145568945669607,0.11061709774462125,0.11229428116877087,0.10480175514195275,0.10371032401630517,0.10589318626760033,0.14692797444255049,0.16425369882317764,0.12960225006192333,0.07153366413312007,0.07008547134335635,0.07298185692288378,0.08770771995050236,0.08636039703607071,0.089055042864934,0.13309843475911143,0.12509081653695434,0.1411060529812685,0.13388937815124208,0.1344456687899029,0.13333308751258127,0.13407765168500868,0.12966504585440045,0.1384902575156169,2015-2019,1
791,SDP,Anneli Kiljunen,405,0.11384343815016355,0.10599666037103554,0.12169021592929156,0.14184832170209383,0.15405924039285815,0.12963740301132948,0.14954000032795844,0.1582584317970926,0.14082156885882427,0.09774758918633772,0.10259304632105312,0.0929021320516223,0.10640686755549253,0.09222734890226571,0.12058638620871935,0.12411969792783353,0.11262060025953946,0.1356187955961276,0.09136944206574243,0.09146335475934683,0.09127552937213804,0.0891876360998502,0.0912118667495497,0.0871634054501507,0.08593700698452778,0.09156945044725891,0.08030456352179664,2015-2019,1
796,KESK,Eero Reijonen,62,0.09453578914535962,0.09487707335270043,0.09419450493801881,0.09941943215085947,0.10413085059531606,0.09470801370640287,0.08114284096438269,0.07240128864944403,0.08988439327932135,0.2296895478600637,0.22450541225134685,0.23487368346878057,0.09139431113706104,0.08876494943125883,0.09402367284286325,0.08006167031188914,0.08707099904169381,0.07305234158208447,0.11756550944060093,0.11040652226999051,0.12472449661121136,0.1000179083413748,0.10231335006753377,0.09772246661521586,0.10617299064840857,0.11552955434071573,0.0968164269561014,2015-2019,1
797,KESK,Hannu Hoskonen,971,0.07286787398289768,0.07311749932028588,0.07261824864550948,0.1229748836582871,0.12153970382944441,0.12441006348712977,0.10028847469097846,0.09331596247056909,0.10726098691138782,0.1535432507135039,0.15536681314557593,0.15171968828143187,0.06253281434816121,0.06417603065064476,0.06088959804567766,0.07567818068728058,0.08061540036763151,0.07074096100692964,0.1318869808147312,0.12465713969121184,0.13911682193825053,0.11162956188902359,0.11390845524281326,0.10935066853523392,0.16859797921513625,0.1733029952818233,0.16389296314844923,2015-2019,1
800,KESK,Tapani Tölli,69,0.10768157497018463,0.10299938138564997,0.11236376855471927,0.10857083127717987,0.11164483569608603,0.1054968268582737,0.09577116248852041,0.09478925427587408,0.09675307070116676,0.13449208910523888,0.14299262323291648,0.1259915549775613,0.12008913542846272,0.11573893042246622,0.12443934043445923,0.09263469307779448,0.0931249352437328,0.09214445091185616,0.13767252527918986,0.139351791163337,0.1359932593950427,0.0917796262484879,0.09797951457810852,0.08557973791886726,0.11130836212494126,0.10137873400182895,0.12123799024805357,2015-2019,1
802,VAS,Markus Mustajärvi,190,0.11954012842955707,0.1248323474050834,0.11424790945403074,0.11743447991523444,0.11788268468208107,0.1169862751483878,0.11545339937114697,0.11895119263029082,0.11195560611200313,0.09503296649366944,0.0955987928105801,0.09446714017675875,0.09107210231810953,0.0813343105794183,0.10080989405680074,0.10201641449470183,0.10788220669337675,0.09615062229602693,0.10099773502920999,0.10356942663455546,0.09842604342386452,0.12801839960314684,0.12069845739787304,0.13533834180842064,0.1304343743452238,0.12925058116674099,0.13161816752370667,2015-2019,1
805,KESK,Lasse Hautala,135,0.10118023348119959,0.09659747985885017,0.10576298710354899,0.10758883902995123,0.10463133361246912,0.11054634444743332,0.08817606393134665,0.09405082948954636,0.08230129837314694,0.17237421475120424,0.17264694655148877,0.17210148295091968,0.08446499835049869,0.09386230261878956,0.07506769408220781,0.11320055526173686,0.11845076495651652,0.10795034556695719,0.12024516112925585,0.11467948669962413,0.12581083555888756,0.11236985221497736,0.10655289197026115,0.11818681245969356,0.10040008184982965,0.09852796424245433,0.10227219945720496,2015-2019,1
808,SDP,Jutta Urpilainen,40,0.11201501480751234,0.11564101544016311,0.10838901417486158,0.11504308714457656,0.11839037764198106,0.11169579664717207,0.10872252663504334,0.10827580700432964,0.10916924626575704,0.0959357147002276,0.08901436085015887,0.10285706855029635,0.14373566201302507,0.14356474871526229,0.14390657531078782,0.13476180768373494,0.13272999005859393,0.13679362530887595,0.10284000881661426,0.09523238817403924,0.11044762945918929,0.10502041829182,0.11699645729322272,0.09304437929041728,0.08192575990744588,0.08015485482224918,0.0836966649926426,2015-2019,1
811,KESK,Aila Paloniemi,206,0.09717999204381171,0.09127688030574863,0.1030831037818748,0.10883445884068435,0.11526628082599757,0.10240263685537113,0.10864522585231706,0.08745250352103384,0.12983794818360028,0.11652800487878733,0.13191550961231502,0.10114050014525963,0.11792480444164219,0.11899519397218598,0.11685441491109838,0.12247067257599681,0.12301661512677713,0.12192473002521649,0.11888574435867802,0.11178629080884572,0.12598519790851032,0.10724603603902372,0.11306677174769886,0.10142530033034858,0.10228506096905873,0.10722395407939715,0.09734616785872031,2015-2019,1
856,PS,Jussi Niinistö,63,0.08275477826486816,0.0742736260737664,0.09123593045596991,0.08819498447093982,0.08982654216449926,0.08656342677738038,0.08816631033260187,0.08496279304711112,0.09136982761809263,0.10649764438211975,0.10890692135697884,0.10408836740726068,0.07853383529589433,0.07767857523336416,0.07938909535842452,0.0880144358844905,0.08988822818690811,0.08614064358207288,0.12514485625803448,0.13396981433060465,0.11631989818546432,0.19895359324384915,0.19483074734265596,0.20307643914504236,0.14373956186720194,0.14566275226411157,0.14181637147029233,2015-2019,1
856,SIN,Jussi Niinistö,50,0.07931483958246557,0.07824881085784345,0.0803808683070877,0.0842496507839389,0.08369383683006612,0.08480546473781167,0.0882285838812294,0.08932552321590573,0.08713164454655306,0.11096796889367147,0.11449529006167178,0.10744064772567115,0.07578191557728106,0.07390856065358378,0.07765527050097835,0.07728292328464756,0.07459422714016486,0.07997161942913025,0.11675454759341325,0.11718432372013002,0.11632477146669648,0.22638968609670362,0.23332553565913136,0.2194538365342759,0.14102988430664917,0.1352238918615029,0.14683587675179544,2015-2019,1
887,SDP,Sirpa Paatero,286,0.12160505608848726,0.1250838816959126,0.1181262304810619,0.14989801506111194,0.12550182392925052,0.17429420619297337,0.09299539584747629,0.09387642500546471,0.09211436668948789,0.14010805583152025,0.141001332315454,0.13921477934758647,0.09791342548828083,0.0847053928160573,0.11112145816050437,0.08321568279732536,0.09031991983983746,0.07611144575481324,0.11741835273834281,0.12683895836286552,0.10799774711382011,0.10221118735198131,0.11428695751451037,0.09013541718945227,0.09463482879547397,0.09838530852064747,0.09088434907030048,2015-2019,1
910,RKP,Stefan Wallin,130,0.11103501423786274,0.11548259456486927,0.1065874339108562,0.10643035419784733,0.11197101934893769,0.10088968904675695,0.11863422346939931,0.10446741040241218,0.13280103653638645,0.09643127027907768,0.0926721992136871,0.10019034134446825,0.13258328840129074,0.1535260290877613,0.11164054771482015,0.11367135944121226,0.13024269677961858,0.09710002210280594,0.10213459701945589,0.09359321886884908,0.1106759751700627,0.1112531047157152,0.09559159563379566,0.12691461379763475,0.10782678823813882,0.1024532361000691,0.11320034037620856,2015-2019,1
913,KESK,Eerikki Viljanen,155,0.1064213045773292,0.1072650396455983,0.1055775695090601,0.09181400834843959,0.09040287628721065,0.09322514040966853,0.10058975445227616,0.10189933786664418,0.09928017103790815,0.16303438459240782,0.16916608321865928,0.15690268596615636,0.07489209243779209,0.0791062813299841,0.07067790354560008,0.07403115302592117,0.07670160870444705,0.07136069734739528,0.127819668695561,0.11294128721661005,0.14269805017451195,0.13301698589951666,0.12730816654040047,0.13872580525863282,0.12838064797075627,0.13520931919044585,0.12155197675106669,2015-2019,1
914,VIHR,Outi Alanko-Kahiluoto,341,0.1455508766901975,0.15233246555045216,0.13876928782994283,0.13757408272483954,0.12471680083840879,0.15043136461127027,0.15367618809137323,0.14781359657292953,0.15953877960981694,0.07294033057363981,0.07677752817105606,0.06910313297622357,0.10056496477450694,0.11005623805672353,0.09107369149229036,0.10434144557832659,0.10258109607801676,0.10610179507863642,0.07970522222632959,0.07243561267520464,0.08697483177745455,0.10067907308119775,0.10429279316314796,0.09706535299924754,0.10496781625958904,0.10899386889406051,0.10094176362511757,2015-2019,1
917,VAS,Paavo Arhinmäki,429,0.1422981157651121,0.13913821334047563,0.14545801818974852,0.12563451526861324,0.1161085164315021,0.13516051410572438,0.14827338318677236,0.1498164101366783,0.14673035623686642,0.08259708029457705,0.08648217234992138,0.07871198823923271,0.1050902662166491,0.11064420208504133,0.09953633034825689,0.08087702294294571,0.08304187732864746,0.07871216855724396,0.10726339989471334,0.11182546054958871,0.10270133923983796,0.10712169713698179,0.10341608070705739,0.11082731356690619,0.10084451929363533,0.09952706707108769,0.10216197151618298,2015-2019,1
925,KESK,Markku Pakkanen,354,0.10340330591123201,0.1018900080983125,0.10491660372415153,0.11414403941490373,0.12022691244175185,0.1080611663880556,0.07769431876422273,0.07906386040729839,0.07632477712114707,0.13857336378488205,0.14107800308418517,0.13606872448557897,0.08254608511278015,0.08507052204708601,0.08002164817847429,0.10475881817192528,0.0973123093896956,0.11220532695415497,0.13904460931861012,0.13672395267752138,0.14136526595969884,0.1188344926838779,0.11966311731013228,0.11800586805762352,0.12100096683756605,0.11897131454401685,0.12303061913111524,2015-2019,1
926,SDP,Maria Guzenina,137,0.11595292133554666,0.12288189387629116,0.10902394879480218,0.14545767763344428,0.14398750272164815,0.1469278525452404,0.10923798658349396,0.11173043398987888,0.10674553917710905,0.10014955779095432,0.09716150639677659,0.10313760918513204,0.11537518319339403,0.12114124343381594,0.10960912295297212,0.11803971045637371,0.10463418916995233,0.1314452317427951,0.11760343009594079,0.11264281259445152,0.12256404759743007,0.07793329314736955,0.07991856446040257,0.07594802183433651,0.10025023976348271,0.10590185335678286,0.09459862617018258,2015-2019,1
930,VIHR,Heli Järvinen,266,0.11472961916845506,0.11490318328258375,0.11455605505432638,0.1195186493795892,0.11027394091042723,0.12876335784875115,0.14572758594632018,0.13753721200798158,0.15391795988465878,0.09505279796622401,0.09759438164823603,0.09251121428421198,0.11418806608334929,0.11735598263967204,0.11102014952702655,0.08211881583553385,0.08501471212195591,0.07922291954911179,0.11459315399375318,0.11610699141398781,0.11307931657351855,0.09545213050021198,0.09726579896929087,0.09363846203113307,0.11861918112656328,0.12394779700586475,0.1132905652472618,2015-2019,1
931,SDP,Maarit Feldt-Ranta,111,0.12936079621021687,0.12349965512590506,0.13522193729452867,0.1373520517993849,0.14094844238925203,0.13375566120951776,0.10930575847091037,0.09686501964887108,0.12174649729294965,0.11130430336034779,0.12133835045831258,0.101270256262383,0.10413881408870934,0.10855082003429332,0.09972680814312537,0.10516929898674127,0.10600234456505304,0.10433625340842947,0.11141786899634673,0.11817964053218297,0.10465609746051048,0.0876559407973404,0.0874642747843685,0.08784760681031231,0.10429516729000238,0.09715145246176146,0.1114388821182433,2015-2019,1
934,KOK,Sanna Lauslahti,172,0.12752164681163056,0.11740739732841612,0.137635896294845,0.11120197918310859,0.1103681309230801,0.11203582744313709,0.11670579555270319,0.12126836669330117,0.11214322441210522,0.12627400034450312,0.1269539399168983,0.12559406077210794,0.08776173889081892,0.09645575260190323,0.07906772517973462,0.1020956365195629,0.10150217528329697,0.10268909775582882,0.13641336391624936,0.13150611957716313,0.1413206082553356,0.09581236476024053,0.10196024485139994,0.08966448466908113,0.09621347402118278,0.09257787282454102,0.09984907521782455,2015-2019,1
935,KOK,Eero Lehti,155,0.11168689076400777,0.10942415767951345,0.11394962384850209,0.11799782390812663,0.12112609102209684,0.1148695567941564,0.10085771792996681,0.09338582932043597,0.10832960653949764,0.11547678437738344,0.11757830349221048,0.11337526526255641,0.10515692556848256,0.1090639299533597,0.10124992118360543,0.0923200118490559,0.09384586164117922,0.09079416205693258,0.1226754205605246,0.12545542723538067,0.11989541388566853,0.10110077677373953,0.10087315262977217,0.1013284009177069,0.13272764826871275,0.12924724702605148,0.13620804951137405,2015-2019,1
938,KESK,Hannakaisa Heikkinen,294,0.09995486241124034,0.09716204397661411,0.10274768084586657,0.12321419878128764,0.13617479573110142,0.11025360183147385,0.10239930632534189,0.09985703597517524,0.10494157667550855,0.12249060912882848,0.11573806596642684,0.1292431522912301,0.09726987940487652,0.09647746906175245,0.0980622897480006,0.11626620990235952,0.10650347787138315,0.1260289419333359,0.12239625953332103,0.12245152100280998,0.1223409980638321,0.10310674644102878,0.10332394689329154,0.10288954598876603,0.11290192807171578,0.12231164352144522,0.10349221262198635,2015-2019,1
939,KESK,Elsi Katainen,117,0.09712989796738827,0.10493116615191181,0.08932862978286475,0.10782238412287376,0.10233302119112456,0.11331174705462295,0.10126528879484867,0.10429835163245757,0.09823222595723978,0.15218054631208416,0.15009928622189975,0.1542618064022686,0.1095507720918516,0.09839181885191677,0.12070972533178644,0.13345068399084448,0.14047512250195213,0.1264262454797368,0.10202832467576517,0.10404508176383993,0.1000115675876904,0.09394340675874112,0.09936379710130958,0.08852301641617266,0.10262869528560276,0.09606235458358789,0.10919503598761762,2015-2019,1
940,KOK,Outi Mäkelä,133,0.10187581093271791,0.10136997189088506,0.10238164997455076,0.10158205160773467,0.10741308245417305,0.0957510207612963,0.11746337071493841,0.1127242410071363,0.12220250042274053,0.14318334909874084,0.12723844557189035,0.15912825262559133,0.10199770114554654,0.09548605310194848,0.1085093491891446,0.10451244570594408,0.10671714515703623,0.10230774625485192,0.11063019962341598,0.10726012491808945,0.11400027432874252,0.10121001188778617,0.10923537157313565,0.0931846522024367,0.11754505928317541,0.1325555643257055,0.10253455424064531,2015-2019,1
941,RKP,Anna-Maja Henriksson,220,0.10498738298281993,0.11362212093977983,0.09635264502586001,0.10870785966637757,0.11633261564027157,0.10108310369248356,0.11984379533524256,0.12021542853503794,0.11947216213544717,0.09610554061634928,0.0895681648628108,0.10264291636988776,0.18593838198883272,0.19387649477244867,0.1780002692052168,0.10664061867247804,0.091011109353772,0.12227012799118406,0.09222021284387992,0.09348351315121411,0.09095691253654573,0.09338311549541459,0.08927991424925592,0.09748631674157326,0.0921730923986054,0.09261063849540917,0.09173554630180163,2015-2019,1
943,RKP,Mats Nylund,57,0.12100635201019487,0.10757027069445416,0.13444243332593558,0.08601385614069676,0.08947518993559064,0.08255252234580289,0.12168392709065934,0.1315052917756816,0.11186256240563708,0.09353559265369951,0.09458274900862744,0.09248843629877158,0.15539224844042981,0.14545859241404374,0.1653259044668159,0.09029933507415452,0.0927935033328399,0.08780516681546914,0.10745707955945323,0.10909103863741135,0.10582312048149511,0.11920055537957432,0.1265237411031799,0.11187736965596873,0.10541105365113765,0.1029996230981713,0.10782248420410401,2015-2019,1
946,KESK,Tuomo Puumala,142,0.089606759916076,0.0915268518373608,0.0876866679947912,0.11762801013197537,0.12738092835108955,0.10787509191286118,0.10817246266667332,0.11958438196761745,0.0967605433657292,0.14262614424584563,0.12794854337457817,0.15730374511711312,0.09700312100869066,0.1046531172382719,0.08935312477910942,0.08638568144698125,0.08344401834893884,0.08932734454502364,0.15956443885751015,0.15680585622188942,0.16232302149313088,0.09845831975327703,0.09233142611956952,0.10458521338698454,0.10055506197297062,0.09632487654068438,0.10478524740525685,2015-2019,1
948,KOK,Anne-Mari Virolainen,76,0.09930855281674644,0.1045650012546234,0.09405210437886947,0.11067048138201381,0.11172046539664729,0.10962049736738033,0.11421958140612393,0.10906938859938801,0.11936977421285984,0.13885786716704918,0.15336237528176602,0.12435335905233236,0.11594563991477234,0.11338742031631126,0.11850385951323343,0.09393723708181664,0.08588524532344256,0.10198922884019072,0.13050544711036685,0.12425418744175798,0.13675670677897572,0.09750686950123284,0.09575362929290426,0.09926010970956142,0.099048323619878,0.10200228709315926,0.09609436014659675,2015-2019,1
952,SDP,Katja Taimela,198,0.11875042945823719,0.13597795376435493,0.10152290515211945,0.13982240695183845,0.14458462995108673,0.13506018395259015,0.106071238642233,0.10160247536615183,0.11054000191831419,0.11434869432375391,0.10194357567414927,0.12675381297335855,0.09122678854671021,0.1007019612436318,0.0817516158497886,0.10310952655324376,0.09865970962619512,0.10755934348029242,0.10481163913343114,0.10717013632032432,0.10245314194653796,0.10778371972885142,0.09140374215963289,0.12416369729806997,0.11407555666170088,0.11795581589447308,0.11019529742892867,2015-2019,1
953,KESK,Anne Kalmari,233,0.0831061519668061,0.08395202926360339,0.08226027467000882,0.09332622959036452,0.09180576381780167,0.09484669536292736,0.10495955357295336,0.10446348508967906,0.10545562205622767,0.1725062873353116,0.16356063832866466,0.18145193634195855,0.09506984621269703,0.10262854023788004,0.08751115218751401,0.08615506865510936,0.08641130890666827,0.08589882840355043,0.13089075389964638,0.13803482325053978,0.12374668454875297,0.10568376867703745,0.10110711186627337,0.11026042548780153,0.12830234009007419,0.12803629923888976,0.12856838094125864,2015-2019,1
954,SDP,Ilkka Kantola,119,0.09915786268045332,0.10448908442756066,0.09382664093334599,0.11672960592098616,0.13182408913220095,0.10163512270977137,0.11407989861048114,0.1090908277559827,0.11906896946497958,0.11148909008358177,0.11498150553919391,0.10799667462796962,0.09894785682541171,0.08699709703168357,0.11089861661913987,0.11376639574544212,0.0964063437389492,0.13112644775193502,0.12015424265232127,0.13214062767165397,0.10816785763298857,0.10429587048633218,0.10852329847375779,0.10006844249890659,0.12137917699499032,0.11554712622901728,0.12721122776096336,2015-2019,1
956,VIHR,Ville Niinistö,331,0.12608324976683072,0.1274507375255407,0.12471576200812073,0.11422739350094153,0.1259140171595661,0.10254076984231697,0.18359889213620756,0.18450807875481182,0.1826897055176033,0.07747148409834323,0.06866246854370844,0.08628049965297802,0.11926237691960971,0.10608799110352904,0.13243676273569038,0.07944086519641964,0.0848754679213587,0.0740062624714806,0.12142958194568819,0.1208479275600091,0.12201123633136728,0.08738347857327328,0.08764048072379657,0.08712647642274998,0.0911026778626861,0.09401283070767946,0.08819252501769273,2015-2019,1
959,KESK,Timo V. Korhonen,212,0.09196238354982095,0.09834378041677459,0.08558098668286729,0.12104362831095727,0.11641497331185702,0.12567228331005753,0.09445237087546446,0.09108042898525284,0.09782431276567607,0.15348648979782853,0.15803075879918485,0.14894222079647218,0.07686013389160387,0.0893139411566367,0.06440632662657104,0.11431474028475389,0.10488799649415106,0.12374148407535672,0.12753165129435193,0.13024184526097846,0.1248214573277254,0.10886648475840992,0.10874521416930438,0.10898775534751545,0.11148211723680915,0.10294106140586008,0.12002317306775823,2015-2019,1
960,SDP,Krista Kiuru,488,0.12203036465407069,0.12432301024633216,0.11973771906180923,0.1534988491347526,0.15727814037378468,0.14971955789572053,0.1042592908402061,0.09799992589649602,0.1105186557839162,0.10180810479428203,0.09442378708253334,0.10919242250603071,0.09327782060910644,0.08247649535164432,0.10407914586656855,0.09349350750969643,0.10402903849747094,0.08295797652192193,0.12644220231619252,0.12290525206018892,0.1299791525721961,0.09808758012302189,0.10689125686203398,0.08928390338400981,0.10710228001867125,0.1096730936295156,0.10453146640782691,2015-2019,1
962,KESK,Mirja Vehkaperä,132,0.11980244771787354,0.1156595571079135,0.12394533832783361,0.10797175843837911,0.0896673188253547,0.12627619805140353,0.11666249176029593,0.12647498509654478,0.10684999842404708,0.14011276054025157,0.15626941012630494,0.12395611095419819,0.08853132495506258,0.08331487590590593,0.09374777400421921,0.09658093362043418,0.09782107820462879,0.09534078903623959,0.14641988333668926,0.1572443383604773,0.1355954283129012,0.10063943250595658,0.0917258755409983,0.10955298947091488,0.08327896712505725,0.08182256083187175,0.08473537341824273,2015-2019,1
967,KOK,Timo Heinonen,926,0.10110097159713037,0.09646990214263175,0.10573204105162899,0.10488282227925899,0.10387051536395461,0.10589512919456338,0.08334923931952765,0.08532860507748742,0.08136987356156786,0.12812243915444693,0.12218902045454136,0.13405585785435248,0.08416196492324837,0.08550486433202956,0.08281906551446719,0.10278006639425263,0.09902497354052738,0.10653515924797789,0.14655572807062012,0.16180118591376208,0.13131027022747813,0.1263690309319248,0.12526841051058804,0.12746965135326158,0.12267773732959023,0.12054252266447782,0.12481295199470262,2015-2019,1
971,SDP,Johanna Ojala-Niemelä,255,0.1280305435292168,0.12888687466227097,0.12717421239616264,0.11654219268677116,0.1095472422482487,0.12353714312529362,0.12247411951600415,0.11034475863548203,0.13460348039652625,0.10999810729360901,0.10670271667943827,0.11329349790777973,0.09956638251466449,0.10123143678034878,0.0979013282489802,0.1020966799448319,0.11032334823585835,0.09387001165380547,0.09739429342308245,0.09588531978756572,0.09890326705859917,0.10994745201533448,0.1168863039731175,0.10300860005755146,0.11395022907648555,0.12019199899766964,0.10770845915530147,2015-2019,1
972,KOK,Harri Jaskari,136,0.11871804190809854,0.11125347172180833,0.12618261209438875,0.11271121808666243,0.1116346084994766,0.11378782767384825,0.11210725708301869,0.11156870110094246,0.11264581306509491,0.11969659723682739,0.11478324394225252,0.12460995053140227,0.1148067869410255,0.11261954690674611,0.11699402697530488,0.11588200710320562,0.11494077904636393,0.1168232351600473,0.12716454867467503,0.13209211148732528,0.1222369858620248,0.08409408680962785,0.0921955159039246,0.07599265771533109,0.09481945615685894,0.0989120213911601,0.0907268909225578,2015-2019,1
1031,KOK,Alexander Stubb,190,0.09509280152293695,0.09392835825768918,0.09625724478818473,0.11663115945715422,0.10594543866819839,0.12731688024611004,0.10927395095359364,0.11505265366802364,0.10349524823916365,0.12366059635010199,0.13236910138781785,0.11495209131238612,0.11000628980863686,0.09985500913695798,0.12015757048031572,0.08460592133586498,0.08965547982631702,0.07955636284541293,0.1436109769630151,0.14294725364524946,0.14427470028078077,0.12110085887783044,0.12257323385131924,0.11962848390434164,0.09601744473086585,0.09767347155842723,0.09436141790330445,2015-2019,2
1041,PS,Vesa-Matti Saarakkala,71,0.11423104775304072,0.11585083143858795,0.11261126406749347,0.11007767804709692,0.11268216934650352,0.10747318674769031,0.08679038553568769,0.07771028552246606,0.0958704855489093,0.09834706711897327,0.09625520738705944,0.10043892685088711,0.10453083838447583,0.11267548909854619,0.09638618767040547,0.10737266698025469,0.119200899288141,0.09554443467236838,0.09557110971893706,0.09152687755445994,0.09961534188341419,0.13138297507287489,0.1260425611550085,0.13672338899074124,0.15169623138865895,0.14805567920922735,0.15533678356809053,2015-2019,2
1056,KOK,Kalle Jokinen,135,0.0987561668591411,0.09328604103903976,0.10422629267924244,0.11582887725242956,0.11690114676951828,0.11475660773534084,0.10413978556934798,0.10646950833542505,0.10181006280327091,0.14948070969478286,0.14401952490049635,0.15494189448906937,0.08776848792864074,0.10062647321299756,0.07491050264428392,0.08780874911535978,0.08759752139249688,0.08801997683822269,0.13574217935129657,0.1266484518695602,0.1448359068330329,0.10133394925392172,0.10229179834705135,0.10037610016079208,0.11914109497507974,0.12215953413341456,0.11612265581674493,2015-2019,2
1087,SDP,Merja Mäkisalo-Ropponen,555,0.11268241634100601,0.1236972355533408,0.1016675971286712,0.12432358832044907,0.12360634283543559,0.12504083380546255,0.12155501780030271,0.11287990308790316,0.13023013251270227,0.10271821612054086,0.11494352635861689,0.09049290588246482,0.1116224786835916,0.11078034949880695,0.11246460786837623,0.11975237382081233,0.11058495013667129,0.1289197975049534,0.10720166813036007,0.10267959611281352,0.11172374014790662,0.09314187538473667,0.09217014926831507,0.09411360150115827,0.10700236539820075,0.10865794714809673,0.10534678364830477,2015-2019,2
1091,PS,Martti Mölsä,42,0.11577859381864915,0.11375859369405106,0.11779859394324724,0.1056649246150081,0.10028648382227198,0.11104336540774422,0.12131675575091413,0.12339376834052188,0.11923974316130641,0.12693641016628915,0.13119462366886822,0.12267819666371008,0.09675828354042908,0.09986406895637238,0.09365249812448577,0.07733600094651091,0.08030284529884898,0.07436915659417284,0.09326664851275406,0.09503066235935972,0.09150263466614839,0.11295662602203194,0.10904446758010922,0.11686878446395466,0.14998575662741348,0.1471244862795965,0.15284702697523048,2015-2019,2
1093,PS,Juho Eerola,150,0.09624827361674236,0.09037788326482515,0.10211866396865957,0.09425631847889246,0.09763675661018752,0.09087588034759739,0.10846580694571821,0.09761596499356574,0.11931564889787068,0.09753093141002525,0.09985662263169795,0.09520524018835255,0.10315772188134881,0.1176543876325491,0.08866105613014852,0.11327276729985174,0.13035282218003003,0.09619271241967345,0.10693604131047837,0.09954106383941408,0.11433101878154268,0.12111366867746744,0.11049645980857983,0.13173087754635504,0.1590184703794754,0.15646803903915063,0.16156890171980015,2015-2019,2
1094,KOK,Markku Eestilä,355,0.1126190799278322,0.10482925036643809,0.1204089094892263,0.12460526748754845,0.12244650371540888,0.12676403125968802,0.11305889243292229,0.11884120763373363,0.10727657723211095,0.11772174514274145,0.12947629781266307,0.10596719247281983,0.09479503315975893,0.09167930941781928,0.09791075690169856,0.0917394812646932,0.08926545603545441,0.09421350649393197,0.09730624737690999,0.09450630966532711,0.10010618508849285,0.11076660615906479,0.11175551504387368,0.1097776972742559,0.13738764704852868,0.13720015030928184,0.13757514378777555,2015-2019,2
1096,PS,Ritva Elomaa,382,0.09810114390674227,0.09165533307820908,0.10454695473527545,0.10838648802087175,0.10479669604033877,0.11197628000140473,0.10796247196566391,0.10798382767474826,0.10794111625657957,0.1244947795911006,0.12818618672118118,0.12080337246102002,0.1162930474306944,0.125097975443262,0.10748811941812678,0.0989116540882245,0.10346256626840293,0.09436074190804608,0.11234523639213549,0.09984155043682438,0.1248489223474466,0.10667347366827905,0.10461127650914581,0.10873567082741228,0.12683170493628804,0.13436458782788757,0.11929882204468849,2015-2019,2
1097,VAS,Aino-Kaisa Pekonen,197,0.14291036203817736,0.14800676971521068,0.13781395436114408,0.1291248088450509,0.13879139151795228,0.11945822617214952,0.10735462182291006,0.11240980132294484,0.10229944232287527,0.10442308819988563,0.09264214002579975,0.1162040363739715,0.11376094385698472,0.11000030637224603,0.11752158134172341,0.12206351601788694,0.1147217282458787,0.12940530378989518,0.09754019741050365,0.09596574820056061,0.09911464662044671,0.07822594683459465,0.08313779189550909,0.07331410177368021,0.10459651497400606,0.10432432270389802,0.1048687072441141,2015-2019,2
1098,KOK,Jaana Pelkonen,87,0.09865250404842069,0.09637829612938568,0.10092671196745569,0.0844364369780316,0.08333240815430386,0.08554046580175936,0.137381947188767,0.131822887021134,0.1429410073564,0.11214566105684012,0.11257144723732011,0.11171987487636012,0.09246096559256087,0.08970740711668952,0.09521452406843223,0.12944261238135116,0.1325735583312338,0.12631166643146852,0.1292811737527137,0.13673170088425712,0.12183064662117024,0.10795253627342047,0.11065262533029416,0.10525244721654677,0.10824616272789439,0.1062296697953817,0.11026265566040708,2015-2019,2
1099,SDP,Eeva-Johanna Eloranta,194,0.10945961865389955,0.11250986729921553,0.10640937000858357,0.1505175895694693,0.15367419119452577,0.14736098794441285,0.15516656236432524,0.15205310112717385,0.15828002360147667,0.08879941857576411,0.09075583779498211,0.0868429993565461,0.08960797424280448,0.0906383296084368,0.08857761887717215,0.10302784594307557,0.10716365361534379,0.09889203827080735,0.09249211416312522,0.09231341865889939,0.09267080966735104,0.09927224976904547,0.09338008663075893,0.105164412907332,0.11165662671849103,0.10751151407066381,0.11580173936631824,2015-2019,2
1100,KOK,Sanni Grahn-Laasonen,466,0.10207617473578157,0.10303721708724098,0.10111513238432217,0.1215243726826598,0.11903881604758637,0.12400992931773322,0.11841205571844816,0.12438590790718498,0.11243820352971134,0.12372256027210636,0.1107710746217829,0.13667404592242982,0.07720769133167871,0.07779211847362262,0.07662326418973478,0.07676849796134291,0.07455792725168943,0.0789790686709964,0.16003178960786316,0.16287435186265614,0.15718922735307017,0.1379272404197657,0.14479866039127245,0.13105582044825895,0.08232961727035365,0.08274392635696412,0.08191530818374318,2015-2019,2
1106,KESK,Mikko Savola,230,0.09745433524287442,0.09849032063932228,0.09641834984642654,0.10144205985470311,0.09025432190012796,0.11262979780927826,0.09001005831202712,0.09214224542190247,0.08787787120215176,0.149424147915248,0.15849999997254763,0.14034829585794834,0.08188868993076187,0.08393527181172662,0.07984210804979712,0.09691548791812224,0.10035332729687776,0.09347764853936671,0.13396499799140552,0.13082499131858139,0.13710500466422965,0.11757370338613381,0.10694129619578405,0.12820611057648357,0.13132651944872395,0.1385582254431299,0.12409481345431798,2015-2019,2
1107,PS,Teuvo Hakkarainen,297,0.13586932752470254,0.14521391078048754,0.12652474426891758,0.10712153573353,0.10556107803274262,0.10868199343431739,0.10376302985625074,0.1089931611209718,0.0985328985915297,0.11571474233717331,0.11338397265439126,0.11804551201995536,0.09037262874150587,0.08966948400160363,0.0910757734814081,0.09147504048092964,0.09270473304615853,0.09024534791570074,0.10239375240354937,0.10012638706357288,0.10466111774352585,0.10895213929386875,0.11111122920123759,0.10679304938649992,0.14433780362848977,0.13323604409883416,0.1554395631581454,2015-2019,2
1111,KOK,Eero Suutari,195,0.09822965492676516,0.10163915402332795,0.09482015583020237,0.1135533111955746,0.10958871406538098,0.11751790832576821,0.10268187101126411,0.10494166895722752,0.10042207306530071,0.12408611655932283,0.120146145305899,0.12802608781274666,0.10261275544052692,0.11455241370770297,0.09067309717335087,0.09037155030860425,0.09067493352478341,0.09006816709242509,0.1273038426779794,0.12746576525923506,0.12714192009672376,0.11570341768269962,0.10509358920290741,0.12631324616249184,0.1254574801972631,0.12589761595353569,0.12501734444099052,2015-2019,2
1116,PS,Maria Tolppanen,118,0.10888230049260161,0.11569001484704566,0.10207458613815756,0.09831602905613213,0.09384426742077698,0.10278779069148727,0.09603216063110237,0.10136779302242997,0.09069652823977477,0.1186327325488106,0.11853771568106233,0.11872774941655888,0.10578246312351111,0.11379623648588125,0.09776868976114096,0.09884998343420165,0.0933121705519666,0.10438779631643672,0.11803934756602304,0.11831059855912476,0.11776809657292131,0.11340177451251363,0.10765343774117801,0.11915011128384922,0.14206320863510385,0.13748776569053442,0.14663865157967332,2015-2019,2
1116,SDP,Maria Tolppanen,315,0.11542140400147763,0.12306840128528262,0.10777440671767262,0.11191498135865939,0.10345044474155973,0.12037951797575905,0.10610891229555075,0.11099998810335827,0.10121783648774321,0.10474836426901196,0.10041762700689756,0.10907910153112635,0.09594421812119339,0.09781802018692838,0.09407041605545838,0.10359101796609003,0.10302127070679594,0.10416076522538413,0.12042139412890233,0.11590134970915164,0.12494143854865303,0.112105499273145,0.11251884608661067,0.11169215245967934,0.12974420858596952,0.1328040521734152,0.1266843649985238,2015-2019,2
1118,KOK,Kari Tolvanen,103,0.07534670239363755,0.07290948185110387,0.07778392293617124,0.1021288606648119,0.09266628363761129,0.11159143769201252,0.08217874689233226,0.08480887965515367,0.07954861412951084,0.11891829254631359,0.11709344381789473,0.12074314127473243,0.09216427547584893,0.09794429756747228,0.08638425338422559,0.10815999225605115,0.11202786327542462,0.10429212123667768,0.13018672440478155,0.12522584008229812,0.13514760872726497,0.13617561758856425,0.14469763042951622,0.12765360474761228,0.15474078777765887,0.1526262796835253,0.15685529587179242,2015-2019,2
1119,PS,Reijo Hongisto,78,0.09595310582522262,0.08811421049695871,0.10379200115348655,0.09005738439705878,0.09294143115293564,0.08717333764118192,0.1098694138785926,0.09385947643791973,0.12587935131926548,0.12140362078098217,0.12002675223636161,0.12278048932560273,0.09707749834934952,0.08971366858191254,0.1044413281167865,0.09580505666241011,0.1098300400174497,0.08178007330737053,0.12532539092577208,0.13140851647066484,0.11924226538087931,0.13529235073978532,0.140773362507529,0.12981133897204164,0.12921617844082678,0.13333254209826817,0.1250998147833854,2015-2019,2
1119,SIN,Reijo Hongisto,86,0.08709761743359809,0.08889972462058839,0.08529551024660778,0.10478822366611829,0.11243953047487332,0.09713691685736325,0.1132360826014922,0.11374145786187433,0.11273070734111008,0.10947151497420608,0.10590584671183664,0.11303718323657552,0.09683769074794037,0.09070676860345323,0.10296861289242751,0.09337157130984464,0.09603186463060977,0.09071127798907952,0.13203521008226948,0.11865335828792578,0.1454170618766132,0.13088742813796841,0.13712371784545008,0.12465113843048677,0.1322746610465624,0.13649773096338846,0.12805159112973635,2015-2019,2
1120,KESK,Ari Torniainen,267,0.08532592477028589,0.08008912429171645,0.09056272524885531,0.11197175825354752,0.10279331810887793,0.12115019839821713,0.07688344829209098,0.07602931112083164,0.07773758546335034,0.16563185897541,0.18685329750169252,0.14441042044912744,0.10071980819790928,0.09951400116868335,0.10192561522713521,0.11307170299122118,0.10924393443410978,0.1168994715483326,0.12671038487195155,0.11795144998201934,0.13546931976188376,0.11240478945905392,0.11970131398498285,0.105108264933125,0.1072803241885297,0.10782424940708615,0.10673639896997325,2015-2019,2
1121,SDP,Lauri Ihalainen,154,0.11242252925687954,0.11445928136961699,0.1103857771441421,0.11893804133144588,0.11551745091391752,0.12235863174897424,0.1157413593256234,0.11746916462002861,0.1140135540312182,0.1261986609640211,0.12801128934694309,0.12438603258109912,0.09431425362969866,0.09448563811149935,0.09414286914789796,0.09657732015098056,0.0896179873569404,0.10353665294502072,0.12944535289170017,0.13509966929535328,0.1237910364880471,0.10641789120419148,0.1081039287783638,0.10473185363001918,0.09994459124545918,0.09723559020733692,0.10265359228358142,2015-2019,2
1122,PS,Olli Immonen,65,0.11874422682611357,0.12477883942338046,0.1127096142288467,0.10007449338346724,0.10383894171812862,0.09631004504880589,0.12925330352606137,0.1249926159247589,0.13351399112736387,0.10234154771224599,0.10645124159675463,0.09823185382773736,0.08771429109622578,0.07276863965480292,0.10265994253764865,0.09445679981356386,0.09170282145932211,0.09721077816780563,0.10330214673122624,0.1034986064540004,0.10310568700845209,0.12234313883214848,0.12153771153811524,0.12314856612618172,0.14177005207894744,0.15043058223073671,0.13310952192715816,2015-2019,2
1124,PS,Ari Jalonen,98,0.10145888940765802,0.09979523335155338,0.10312254546376265,0.11739931401170484,0.1155893911003649,0.11920923692304479,0.11745641691586167,0.10774031896158258,0.12717251487014075,0.11899520010844189,0.13837270559618842,0.09961769462069536,0.10796183219575294,0.0951601888602326,0.12076347553127327,0.09557510249422263,0.09915108268392891,0.09199912230451635,0.10025811432408832,0.09585746914421467,0.10465875950396197,0.11246176606786726,0.12017489458412507,0.10474863755160943,0.12843336447440248,0.1281587157178095,0.12870801323099545,2015-2019,2
1124,SIN,Ari Jalonen,97,0.11754187519252812,0.13019760284231088,0.10488614754274535,0.10749992368192024,0.10524475218931721,0.10975509517452327,0.11062512871822223,0.10298527936826181,0.11826497806818266,0.12086678770502127,0.11161541259372827,0.13011816281631425,0.09558535432552577,0.091693714420435,0.09947699423061654,0.09129700692491008,0.09235439000128141,0.09023962384853873,0.11744833248624886,0.11802903095498876,0.11686763401750895,0.11596791268024201,0.12047744493553933,0.11145838042494467,0.12316767828538139,0.12740237269413726,0.11893298387662551,2015-2019,2
1126,SDP,Tytti Tuppurainen,221,0.10975295126767612,0.11255781071422426,0.10694809182112797,0.11221141243213884,0.11301608826754558,0.1114067365967321,0.1451462066005142,0.13236268370486481,0.15792972949616357,0.10457270548750329,0.11321708629744887,0.09592832467755771,0.10930010408279492,0.10627607428177992,0.1123241338838099,0.10279232955000775,0.09557779150537866,0.11000686759463682,0.10133329269978479,0.10837564745717773,0.09429093794239185,0.10303339360496154,0.1045376530862695,0.10152913412365358,0.11185760427461855,0.11407916468531062,0.10963604386392647,2015-2019,2
1128,PS,Kaj Turunen,196,0.12764033720390902,0.13786440047654358,0.11741627393127448,0.10304987613719147,0.0980366969788598,0.10806305529552314,0.10349497714520196,0.11098542908809247,0.09600452520231145,0.12337396643457446,0.11783929764604914,0.12890863522309978,0.09610329221016514,0.0980005226397962,0.09420606178053408,0.10363973038103955,0.099118658370811,0.10816080239126809,0.10915723431835933,0.10360467158334992,0.11470979705336873,0.12102265785989713,0.11940783314734363,0.12263748257245062,0.11251792830966198,0.1151424900691543,0.10989336655016968,2015-2019,2
1128,SIN,Kaj Turunen,64,0.11954420450477966,0.11580688903784504,0.12328151997171428,0.12044312277197244,0.11217817902390334,0.12870806652004155,0.0948692023765285,0.1037805982903256,0.0859578064627314,0.11418849497843064,0.12226202157363879,0.1061149683832225,0.09470522687398794,0.09712144350043642,0.09228901024753947,0.10197161258652196,0.10048447156122642,0.10345875361181751,0.11660413259585528,0.11678310885445972,0.11642515633725085,0.11936264796494254,0.11691944488989345,0.12180585103999164,0.11831135534698102,0.1146638432682712,0.12195886742569084,2015-2019,2
1129,PS,Arja Juvonen,426,0.0978842094232167,0.09928823732965608,0.09648018151677731,0.10324662996729884,0.09381428393018539,0.1126789760044123,0.09406421253259943,0.09436814943162854,0.09376027563357033,0.10839841516827967,0.10813074477587385,0.10866608556068547,0.09676058677813243,0.1119555172156637,0.08156565634060117,0.1629653801288568,0.15563487336646903,0.17029588689124459,0.08895611607923572,0.09253107638333338,0.08538115577513805,0.12075860849477583,0.1237420648995627,0.11777515208998897,0.12696584142760461,0.12053505266762739,0.13339663018758185,2015-2019,2
1131,KOK,Sinuhe Wallinheimo,181,0.1010580904920674,0.10068983024848777,0.10142635073564703,0.10357502346963447,0.10677978202126145,0.10037026491800749,0.11488299608889226,0.10838389049142982,0.12138210168635469,0.12090929992090488,0.12091308811579402,0.12090551172601575,0.10461071521685986,0.11407007374166131,0.09515135669205839,0.09105747012149858,0.08666575062480808,0.09544918961818907,0.1385891852570606,0.1319671249023249,0.14521124561179632,0.10814945892482161,0.10343568299107772,0.1128632348585655,0.1171677605082603,0.12709477686315487,0.10724074415336574,2015-2019,2
1134,KOK,Sofia Vikman,121,0.10893362824417722,0.10825160100311834,0.10961565548523611,0.09088688532225143,0.08711376688771674,0.09466000375678613,0.12271113925375526,0.1209106588171088,0.12451161969040173,0.11768324979000261,0.11458923947633963,0.1207772601036656,0.09749197242346286,0.10282500594974933,0.09215893889717638,0.0953481481864932,0.10064155209263495,0.09005474428035147,0.1358463862534483,0.1325666524243314,0.13912612008256517,0.12195748839740425,0.12132437747679721,0.1225905993180113,0.1091411021290049,0.11177714587220366,0.10650505838580612,2015-2019,2
1136,PS,Ville Vähämäki,118,0.09748752391867813,0.09851967237260077,0.0964553754647555,0.1297871240570243,0.12639805462953704,0.13317619348451154,0.09954243880385669,0.10127616468721276,0.0978087129205006,0.12894387244641026,0.13388827441663353,0.12399947047618701,0.10107291764426643,0.10780311001765783,0.09434272527087503,0.10013686468037099,0.09969181667117624,0.10058191268956573,0.123525399411864,0.12029267805772086,0.12675812076600712,0.10892284009890338,0.10412675135035185,0.1137189288474549,0.11058101893862587,0.10800347779710914,0.11315856008014262,2015-2019,2
1138,PS,Kimmo Kivelä,159,0.11027154037486483,0.10231026528862826,0.11823281546110143,0.11801054375797808,0.10767058129192883,0.12835050622402733,0.09809725489424531,0.10267812527944693,0.09351638450904368,0.11993617061426921,0.13377015926285596,0.10610218196568247,0.10159724920626309,0.09877331671768198,0.1044211816948442,0.10568548000986618,0.11058993400174928,0.10078102601798307,0.10820923789005096,0.10163885621005395,0.11477961957004797,0.09873168699951641,0.1022299938426084,0.09523338015642442,0.13946083625294595,0.1403387681050464,0.1385829044008455,2015-2019,2
1138,SIN,Kimmo Kivelä,129,0.1052546148129383,0.10122860473198865,0.10928062489388793,0.11509708898293444,0.11556016789277912,0.11463401007308978,0.11141943552062628,0.11242864413857037,0.11041022690268217,0.11045818289906781,0.10426767777064201,0.11664868802749359,0.11294494581006784,0.11294474098964949,0.1129451506304862,0.10005577958380871,0.09222692431121157,0.10788463485640583,0.1103472982144916,0.11353664288665025,0.10715795354233297,0.10892132252907563,0.1274632317044315,0.09037941335371978,0.12550133164698946,0.12034336557407713,0.1306592977199018,2015-2019,2
1144,SDP,Suna Kymäläinen,198,0.1281896702757585,0.11950725758638969,0.13687208296512735,0.16009676563736114,0.16586245825800794,0.1543310730167143,0.11123533594913473,0.10332380920971254,0.11914686268855694,0.0963297309359124,0.09581623937466313,0.09684322249716168,0.08476504935487669,0.08152276591484572,0.08800733279490766,0.09737086944899412,0.09962581204218791,0.09511592685580031,0.0917144873908062,0.09109360601756163,0.09233536876405077,0.10935247920842772,0.1109999572728532,0.10770500114400225,0.12094561179872848,0.13224809432377824,0.10964312927367872,2015-2019,2
1146,PS,Jari Lindström,307,0.07771957482870341,0.07864239622104033,0.0767967534363665,0.12530767699872902,0.12288490090073667,0.1277304530967214,0.09619400293748404,0.09940505561038418,0.09298295026458389,0.13374774437134657,0.13251588714276208,0.13497960159993108,0.08011398287419372,0.0818137048173794,0.07841426093100803,0.0913900746158213,0.08926016385473463,0.09351998537690798,0.12921380540195088,0.1251543724785988,0.1332732383253029,0.12774696130081487,0.13167365189226884,0.12382027070936089,0.13856617667095616,0.138649867082095,0.13848248625981735,2015-2019,2
1146,SIN,Jari Lindström,217,0.09287354601366758,0.08892140908114357,0.0968256829461916,0.1267447490747811,0.13435617079667175,0.11913332735289042,0.09973732000669913,0.09909152433299938,0.10038311568039888,0.11355329009679303,0.10693083829798009,0.12017574189560598,0.08928827895196614,0.09578329199992931,0.08279326590400299,0.09419417662866433,0.10318807194749965,0.08520028130982901,0.12799519479209212,0.13159383052571866,0.12439655905846558,0.13192976962974784,0.11245653316145195,0.15140300609804375,0.12368367480558867,0.12767832985660563,0.11968901975457173,2015-2019,2
1147,SDP,Antti Lindtman,603,0.14529627339641377,0.13093931622930619,0.15965323056352132,0.1730573643089738,0.1699518797962838,0.17616284882166383,0.10928036742242925,0.11434411135224534,0.10421662349261314,0.08560940203062456,0.08406426104372636,0.08715454301752276,0.09441872037928405,0.08795288072218611,0.10088456003638198,0.08111281981145144,0.08935700705016394,0.07286863257273891,0.09516614614794636,0.10327104267308373,0.08706124962280896,0.09494510525015781,0.10219953207326773,0.08769067842704789,0.12111380125271909,0.11791996905973694,0.12430763344570125,2015-2019,2
1149,KESK,Markus Lohi,230,0.10071581416584048,0.10613423905683801,0.09529738927484295,0.11100787047829627,0.10838630972811636,0.1136294312284762,0.10796564894190055,0.11505497084779262,0.1008763270360085,0.13678659674735683,0.12830483594814882,0.1452683575465648,0.08505862160591407,0.07741401855836959,0.09270322465345855,0.10659152129057983,0.11096116276125674,0.10222187981990294,0.11116433865742391,0.10424565669289924,0.11808302062194857,0.11069732060197685,0.10573756609317049,0.11565707511078319,0.1300122675107112,0.14376124031340806,0.11626329470801433,2015-2019,2
1152,PS,Pirkko Mattila,148,0.08566583798027111,0.0866518312993657,0.08467984466117653,0.09765264243816571,0.09795578866649615,0.09734949620983527,0.0869278115734651,0.08625087580170991,0.08760474734522028,0.13679833122123802,0.14672661190762656,0.12687005053484948,0.07985278416687457,0.07742275028460036,0.08228281804914878,0.12968099292632568,0.12752101277941774,0.13184097307323364,0.13043126232825614,0.1297051309228011,0.13115739373371121,0.12737611425157924,0.13107509892877647,0.12367712957438204,0.12561422311382436,0.11669089940920604,0.13453754681844265,2015-2019,2
1152,SIN,Pirkko Mattila,114,0.0896406254128404,0.08727636207189796,0.09200488875378285,0.11208290386710179,0.12207253421766093,0.10209327351654265,0.08275212792864875,0.07247180199900881,0.0930324538582887,0.13781770883531155,0.15374732507005553,0.12188809260056759,0.07885424866690706,0.07132089200700407,0.08638760532681004,0.12864396608846662,0.1255642157386808,0.13172371643825248,0.14140599904670717,0.15513260242589477,0.12767939566751957,0.12635542794030324,0.10868854618724506,0.14402230969336144,0.10244699221371335,0.10372572028255203,0.10116826414487468,2015-2019,2
1153,VAS,Silvia Modig,205,0.11769387485068639,0.11099883506523825,0.12438891463613451,0.11804117988172885,0.12499402943110485,0.11108833033235284,0.16041155150945696,0.13537540353567687,0.18544769948323703,0.12041064526004684,0.12478426401505349,0.11603702650504019,0.09447665599298345,0.09633065374095917,0.09262265824500773,0.08987001804623151,0.09695004665188875,0.0827899894405743,0.11131382598731895,0.11717409845741096,0.10545355351722693,0.08878659563503999,0.08823879594695348,0.08933439532312651,0.09899565283650706,0.10515387315571419,0.09283743251729994,2015-2019,2
1154,VAS,Jari Myllykoski,720,0.10488029981267553,0.10205246506907421,0.10770813455627685,0.12391179701760234,0.1168588364891496,0.13096475754605508,0.0941302654984911,0.09655390345994645,0.09170662753703576,0.13031010031531534,0.1427721404650278,0.11784806016560286,0.08213391377656273,0.09233206157207949,0.07193576598104597,0.12561629133167074,0.11947498657196012,0.13175759609138132,0.10314219299174035,0.0981510514939217,0.108133334489559,0.10166676379181813,0.10469885638131109,0.09863467120232516,0.13420837546412376,0.1271056984975295,0.141311052430718,2015-2019,2
1157,KESK,Annika Saarikko,536,0.11106490330761498,0.1104309967703722,0.11169880984485778,0.11956235461431612,0.11064567040001774,0.1284790388286145,0.11420606073435796,0.10824413274206028,0.12016798872665564,0.12220718299052788,0.11770891914054442,0.12670544684051135,0.0925105953868633,0.09475488251148552,0.0902663082622411,0.10886838162789461,0.11494830678561248,0.10278845647017673,0.11198727694709014,0.10944570881869013,0.11452884507549015,0.11358603915760503,0.11678090907079422,0.11039116924441583,0.10600720523372997,0.11704047376042301,0.09497393670703695,2015-2019,2
116,SDP,Jukka Gustafsson,317,0.10743477842975627,0.10406929863316447,0.11080025822634805,0.13824914186949727,0.14086348935210707,0.13563479438688744,0.10143925898566528,0.0960352627496688,0.10684325522166176,0.08874278817046208,0.0994899771730582,0.07799559916786594,0.11488004389226489,0.11121286032330886,0.1185472274612209,0.10634388221463431,0.11337445717759904,0.09931330725166956,0.13131267024614218,0.12805826197613954,0.13456707851614483,0.10002016165177936,0.10184964563834505,0.09819067766521368,0.11157727453979838,0.10504674697660892,0.11810780210298785,2015-2019,2
118,VIHR,Pekka Haavisto,145,0.10271214669524961,0.10572390394880418,0.09970038944169503,0.09406370618746751,0.08963237859949776,0.09849503377543725,0.10962919203751237,0.10270053477815473,0.11655784929686999,0.09894983870395524,0.1003401868458234,0.0975594905620871,0.10308575044347185,0.10942956515834217,0.09674193572860151,0.12593573258126525,0.129886318574092,0.12198514658843851,0.15246095872558135,0.14012628334517516,0.16479563410598758,0.11351590701492681,0.1181485856570051,0.1088832283728485,0.09964676761057006,0.10401224309310553,0.0952812921280346,2015-2019,2
1202,SDP,Nasima Razmyar,87,0.10886208563639962,0.1124339276111628,0.10529024366163645,0.11917022980475715,0.1258842003951896,0.1124562592143247,0.12612258684770333,0.11635291196195525,0.13589226173345142,0.11121761478008256,0.1122072897016464,0.11022793985851873,0.12268767519085003,0.12043886933044692,0.12493648105125313,0.09571430879712664,0.09464034805348745,0.09678826954076583,0.11448286585316272,0.10692696610789883,0.12203876559842664,0.09437166631024402,0.10574760307987338,0.08299572954061467,0.10737096677967395,0.10536788375833946,0.10937404980100844,2015-2019,2
1219,KOK,Saara-Sofia Sirén,80,0.10060553147386173,0.09021839912710783,0.11099266382061564,0.09894529631614446,0.10105462781771739,0.09683596481457152,0.12364559522322945,0.10772846181879403,0.13956272862766486,0.12178095593760857,0.12514265351454607,0.11841925836067109,0.11266394884657657,0.11925862088364414,0.10606927680950902,0.11482794055251343,0.12177765171175607,0.10787822939327078,0.13288143639852448,0.13553451890470858,0.1302283538923404,0.1079343248571066,0.10956354900471017,0.10630510070950305,0.08671497039443471,0.08972151721701573,0.08370842357185371,2015-2019,2
1274,SDP,Antti Rinne,489,0.14093293938466767,0.1346525633254006,0.14721331544393476,0.14495492265971838,0.15381442445116428,0.13609542086827245,0.11604563944739296,0.11311343623593703,0.11897784265884889,0.10225524461678899,0.09403678942963874,0.11047369980393924,0.12329476036260689,0.12197419094340231,0.12461532978181147,0.10897965024810971,0.1169615096502105,0.1009977908460089,0.09166883446227467,0.08277405064338081,0.10056361828116851,0.09030612188888368,0.09977802072043038,0.08083422305733698,0.08156188692955707,0.0828950146004354,0.08022875925867876,2015-2019,2
1275,PS,Mika Raatikainen,54,0.08147360245348317,0.0845270685487439,0.07842013635822245,0.08907925918967025,0.08401047890832468,0.09414803947101583,0.09675627916880954,0.09897251737104076,0.09454004096657831,0.10067570045832475,0.11476341271555324,0.08658798820109627,0.1120780263854647,0.11042169417895431,0.11373435859197509,0.11063647592825834,0.10837838615922993,0.11289456569728677,0.1412743294680598,0.12975497594727917,0.15279368298884038,0.11596605980562137,0.1210375174055136,0.11089460220572914,0.15206026714230814,0.1481339487653605,0.15598658551925576,2015-2019,2
1276,VAS,Katja Hänninen,176,0.11498790791129505,0.12872167943741064,0.10125413638517947,0.1286412496386627,0.13718151665718054,0.12010098262014486,0.1370014272794725,0.14639759493854615,0.12760525962039884,0.0932959370970512,0.09262330984120923,0.09396856435289315,0.1171690321671626,0.11143522946532287,0.12290283486900233,0.11918320033988924,0.10955824062572447,0.12880816005405402,0.0921512933676196,0.08564266045694172,0.09865992627829748,0.08436485037061761,0.07593242744983374,0.09279727329140149,0.11320510182822952,0.11250734112783065,0.1139028625286284,2015-2019,2
1282,KOK,Wille Rydman,95,0.0927146135146176,0.09334130456729027,0.09208792246194493,0.09465906292405321,0.08951598807482888,0.09980213777327752,0.10157053828847332,0.10553996932545454,0.0976011072514921,0.11763629168651468,0.11973779771311277,0.1155347856599166,0.09900030510820405,0.10456460625189785,0.09343600396451025,0.12227996844508879,0.11847098331814751,0.12608895357203007,0.14225923829106862,0.1392905308000466,0.1452279457820906,0.11027284560508901,0.11011231888821305,0.11043337232196497,0.11960713613689074,0.11942650106100852,0.11978777121277295,2015-2019,2
1297,SDP,Sanna Marin,228,0.1261462720811048,0.11342861793276385,0.1388639262294457,0.14819582818938232,0.14542576611743846,0.1509658902613262,0.13411652509355634,0.12089939866142105,0.14733365152569164,0.092238305010278,0.09507127547696069,0.08940533454359531,0.10631154938437637,0.11039923522878622,0.10222386353996651,0.09918071418221139,0.12098630760879152,0.07737512075563124,0.11485891720537297,0.11380134686379076,0.11591648754695519,0.08191268242450744,0.07583208418419271,0.08799328066482216,0.09703920642921034,0.10415596792585469,0.08992244493256599,2015-2019,2
1298,VIHR,Krista Mikkonen,465,0.11274405656970772,0.10493862753597918,0.12054948560343626,0.11242827493258217,0.11615853079193568,0.10869801907322865,0.13618132608218736,0.13109550914607543,0.14126714301829926,0.10541335503770098,0.109155875476179,0.10167083459922296,0.09423326682437333,0.08186152777452911,0.10660500587421753,0.11344938750267639,0.12777139762171166,0.09912737738364112,0.11166514751981033,0.11373789108384891,0.10959240395577174,0.1029235001649345,0.10506367310119295,0.10078332722867604,0.11096168536602727,0.11021696746854807,0.11170640326350648,2015-2019,2
1299,KOK,Sari Multala,174,0.08734841958857036,0.08426661051851599,0.09043022865862473,0.0932536445320564,0.0909823392709077,0.0955249497932051,0.099890929461242,0.10307997384255548,0.09670188507992854,0.12300574992293753,0.12348172186063724,0.12252977798523783,0.1035612174993588,0.09199975790216361,0.115122677096554,0.10222898129978802,0.09994797937590447,0.10450998322367158,0.1615350917741149,0.17156527789713635,0.15150490565109342,0.12377277926453299,0.12772605820971492,0.11981950031935107,0.10540318665739898,0.10695028112246426,0.10385609219233369,2015-2019,2
1300,KOK,Kai Mykkänen,218,0.0916144711953415,0.08589527148554874,0.09733367090513427,0.08151562304201965,0.0797859669892104,0.08324527909482891,0.09874929325794168,0.10027719308314195,0.09722139343274142,0.12339477624498574,0.1283887067557296,0.11840084573424188,0.063072095421647,0.0554780687216608,0.07066612212163322,0.11252006279211377,0.10911159223237872,0.1159285333518488,0.1377662478570243,0.13960287131728016,0.13592962439676842,0.1601698551213844,0.1758454352387624,0.1444942750040064,0.13119757506754198,0.12561489417628727,0.13678025595879667,2015-2019,2
1301,PS,Jani Mäkelä,606,0.11285379744051077,0.11366033548180829,0.11204725939921326,0.11593773507187444,0.10982209315567851,0.12205337698807037,0.11051392897750051,0.09908035716536678,0.12194750078963423,0.09600936475142904,0.10887879240457936,0.08313993709827873,0.1058908381622017,0.09878440204933286,0.11299727427507053,0.10080512052297526,0.11257409277097644,0.08903614827497408,0.09468701937856708,0.1001044345404483,0.08926960421668587,0.12062887837077979,0.12172205694093205,0.11953569980062755,0.14267331732416136,0.13537343549087738,0.14997319915744534,2015-2019,2
1302,SDP,Ilmari Nurminen,131,0.11773199974990065,0.12837905068155667,0.10708494881824464,0.12406028251559204,0.13079233953244032,0.11732822549874374,0.12965107921865773,0.13660392343628383,0.12269823500103165,0.09142614880464084,0.07882839957361173,0.10402389803566994,0.10124629870307823,0.09892730722046705,0.10356529018568941,0.11639056683502247,0.11374304175731562,0.11903809191272934,0.11565355461296915,0.11354185608464178,0.11776525314129653,0.10437195260590776,0.10560290328512671,0.1031410019266888,0.09946811695423112,0.09358117842855626,0.10535505547990598,2015-2019,2
1303,KESK,Ulla Parviainen,162,0.10997941286528064,0.10028229635743775,0.11967652937312352,0.10738948807590859,0.10163074522398005,0.11314823092783714,0.10400026357101523,0.10408277965484261,0.10391774748718785,0.16219882077177472,0.15867017391651034,0.1657274676270391,0.06922276382303338,0.07062087732012665,0.06782465032594012,0.11122385270465626,0.10239133978927424,0.12005636562003827,0.14438770456662603,0.14141117461686167,0.1473642345163904,0.10485627040730466,0.11650932516098655,0.09320321565362279,0.08674142321440045,0.10440128795998009,0.0690815584688208,2015-2019,2
1304,VIHR,Olli-Poika Parviainen,260,0.0903364359272256,0.09613886910190338,0.08453400275254783,0.11088239628592736,0.11641208722367699,0.10535270534817771,0.13970798263306863,0.14316393630684515,0.13625202895929212,0.11324339255015312,0.11480498810581448,0.11168179699449177,0.09820149359113466,0.09028010267263617,0.10612288450963314,0.10050662440795928,0.09277650668070532,0.10823674213521324,0.1279166494075677,0.12884055978077644,0.12699273903435895,0.115915102942792,0.11659728565572167,0.11523292022986235,0.10328992225417163,0.1009856644719204,0.10559418003642287,2015-2019,2
1305,KESK,Juha Pylväs,69,0.1071610039266844,0.11816825914988809,0.09615374870348073,0.08307920823333688,0.07861258323010623,0.08754583323656753,0.11024883958679699,0.11316718478598978,0.10733049438760418,0.1408740161321198,0.14076583464652417,0.1409821976177154,0.1062226956621827,0.10324299717984717,0.10920239414451824,0.10228381524041992,0.10168367778110621,0.10288395269973363,0.12192590316904892,0.11920231641718979,0.12464948992090803,0.11083896440606669,0.1123279966562053,0.1093499321559281,0.11736555364334375,0.11282915015314332,0.12190195713354417,2015-2019,2
1308,PS,Jari Ronkainen,110,0.10409445131841275,0.10626137521636862,0.10192752742045688,0.10291395618881204,0.10827578567231375,0.09755212670531033,0.11080473882790709,0.11305742581697834,0.10855205183883583,0.09875223982292602,0.1087818376949706,0.08872264195088145,0.09383658237863536,0.08965312414810434,0.09802004060916639,0.09306494167809767,0.09360863020888006,0.09252125314731527,0.11825184202132658,0.11587048953854193,0.12063319450411122,0.12768499481351148,0.11691156260336207,0.13845842702366087,0.15059625295037105,0.14757976910048026,0.1536127368002618,2015-2019,2
1309,KOK,Veera Ruoho,82,0.07993836031994914,0.07693761925332333,0.08293910138657495,0.08684124566586032,0.08629494977511627,0.08738754155660436,0.11019988190803656,0.10353434834220174,0.11686541547387139,0.10037322249870886,0.09854085325534252,0.10220559174207519,0.08645800419930579,0.08346641534249002,0.08944959305612155,0.12505368792679344,0.12114981583064885,0.12895756002293804,0.114908649547839,0.12192065686101553,0.10789664223466247,0.12194268589043147,0.13168002469727685,0.1122053470835861,0.17428426204307546,0.17647531664258492,0.17209320744356596,2015-2019,2
1309,PS,Veera Ruoho,94,0.09166516865986926,0.09132487519320767,0.09200546212653087,0.08339449407642804,0.08306769233747904,0.08372129581537704,0.11243462287718468,0.12258648143897921,0.10228276431539016,0.10036432143328108,0.10007456191526623,0.10065408095129595,0.12296350699210037,0.11894846353096641,0.12697855045323433,0.11207925540987201,0.10744957558458221,0.11670893523516182,0.11560892937127357,0.12201184245388433,0.1092060162886628,0.10975244788661072,0.10571153015490742,0.11379336561831402,0.15173725329338023,0.1488249773907275,0.15464952919603295,2015-2019,2
1310,VAS,Li Andersson,699,0.12242313067840244,0.11433097410717492,0.13051528724962996,0.15339136776113999,0.1487769446161083,0.15800579090617167,0.1287403264601143,0.12358529720488162,0.13389535571534694,0.07125480084931009,0.07238863689796829,0.07012096480065189,0.10931712380955752,0.11326653551703533,0.10536771210207971,0.09988102735200757,0.10158761369204099,0.09817444101197416,0.1298230299832636,0.1365070259393505,0.1231390340271767,0.09411964144317891,0.10096011776172227,0.08727916512463556,0.09104955166302554,0.08859685426371773,0.09350224906233336,2015-2019,2
1311,SDP,Joona Räsänen,330,0.09167432324440813,0.09921249890303671,0.08413614758577956,0.11366217610427698,0.12221646335129951,0.10510788885725446,0.10532975320502816,0.09227137231460537,0.11838813409545094,0.12459785069356374,0.11566431731388367,0.1335313840732438,0.08779871252002361,0.0919309158392487,0.0836665092007985,0.12935647562975422,0.1386996248680183,0.12001332639149012,0.140779044739952,0.12735236967357336,0.15420571980633063,0.08939177896808101,0.09440523647674738,0.08437832145941465,0.11740988489491212,0.11824720125958701,0.11657256853023723,2015-2019,2
1312,VAS,Hanna Sarkkinen,440,0.14621628035857845,0.15051122420730478,0.14192133650985211,0.13291399879773066,0.13353292236731512,0.1322950752281462,0.1360363460295415,0.132962879916891,0.13910981214219204,0.09823488288815124,0.10243968526306553,0.09403008051323694,0.1010096831326065,0.09721400190044112,0.10480536436477186,0.08167309352249949,0.09262115286661847,0.07072503417838052,0.09130762733831445,0.0877689530039576,0.0948463016726713,0.09540953458234627,0.08814841640418261,0.10267065276050993,0.11719855335023138,0.11480076407022377,0.119596342630239,2015-2019,2
1314,PS,Sami Savio,488,0.09030587136953128,0.101317649125066,0.07929409361399654,0.10795036548615766,0.10594558900224862,0.1099551419700667,0.08380450385603216,0.08172564011952463,0.0858833675925397,0.11872871701779703,0.12447759019238949,0.11297984384320456,0.06747412103878234,0.0737229173187179,0.06122532475884679,0.08071228297565049,0.07765285553314134,0.08377171041815963,0.10745435773503403,0.10283104042388062,0.11207767504618746,0.18832018789320337,0.18474686166055734,0.19189351412584937,0.1552495926278117,0.14757985662447418,0.16291932863114925,2015-2019,2
1315,VAS,Matti Semi,222,0.11165662274560478,0.12372568854306328,0.09958755694814628,0.09169972221935677,0.08795236934343868,0.09544707509527484,0.12658443327571844,0.1171302035492832,0.13603866300215367,0.11874476210473894,0.11615576354099763,0.12133376066848027,0.08741304019907174,0.08408849209484864,0.09073758830329484,0.10966953759477947,0.11604068584420277,0.10329838934535618,0.09278986329477619,0.09901316593578346,0.08656656065376891,0.11508750316645694,0.11612395990802962,0.11405104642488424,0.14635451539949673,0.13976967124035267,0.15293935955864082,2015-2019,2
1317,PS,Simon Elo,173,0.10212252649759118,0.09888350689895091,0.10536154609623147,0.10067693947799727,0.09340943608349975,0.10794444287249479,0.09536843663707995,0.10073570899882178,0.09000116427533811,0.11212924964365345,0.09923185326340518,0.12502664602390173,0.08784724982920636,0.08417474656670006,0.09151975309171265,0.0957892817058824,0.09963325514393671,0.09194530826782808,0.12854628924310407,0.13500580231659864,0.1220867761696095,0.12640266559054852,0.13593779658283,0.11686753459826701,0.1511173613749368,0.152987894145257,0.14924682860461663,2015-2019,2
1317,SIN,Simon Elo,276,0.10736664264326265,0.1031676204624274,0.11156566482409788,0.11127785527996018,0.11025230818466036,0.11230340237525997,0.10324460861971833,0.10099136013755713,0.10549785710187953,0.10624873230707346,0.11039788760050713,0.10209957701363978,0.08920257369646462,0.0984570654004805,0.07994808199244871,0.09417196430552713,0.09046334758858596,0.09788058102246829,0.13098664167644633,0.12600693847627542,0.13596634487661724,0.11652300219663828,0.12079101208713476,0.11225499230614178,0.14097797927490907,0.13947246006237138,0.1424834984874468,2015-2019,2
1318,RKP,Joakim Strand,79,0.09545274565301778,0.09714810368697525,0.09375738761906031,0.08669766457426045,0.0890728431042445,0.08432248604427642,0.12338447775917682,0.13367091728386643,0.11309803823448723,0.11245245858446545,0.11103121254733292,0.11387370462159799,0.15521296691407632,0.148864722203443,0.16156121162470966,0.08729807904738182,0.08644643272560919,0.08814972536915446,0.11879844571054052,0.11336597928666117,0.12423091213441988,0.11000470470194715,0.1140320556120685,0.10597735379182578,0.1106984570551337,0.10636773354979903,0.11502918056046836,2015-2019,2
1319,SDP,Satu Taavitsainen,268,0.12793518904570067,0.12538515869045982,0.13048521940094154,0.11914427009787837,0.11396420987030136,0.12432433032545538,0.1290921764895972,0.1329415219885973,0.12524283099059713,0.1025102343651205,0.09245426300091596,0.11256620572932503,0.08755009751902236,0.07768337761800456,0.09741681742004016,0.10067441695620238,0.10079592390071175,0.10055291001169302,0.11032759179255257,0.12060928205105093,0.10004590153405421,0.09821245342565399,0.10834267799417603,0.08808222885713193,0.12455357030827198,0.12782358488578233,0.12128355573076163,2015-2019,2
1320,PS,Tiina Elovaara,41,0.11728245895157974,0.12839418971964117,0.10617072818351829,0.09840306149282145,0.09749654010169057,0.09930958288395234,0.147587588472471,0.13224678387355343,0.1629283930713886,0.09017439604966705,0.0914203812491038,0.0889284108502303,0.1039655255969518,0.11482099632754647,0.09311005486635711,0.11868852289447837,0.11468372032842514,0.1226933254605316,0.13044880733584052,0.11659905833399042,0.14429855633769062,0.0953277169483563,0.09854074898112675,0.09211468491558586,0.09812192225783378,0.1057975810849223,0.09044626343074529,2015-2019,2
1320,SIN,Tiina Elovaara,43,0.11892534669208354,0.1288157015135744,0.10903499187059269,0.09771313045218691,0.09743071081225643,0.09799555009211738,0.13346036963298571,0.1263891663776649,0.14053157288830653,0.09121542255122753,0.08627076843151268,0.09616007667094238,0.12968832256608648,0.13236413598997704,0.12701250914219592,0.11524383065963528,0.12613687431793924,0.10435078700133131,0.11649920440020523,0.11037676479811562,0.12262164400229483,0.09676407397115692,0.08902597349868759,0.10450217444362626,0.10049029907443241,0.10318990426027211,0.09779069388859271,2015-2019,2
1321,KESK,Martti Talja,119,0.09938337526826486,0.10831696038327818,0.09044979015325155,0.10696065188606979,0.10395228446825192,0.10996901930388765,0.09691841261369662,0.10176082789098903,0.0920759973364042,0.11458157952802303,0.11227097858724713,0.11689218046879894,0.1385629099652659,0.13067887953796783,0.14644694039256398,0.12207319607497752,0.12407949410617672,0.1200668980437783,0.12162067036661386,0.12213865063060814,0.1211026901026196,0.10700517567254378,0.10248079982259284,0.11152955152249473,0.0928940286245446,0.09432112457288822,0.09146693267620098,2015-2019,2
1322,KESK,Pertti Hakanen,140,0.06808105334195444,0.06834611888009608,0.06781598780381282,0.10358017142849937,0.10249947700818911,0.10466086584880965,0.08028016052789713,0.07128448470284623,0.08927583635294803,0.1675947425660141,0.1794536620141393,0.1557358231178889,0.0658037341497153,0.06551009066275368,0.0660973776366769,0.1505921144077927,0.13971753242717094,0.1614666963884144,0.1437966986226048,0.14941894032633024,0.13817445691887936,0.10511898368578873,0.11007375877757988,0.10016420859399759,0.11515234126973342,0.11369593520089452,0.11660874733857234,2015-2019,2
1323,KOK,Mari-Leena Talvitie,117,0.11982325234448593,0.12752957739115717,0.11211692729781471,0.10605270990004989,0.10244146020134881,0.10966395959875097,0.10419832168489174,0.1047257014431719,0.10367094192661157,0.13608685358141348,0.12357971848570477,0.1485939886771222,0.08814876448419479,0.09110426751524192,0.08519326145314765,0.09059743972607953,0.09848173155305458,0.08271314789910447,0.13108257132079487,0.12950323194027796,0.13266191070131178,0.12100168698042521,0.12330534583554924,0.1186980281253012,0.10300839997766456,0.09932896563449368,0.10668783432083544,2015-2019,2
1324,VIHR,Hanna Halmeenpää,332,0.11364135852997279,0.11531305884925824,0.11196965821068734,0.11530920077643864,0.11568679493362992,0.11493160661924735,0.16653468645551464,0.16701022603879523,0.16605914687223405,0.10955905357927914,0.11362597364920626,0.10549213350935202,0.0954319850396752,0.08613673683009535,0.10472723324925508,0.07593459188841023,0.07599607393641458,0.07587310984040586,0.10839215387311105,0.10991993426349463,0.10686437348272748,0.10199409160980276,0.10285103338277199,0.10113714983683353,0.11320287824779553,0.11346016811633375,0.1129455883792573,2015-2019,2
1325,KD,Sari Tanus,390,0.11970208313491758,0.11481851589073788,0.12458565037909727,0.10864131118306791,0.10193472693694176,0.11534789542919408,0.10384554048598488,0.08778776497689415,0.11990331599507562,0.11062016422140784,0.12825187889365966,0.09298844954915603,0.08740650644804557,0.08344102892017696,0.09137198397591417,0.15514595613805618,0.15446940442466514,0.15582250785144722,0.10419200612846874,0.10880100451019867,0.09958300774673881,0.10205752587522335,0.10673921961993912,0.09737583213050757,0.10838890638482793,0.11375645582678659,0.10302135694286926,2015-2019,2
1326,SDP,Timo Harakka,585,0.1154533468783763,0.1195144488809811,0.11139224487577148,0.13291806756114716,0.1266527919179822,0.1391833432043121,0.12795162377247135,0.13361583933454527,0.12228740821039745,0.10477848461677411,0.09766482295392578,0.11189214627962243,0.08545475007021894,0.07713270992842895,0.09377679021200892,0.07980552815541253,0.08955886995982575,0.0700521863509993,0.11760086189106617,0.1133278740509441,0.12187384973118824,0.0997115795806631,0.1033929475683483,0.0960302115929779,0.13632575747387032,0.13913969540501853,0.1335118195427221,2015-2019,2
1327,PS,Ville Tavio,183,0.10186814601654712,0.09735895908798928,0.10637733294510494,0.11555754054004924,0.11453184706754857,0.11658323401254993,0.1155580050723245,0.1140774728550373,0.1170385372896117,0.08890846752674167,0.09342078959338151,0.08439614546010182,0.0884061202394617,0.09181503467579295,0.08499720580313047,0.10728607635614681,0.1045867674343218,0.10998538527797182,0.1067322312801216,0.11003810455349053,0.10342635800675268,0.11908123839379012,0.11736126945985403,0.12080120732772621,0.1566021745748172,0.15680975527258398,0.15639459387705043,2015-2019,2
1329,VIHR,Antero Vartia,87,0.12307499509628077,0.12616027447049222,0.11998971572206932,0.10539842759528395,0.10144894925708452,0.10934790593348338,0.1722789382552721,0.18796676002056853,0.15659111648997567,0.09762859656490681,0.0873707222577414,0.10788647087207223,0.09978013866639678,0.10442723259022627,0.09513304474256729,0.07322903148444909,0.07125489567022908,0.07520316729866912,0.1113741437244796,0.10991645345601986,0.11283183399293935,0.10581869129860351,0.11014712716750932,0.1014902554296977,0.11141703731432734,0.10130758511012876,0.12152648951852593,2015-2019,2
1330,KOK,Juhana Vartiainen,61,0.11179544163859906,0.10608358748754254,0.11750729578965557,0.11818443167354406,0.11661593519975774,0.11975292814733036,0.10922876879382418,0.10617731330338862,0.11228022428425972,0.10649524054049717,0.1027151365791478,0.11027534450184655,0.10105922539201455,0.1032447207566124,0.0988737300274167,0.08708901777740716,0.08851407682077597,0.08566395873403834,0.1295557372296333,0.14708252983937978,0.11202894461988681,0.11723350750238172,0.12042277456201796,0.11404424044274548,0.11935862945209882,0.10914392545137719,0.12957333345282046,2015-2019,2
1331,KESK,Petri Honkonen,160,0.09640260469104872,0.08433979881485663,0.10846541056724082,0.10300959762665601,0.09450457844070358,0.11151461681260844,0.09105426479928146,0.08150166582852529,0.10060686377003762,0.16413282704785415,0.17831191310458777,0.14995374099112055,0.09355586312469653,0.08593897165259845,0.10117275459679462,0.12204922189717438,0.1316658358495025,0.11243260794484626,0.13451477013080615,0.13912742662939617,0.12990211363221615,0.10305443460675001,0.11007857834067514,0.09603029087282489,0.09222641607573256,0.09453123133915453,0.0899216008123106,2015-2019,2
1332,VIHR,Ozan Yanar,213,0.12955561468490967,0.13608926134598195,0.12302196802383739,0.12881986932158768,0.13218181354453135,0.125457925098644,0.1461354394333922,0.147730617573603,0.14454026129318134,0.08537312851473704,0.08697147930405011,0.08377477772542397,0.11846186833526243,0.10801034394162246,0.1289133927289024,0.08916322141257957,0.08398232853938091,0.09434411428577821,0.09980625393204977,0.09634981594031919,0.10326269192378035,0.09000172409407298,0.0863229393533218,0.09368050883482416,0.11268288027140876,0.12236140045718928,0.10300436008562823,2015-2019,2
1333,PS,Laura Huhtasaari,268,0.09865954888976489,0.10430034540767971,0.09301875237185006,0.09431300524124614,0.08689017032762135,0.10173584015487092,0.11835045532489716,0.12398000007663657,0.11272091057315776,0.10653194461502428,0.11421607389020898,0.09884781533983959,0.11607940169398984,0.11106593654117228,0.1210928668468074,0.07688590583450827,0.07513138896491865,0.07864042270409788,0.12088702411584185,0.1165348762062853,0.1252391720253984,0.11168532360049631,0.11414239222858366,0.10922825497240896,0.15660739068423124,0.1537388163568935,0.159475965011569,2015-2019,2
1334,KOK,Antti Häkkänen,201,0.09567307215664483,0.09443946281643237,0.09690668149685729,0.09457736567695613,0.08995004170868445,0.09920468964522781,0.11097992134948281,0.10950267642938354,0.1124571662695821,0.12105692935701409,0.12086933413275765,0.12124452458127052,0.0883268132298932,0.08908443881386785,0.08756918764591856,0.09240890505901667,0.08799635098754859,0.09682145913048476,0.13975729712028137,0.15310328149098884,0.1264113127495739,0.13575658069085095,0.13336297148849038,0.13815018989321154,0.1214631153598599,0.12169144213184632,0.12123478858787347,2015-2019,2
1335,KESK,Marisanna Jarva,278,0.10863414693829482,0.11000044826890087,0.10726784560768876,0.11331339815636168,0.11620657406849863,0.11042022224422472,0.11196386256367885,0.10376360461344628,0.12016412051391143,0.12714152110616414,0.13270943529793072,0.12157360691439756,0.08510547835564573,0.08455210623958881,0.08565885047170266,0.11090260510043237,0.11689213201541684,0.1049130781854479,0.13144493050279638,0.12567843588847838,0.13721142511711437,0.11280293548940858,0.11987119576562144,0.10573467521319571,0.09869112178721744,0.09032606784211798,0.10705617573231689,2015-2019,2
1336,VIHR,Emma Kari,109,0.1345280714695473,0.13204407901539866,0.13701206392369591,0.11677044161517697,0.11889017867642156,0.11465070455393236,0.14951402919712886,0.16076244108312343,0.13826561731113432,0.07873269169996247,0.07393334841876542,0.0835320349811595,0.12417081895595866,0.11429502143970591,0.13404661647221142,0.11338834244203994,0.12321628906916157,0.1035603958149183,0.10587521670219674,0.10452026606792533,0.10723016733646813,0.07672859741333855,0.07322277151391726,0.08023442331275984,0.10029179050465054,0.09911560471558085,0.10146797629372022,2015-2019,2
1337,KOK,Susanna Koski,50,0.11584778121695874,0.10895840944016195,0.12273715299375554,0.09663333979332828,0.09291038985621507,0.10035628973044149,0.10334285893544148,0.09689742998380571,0.10978828788707724,0.138700655786539,0.13723624893164924,0.14016506264142875,0.149687332184337,0.15495632626367212,0.14441833810500188,0.08749515957788116,0.08763531815008774,0.08735500100567459,0.10922874777037692,0.11202330183674584,0.10643419370400797,0.1002591296374453,0.1023639200129981,0.09815433926189247,0.0988049950976922,0.10701865552466432,0.09059133467072006,2015-2019,2
1338,KESK,Hanna Kosonen,158,0.09965953696444496,0.084993577523549,0.11432549640534091,0.1053702521459703,0.10948597315435826,0.10125453113758234,0.12702257033055886,0.12165187212524284,0.13239326853587485,0.12402924480047756,0.11960078490160057,0.12845770469935455,0.09312989121338627,0.09715096200691123,0.08910882041986133,0.10839548281776368,0.11733999829847927,0.09945096733704809,0.12558721645284246,0.12138079735652622,0.1297936355491587,0.11704967563636964,0.12289762787698728,0.11120172339575199,0.09975612963818623,0.10549840675634528,0.09401385252002717,2015-2019,2
1339,PS,Kari Kulmala,202,0.09472515700412543,0.09601159044830929,0.09343872355994155,0.0837266714962841,0.08365256600337538,0.0838007769891928,0.10980390461600739,0.11364866578570583,0.10595914344630894,0.1101328538555149,0.11922915645901466,0.10103655125201513,0.08434023243033312,0.08635007968107225,0.082330385179594,0.09425440270107843,0.09332103261399653,0.09518777278816035,0.14557780309211743,0.13683044620921173,0.15432515997502316,0.10638744525140993,0.10329111971311296,0.1094837707897069,0.1710515295531293,0.1676653430862014,0.17443771602005717,2015-2019,2
1339,SIN,Kari Kulmala,215,0.09142428489227294,0.09465130601073347,0.08819726377381243,0.08728332740039493,0.09533643373982734,0.07923022106096253,0.09160492284122557,0.09536456044287711,0.08784528523957402,0.13742483111224274,0.12610591498616688,0.14874374723831857,0.08515908300569641,0.08155084487542646,0.08876732113596636,0.09863220886183219,0.10318897401566947,0.09407544370799491,0.12954951842924323,0.12995064513227972,0.1291483917262067,0.1250313663259386,0.1365933167603502,0.11346941589152695,0.15389045713115337,0.1372580040366693,0.17052291022563745,2015-2019,2
1340,KESK,Katri Kulmuni,280,0.085626263087068,0.07682496257199302,0.09442756360214298,0.10883290180680882,0.10668741876748863,0.11097838484612903,0.0985049493674216,0.1077708214033056,0.0892390773315376,0.17224238623775318,0.16244592279884656,0.18203884967665976,0.08216750505387256,0.08011592073310067,0.08421908937464445,0.08975626402565788,0.09678336130984713,0.08272916674146863,0.11386278546187034,0.12039286938244771,0.10733270154129296,0.13266619196818083,0.13283708245940945,0.1324953014769522,0.11634075299136681,0.1161416405735612,0.11653986540917241,2015-2019,2
1341,KESK,Antti Kurvinen,267,0.09777274690835575,0.09572351724865545,0.09982197656805604,0.09206688577946212,0.08210132392620201,0.10203244763272223,0.10046046301427482,0.10800837611154737,0.09291254991700226,0.1564717093107415,0.15339615671438356,0.15954726190709942,0.09498341525225001,0.09244294413212922,0.09752388637237079,0.10543460653534417,0.11561436056057676,0.09525485251011157,0.11499564341746028,0.1231498018664863,0.10684148496843426,0.099027098594239,0.09488961531955677,0.10316458186892122,0.13878743118787235,0.1346739041204625,0.1429009582552822,2015-2019,2
1342,KOK,Jaana Laitinen-Pesola,49,0.12627908100998794,0.11865349121718742,0.13390467080278848,0.09669963248040428,0.09092948793295517,0.10246977702785338,0.08969278100181255,0.08867938417133733,0.09070617783228778,0.10991318855455742,0.11595665290738064,0.1038697242017342,0.10530356163846344,0.10706510615416646,0.10354201712276043,0.15625544049368112,0.17563593800482735,0.1368749429825349,0.11206547542689971,0.1049734274090888,0.11915752344471062,0.11104521184275035,0.10832609960421377,0.11376432408128694,0.09274562755144317,0.08978041259884303,0.0957108425040433,2015-2019,2
1343,KD,Antero Laukkanen,603,0.1062704044865361,0.10120422735364579,0.11133658161942643,0.12230304656426669,0.12516801351148865,0.11943807961704474,0.10939073665619443,0.09455418317330014,0.12422729013908873,0.11760802488192817,0.11618898063451295,0.1190270691293434,0.10641495607279378,0.10571134332210715,0.10711856882348039,0.1022622199710854,0.111952137977368,0.09257230196480279,0.11200035803062666,0.11642889430323175,0.10757182175802157,0.10664527433734919,0.11063793450705281,0.10265261416764555,0.11710497899921954,0.1181542852172927,0.11605567278114637,2015-2019,2
1346,VIHR,Touko Aalto,490,0.14240263704049383,0.1553046800084081,0.12950059407257958,0.12165066579664348,0.11239398292015079,0.13090734867313616,0.1396649255060507,0.14839857416106308,0.13093127685103828,0.08933088230850389,0.08607484200449152,0.09258692261251625,0.10083958969569932,0.10143334041476582,0.10024583897663283,0.08360318407760817,0.081547386590028,0.08565898156518832,0.10537995424623728,0.10315735845547595,0.10760255003699859,0.12130899095238223,0.12280624168370632,0.11981174022105814,0.0958191703763811,0.08888359376191038,0.10275474699085183,2015-2019,2
1347,PS,Sampo Terho,133,0.09852878549142274,0.09602395508711967,0.10103361589572583,0.10578496596391193,0.11189160230581882,0.09967832962200503,0.1251862125762053,0.11776519119947786,0.13260723395293272,0.11056621468337113,0.10568775726519049,0.11544467210155177,0.09132328970123899,0.08769424798319742,0.09495233141928056,0.10064763727544887,0.10445004136196581,0.09684523318893194,0.11666591767167647,0.1252119240513077,0.10811991129204523,0.12461994476639149,0.11528463874878563,0.13395525078399734,0.12667703187033308,0.13599064199713662,0.11736342174352957,2015-2019,2
1347,SIN,Sampo Terho,79,0.08695409486862116,0.09567030110052635,0.07823788863671598,0.09807180240772764,0.09356954380764727,0.102574061007808,0.10454728207036837,0.10552143072515392,0.10357313341558283,0.13384174043331515,0.12145160077642056,0.14623188009020976,0.06091981130935086,0.06746706902519721,0.05437255359350451,0.08667288190805539,0.08794361238150508,0.08540215143460571,0.15733760188836193,0.157211532078769,0.15746367169795483,0.1621803646930049,0.16029470645242713,0.16406602293358263,0.1094744204211946,0.11087020365235341,0.10807863719003577,2015-2019,2
1348,KESK,Mikko Kärnä,199,0.10293156525866527,0.10301857663986842,0.10284455387746212,0.10093700404327535,0.1023056877249557,0.09956832036159499,0.09438122344388002,0.09683349221834109,0.09192895466941894,0.11904855205609381,0.1271417502759867,0.11095535383620092,0.10761868357563847,0.10225117172230673,0.11298619542897023,0.10870619482294733,0.1038116524070412,0.11360073723885344,0.1181088854097518,0.12098484116164643,0.11523292965785717,0.11702871535289891,0.11081582389990638,0.12324160680589144,0.13123917603684898,0.13283700394994732,0.12964134812375064,2015-2019,2
1349,PS,Leena Meri,563,0.11114823133846793,0.11073257073545592,0.11156389194147993,0.11132223305153516,0.10693767973975721,0.11570678636331311,0.09987134587082522,0.10191072712981035,0.09783196461184007,0.11278256524077626,0.11750320229420641,0.1080619281873461,0.08392160814346475,0.08692171947844596,0.08092149680848354,0.10773091795358791,0.10027571658579285,0.11518611932138298,0.12464141404361184,0.1309026060408276,0.11838022204639609,0.10737903649986288,0.10701642426435873,0.10774164873536704,0.141202647857868,0.13779935373134491,0.14460594198439114,2015-2019,2
1374,RKP,Veronica Rehn-Kivi,68,0.1451670778201128,0.14353965485546827,0.14679450078475728,0.10699108706301197,0.10601507585735129,0.10796709826867264,0.09569392524231572,0.08392121195865038,0.10746663852598107,0.09528199259864989,0.11072712527493984,0.07983685992235993,0.16468682836120435,0.15704786387923353,0.17232579284317515,0.09858285011193925,0.09678391680575123,0.10038178341812727,0.09859077796526072,0.1009229723765656,0.09625858355395583,0.10858584837052852,0.11912120219438918,0.09805049454666787,0.08641961246697688,0.08192097679765073,0.09091824813630303,2015-2019,2
1379,KOK,Mia Laiho,71,0.11201309532883723,0.112201820550869,0.11182437010680546,0.09920000547901196,0.09587084728039083,0.1025291636776331,0.09078390254997196,0.07975636677347432,0.10181143832646958,0.11898582417184186,0.12082129100830989,0.11715035733537385,0.09414374222528878,0.08993583702369042,0.09835164742688714,0.11242776278593636,0.12290769335551147,0.10194783221636124,0.145486316236613,0.14756663941290873,0.14340599306031726,0.11807464601338086,0.12195490854038701,0.1141943834863747,0.10888470520911804,0.10898459605445832,0.10878481436377777,2015-2019,2
1382,KESK,Hanna-Leena Mattila,40,0.10954708401057232,0.10727902038686596,0.11181514763427869,0.08942954178962456,0.08918787702478317,0.08967120655446595,0.10711376368906772,0.09883958336283963,0.11538794401529581,0.11899278754322654,0.10538338585441805,0.132602189232035,0.09053745018276206,0.0910215201393853,0.09005338022613882,0.12029873963191295,0.12132710718525422,0.11927037207857169,0.13221873371624443,0.14019588003090294,0.12424158740158589,0.13205931646179228,0.14283415506532268,0.12128447785826188,0.0998025829747971,0.10393147095022806,0.09567369499936615,2015-2019,2
170,KOK,Ilkka Kanerva,117,0.10929796580375702,0.10818456870623679,0.11041136290127725,0.10347979399356678,0.10349889572142341,0.10346069226571016,0.0942589650014308,0.09964532943648888,0.08887260056637272,0.13927593440113345,0.13409281849283694,0.14445905030942996,0.10734352054039342,0.09698963438984384,0.117697406690943,0.1107339255752737,0.11383202609675677,0.10763582505379063,0.13406552679314881,0.13477592473709948,0.13335512884919815,0.09828340782155001,0.10275850570593577,0.09380830993716426,0.103260960069746,0.10622229671337813,0.10029962342611387,2015-2019,2
175,PS,Toimi Kankaanniemi,541,0.10304900317375645,0.09926791511825765,0.10683009122925524,0.1433390587599555,0.13837831935370948,0.1482997981662015,0.09074220674222416,0.09714517523460045,0.08433923824984788,0.137982088549627,0.1510405371062979,0.12492363999295615,0.09297697877965883,0.08704264761202532,0.09891130994729232,0.09076783343680678,0.08652390069658358,0.09501176617702997,0.12342420551596203,0.13600497975447312,0.11084343127745093,0.09429490421911375,0.091630731256757,0.09695907718147051,0.12342372082289549,0.11296579386729555,0.13388164777849543,2015-2019,2
202,KESK,Seppo Kääriäinen,117,0.08655025635899992,0.08683548203157493,0.08626503068642491,0.10688780480585014,0.10520376384189242,0.10857184576980786,0.09950334158380766,0.10395132434646759,0.09505535882114775,0.16529392488800299,0.16075254994984972,0.16983529982615622,0.09301266443974579,0.08844851100281488,0.09757681787667671,0.09612988985796278,0.08764319195304447,0.1046165877628811,0.11506266096924643,0.1233218342133896,0.10680348772510326,0.12482778653656212,0.13114160782421008,0.11851396524891418,0.11273167055982217,0.11270173483675631,0.11276160628288803,2015-2019,2
203,SDP,Riitta Myller,300,0.11884370881602514,0.12161935708609686,0.11606806054595342,0.10830527632058527,0.11182743734971712,0.10478311529145343,0.12966058732845584,0.13697768633196525,0.12234348832494643,0.13996755734499333,0.14340333210635686,0.13653178258362977,0.0959801527173576,0.08888701583121358,0.10307328960350164,0.0978959930485202,0.09689991793446476,0.09889206816257565,0.11815509224906959,0.11304106346642637,0.12326912103171281,0.0942051909915152,0.0899359921935182,0.0984743897895122,0.09698644118347785,0.09740819770024109,0.09656468466671461,2015-2019,2
214,PS,Lea Mäkipää,163,0.09701516804452581,0.09904024406240249,0.09499009202664915,0.10165347089506442,0.10318723361316481,0.10011970817696403,0.09702266653974591,0.09455368197353782,0.099491651105954,0.11340882394843232,0.09872622553290858,0.12809142236395607,0.0766193023930217,0.07632239700425962,0.07691620778178376,0.10938662812067347,0.10634975458864118,0.11242350165270576,0.11856844928989942,0.11084732644676562,0.1262895721330332,0.15627371898959314,0.18248527636228834,0.13006216161689793,0.13005177177904384,0.12848786041603155,0.13161568314205613,2015-2019,2
214,SIN,Lea Mäkipää,102,0.09503615930839662,0.09002668807646359,0.10004563054032967,0.10744053357260258,0.09845493868998198,0.1164261284552232,0.10919720982170675,0.10740838551137613,0.11098603413203738,0.11712912351894839,0.1125575184720136,0.12170072856588318,0.08107183282156075,0.07966393701189854,0.08247972863122296,0.10381378769936206,0.11092077196330737,0.09670680343541675,0.11360389566842602,0.10625787352618259,0.12094991781066947,0.15483656242883448,0.1794740838151232,0.13019904104254576,0.1178708951601623,0.11523580293365299,0.12050598738667162,2015-2019,2
242,KESK,Pekka Puska,93,0.09400117052805672,0.09706897328065826,0.09093336777545517,0.11655998763880102,0.11530080451116975,0.1178191707664323,0.09347581422563958,0.09043523652108573,0.09651639193019344,0.14696160076417014,0.1424664414111106,0.1514567601172297,0.1181628342711509,0.12231854513866769,0.1140071234036341,0.10622208305089584,0.10052340269401587,0.11192076340777582,0.10991031225094716,0.11725566237049104,0.10256496213140329,0.11039184543336092,0.11028746919798078,0.11049622166874104,0.10431435183697774,0.10434346487482027,0.1042852387991352,2015-2019,2
259,KOK,Pertti Salolainen,126,0.08287317810945943,0.07886126618676648,0.0868850900321524,0.11921109654587851,0.11866032329871024,0.11976186979304679,0.09228023095477103,0.08812366401131343,0.09643679789822865,0.13192175196714645,0.13364946996845245,0.13019403396584045,0.0988159063357834,0.10215009693793664,0.09548171573363015,0.10848373874576052,0.1081515918277478,0.10881588566377323,0.13656315508361097,0.13275309676643993,0.14037321340078202,0.11317244488118336,0.12453985297810832,0.10180503678425841,0.11667849737640637,0.11311063802452477,0.12024635672828796,2015-2019,2
301,KOK,Ben Zyskowicz,691,0.12772466162356466,0.10336851749484885,0.1520808057522805,0.1145797381066157,0.1147557296356064,0.11440374657762502,0.10306090743118076,0.09681336263888574,0.10930845222347581,0.103012008149168,0.1109859039129357,0.09503811238540032,0.11607319222362701,0.1356139640567074,0.09653242039054663,0.0844889282324555,0.0830811230873148,0.08589673337759621,0.09656846776035344,0.08919596742112577,0.10394096809958109,0.12493205063768786,0.12601751100326594,0.12384659027210979,0.12956004583534697,0.14016792074930934,0.11895217092138459,2015-2019,2
351,RKP,Eva Biaudet,172,0.08888955406576947,0.08798054169021241,0.08979856644132653,0.10144641708253563,0.10352205767963321,0.09937077648543804,0.11812934433655801,0.10748369416006998,0.12877499451304605,0.0908238563927872,0.09879613692395943,0.08285157586161497,0.12126422406131376,0.11060391123274087,0.13192453688988665,0.15014146542802198,0.15631076003369676,0.14397217082234717,0.1317264812893519,0.1381773306125931,0.12527563196611072,0.09427425010948041,0.09276157376255992,0.09578692645640091,0.10330440723418163,0.10436399390453428,0.102244820563829,2015-2019,2
356,KESK,Olli Rehn,96,0.0859894835312561,0.08423274736611902,0.0877462196963932,0.0982974374167164,0.10054627058517299,0.09604860424825981,0.12009338941827616,0.10784354522820212,0.13234323360835018,0.1626174967429304,0.1620423846799382,0.16319260880592262,0.07714511168797916,0.08136793910140049,0.07292228427455785,0.0580322760041842,0.061143253547957875,0.054921298460410536,0.1573980575981272,0.15799943474689646,0.1567966804493579,0.15195020032863593,0.15502963669325145,0.14887076396402044,0.08847654727189438,0.08979478805106132,0.08715830649272746,2015-2019,2
357,SDP,Erkki Tuomioja,60,0.10652460165316283,0.09943258339227745,0.11361661991404821,0.11035995854579331,0.10845356349196918,0.11226635359961745,0.11144566213545311,0.1130855033266788,0.10980582094422742,0.10676501539791516,0.10670979540536316,0.10682023539046717,0.11519520223900273,0.11073601581378811,0.11965438866421733,0.09803627547544663,0.09141553187435754,0.10465701907653573,0.12629155360145208,0.1276599915299753,0.12492311567292887,0.11531428157635323,0.12396594709452695,0.10666261605817953,0.11006744937542096,0.11854106807106353,0.10159383067977838,2015-2019,2
363,VIHR,Satu Hassi,411,0.10005658506527332,0.10035020403753472,0.09976296609301193,0.10203464482570748,0.09045814318885208,0.1136111464625629,0.16397544321332386,0.17742451113681196,0.15052637528983576,0.12781748789241337,0.11842471579697895,0.13721025998784778,0.10526198544440563,0.1144867235877874,0.09603724730102386,0.08562407960914,0.08273925633645406,0.08850890288182593,0.10524411053999747,0.10853134973434915,0.1019568713456458,0.10110123703912369,0.10006391227574904,0.10213856180249833,0.10888442637061516,0.10752118390548263,0.11024766883574769,2015-2019,2
375,KESK,Markku Rossi,185,0.10451220526616342,0.10535848819926996,0.1036659223330569,0.11674100425714529,0.11521827014920509,0.11826373836508548,0.07815492689349025,0.07640366088281292,0.07990619290416759,0.17763248099006798,0.18395265767886212,0.17131230430127384,0.08299397502549381,0.0763634322135237,0.08962451783746393,0.10980622672938006,0.09961369603127698,0.11999875742748314,0.12505317957242518,0.13425493818343237,0.11585142096141801,0.09649156326567918,0.09587562587084758,0.09710750066051076,0.10861443800015477,0.11295923079076924,0.10426964520954032,2015-2019,2
392,KESK,Olavi Ala-Nissilä,418,0.09015027506156414,0.09119055611657148,0.0891099940065568,0.12285986450926273,0.12534438830688896,0.1203753407116365,0.08957894985154953,0.08940256622767706,0.089755333475422,0.1411269087159185,0.1417423462214678,0.14051147121036914,0.1076930162537224,0.10728757669733029,0.10809845581011454,0.09204636072721359,0.08361919775754412,0.10047352369688305,0.12253272578457701,0.12453768882869354,0.12052776274046048,0.10757176147976875,0.11475485141130345,0.10038867154823405,0.12644013761642336,0.1221208284325233,0.13075944680032342,2015-2019,2
402,KESK,Timo Kalli,153,0.1303811324029383,0.12403004785738074,0.13673221694849585,0.10918863602204829,0.1089508433226923,0.10942642872140426,0.09364238260222127,0.0831491620533105,0.10413560315113206,0.13251905009508713,0.1417087281102229,0.1233293720799514,0.09168781978462628,0.08922835233523546,0.09414728723401712,0.09660488726169073,0.10375125751326741,0.08945851701011405,0.13084610450682935,0.13881256111940815,0.12287964789425054,0.1068874648270095,0.10841313730249465,0.10536179235152435,0.10824252249754908,0.10195591038598784,0.11452913460911032,2015-2019,2
414,KESK,Matti Vanhanen,130,0.09820471483833698,0.1008660794460807,0.09554335023059327,0.11061928525500637,0.11471924016665991,0.10651933034335284,0.10129421299051788,0.10402513542971212,0.09856329055132367,0.12419182030479664,0.11612290995139567,0.1322607306581976,0.09500087533348892,0.09430012888327319,0.09570162178370464,0.10205273136218537,0.09759242172789498,0.10651304099647577,0.13396506054980084,0.1421047166705296,0.12582540442907209,0.11689275620510528,0.11640120593984984,0.11738430647036072,0.11777854316076172,0.11386816178460399,0.12168892453691944,2015-2019,2
451,SDP,Tarja Filatov,345,0.11947367550172606,0.12231296137676113,0.116634389626691,0.13027776939806818,0.1218873943403154,0.13866814445582093,0.13165900324424396,0.13007279111855058,0.13324521536993733,0.0883813937897364,0.08440506134196202,0.09235772623751079,0.09370337754443131,0.1052574432596832,0.08214931182917944,0.10425084654411576,0.10787379825554948,0.10062789483268206,0.13023174660037173,0.1208508655013307,0.1396126276994128,0.10706491322877107,0.11248216055019702,0.10164766590734513,0.09495727414853553,0.09485752425565055,0.09505702404142051,2015-2019,2
479,VAS,Annika Lapintie,64,0.10395775692946944,0.10891475950082725,0.09900075435811163,0.11759695479496227,0.11352637207035317,0.12166753751957135,0.09029058074115398,0.08947143323693045,0.09110972824537752,0.0898145550744201,0.0880426980257934,0.09158641212304679,0.09303181516453393,0.08694202225452857,0.09912160807453929,0.10564232406410032,0.10178828584117487,0.10949636228702578,0.13214325365633892,0.12524904572349274,0.1390374615891851,0.1504697622540226,0.15216766017713446,0.1487718643309107,0.11705299732099843,0.13389772316976506,0.1002082714722318,2015-2019,2
499,KD,Päivi Räsänen,490,0.10140738277757197,0.09565618792570976,0.10715857762943419,0.11249717465921905,0.11346131054564505,0.11153303877279304,0.100412883142239,0.10050794001016436,0.10031782627431365,0.10116951122879692,0.10511242700442583,0.09722659545316802,0.09605207254962866,0.09334619728872445,0.09875794781053289,0.1449029803689782,0.14507409105846275,0.14473186967949364,0.10252592638277196,0.09073659212765928,0.11431526063788464,0.1279762981304676,0.12752160684439826,0.12843098941653694,0.11305577076032655,0.12858364719481016,0.09752789432584293,2015-2019,2
508,KESK,Anu Vehviläinen,242,0.0824756430971839,0.08676612503153802,0.07818516116282978,0.11537084600924435,0.11302050625427244,0.11772118576421628,0.09357594614845618,0.09895135628700577,0.08820053600990661,0.19958446192892648,0.20569434855483842,0.1934745753030145,0.09181401091564759,0.09040438488246685,0.09322363694882832,0.08990184579453289,0.08606503618756446,0.09373865540150131,0.11076365196406296,0.10176835480518061,0.1197589491229453,0.1186058149621911,0.11780458219124668,0.11940704773313551,0.09790777917975457,0.09952530580588678,0.09629025255362235,2015-2019,2
511,SDP,Pia Viitanen,1007,0.11620226502575348,0.1126840259785405,0.11972050407296646,0.15845029768649277,0.18493254370667153,0.13196805166631403,0.11044600442767,0.109772119551756,0.111119889303584,0.10583339028774946,0.09963518068737208,0.11203159988812683,0.08550583681114601,0.09013956153352172,0.0808721120887703,0.10050826193881346,0.10178444299042981,0.09923208088719711,0.09952312890534198,0.09513717344668396,0.103909084364,0.09485513291341371,0.08666140434093197,0.10304886148589547,0.1286756820036191,0.1192535477640924,0.1380978162431458,2015-2019,2
538,SDP,Tuula Haatainen,214,0.10273632500589945,0.09958876849198706,0.10588388151981185,0.14984559788552498,0.12404913779113576,0.17564205797991422,0.1113096063832447,0.11675021722139675,0.10586899554509266,0.11275875946262515,0.10367180176266974,0.12184571716258055,0.08822697841597169,0.09151037379969701,0.08494358303224635,0.12186965342696932,0.1298915647683811,0.11384774208555752,0.11476304353186323,0.11273682116182848,0.11678926590189798,0.09837522958698663,0.11081510949056513,0.08593534968340813,0.1001148063009148,0.11098620551233898,0.08924340708949062,2015-2019,2
541,KESK,Juha Rehula,387,0.11846404126533398,0.11153042438075392,0.12539765814991405,0.12462429804604291,0.12395022576500807,0.12529837032707775,0.09807341425688407,0.1039502328583873,0.09219659565538084,0.14436738708720298,0.14295119245343318,0.14578358172097278,0.11083205811194763,0.1201725726135163,0.10149154361037896,0.0834128299438465,0.09002681662127798,0.07679884326641502,0.11939199429238738,0.10760346873442805,0.1311805198503467,0.11086280593883402,0.10886709763749713,0.1128585142401709,0.08997117105752052,0.09094796893569805,0.08899437317934299,2015-2019,2
573,KESK,Niilo Keränen,63,0.11110387049264259,0.11322174045218561,0.10898600053309955,0.1056686754374285,0.10374988752341822,0.10758746335143876,0.09510494266363037,0.09187878593278957,0.09833109939447118,0.15165310138503868,0.15721381957470962,0.14609238319536777,0.08642414038227297,0.0866646886733143,0.08618359209123166,0.12806303655850726,0.12467846096508009,0.13144761215193443,0.11033246758120344,0.12148927779946742,0.09917565736293944,0.11309726993931157,0.10818575616429996,0.11800878371432319,0.09855249555996465,0.09291758291473526,0.10418740820519404,2015-2019,2
582,KESK,Jari Leppä,177,0.0941270584270079,0.10248347344396866,0.08577064341004714,0.1006515002151929,0.1049216818123376,0.09638131861804819,0.11194289787190422,0.10945246087989871,0.11443333486390972,0.2067692912405153,0.19355629381991038,0.21998228866112018,0.07513828346090129,0.07945810754737917,0.0708184593744234,0.0864973729412879,0.08400847416309412,0.08898627171948167,0.1243812290488866,0.1214860870538806,0.1272763710438926,0.10357752286860464,0.10509304048040977,0.10206200525679951,0.0969148439256992,0.09954038079912085,0.09428930705227755,2015-2019,2
583,KESK,Mika Lintilä,97,0.10162596721067829,0.10083926339082765,0.10241267103052894,0.11004005711192091,0.11751194621715724,0.1025681680066846,0.09206637857297005,0.10191748507932871,0.08221527206661139,0.12492721150255517,0.12627540315991198,0.12357901984519837,0.08340545635583163,0.08253003782191423,0.08428087488974903,0.09228382507837331,0.08552580935358745,0.09904184080315917,0.14523329605234048,0.14403899326163122,0.14642759884304973,0.14188116021361946,0.13622435227277122,0.14753796815446768,0.10853664790171069,0.10513670944287032,0.11193658636055108,2015-2019,2
609,SDP,Harry Wallin,115,0.10403950617501145,0.09211884890835012,0.11596016344167279,0.1102632522518301,0.11362191194781579,0.10690459255584442,0.11073023337701803,0.11129977366550907,0.11016069308852698,0.12965065044187135,0.1294597311156347,0.12984156976810804,0.09676324124511565,0.09925763539946811,0.09426884709076319,0.1018233634716982,0.10780100474493956,0.09584572219845683,0.11491790807669024,0.11443731221828937,0.1153985039350911,0.11569157740617092,0.11754015766670012,0.11384299714564172,0.11612026755459408,0.11446362433329316,0.117776910775895,2015-2019,2
612,KOK,Sari Sarkomaa,271,0.11229639064480351,0.1105071547641292,0.11408562652547782,0.13701677968382284,0.14818396440996046,0.12584959495768522,0.08897432840454322,0.09969980692088028,0.07824884988820617,0.10869334918349419,0.10954781300233629,0.10783888536465207,0.12000920761106026,0.11429032955628012,0.1257280856658404,0.10823348732403282,0.10025523704657627,0.11621173760148935,0.1353815899926779,0.13017732447815364,0.14058585550720218,0.08843090634008552,0.08646278124311489,0.09039903143705615,0.10096396081547976,0.10087558857856885,0.10105233305239066,2015-2019,2
767,PS,Timo Soini,236,0.08891566502031083,0.08844598890184369,0.08938534113877797,0.10038491393692585,0.09964616880537543,0.10112365906847627,0.09746264307464486,0.10477841336807228,0.09014687278121744,0.1145329132111016,0.11184230593623996,0.11722352048596323,0.10989408648631414,0.1154697655196848,0.10431840745294349,0.08235517178789396,0.09014721498756814,0.07456312858821978,0.15364454682700301,0.14701767247209047,0.16027142118191556,0.12558921254277794,0.12484358331697301,0.1263348417685829,0.12722084711302778,0.11780888669215217,0.13663280753390336,2015-2019,2
767,SIN,Timo Soini,84,0.07814237175851381,0.07926249630682783,0.07702224721019979,0.08800422422159625,0.08546819020650938,0.09054025823668312,0.12766458294241692,0.1354906007447691,0.11983856514006475,0.1066726153424361,0.0968853875024366,0.1164598431824356,0.0916787927709627,0.09369052101878497,0.08966706452314044,0.09126417526214678,0.08731629917938025,0.09521205134491331,0.15698510058028584,0.17090098490647945,0.14306921625409222,0.12098091715370266,0.11266750944083244,0.12929432486657289,0.1386072199679389,0.13831801069398,0.13889642924189782,2015-2019,2
768,SDP,Eero Heinäluoma,731,0.12118610159308599,0.12506161438964136,0.11731058879653063,0.16558083364045612,0.16233054807715855,0.16883111920375368,0.09543031350249973,0.09838568059639038,0.09247494640860905,0.10689711790706549,0.1127657191845836,0.10102851662954737,0.08472583371197093,0.08719818765828806,0.0822534797656538,0.09952295792748336,0.09642269724823396,0.10262321860673276,0.10312794688273336,0.09257332429623635,0.11368256946923036,0.10515533275567052,0.10597954424871728,0.10433112126262375,0.11837356207903448,0.11928268430075044,0.11746443985731851,2015-2019,2
769,RKP,Mikaela Nylander,122,0.10347349056518092,0.1094958344421388,0.09745114668822304,0.11571614760901391,0.10886834951012252,0.1225639457079053,0.1204195628695901,0.13155442184408958,0.10928470389509062,0.08811998410907226,0.08523534515903983,0.0910046230591047,0.17478301547001335,0.18174513599135383,0.16782089494867286,0.09788027890206413,0.09406832432464957,0.10169223347947869,0.09819070921430799,0.09127800801208605,0.10510341041652993,0.10047160312221386,0.10196360730196605,0.09897959894246167,0.10094520813854346,0.0957909734145537,0.10609944286253323,2015-2019,2
771,VIHR,Jyrki Kasvi,130,0.10456018707352943,0.10718400973423033,0.10193636441282852,0.09561959598271122,0.09149345088550037,0.09974574107992207,0.13633019621528059,0.13458925479678618,0.138071137633775,0.11287254070616645,0.1039737070679198,0.12177137434441312,0.12492477136106207,0.14216749048132898,0.10768205224079516,0.08339653264172173,0.08374014186666065,0.0830529234167828,0.10422152098307466,0.09992560281014276,0.10851743915600656,0.12238097841863305,0.121749809964801,0.12301214687246509,0.11569367661782083,0.11517653239262989,0.11621082084301178,2015-2019,2
778,KD,Sari Essayah,637,0.11854142175526436,0.11349977304491035,0.12358307046561837,0.12345619135308901,0.1291594524957888,0.11775293021038921,0.08318825730872112,0.07603516162560711,0.09034135299183514,0.13065936498799807,0.13918418219902665,0.12213454777696953,0.08714253447962217,0.0925544757168581,0.08173059324238623,0.1187898446374544,0.12313889586433997,0.11444079341056881,0.13627011480215284,0.13670454203847673,0.13583568756582892,0.09159300337774846,0.08417522950032878,0.09901077725516814,0.11035926729794959,0.10554828751466358,0.1151702470812356,2015-2019,2
779,KESK,Esko Kiviranta,233,0.0930108567369608,0.09410636438343747,0.09191534909048414,0.09625994957048975,0.09111584165111977,0.10140405748985974,0.10600791679666682,0.10685765169538855,0.10515818189794508,0.12235348460304826,0.124365302114994,0.12034166709110253,0.11756159622136823,0.11013306700221508,0.12499012544052139,0.09722008823618539,0.0985098372068309,0.09593033926553989,0.11516735196436083,0.10939054300050155,0.1209441609282201,0.12400389673203172,0.13437867040822055,0.11362912305584287,0.12841485913888817,0.13114272253729212,0.1256869957404842,2015-2019,2
784,KOK,Arto Satonen,183,0.09789621163925619,0.09671312873998228,0.09907929453853008,0.12613957371856127,0.11102184532077282,0.14125730211634974,0.10242846253792384,0.09737798433629322,0.10747894073955447,0.1305545183495619,0.1372282822177822,0.12388075448134159,0.06929728569566365,0.07729229701644136,0.06130227437488596,0.09267619824070442,0.08867160359379614,0.09668079288761268,0.1391630717362001,0.14498033654528986,0.13334580692711034,0.12521199140988537,0.12687882028866346,0.12354516253110728,0.11663268667224326,0.1198357019409787,0.11342967140350782,2015-2019,2
790,KESK,Kimmo Tiilikainen,338,0.09826570841873514,0.09646965257931092,0.10006176425815935,0.09091032316397085,0.09255202981494651,0.08926861651299521,0.12976896194605927,0.1407514195894128,0.11878650430270572,0.14786789587262916,0.1494490220694992,0.1462867696757591,0.0773140695475909,0.07273380030717527,0.08189433878800652,0.08898085051880818,0.08888052129465229,0.08908117974296406,0.12945872995572755,0.13138581619179907,0.12753164371965606,0.12605017574449723,0.12035828471746897,0.1317420667715255,0.11138328483198172,0.10741945343573493,0.1153471162282285,2015-2019,2
791,SDP,Anneli Kiljunen,405,0.13634401395169626,0.12386626960392808,0.14882175829946448,0.1544398001178337,0.161527798096553,0.14735180213911445,0.10826581831741927,0.106876812829882,0.10965482380495653,0.10566391518739285,0.10937721725011085,0.10195061312467484,0.10837141127044778,0.10622728854961346,0.11051553399128211,0.09394124129659703,0.09441464803784579,0.09346783455534827,0.10710403690658857,0.11067342961247836,0.10353464420069877,0.0991858673614883,0.10295440412392191,0.09541733059905469,0.08668389559053626,0.08408213189566663,0.08928565928540588,2015-2019,2
796,KESK,Eero Reijonen,62,0.0783201095145738,0.0774355309098804,0.07920468811926722,0.09064526563757061,0.09010845303946098,0.09118207823568023,0.10860730233017842,0.116513892483088,0.10070071217726884,0.1757371602227939,0.16985002406635558,0.18162429637923222,0.08009027491629384,0.07333587078377399,0.08684467904881368,0.09087791395265946,0.09303997821896601,0.08871584968635292,0.12027936502989346,0.12982649519004746,0.11073223486973946,0.1267714194722917,0.124634195082892,0.12890864386169143,0.1286711889237448,0.12525556022553563,0.13208681762195396,2015-2019,2
797,KESK,Hannu Hoskonen,971,0.07622414394153196,0.0775515782342951,0.07489670964876882,0.10322577411132619,0.10328614054583052,0.10316540767682185,0.10055515473699846,0.09077508419745058,0.11033522527654634,0.1520791892375541,0.1577606507382404,0.14639772773686782,0.06206989613385873,0.06411000641280681,0.060029785854910644,0.10978252270685278,0.10968731653418715,0.10987772887951841,0.12323607755254706,0.13315174588322812,0.113320409221866,0.10944445026013344,0.10900074560377586,0.10988815491649102,0.16338279131919725,0.15467673185018543,0.1720888507882091,2015-2019,2
800,KESK,Tapani Tölli,69,0.09299856522048233,0.09362459604314396,0.0923725343978207,0.10289280781242946,0.09973845186457034,0.1060471637602886,0.09996397053483946,0.10372580516854335,0.09620213590113558,0.13834531584484955,0.13915888414217165,0.13753174754752745,0.10876182233504773,0.1134291608330521,0.10409448383704337,0.1425519219104871,0.138686945926016,0.14641689789495818,0.11333708976526947,0.12286580194914157,0.10380837758139738,0.09592428062582165,0.09047147063473461,0.10137709061690867,0.10522422595077327,0.09829888343862644,0.1121495684629201,2015-2019,2
802,VAS,Markus Mustajärvi,190,0.11005534781579548,0.11677041255048189,0.10334028308110907,0.114930250125834,0.11864040480165468,0.11122009545001332,0.12252547027187118,0.11741179379046929,0.12763914675327306,0.09736863211966178,0.10105772185296329,0.09367954238636027,0.1005800419225005,0.10197474625713623,0.09918533758786476,0.09322240917130631,0.09444592285685462,0.09199889548575799,0.11487471471739291,0.12044456324694792,0.10930486618783788,0.11674584986486602,0.11925169122324612,0.11424000850648593,0.12969728399077193,0.11000274342024603,0.14939182456129782,2015-2019,2
805,KESK,Lasse Hautala,135,0.08576222525488485,0.08221281382878859,0.0893116366809811,0.10853161678678558,0.11010381317023551,0.10695942040333566,0.07810614132775084,0.08211352802577915,0.07409875462972254,0.15405974315270832,0.15482697432350778,0.15329251198190888,0.10147598386955342,0.09521923515305414,0.10773273258605269,0.11772578556648969,0.11731492036547775,0.11813665076750161,0.12553041130047318,0.122647081024214,0.12841374157673238,0.10735470578943292,0.11227563102239575,0.10243378055647008,0.1214533869519212,0.12328600308654733,0.11962077081729508,2015-2019,2
808,SDP,Jutta Urpilainen,40,0.09893847852064894,0.10765652073430883,0.09022043630698905,0.11276040399926417,0.10524533270925249,0.12027547528927585,0.10091604637703647,0.1064596224085345,0.09537247034553843,0.08685560551363702,0.09313027943676402,0.08058093159051001,0.15114034027557052,0.1535953713435539,0.14868530920758716,0.13157016544572775,0.11931667378972162,0.1438236571017339,0.13218387273995003,0.13094280947231665,0.13342493600758337,0.09743182764809788,0.08809426265627242,0.10676939263992333,0.08820325948006719,0.09555912744927558,0.08084739151085879,2015-2019,2
811,KESK,Aila Paloniemi,206,0.10437134134115852,0.09455756832728078,0.11418511435503628,0.11166213732753513,0.11691930353144622,0.10640497112362404,0.12261240299163166,0.11325540551388794,0.1319694004693754,0.12146360905822329,0.14204127588848206,0.10088594222796451,0.09903516038203669,0.09031063080563459,0.10775968995843879,0.09659987830600208,0.08695155850604366,0.1062481981059605,0.12318208693270866,0.12862051998266988,0.11774365388274743,0.09968994201799454,0.10791080008036857,0.0914690839556205,0.1213834416427094,0.11943293736418625,0.12333394592123252,2015-2019,2
856,PS,Jussi Niinistö,63,0.07968345281224365,0.0759155842962509,0.08345132132823639,0.10940744145067716,0.1131411468697966,0.10567373603155772,0.08970325295299889,0.09133795636073214,0.08806854954526563,0.10515597563912035,0.10553407244755841,0.1047778788306823,0.0750953050613106,0.0647687104830513,0.08542189963956989,0.09539540902117197,0.09398966239463638,0.09680115564770757,0.1269516285438095,0.13081487483406048,0.12308838225355852,0.18660610942889955,0.19268472327369965,0.18052749558409942,0.1320014250897683,0.13181326904021412,0.13218958113932253,2015-2019,2
856,SIN,Jussi Niinistö,50,0.07605618246834103,0.06917706571151477,0.08293529922516729,0.09148484971741198,0.09506081255005189,0.08790888688477208,0.09928445520015775,0.09205965278770226,0.10650925761261325,0.10842524151808852,0.11520196477525466,0.1016485182609224,0.06739507821831656,0.06692038040088973,0.06786977603574337,0.08449704974425434,0.08028652550532225,0.08870757398318645,0.1286173053099475,0.13137336700871483,0.12586124361118017,0.20753336544306028,0.2130733377428991,0.20199339314322146,0.13670647238042205,0.13684689351765061,0.13656605124319351,2015-2019,2
910,RKP,Stefan Wallin,130,0.12017956060088825,0.1290322777769352,0.1113268434248413,0.10266840759526083,0.1122326608735833,0.09310415431693837,0.11292969243715226,0.11247342623501366,0.11338595863929087,0.10181708918389895,0.09616918632022055,0.10746499204757735,0.13771239995800974,0.14289842183728724,0.13252637807873224,0.0937495370675571,0.09021740697223322,0.09728166716288099,0.12112867197688264,0.11638853082884726,0.12586881312491802,0.10944002512194333,0.10289851394216169,0.11598153630172496,0.10037461605840689,0.09768957521371788,0.1030596569030959,2015-2019,2
917,VAS,Paavo Arhinmäki,429,0.12012889446140021,0.12560919312089713,0.1146485958019033,0.14864982054939732,0.14843554692662198,0.14886409417217267,0.13056352775744318,0.14695886716355291,0.11416818835133347,0.08881154020958945,0.08012675408222232,0.09749632633695658,0.09574092119560382,0.09625539038495276,0.09522645200625486,0.0836149230196029,0.08337424338320168,0.08385560265600411,0.11330391773446488,0.1101311373072397,0.11647669816169007,0.10095046834951485,0.09472975055299152,0.10717118614603818,0.11823598672298342,0.11437911707832008,0.12209285636764677,2015-2019,2
923,RKP,Thomas Blomqvist,46,0.11554201427596508,0.1231225297839427,0.10796149876798747,0.09459831916202316,0.09202764100652812,0.0971689973175182,0.12594364556264204,0.1211723448995814,0.13071494622570265,0.09278600918296451,0.09604286696562901,0.0895291514003,0.1916139692893944,0.17731612821637194,0.20591181036241682,0.07245454955107133,0.07936699006237588,0.06554210903976679,0.09445350888775694,0.09408537219319987,0.094821645582314,0.10807116705459516,0.11462945553939577,0.10151287856979455,0.10453681703358744,0.10223667133297532,0.10683696273419958,2015-2019,2
925,KESK,Markku Pakkanen,354,0.09565816434153021,0.09120777419556361,0.10010855448749682,0.11125464749767457,0.11015348674375003,0.1123558082515991,0.10226484050775461,0.10553874299263236,0.09899093802287685,0.15783563308663212,0.15702920108517746,0.15864206508808676,0.07789827468834548,0.07913200396486278,0.07666454541182818,0.09791444002606464,0.09192107434992353,0.10390780570220577,0.11290616390059748,0.11004815541095603,0.11576417239023892,0.120774907387915,0.1356217296759586,0.10592808509987142,0.12349292856348595,0.1193478315811757,0.1276380255457962,2015-2019,2
930,VIHR,Heli Järvinen,266,0.12348412595063604,0.1247146968173221,0.12225355508395,0.1378890009005545,0.14084514237696272,0.1349328594241463,0.11619216014827133,0.11183089442953191,0.12055342586701075,0.10312943132016916,0.10538415571693369,0.10087470692340465,0.10551376206818483,0.10056610034676734,0.1104614237896023,0.09453842271171001,0.09658507665189348,0.09249176877152653,0.10815701690363308,0.11388567602352784,0.10242835778373834,0.10588183565965337,0.09637750406949669,0.11538616724981003,0.10521424433718764,0.10981075356756416,0.10061773510681112,2015-2019,2
931,SDP,Maarit Feldt-Ranta,111,0.1120496231594333,0.10606481720049472,0.11803442911837188,0.16018571883251911,0.18692374969485512,0.1334476879701831,0.09718057425247145,0.09907110354421507,0.09529004496072782,0.13452926393216874,0.11672285286852584,0.15233567499581163,0.10615298795097956,0.1049029506594626,0.10740302524249652,0.10001511237684518,0.09358624812486382,0.10644397662882654,0.1089115070678272,0.1161173970275077,0.10170561710814671,0.08286894988787391,0.07903839212338523,0.08669950765236259,0.09810626253988156,0.09757248875668992,0.09864003632307321,2015-2019,2
935,KOK,Eero Lehti,155,0.12359276719278628,0.12743654550886124,0.1197489888767113,0.1003969711244477,0.10257690893753828,0.09821703331135713,0.12280021594973149,0.12336774881000179,0.1222326830894612,0.1177934854996118,0.11864893626510542,0.11693803473411819,0.09105130490295549,0.08287416832273543,0.09922844148317556,0.10102752704126156,0.10086623020211047,0.10118882388041264,0.12033246305270023,0.12053229509327809,0.12013263101212238,0.10552396601155853,0.10225517290474737,0.10879275911836969,0.11748129922494696,0.12144199395562197,0.11352060449427197,2015-2019,2
938,KESK,Hannakaisa Heikkinen,294,0.08744062838213867,0.09137787237327415,0.08350338439100322,0.13336901676058932,0.13723037012052144,0.12950766340065717,0.10050961007841533,0.09695206061637904,0.1040671595404516,0.13972010464577625,0.13905904122922627,0.14038116806232623,0.09794706562634618,0.10136993527825862,0.09452419597443375,0.11344641695781207,0.11283929973695546,0.1140535341786687,0.11909545518319456,0.11415782031592343,0.12403309005046567,0.09884958778845918,0.09922383504816837,0.09847534052875,0.10962211457726845,0.1077897652812932,0.11145446387324368,2015-2019,2
939,KESK,Elsi Katainen,117,0.08760159016332628,0.08953780282375443,0.08566537750289814,0.10922722804356302,0.11259996253435219,0.10585449355277388,0.10097980920637653,0.10221094281322754,0.09974867559952552,0.13878859737814941,0.13908498397811914,0.13849221077817966,0.11756563384283161,0.11224002451508866,0.12289124317057457,0.11168706157901882,0.10950133542486895,0.1138727877331687,0.1415464075759177,0.14170879729537703,0.14138401785645832,0.07889041595629727,0.08053513060101342,0.07724570131158112,0.11371325625451939,0.1125810200141987,0.11484549249484008,2015-2019,2
940,KOK,Outi Mäkelä,133,0.10362424176912627,0.10226460972622102,0.10498387381203152,0.09958931234681834,0.1071994508686889,0.09197917382494777,0.1051431669955048,0.11291303198607587,0.09737330200493373,0.12365092542677199,0.1226188987260491,0.12468295212749488,0.10324674242574865,0.10099346846190813,0.10550001638958917,0.11895988102173255,0.11478661692622812,0.12313314511723697,0.1309989095267346,0.11770769254455878,0.14429012650891043,0.10506765215328728,0.1054327698050173,0.10470253450155727,0.10971916833427545,0.11608346095525271,0.1033548757132982,2015-2019,2
941,RKP,Anna-Maja Henriksson,220,0.09815619490229158,0.09871255308112106,0.09759983672346209,0.11393175615855619,0.12871857350259672,0.09914493881451565,0.11266437098924392,0.1012465962636268,0.12408214571486106,0.11361940694718493,0.11870883650930897,0.1085299773850609,0.18193006672932527,0.16347780546060683,0.20038232799804367,0.0998441594270448,0.10033025744180453,0.09935806141228506,0.0939266176318407,0.10441839205156375,0.08343484321211764,0.09590642641875885,0.09321428841690813,0.09859856442060959,0.09002100079575379,0.09117269727246324,0.08886930431904433,2015-2019,2
943,RKP,Mats Nylund,57,0.11200230503168711,0.1096754731404661,0.11432913692290811,0.10864802916085939,0.10743299233744338,0.1098630659842754,0.1259866577703357,0.13424543821549098,0.11772787732518046,0.11965319548694267,0.1259564704376251,0.11334992053626025,0.1502019921845895,0.14027546920975537,0.1601285151594236,0.07449240446876704,0.07570815198872968,0.07327665694880438,0.10432270308543182,0.10886052773760393,0.0997848784332597,0.10759914526501992,0.10302316094284925,0.11217512958719059,0.09709356754636683,0.09482231599003617,0.09936481910269751,2015-2019,2
946,KESK,Tuomo Puumala,142,0.11089891502160415,0.11206807931026472,0.1097297507329436,0.13067656567219452,0.12730782977666097,0.13404530156772806,0.11283732026769219,0.10929567933202697,0.11637896120335742,0.13213044816101072,0.13296266550087615,0.13129823082114525,0.08447450198680151,0.07956160098922174,0.08938740298438129,0.08257705447560067,0.07573876564082996,0.08941534331037138,0.1355069619459086,0.14895302276003425,0.122060901131783,0.12318441950659595,0.12859562409103312,0.11777321492215878,0.08771381296259168,0.08551673259905218,0.08991089332613118,2015-2019,2
952,SDP,Katja Taimela,198,0.110732439212611,0.1002157603882681,0.1212491180369539,0.13179986823045653,0.13955502948961457,0.12404470697129852,0.12496042408223888,0.12338249131472609,0.12653835684975168,0.1091680606561055,0.10719261421042112,0.11114350710178988,0.09735861676657934,0.09795232897631506,0.0967649045568436,0.10876328880015909,0.11674596083538366,0.10078061676493451,0.1003700051651649,0.09743758589477773,0.10330242443555204,0.0996811848188641,0.10227391917900977,0.0970884504587184,0.11716611226782073,0.11524430971148387,0.11908791482415756,2015-2019,2
953,KESK,Anne Kalmari,233,0.09557510300375276,0.0926846208740284,0.09846558513347711,0.09361432345982945,0.09851300961705674,0.08871563730260215,0.12487303609432383,0.12799293924426586,0.12175313294438181,0.13821134034243224,0.14054950179386702,0.13587317889099745,0.0945079800842259,0.09815432481954263,0.09086163534890918,0.10986183389172868,0.1126792290938865,0.10704443868957085,0.1379059379206527,0.13130663030260806,0.1445052455386973,0.09453118638292567,0.09486492291642998,0.09419744984942136,0.11091925882012874,0.10325482133831473,0.11858369630194274,2015-2019,2
954,SDP,Ilkka Kantola,119,0.09239392195194684,0.09088994462043459,0.09389789928345911,0.11385818108645582,0.11141226115465916,0.11630410101825246,0.0991922429541505,0.10293063593380432,0.09545384997449666,0.11948038658194385,0.11819818438638471,0.12076258877750298,0.08064730732038913,0.09178994636051627,0.06950466828026201,0.11373882713927794,0.12131136941222562,0.10616628486633024,0.11592477830735112,0.11282727051564864,0.1190222860990536,0.13571179789343485,0.1264787102937708,0.1449448854930989,0.1290525567650499,0.1241616773225559,0.13394343620754393,2015-2019,2
956,VIHR,Ville Niinistö,331,0.134503930063811,0.13014799131601773,0.13885986881160425,0.1424003427870993,0.1417556225584669,0.14304506301573164,0.16042009552450107,0.16393616557491433,0.1569040254740878,0.09098303226033638,0.09564581629234833,0.08632024822832442,0.11331686034937219,0.10882413615610498,0.11780958454263939,0.07974400300819119,0.08593832155043529,0.07354968446594709,0.10228027408122936,0.10581765146455073,0.098742896697908,0.07959327636374361,0.08096395700619362,0.07822259572129361,0.09675818556171598,0.08697033808096812,0.10654603304246382,2015-2019,2
959,KESK,Timo V. Korhonen,212,0.08933200091078183,0.10170948122946537,0.07695452059209829,0.10968473688614942,0.10845199548150346,0.11091747829079539,0.08575562275051388,0.0863576697168972,0.08515357578413053,0.18331228534359423,0.16527067083096808,0.20135389985622038,0.07564791477249899,0.07143490768230003,0.07986092186269797,0.1073472183240787,0.0998944867603933,0.1147999498877641,0.12094100609159798,0.13406491994155045,0.10781709224164551,0.10698914741500268,0.1073360446042702,0.10664225022573515,0.12099006750578237,0.125479823752652,0.11650031125891273,2015-2019,2
960,SDP,Krista Kiuru,488,0.11496309610956987,0.11822268008017225,0.11170351213896748,0.16890095134274452,0.17906935817876832,0.1587325445067207,0.09824522923963358,0.09378297693380878,0.10270748154545836,0.10727386855429433,0.09931682918324024,0.11523090792534843,0.0825095352309081,0.0908896187908851,0.07412945167093107,0.10557183128981876,0.10344133365177673,0.10770232892786077,0.11943082720488749,0.1161529944167623,0.12270865999301268,0.09515079809589774,0.08557452089565139,0.10472707529614408,0.10795386293224564,0.11354968786893493,0.10235803799555634,2015-2019,2
962,KESK,Mirja Vehkaperä,132,0.1024620480950423,0.10314414417326663,0.10177995201681796,0.12350697357202231,0.12149993969109833,0.1255140074529463,0.11546244277679128,0.11686404893542732,0.11406083661815525,0.15049041537641955,0.14605828323686398,0.15492254751597515,0.09203713328772944,0.09087532370756607,0.09319894286789283,0.0809970800753773,0.0828200403259487,0.0791741198248059,0.1303651137438169,0.13612933361946736,0.12460089386816646,0.10546934204206981,0.11121487531286127,0.09972380877127837,0.09920945103073106,0.09139401099750036,0.10702489106396178,2015-2019,2
967,KOK,Timo Heinonen,926,0.09544193331988088,0.0969908035342769,0.09389306310548484,0.10667807420962822,0.10293508518639587,0.11042106323286056,0.10315475596962051,0.10046984827811689,0.10583966366112414,0.11951079450021951,0.11747147988515232,0.1215501091152867,0.08985623346014579,0.07859308454007848,0.10111938238021312,0.11429485486507468,0.11801817007853448,0.1105715396516149,0.125055123226037,0.13598784873512101,0.11412239771695298,0.11895097396846452,0.1170146320914373,0.12088731584549173,0.1270572564809288,0.13251904767088665,0.12159546529097098,2015-2019,2
971,SDP,Johanna Ojala-Niemelä,255,0.14526374681638085,0.15550306082191748,0.13502443281084422,0.12525945650190035,0.1344923950436326,0.11602651796016805,0.11410637789356287,0.11545960377797307,0.11275315200915267,0.11038042868105552,0.10331894682980106,0.11744191053230998,0.09631970569288842,0.08655077132749674,0.10608864005828009,0.08799871743419357,0.09490509115918408,0.08109234370920305,0.09650706146344601,0.09780663772302237,0.09520748520386967,0.11228645374724125,0.10441768684345203,0.12015522065103046,0.11187805176933122,0.1075458064735206,0.11621029706514183,2015-2019,2
972,KOK,Harri Jaskari,136,0.14006792170514432,0.14343386370100683,0.1367019797092818,0.09815066036382356,0.09802718968463667,0.09827413104301044,0.11530367464613334,0.11879066897421295,0.11181668031805374,0.12785903008578267,0.1349911093006777,0.12072695087088765,0.11033608294140146,0.1097793192182955,0.11089284666450742,0.09354130855852563,0.08618416454151781,0.10089845257553347,0.11956836008832572,0.11287602445875063,0.12626069571790083,0.1016924818996256,0.10395978442808992,0.09942517937116128,0.09348047971123766,0.09195787569281197,0.09500308372966335,2015-2019,2
1031,KOK,Alexander Stubb,190,0.0918943840060644,0.08585963827509444,0.09792912973703435,0.11588714509976505,0.1123168247746614,0.11945746542486872,0.13041032906066846,0.1388116028796289,0.12200905524170802,0.1105063310352648,0.1126319364746465,0.10838072559588312,0.11103563461251448,0.11352716777971136,0.1085441014453176,0.0840285316859857,0.08599935699941359,0.0820577063725578,0.1459824480995836,0.14996977391442018,0.14199512228474706,0.11626726842672004,0.10911135043715114,0.12342318641628894,0.09398792797343342,0.09177234846527246,0.09620350748159436,2015-2019,3
1041,PS,Vesa-Matti Saarakkala,71,0.10502341055827934,0.10777527005603357,0.1022715510605251,0.1056465442387253,0.09952008743882869,0.11177300103862191,0.09642127620279935,0.10012243835028227,0.09272011405531642,0.10279149463717055,0.10374060085959336,0.10184238841474776,0.08589514688517619,0.09812812932531606,0.07366216444503633,0.1156906677846633,0.09814161088874125,0.13323972468058537,0.10352592086861155,0.1005946018324658,0.1064572399047573,0.12991322988935236,0.1321326236295101,0.12769383614919463,0.15509230893522202,0.1598446376192289,0.15033998025121517,2015-2019,3
1087,SDP,Merja Mäkisalo-Ropponen,555,0.12918449790015094,0.14084948872917954,0.11751950707112233,0.12025300801617457,0.13101679767760954,0.1094892183547396,0.12279659268714838,0.12559622585685598,0.11999695951744078,0.10686044628154068,0.10307253747656706,0.1106483550865143,0.09805416092830233,0.09171856577378922,0.10438975608281542,0.10847262993577785,0.10519756836245871,0.11174769150909698,0.11012537439436154,0.1100374094131342,0.1102133393755889,0.0910460315813962,0.0850485300490522,0.09704353311374019,0.11320725827514755,0.10746287666135361,0.1189516398889415,2015-2019,3
1088,PS,Hanna Mäntylä,82,0.11378275279540243,0.11832795471319175,0.10923755087761308,0.09931186865024912,0.09946803147658931,0.09915570582390892,0.10179017518529584,0.10352028085992286,0.10006006951066881,0.13115020941433397,0.133844275779684,0.12845614304898395,0.08688668566443425,0.08251533352157761,0.0912580378072909,0.1075408331903851,0.10528162807251236,0.10980003830825782,0.13312620135198514,0.13809474747795286,0.1281576552260174,0.12110385312341981,0.11418091511097443,0.1280267911358652,0.1053074206244944,0.10476683298759493,0.10584800826139387,2015-2019,3
1091,PS,Martti Mölsä,42,0.11179753429896219,0.11504954539519481,0.10854552320272959,0.10189757943508751,0.09794162507613838,0.10585353379403664,0.10454939284282641,0.09374329406535234,0.11535549162030048,0.13075945235328892,0.14238152231130835,0.1191373823952695,0.11322836352779118,0.10261071880329246,0.1238460082522899,0.10438357314166141,0.10618244647760688,0.10258469980571594,0.09475267863609332,0.09258431384665378,0.09692104342553289,0.11268767973314595,0.11171635519723917,0.11365900426905273,0.1259437460311431,0.13779017882721392,0.11409731323507229,2015-2019,3
1092,PS,Mika Niikko,366,0.09901008912812688,0.09726293467304246,0.1007572435832113,0.10810023170639202,0.10660524623948604,0.10959521717329801,0.11700594061034378,0.12491542494687265,0.10909645627381492,0.09567951452848825,0.07985080526445533,0.11150822379252116,0.08089606413548653,0.07714242101704792,0.08464970725392515,0.1255377405034289,0.1432353054219031,0.10784017558495466,0.10652638817020647,0.10620717997179141,0.10684559636862154,0.11514848504356145,0.09921524138143714,0.13108172870568577,0.15209554617396565,0.16556544108396384,0.13862565126396748,2015-2019,3
1093,PS,Juho Eerola,150,0.0942839027071293,0.0917244860713381,0.09684331934292052,0.11899190116071337,0.12210796932377255,0.11587583299765418,0.09880462348781657,0.09461479248527874,0.10299445449035441,0.09097167388208105,0.09165458049102225,0.09028876727313984,0.09961548434378206,0.09607666544067149,0.10315430324689265,0.11455153309678726,0.10957903321444591,0.11952403297912859,0.10581011606083476,0.11503014082393304,0.0965900912977365,0.1298126097503521,0.13667856428583372,0.1229466552148705,0.14715815551050354,0.14253376786370417,0.15178254315730294,2015-2019,3
1094,KOK,Markku Eestilä,355,0.118640634103691,0.12034729163450449,0.11693397657287752,0.1069883882293701,0.11467915469249575,0.09929762176624446,0.09713113985701442,0.0958704319145383,0.09839184779949055,0.13565240668683987,0.13389873247342796,0.1374060809002518,0.10564418865191355,0.10409720667400842,0.10719117062981867,0.08742311082012053,0.0918661453331991,0.08298007630704195,0.11546670982934996,0.11320243002518879,0.11773098963351114,0.10106893362731653,0.09497197872528952,0.10716588852934354,0.13198448819438405,0.13106662852734768,0.1329023478614204,2015-2019,3
1096,PS,Ritva Elomaa,382,0.08664935260278733,0.08174036919763913,0.09155833600793555,0.1037215863269088,0.0958427260044981,0.11160044664931949,0.10151372770914557,0.09353153598967165,0.1094959194286195,0.12014711077835276,0.1258151283238716,0.11447909323283392,0.10602210925733535,0.10840802768822311,0.1036361908264476,0.13484835526080233,0.14461999151734617,0.12507671900425849,0.09796106132639174,0.09867287154644243,0.09724925110634106,0.1029879604839925,0.10470714401849453,0.10126877694949048,0.14614873625428365,0.14666220571381333,0.14563526679475397,2015-2019,3
1097,VAS,Aino-Kaisa Pekonen,197,0.13419524130262156,0.13059255502809025,0.13779792757715284,0.1318980448862761,0.13794507783673174,0.12585101193582046,0.11305742286908986,0.12251078350921782,0.1036040622289619,0.09847151854041794,0.09596215794488815,0.10098087913594773,0.12073195373519052,0.11991552247533195,0.12154838499504908,0.09547267360311323,0.09422115901255787,0.09672418819366858,0.09749523166741464,0.08978348475734672,0.10520697857748255,0.08783035958599475,0.09084873325903758,0.0848119859129519,0.12084755380988141,0.1182205261767979,0.12347458144296493,2015-2019,3
1099,SDP,Eeva-Johanna Eloranta,194,0.1256654891972688,0.13225212049023044,0.11907885790430717,0.1305966300289228,0.11599591251126266,0.14519734754658295,0.11879850733138247,0.12443734556363399,0.11315966909913096,0.08756550354832378,0.08371277862078956,0.091418228475858,0.10758788727582846,0.11781054128331254,0.09736523326834438,0.11006779052340758,0.10834412961716122,0.11179145142965394,0.12731309796016202,0.13165317076596758,0.12297302515435644,0.08875022935230148,0.08970209712776077,0.08779836157684218,0.10365486478240263,0.09609190401988124,0.11121782554492403,2015-2019,3
1100,KOK,Sanni Grahn-Laasonen,466,0.09476213691535712,0.09121215597767593,0.09831211785303831,0.1401674004626942,0.14566954493401302,0.13466525599137538,0.16105900407612614,0.16829213997787495,0.15382586817437732,0.12433695412559405,0.11808870270316821,0.1305852055480199,0.06538133981817065,0.06454351603311823,0.06621916360322308,0.09771893627988004,0.09508700619564701,0.10035086636411306,0.1313732169206826,0.13178540647010845,0.13096102737125678,0.09132500644300065,0.0981005021281406,0.08454951075786069,0.09387600495849462,0.08722102558025357,0.10053098433673566,2015-2019,3
1101,KESK,Arto Pirttilahti,168,0.09987928797067494,0.10160819526633194,0.09815038067501794,0.09552636798223943,0.09586787467356077,0.09518486129091808,0.06910251787902243,0.058843984125725814,0.07936105163231905,0.1829857223166187,0.18434512566851155,0.18162631896472584,0.0968055654896681,0.0894767174098786,0.1041344135694576,0.09894992423775117,0.10784794507353117,0.09005190340197118,0.11357731708246811,0.12733600374835097,0.09981863041658526,0.11830385506958392,0.11625940624222322,0.12034830389694462,0.12486944197197328,0.11841474779188602,0.13132413615206054,2015-2019,3
1102,SDP,Kristiina Salonen,218,0.13405271637932042,0.1346004904261852,0.13350494233245563,0.13684507287934555,0.13752497533479743,0.13616517042389367,0.13436080742227988,0.135768121083586,0.13295349376097376,0.08732218046459558,0.08421390260914666,0.09043045832004451,0.0887699135166852,0.10731474162098949,0.0702250854123809,0.11615989473964698,0.0984192786827405,0.13390051079655346,0.10556234452934646,0.10946789061764786,0.10165679844104507,0.0896377647582792,0.08496972539139272,0.09430580412516568,0.1072893053105008,0.10772087423351426,0.10685773638748733,2015-2019,3
1106,KESK,Mikko Savola,230,0.10825167658395735,0.09491958540227721,0.12158376776563747,0.07965010063144402,0.07987015151401114,0.07943004974887691,0.0739205868928359,0.0773896669938033,0.0704515067918685,0.17087510718968096,0.18468497452819574,0.15706523985116622,0.07425374487189407,0.07182078463363116,0.07668670511015699,0.09342415902169471,0.0994933512808858,0.08735496676250364,0.1304361838080693,0.12248509233466243,0.13838727528147615,0.13596526905653206,0.13912141152572396,0.13280912658734012,0.1332231719438916,0.13021498178680926,0.13623136210097397,2015-2019,3
1107,PS,Teuvo Hakkarainen,297,0.12259311743216819,0.12410454627844247,0.1210816885858939,0.1050486467206421,0.1061609253333409,0.10393636810794331,0.09382422898972889,0.1040772316218905,0.08357122635756727,0.13107269635144395,0.13695669899223648,0.12518869371065142,0.07092884549014236,0.06736139579194741,0.0744962951883373,0.09553258291207783,0.09718172661625815,0.09388343920789753,0.10287017897050096,0.10357571699161457,0.10216464094938735,0.11294801820200057,0.10877286618380096,0.11712317022020016,0.1651816849312951,0.15180889219046853,0.17855447767212168,2015-2019,3
1111,KOK,Eero Suutari,195,0.10422448234613946,0.10748601851813241,0.10096294617414651,0.10177529915424158,0.1045656625570199,0.09898493575146323,0.09123499714913666,0.09439817626012778,0.08807181803814554,0.13344669515664054,0.13635310301602913,0.13054028729725198,0.09555889465569237,0.08817633898758959,0.10294145032379513,0.10176262427210146,0.09516802777870667,0.10835722076549625,0.12132045961491378,0.12774647644642861,0.11489444278339896,0.12635900468103853,0.12209152540979624,0.13062648395228083,0.12431754297009565,0.1240146710261697,0.12462041491402161,2015-2019,3
1114,VIHR,Jani Toivola,95,0.09569738197229408,0.10631782924405415,0.08507693470053398,0.1272414706399982,0.12402436079543666,0.1304585804845597,0.11887691757621892,0.12860011848031033,0.1091537166721275,0.10138617356449023,0.10613342691726058,0.0966389202117199,0.10868602324838453,0.10504447959284284,0.11232756690392623,0.1666291295397681,0.16880521145986083,0.1644530476196754,0.1241521280314993,0.11285757636395574,0.13544667969904287,0.07111094653792967,0.06283117603625127,0.07939071703960807,0.08621982888941698,0.08538582111002758,0.08705383666880638,2015-2019,3
1116,PS,Maria Tolppanen,118,0.13050837115097663,0.13757583569635984,0.12344090660559344,0.1161372846194304,0.10726270974916854,0.12501185948969226,0.08767225734665507,0.08843935390800017,0.08690516078530995,0.14153893867812556,0.13480527779909923,0.14827259955715189,0.08582676718384066,0.09702869835490585,0.07462483601277546,0.09588444340171814,0.09467478179020829,0.09709410501322802,0.10626529746136071,0.0982914611452408,0.11423913377748063,0.09955711962888457,0.10048676475907774,0.0986274744986914,0.13660952052900824,0.1414351167979396,0.13178392426007687,2015-2019,3
1116,SDP,Maria Tolppanen,315,0.13023539663436323,0.13848224389686686,0.12198854937185961,0.14012816847729961,0.13445141396947508,0.14580492298512415,0.09112159173575077,0.08678891777481676,0.09545426569668476,0.12044287233872422,0.12945263603047824,0.1114331086469702,0.08486331148513762,0.07327481621174523,0.09645180675853002,0.09879366515483298,0.10979441573814044,0.08779291457152552,0.09626398276141385,0.09127328961548148,0.10125467590734623,0.10857738628116523,0.09832109188929869,0.11883368067303175,0.12957362513131246,0.13816117487369725,0.12098607538892767,2015-2019,3
1120,KESK,Ari Torniainen,267,0.08708602162625126,0.09296717434588439,0.08120486890661811,0.09013269218923742,0.08819266641685557,0.09207271796161928,0.0781430241489231,0.07909388875870522,0.07719215953914096,0.2104053966279701,0.22745995364478291,0.19335083961115723,0.10173722490256244,0.10192603766042736,0.10154841214469752,0.0942386103027838,0.07995385368053265,0.10852336692503495,0.10358558234364157,0.10367297990321174,0.1034981847840714,0.1096215443734661,0.09922394766754215,0.12001914107939007,0.12504990348516423,0.12750949792205796,0.12259030904827051,2015-2019,3
1122,PS,Olli Immonen,65,0.10065954699177769,0.09740948977893468,0.1039096042046207,0.09438899460697939,0.08264074848541489,0.10613724072854389,0.12909110873727977,0.11298140890666937,0.14520080856789017,0.09162250298820526,0.09701205001636885,0.08623295596004167,0.08931452117710066,0.08409780285268313,0.09453123950151819,0.12163617122965792,0.11765695740051525,0.12561538505880057,0.10432922504200029,0.1169335956292616,0.09172485445473899,0.11575596769688734,0.13435990984521115,0.09715202554856352,0.15320196153011167,0.15690803708494105,0.14949588597528232,2015-2019,3
1124,PS,Ari Jalonen,98,0.10647526330388765,0.10504854754738206,0.10790197906039323,0.1164082492195346,0.12923200011281477,0.10358449832625445,0.10182352306794679,0.10576968652608117,0.09787735960981239,0.10930927624892672,0.10859810357177431,0.11002044892607912,0.12150398368151837,0.11607355953919293,0.1269344078238438,0.08817241556772262,0.07975261840102868,0.09659221273441658,0.10004920723108814,0.10427486113548098,0.09582355332669529,0.12871560114945757,0.12587408022804017,0.131557122070875,0.1275424805299175,0.12537654293820494,0.12970841812163011,2015-2019,3
1124,SIN,Ari Jalonen,97,0.10606461421325228,0.11847177376497216,0.09365745466153241,0.09980416497772085,0.10558943587495806,0.09401889408048365,0.09452969530576025,0.09231974324412903,0.09673964736739145,0.13698037934385732,0.12982730860931407,0.14413345007840056,0.11239660605034359,0.1259443233701501,0.09884888873053707,0.08076878358696571,0.07588224799714269,0.08565531917678874,0.1217213291307256,0.12839377748730607,0.11504888077414513,0.12778611687989494,0.11196574981585661,0.14360648394393324,0.11994831051147951,0.11160563983617122,0.1282909811867878,2015-2019,3
1126,SDP,Tytti Tuppurainen,221,0.11630838948330142,0.12362774788098918,0.10898903108561367,0.12292291595377844,0.1374582048105527,0.10838762709700418,0.12227426795219856,0.12155626804030342,0.12299226786409372,0.09825384546479428,0.09483987281280187,0.10166781811678668,0.08558369632459992,0.08894199916026796,0.08222539348893189,0.12297685746749906,0.11403980686090812,0.13191390807409,0.11277786058753855,0.11307626367163588,0.11247945750344124,0.10466397954825296,0.09447769771117967,0.11485026138532624,0.1142381872180368,0.11198213905136119,0.1164942353847124,2015-2019,3
1128,PS,Kaj Turunen,196,0.11613296394608441,0.12916013272062293,0.10310579517154587,0.12134804514121644,0.12997008610820224,0.11272600417423066,0.09555842829600174,0.09782799083185173,0.09328886576015175,0.10557021053977854,0.10181959731256571,0.10932082376699137,0.09716429110604358,0.0986487694425497,0.09567981276953745,0.10915842582578944,0.1087776844704045,0.10953916718117436,0.10247359408470484,0.10023419118846708,0.10471299698094261,0.1264221828056058,0.10832986742506437,0.1445144981861472,0.12617185825477523,0.12523168050027184,0.12711203600927862,2015-2019,3
1128,SIN,Kaj Turunen,64,0.11124096499511764,0.11494815517161669,0.10753377481861859,0.12295589906333748,0.13165450063909565,0.11425729748757933,0.08754072677598132,0.08852500237035854,0.08655645118160411,0.12039104435807244,0.1123327047297253,0.12844938398641956,0.08955140843045262,0.09316633214710839,0.08593648471379686,0.119008018347645,0.1162130266167499,0.12180301007854011,0.10384052115092292,0.10209776480708539,0.10558327749476044,0.12406850065832083,0.13058137972825873,0.11755562158838292,0.12140291622014979,0.11048113379000146,0.1323246986502981,2015-2019,3
1129,PS,Arja Juvonen,426,0.11026723462619278,0.10993585980083183,0.11059860945155373,0.1137495733415875,0.1168967580480516,0.1106023886351234,0.08231796161272084,0.07480172445606095,0.08983419876938072,0.12333098462611672,0.12316056419939689,0.12350140505283655,0.09640913575112395,0.09159261304666147,0.10122565845558643,0.13957205478990842,0.14710485964722483,0.13203924993259203,0.09463096729289157,0.09342212352721746,0.09583981105856568,0.10761105199779375,0.10726426413528405,0.10795783986030345,0.1321110359616645,0.13582123313927097,0.12840083878405809,2015-2019,3
1131,KOK,Sinuhe Wallinheimo,181,0.10717106319612069,0.1049131890077982,0.10942893738444319,0.10703181781973628,0.10877617005837073,0.10528746558110183,0.10106442754054026,0.10714574928930051,0.09498310579178001,0.1140301199183422,0.10750971805979878,0.12055052177688559,0.09808887355881216,0.10674459317623324,0.08943315394139109,0.0913362935833989,0.09872783929000568,0.0839447478767921,0.1371553141790636,0.12012280793794734,0.15418782042017987,0.1267976611342725,0.13660457710965018,0.11699074515889477,0.11732442906971341,0.10945535607089525,0.12519350206853158,2015-2019,3
1133,SDP,Mika Kari,366,0.1031009038130199,0.09699805078261454,0.10920375684342525,0.13405770595989322,0.14061247881464295,0.1275029331051435,0.0978523054101632,0.09497112157422809,0.1007334892460983,0.11461517363933638,0.11475074956279907,0.11447959771587368,0.09764517638257995,0.09166068680620947,0.10362966595895044,0.10937174722245575,0.10851115838723369,0.11023233605767782,0.11594753376679134,0.11881301408792548,0.11308205344565722,0.11770051381873253,0.12012915915730245,0.1152718684801626,0.10970893998702771,0.11355358082704425,0.10586429914701116,2015-2019,3
1134,KOK,Sofia Vikman,121,0.11516883086995273,0.12334698434630675,0.10699067739359872,0.0916385780973667,0.09409872234539748,0.08917843384933591,0.1127369824903747,0.11483563784840653,0.11063832713234285,0.13472200716420646,0.12350766452942938,0.14593634979898357,0.10174473051565118,0.09849846667834855,0.10499099435295381,0.08492823187029547,0.08911821428520629,0.08073824945538466,0.13083131014006932,0.1308336904756687,0.13082892980446997,0.11400674982525763,0.11411582104613054,0.11389767860438471,0.11422257902682577,0.11164479844510578,0.11680035960854576,2015-2019,3
1136,PS,Ville Vähämäki,118,0.09905448726250707,0.09065517142839742,0.10745380309661672,0.12446732311898022,0.12041549727597778,0.12851914896198266,0.09116095352663935,0.08551210004644987,0.09680980700682883,0.13140277389672575,0.13862810991175656,0.12417743788169495,0.08651897332408068,0.07821788207893325,0.09482006456922812,0.09426613109213758,0.09082339588529255,0.0977088662989826,0.1309422767679855,0.1397366644590711,0.12214788907689993,0.11880951347462027,0.12665916827858065,0.1109598586706599,0.12337756753632356,0.12935201063554086,0.11740312443710628,2015-2019,3
1137,KOK,Pauli Kiuru,339,0.09580124407408289,0.09421964999175439,0.09738283815641137,0.10515105674438531,0.11589163964690634,0.09441047384186428,0.10259386452016399,0.09480235778966022,0.11038537125066776,0.12664107462536128,0.11752152046635662,0.13576062878436593,0.0992076764970756,0.10413795683789773,0.09427739615625345,0.10428375449598573,0.1129764613752929,0.09559104761667858,0.11406883430100306,0.10694329972903768,0.12119436887296846,0.12891424946900149,0.13233685617857038,0.12549164275943256,0.12333824527294077,0.12117025798452379,0.12550623256135773,2015-2019,3
1138,PS,Kimmo Kivelä,159,0.12379479405022084,0.12614067302641965,0.12144891507402204,0.11091317014703539,0.10426564503329097,0.11756069526077981,0.11075482021506813,0.10582743194569891,0.11568220848443736,0.10184194165688162,0.09235828867476263,0.1113255946390006,0.09682297482770996,0.09365991069169666,0.09998603896372327,0.12299103315530235,0.12151866571514931,0.12446340059545538,0.12660904086161345,0.13402496990633372,0.11919311181689315,0.096349570116222,0.09767639429934413,0.09502274593309987,0.10992265496994627,0.12452802070730407,0.09531728923258848,2015-2019,3
1138,SIN,Kimmo Kivelä,129,0.11947538882051001,0.11398338673947453,0.12496739090154549,0.11666934700210563,0.1200776787857926,0.11326101521841866,0.11450553484970998,0.1115181737599785,0.11749289593944146,0.10491997488282961,0.10631251926066851,0.10352743050499073,0.10914598549487431,0.11210113381328553,0.10619083717646308,0.10426849312859002,0.10835185554786261,0.10018513070931741,0.11225947099674613,0.1083864433479361,0.11613249864555616,0.11032195357583818,0.11011800855274849,0.11052589859892789,0.10843385124879612,0.10915080019225314,0.1077169023053391,2015-2019,3
1141,KD,Peter Östman,321,0.11260745353964514,0.10628318877779319,0.1189317183014971,0.12015120747806976,0.1082564280800457,0.13204598687609384,0.10714999181525672,0.1042377376821599,0.11006224594835357,0.09934047202526436,0.10583141410671482,0.0928495299438139,0.13083003731486154,0.13055646859723608,0.131103606032487,0.08851478768298099,0.08707421403208769,0.08995536133387429,0.11304678067494686,0.11191828467449934,0.1141752766753944,0.10895372563208824,0.1239438863393499,0.0939635649248266,0.11940554383688634,0.12189837771011339,0.1169127099636593,2015-2019,3
1142,KOK,Jukka Kopra,159,0.10244613714047798,0.10539570953936969,0.09949656474158626,0.10378078301025376,0.10290301399787202,0.10465855202263549,0.08839161811115863,0.08605952331363345,0.0907237129086838,0.13903290806289742,0.12929340946294454,0.14877240666285033,0.08480253829380027,0.08618528904711419,0.08341978754048635,0.08978981422731094,0.08724472902539979,0.09233489942922209,0.135619109473539,0.13114982749625237,0.1400883914508256,0.11651823533782986,0.11884019199191156,0.11419627868374815,0.13961885634273216,0.15292830612550243,0.1263094065599619,2015-2019,3
1144,SDP,Suna Kymäläinen,198,0.12288286567722227,0.11376000543120982,0.13200572592323473,0.13463299594393247,0.12813476440770843,0.1411312274801565,0.11629699104385535,0.12217191088698742,0.11042207120072327,0.10482203122119771,0.11056660260268154,0.09907745983971387,0.09021479167508968,0.0964724471249993,0.08395713622518006,0.10740436572587868,0.10136932496667361,0.11343940648508374,0.09258207919891755,0.0937378249936508,0.0914263334041843,0.10870574000862578,0.11627195370045584,0.10113952631679571,0.12245813950528049,0.11751516588563318,0.1274011131249278,2015-2019,3
1146,PS,Jari Lindström,307,0.09452249696279379,0.09940420137682426,0.08964079254876331,0.10819594443779582,0.10354508753862494,0.1128468013369667,0.08540571913105376,0.08644398807870046,0.08436745018340705,0.112477713929148,0.11524223456383509,0.10971319329446091,0.09707389318043805,0.10100196765980463,0.09314581870107146,0.09327480062513022,0.0892526896485962,0.09729691160166422,0.13037499994104576,0.12601778545295025,0.13473221442914127,0.14438744429315142,0.14523182180839833,0.14354306677790454,0.1342869874994432,0.13386022387226584,0.13471375112662057,2015-2019,3
1146,SIN,Jari Lindström,217,0.12681626341033353,0.13881133006068674,0.11482119675998033,0.11111919936291433,0.10427783199357879,0.11796056673224986,0.09465023110771728,0.09742304378727377,0.0918774184281608,0.10427280721345847,0.10965225307037023,0.09889336135654671,0.08452400677994854,0.07951898964344518,0.08952902391645187,0.08986393515670588,0.09098789370610891,0.08873997660730286,0.13745047735400728,0.1423101655836492,0.13259078912436534,0.12823431332997537,0.11126846940935428,0.14520015725059646,0.12306876628493935,0.12575002274553287,0.1203875098243458,2015-2019,3
1150,PS,Anne Louhelainen,70,0.10576586229062462,0.10771397781016953,0.10381774677107973,0.10657462382709579,0.11459553205014775,0.09855371560404383,0.10611012048751858,0.11108189261688195,0.10113834835815523,0.1272012831517133,0.12144108097284215,0.13296148533058444,0.10693133967317228,0.10705705736342357,0.10680562198292101,0.09074134391790664,0.08637096014289518,0.09511172769291812,0.12143011272287622,0.11205540011541193,0.13080482533034052,0.10814381493968811,0.11488534571666578,0.10140228416271042,0.1271014989894045,0.12479875321156222,0.1294042447672468,2015-2019,3
1151,KESK,Eeva-Maria Maijala,406,0.10110901065736208,0.09263013553754976,0.10958788577717442,0.10086254369378725,0.08776891985638542,0.11395616753118909,0.09405507261187745,0.09688319797493064,0.09122694724882427,0.18184486621284507,0.17634678711355284,0.18734294531213733,0.07305454702967826,0.08181665355282353,0.064292440506533,0.1172838879606401,0.13076283221049495,0.10380494371078526,0.11138167175485816,0.11047182381970992,0.11229151969000642,0.0952671331641397,0.10199924954738285,0.08853501678089656,0.12514126691481187,0.12132040038717007,0.1289621334424537,2015-2019,3
1152,PS,Pirkko Mattila,148,0.08819059464614698,0.08186858749318351,0.09451260179911046,0.12233529526133449,0.12297564969618727,0.12169494082648172,0.09232437506452802,0.08748172975795246,0.09716702037110359,0.1278984211334507,0.11852075838136009,0.13727608388554133,0.09458881202685501,0.08577201077401185,0.10340561327969819,0.10627331612386137,0.1078147836488907,0.10473184859883203,0.1181813107811356,0.11245419718697458,0.12390842437529662,0.13623730613642274,0.15550187257271195,0.11697273970013353,0.11397056882626508,0.12761041048872762,0.10033072716380254,2015-2019,3
1152,SIN,Pirkko Mattila,114,0.09132802828254785,0.09733823006265387,0.08531782650244184,0.1272849031689643,0.13348070663803147,0.12108909969989715,0.08316596593799243,0.08171071479436381,0.08462121708162104,0.11939804231777917,0.10716044853426362,0.13163563610129472,0.07661816507815838,0.08300127479968528,0.0702350553566315,0.09792195753627392,0.10038011447931942,0.09546380059322841,0.10979069469661557,0.10121278276997445,0.11836860662325668,0.15002819790606559,0.15477044434328593,0.14528595146884524,0.14446404507560273,0.14094528357842215,0.1479828065727833,2015-2019,3
1153,VAS,Silvia Modig,205,0.12394870237001515,0.11456266623241858,0.1333347385076117,0.1293064341552232,0.1257140009565755,0.13289886735387085,0.1301874531712237,0.13013203575265633,0.1302428705897911,0.0985873373194174,0.1095360094199805,0.0876386652188543,0.10675240970315303,0.11812282480909364,0.0953819945972124,0.09806222776111304,0.08992422915745547,0.10620022636477058,0.11974911438167608,0.11159616266825359,0.12790206609509858,0.08317884770238979,0.09086915993338389,0.0754885354713957,0.11022747343578869,0.10954291107018255,0.11091203580139483,2015-2019,3
1154,VAS,Jari Myllykoski,720,0.11296661856468343,0.11991282697455792,0.10602041015480893,0.12206724334530165,0.11755986483022698,0.12657462186037632,0.08668654774506435,0.08978823855346481,0.08358485693666388,0.1116596427391921,0.10065861345470035,0.12266067202368384,0.09150207176725436,0.08585956698682923,0.0971445765476795,0.14014373126161567,0.13324308200985754,0.1470443805133738,0.10466997529347272,0.10554987409731145,0.10379007648963397,0.11799700056342223,0.1283768739974815,0.10761712712936297,0.11230716871999355,0.11905105909557026,0.10556327834441684,2015-2019,3
1155,VAS,Anna Kontula,333,0.12908302452959208,0.12391346629438502,0.13425258276479918,0.11352874387157377,0.11920347121591535,0.10785401652723221,0.12393244556972971,0.12084667378775153,0.12701821735170787,0.07171583402366255,0.0722583859913867,0.0711732820559384,0.09786356223560014,0.10498506488649936,0.0907420595847009,0.12103277571324712,0.12069870765964182,0.12136684376685243,0.11249371099761366,0.10648169924933179,0.1185057227458955,0.10498539188611145,0.09890872572083369,0.1110620580513892,0.1253645111728695,0.13270380519425468,0.11802521715148431,2015-2019,3
116,SDP,Jukka Gustafsson,317,0.10810356605494781,0.10610755354964496,0.11009957856025065,0.13927696340199341,0.1535481314083881,0.12500579539559872,0.12041766327534964,0.11518599754992535,0.1256493290007739,0.09891744603283832,0.09125980485663672,0.10657508720903992,0.09113068586389936,0.09042549620611169,0.09183587552168701,0.13460873243680052,0.13465269674762387,0.13456476812597717,0.1337526492323129,0.1351082199008094,0.13239707856381638,0.08581199889275741,0.08321396940425263,0.08841002838126219,0.08798029480910066,0.09049813037660728,0.08546245924159405,2015-2019,3
118,VIHR,Pekka Haavisto,145,0.09086205403952728,0.08654231124411367,0.0951817968349409,0.11371410350104069,0.11385802564701508,0.11357018135506632,0.09070296349228861,0.07915526397758121,0.102250663006996,0.11266970423879241,0.12360164953873187,0.10173775893885295,0.09583026901642527,0.09343597788046618,0.09822456015238437,0.12772268422170005,0.11347963305282807,0.14196573539057203,0.13997680844398222,0.14051880283771156,0.13943481405025288,0.11890128184828741,0.13044111771477312,0.10736144598180171,0.10962013119795606,0.11896721810677924,0.10027304428913289,2015-2019,3
1217,RKP,Carl Haglund,50,0.09712848895511786,0.10889029528407643,0.08536668262615929,0.1258349120290475,0.12332038206895288,0.12834944198914217,0.1258549472713652,0.12263130613446419,0.12907858840826625,0.09458939601802488,0.0928089607316213,0.09636983130442847,0.17247500814401479,0.18235320815625516,0.16259680813177443,0.0999242926607542,0.10004432464894535,0.09980426067256305,0.08989333295665974,0.08346103446307869,0.0963256314502408,0.098562222371191,0.09131933803436872,0.10580510670801328,0.09573739959382478,0.09517115047823733,0.09630364870941223,2015-2019,3
1219,KOK,Saara-Sofia Sirén,80,0.09393473078053693,0.09469219863273227,0.09317726292834158,0.10558781669308417,0.11877086383828525,0.09240476954788308,0.10266811445772084,0.11030354786234838,0.0950326810530933,0.13702908230028393,0.13508259001394798,0.13897557458661988,0.09711016989085502,0.09878897045236021,0.09543136932934983,0.118757730387209,0.10698917903368979,0.13052628174072822,0.13733006430849742,0.12596031620425657,0.14869981241273827,0.10690182654450306,0.10799463856138244,0.10580901452762367,0.1006804646373096,0.1014176954009971,0.09994323387362211,2015-2019,3
127,KESK,Sirkka-Liisa Anttila,155,0.10900055156769009,0.1221259723909885,0.09587513074439166,0.10432540016694938,0.10387127643810093,0.10477952389579785,0.08294876564035106,0.08719750433787518,0.07870002694282693,0.161961263900613,0.15366531914063425,0.17025720866059174,0.0736158178289041,0.07017552406323994,0.07705611159456825,0.10031832211893164,0.09855396099400848,0.1020826832438548,0.14461320908815348,0.14475623492037637,0.14447018325593058,0.11829606118426042,0.11250906645169914,0.12408305591682171,0.10492060850414678,0.10714514126307714,0.10269607574521641,2015-2019,3
1274,SDP,Antti Rinne,489,0.1324098749214953,0.12331940117819026,0.14150034866480035,0.13638543496491984,0.14448813058420382,0.12828273934563586,0.1456557611581622,0.14881831970048004,0.1424932026158444,0.09852565743455072,0.10286089588972214,0.09419041897937931,0.10426699470631884,0.09042352374727106,0.11811046566536662,0.09478000034269254,0.09541373155061708,0.09414626913476802,0.09831254311642759,0.1026290726849213,0.09399601354793387,0.09985213199112764,0.1052791982383611,0.09442506574389417,0.08981160136430534,0.08676772642623327,0.09285547630237741,2015-2019,3
1275,PS,Mika Raatikainen,54,0.07310962460014758,0.07712575336260685,0.06909349583768833,0.09026991730998757,0.09321045580035266,0.08732937881962247,0.10410772483316497,0.1121616517051857,0.09605379796114422,0.11745198879807436,0.11384916557306897,0.12105481202307977,0.09194107404006673,0.07722074413124436,0.1066614039488891,0.11871697342894191,0.1192955553634865,0.11813839149439731,0.12769516477629217,0.1272850083202332,0.1281053212323511,0.1299026912964525,0.13427280869143204,0.1255325739014729,0.14680484091687224,0.14557885705238965,0.1480308247813548,2015-2019,3
1276,VAS,Katja Hänninen,176,0.12939224569886704,0.12429798968461225,0.13448650171312182,0.1280512687345548,0.13651292078474725,0.11958961668436238,0.14232250924916806,0.14696549523699126,0.13767952326134486,0.09061937555243793,0.0932776880088957,0.08796106309598016,0.10001057074648573,0.09471973549280217,0.10530140600016927,0.12444189484585465,0.12678027006480574,0.12210351962690355,0.0873494693100823,0.08061866804526172,0.0940802705749029,0.09436902640575659,0.09404008161937663,0.09469797119213656,0.10344363945679287,0.10278715106250724,0.1041001278510785,2015-2019,3
1297,SDP,Sanna Marin,228,0.13136487133229158,0.13743639164786817,0.12529335101671496,0.17146257327267006,0.178022286698984,0.16490285984635614,0.1224212866152021,0.11615966070138424,0.12868291252901998,0.08797472971668852,0.08964283499121153,0.0863066244421655,0.0945576455448437,0.1006167829845315,0.08849850810515589,0.11132258586505878,0.10429578379274931,0.11834938793736823,0.10493765033043795,0.10670959155157685,0.10316570910929904,0.08069232788077206,0.07515074887314632,0.0862339068883978,0.09526632944203525,0.09196591875854801,0.0985667401255225,2015-2019,3
1300,KOK,Kai Mykkänen,218,0.09031523954239792,0.09771348633310054,0.08291699275169531,0.10335052008276328,0.10007019607626648,0.10663084408926009,0.09425185803485181,0.08897316121638765,0.09953055485331597,0.12679356915277457,0.1419385292294207,0.11164860907612839,0.0800933068580105,0.07289765758474939,0.0872889561312716,0.09095872612486064,0.08253014824836885,0.09938730400135244,0.13894719915912995,0.14795660279304007,0.12993779552521986,0.15806609588057877,0.14315595011765359,0.17297624164350395,0.11722348516463253,0.12476426840101267,0.1096827019282524,2015-2019,3
1301,PS,Jani Mäkelä,606,0.1072237285124023,0.10464203537370412,0.1098054216511005,0.11361135364250421,0.09805940620525591,0.12916330107975252,0.10275104124578227,0.1079615207769495,0.09754056171461506,0.1065803278933052,0.10640748949135226,0.10675316629525813,0.09913830220960232,0.11017015242539205,0.08810645199381258,0.11192740714885648,0.10961207437717158,0.11424273992054138,0.10798861264050331,0.1167898868048716,0.09918733847613503,0.11373705907793069,0.10382571229847333,0.12364840585738804,0.1370421676291132,0.1425317222468296,0.1315526130113968,2015-2019,3
1302,SDP,Ilmari Nurminen,131,0.14516152833988705,0.13703682525450703,0.15328623142526704,0.14359144915096098,0.14116425667549898,0.14601864162642297,0.16103450456033835,0.1471771486532832,0.1748918604673935,0.07669762583919207,0.0766909006538685,0.07670435102451563,0.08786790379558358,0.10200480274768439,0.07373100484348277,0.09780938476703466,0.09571112761263936,0.09990764192142997,0.10551747481735213,0.11197202038969137,0.09906292924501288,0.08599864689440344,0.09024225867861393,0.08175503511019294,0.09632148183524777,0.0980006593342132,0.09464230433628233,2015-2019,3
1303,KESK,Ulla Parviainen,162,0.09976078467605774,0.09463252443107681,0.10488904492103868,0.10572643911319694,0.09938720014026847,0.11206567808612541,0.09800854539736867,0.10548683352305262,0.0905302572716847,0.1424218920948448,0.148996712235889,0.13584707195380058,0.09538446736546623,0.10680191631316582,0.08396701841776663,0.11251413444766598,0.10440650244453498,0.12062176645079696,0.13626271763890974,0.131203801189869,0.14132163408795045,0.10230221416665988,0.09881648965155697,0.1057879386817628,0.10761880509983006,0.11026802007058634,0.10496959012907378,2015-2019,3
1304,VIHR,Olli-Poika Parviainen,260,0.10591439486197701,0.10626326988805526,0.10556551983589876,0.11761586853849056,0.12612754520141872,0.10910419187556239,0.13127217638383354,0.13520017681593893,0.12734417595172814,0.11344400852791131,0.11629506292848132,0.1105929541273413,0.09189228797844588,0.07851158160076133,0.10527299435613044,0.09061482538008252,0.08708392444917988,0.09414572631098515,0.12836044322106122,0.12793841135491807,0.1287824750872044,0.11421629432958234,0.11707151895501075,0.11136106970415394,0.10666970077861565,0.10550850880623577,0.10783089275099553,2015-2019,3
1305,KESK,Juha Pylväs,69,0.07984365034001988,0.08652924021748637,0.07315806046255338,0.08569633207003642,0.08554441743738303,0.08584824670268981,0.10066589155721456,0.10335331607749551,0.09797846703693362,0.1812053694719488,0.18092520538895876,0.18148553355493882,0.09153021394503094,0.08679664101523299,0.09626378687482888,0.12445016536178896,0.12254740479866844,0.1263529259249095,0.10835999317222304,0.10406912310264375,0.11265086324180233,0.10102698856918099,0.0987753534716315,0.1032786236667305,0.1272213955125564,0.13145929849049962,0.12298349253461319,2015-2019,3
1306,RKP,Anders Adlercreutz,203,0.10139953006727098,0.10538795972445707,0.09741110041008488,0.10365339621093214,0.10931744146218607,0.09798935095967823,0.12759358826447414,0.1296533323533524,0.12553384417559588,0.1037155213084239,0.09267900172876058,0.11475204088808721,0.12861506322989935,0.13533185516662194,0.12189827129317674,0.10950118932170838,0.10434879386940946,0.1146535847740073,0.12085271178325749,0.11556220388987071,0.12614321967664427,0.10038448988912885,0.09802669425138831,0.10274228552686937,0.10428450992490482,0.10969271755395349,0.09887630229585613,2015-2019,3
1309,KOK,Veera Ruoho,82,0.08171643516447913,0.0734065640659585,0.09002630626299976,0.09831594900196068,0.09786630785846168,0.09876559014545969,0.10208479327180847,0.09893837255285558,0.10523121399076138,0.10398904003442078,0.09722311347451652,0.11075496659432504,0.08469842075147563,0.07878284205418977,0.09061399944876147,0.1078280391201045,0.10939210869387077,0.10626396954633824,0.12323328629506078,0.12332128495178282,0.12314528763833872,0.13237992260701856,0.13416566697595816,0.13059417823807895,0.1657541137536714,0.18690373937240617,0.14460448813493665,2015-2019,3
1309,PS,Veera Ruoho,94,0.09540278330676857,0.10234854344785518,0.08845702316568198,0.08803793955136528,0.08767428234583231,0.08840159675689825,0.10882738425764593,0.1056964297722948,0.11195833874299706,0.0943107340158286,0.08265485071612691,0.1059666173155303,0.09568529620410461,0.08678801587979648,0.10458257652841274,0.12295845239202745,0.12875898835291966,0.11715791643113524,0.11094704900050761,0.10950846002420574,0.11238563797680949,0.12287787590082519,0.12397782364505625,0.12177792815659412,0.16095248537092666,0.17259260581591257,0.14931236492594072,2015-2019,3
1310,VAS,Li Andersson,699,0.10574119901742032,0.11037149770217776,0.1011109003326629,0.13175227538777765,0.13472570081717797,0.12877884995837732,0.161251033107064,0.15490106628300754,0.1676009999311205,0.09786981832826479,0.1004006245555648,0.09533901210096478,0.09721100813313535,0.09051539963362137,0.10390661663264933,0.09584735229505661,0.0974664076679982,0.09422829692211501,0.13830139727996002,0.12677107420624747,0.14983172035367257,0.08320858305381841,0.09129467898541485,0.07512248712222197,0.08881733339750292,0.09355355014879012,0.08408111664621573,2015-2019,3
1311,SDP,Joona Räsänen,330,0.10941777334336353,0.11415458354785483,0.10468096313887224,0.12298299513430888,0.125411178639448,0.12055481162916974,0.09241716477879611,0.09215324969751042,0.09268107986008181,0.12723657923194948,0.11743684737330533,0.1370363110905936,0.0950037626869884,0.09760197345640903,0.09240555191756779,0.1150362512181465,0.11559674947308543,0.1144757529632076,0.10449133945437684,0.1049490433092934,0.10403363559946029,0.11133146688393,0.1027662374616134,0.11989669630624662,0.12208266726814027,0.12993013704148018,0.11423519749480034,2015-2019,3
1312,VAS,Hanna Sarkkinen,440,0.12234124057379955,0.12341255158110227,0.12126992956649685,0.1190900353201142,0.13031534703843098,0.1078647236017974,0.14484340666261097,0.14934155555685996,0.14034525776836196,0.09380692664712756,0.08257690709500906,0.10503694619924606,0.10517962507947587,0.10396856235032262,0.1063906878086291,0.09044601727070166,0.07878714259307912,0.1021048919483242,0.1126142920399397,0.1160680901250571,0.1091604939548223,0.09968258738213909,0.09387466690768104,0.10549050785659712,0.11199586902409148,0.12165517675245788,0.10233656129572508,2015-2019,3
1313,KESK,Anne Berner,250,0.10262248700098142,0.10013799877369019,0.10510697522827266,0.09840624608510243,0.09768826789396697,0.09912422427623789,0.08334291352740372,0.08191769493450721,0.08476813212030025,0.1660868429957617,0.15869367106827323,0.17348001492325021,0.0828597209451304,0.08250638600357278,0.08321305588668802,0.09296898711508783,0.09804363975381544,0.08789433447636022,0.16604551504553788,0.17335452315659744,0.15873650693447833,0.11129818021418489,0.11077138327230998,0.1118249771560598,0.09636910707080973,0.0968864351432668,0.09585177899835266,2015-2019,3
1314,PS,Sami Savio,488,0.09593477862010044,0.09128269120067492,0.10058686603952596,0.11492943539175568,0.11128645379863804,0.11857241698487334,0.09858703570687741,0.103154365185425,0.0940197062283298,0.1283093507912597,0.1293134766952692,0.12730522488725018,0.08819756716608254,0.0888190508528871,0.08757608347927796,0.08550169385064499,0.08093052507430501,0.09007286262698497,0.10753636163612568,0.10064996031343612,0.11442276295881523,0.12361379593045445,0.13053624434206776,0.11669134751884114,0.15738998090669912,0.1640272325372968,0.15075272927610142,2015-2019,3
1315,VAS,Matti Semi,222,0.11651109953586225,0.1153798854004074,0.11764231367131708,0.09928900703925675,0.10226370196430508,0.09631431211420843,0.09237538192033765,0.08588761533896919,0.0988631485017061,0.1340932736718493,0.1251596774083747,0.14302686993532396,0.08587861300748326,0.08922870312037508,0.08252852289459142,0.11369567850288849,0.10842592075731153,0.11896543624846545,0.10791849204406878,0.12172881482529238,0.09410816926284518,0.10596165028248741,0.11109934405183734,0.1008239565131375,0.1442768039957661,0.1408263371331273,0.1477272708584049,2015-2019,3
1317,PS,Simon Elo,173,0.08872222078715697,0.08453742498321698,0.09290701659109697,0.10698976639689059,0.1015717809625049,0.1124077518312763,0.10057092786346934,0.10244667014754864,0.09869518557939004,0.09916139577301267,0.10090386908710587,0.09741892245891946,0.09403697910882756,0.0903868288168359,0.09768712940081922,0.11263270862731573,0.11716724828524935,0.10809816896938211,0.11968158803350426,0.1277060976249428,0.1116570784420657,0.12119580204243871,0.10804286019447251,0.1343487438904049,0.15700861136738414,0.16723721989812307,0.14678000283664522,2015-2019,3
1317,SIN,Simon Elo,276,0.12091514151807278,0.13334220104694844,0.10848808198919713,0.1094675605789631,0.10910688538602546,0.10982823577190075,0.10270058307831531,0.10219922274534318,0.10320194341128745,0.09777284603451838,0.09889444941208173,0.09665124265695503,0.07847167268875027,0.07586768680535752,0.08107565857214301,0.10194165523398366,0.0961423987008829,0.10774091176708442,0.12442435424671028,0.11464913827094655,0.134199570222474,0.13371656292568734,0.1352058669927227,0.132227258858652,0.13058962369499882,0.13459215063969154,0.12658709675030613,2015-2019,3
1318,RKP,Joakim Strand,79,0.10287853643407077,0.10422417627261316,0.10153289659552837,0.09567260282946648,0.09845965170797141,0.09288555395096154,0.11475964659327673,0.10508037738291742,0.12443891580363604,0.11146629858529727,0.11248456112055968,0.11044803605003486,0.16437379923509782,0.1608361057710755,0.16791149269912015,0.09182929875597301,0.089432675014914,0.09422592249703203,0.1138596674566297,0.12086462447243491,0.10685471044082448,0.09645860812788938,0.09573400175683396,0.0971832144989448,0.1087015419822989,0.11288382650068003,0.10451925746391774,2015-2019,3
1319,SDP,Satu Taavitsainen,268,0.12314598304531489,0.12783269595112717,0.11845927013950261,0.14095059872044516,0.1514668873026866,0.13043431013820372,0.12488743151453124,0.12262111943870949,0.127153743590353,0.10515528553529734,0.10425505138456186,0.10605551968603281,0.09788896228390076,0.09581648767251097,0.09996143689529055,0.09781654815731228,0.10752149580588688,0.08811160050873766,0.10864118227627849,0.10420118172371337,0.11308118282884361,0.08405240950221178,0.07826858052038081,0.08983623848404275,0.11746159896470805,0.10801650020042283,0.12690669772899327,2015-2019,3
1320,PS,Tiina Elovaara,41,0.10997067981331503,0.11175363981249309,0.10818771981413697,0.10250089288864841,0.10149949631175628,0.10350228946554055,0.13285126360053093,0.12692756517709008,0.13877496202397177,0.0949350202117338,0.09230773861279197,0.09756230181067564,0.09805268976113461,0.10973476045041845,0.08637061907185077,0.10278551591718388,0.1107788435180225,0.09479218831634527,0.11163565537331979,0.10764462329787469,0.11562668744876488,0.11725533915244153,0.12213665925759346,0.11237401904728961,0.13001294328169205,0.11721667356195956,0.14280921300142455,2015-2019,3
1320,SIN,Tiina Elovaara,43,0.11678408945038707,0.12179663278455533,0.11177154611621883,0.1160284013077934,0.11431930874862004,0.11773749386696677,0.1467230142698132,0.152305514791435,0.1411405137481914,0.08507034154801818,0.0821201939007454,0.08802048919529097,0.10525518895428626,0.10003609932403763,0.11047427858453487,0.11100990402821909,0.12267972396385123,0.09934008409258695,0.10387731160233088,0.10004445129191722,0.10771017191274453,0.1040483075487563,0.10168023924776907,0.10641637584974353,0.11120344129039564,0.10501783594706911,0.11738904663372218,2015-2019,3
1322,KESK,Pertti Hakanen,140,0.06866359912473452,0.06868009179599967,0.06864710645346937,0.11792986876840204,0.122681426057031,0.11317831147977309,0.07139938041978355,0.07346439894898836,0.06933436189057873,0.23763325810911046,0.23926143173721498,0.23600508448100593,0.054107689835527176,0.05177994754367736,0.056435432127376985,0.13429054791585798,0.1381138202797929,0.13046727555192303,0.11698390921330744,0.11906061322855706,0.11490720519805782,0.10387946280481927,0.09355322588978618,0.11420569971985237,0.0951122838084575,0.0934050445189524,0.0968195230979626,2015-2019,3
1323,KOK,Mari-Leena Talvitie,117,0.09772444545976006,0.09722892758322513,0.09821996333629499,0.11578711896718263,0.10674483322658863,0.12482940470777662,0.11029728642762801,0.11076353649043244,0.10983103636482357,0.12987535236306286,0.12558105161340652,0.1341696531127192,0.090610283589661,0.08880617869724053,0.09241438848208147,0.1330740541585284,0.1412187650059165,0.12492934331114033,0.11405212655728358,0.10907737665367792,0.11902687646088923,0.09611908332410746,0.09394864402811293,0.098289522620102,0.11246024915278599,0.1266306867013994,0.09828981160417258,2015-2019,3
1324,VIHR,Hanna Halmeenpää,332,0.12252543630509834,0.1222403732027352,0.12281049940746147,0.12025141545055368,0.10861399893669725,0.13188883196441012,0.14775844837757163,0.12831211818342722,0.16720477857171606,0.11584618565253726,0.12945323450745344,0.10223913679762109,0.10828689997926524,0.11426967084542927,0.10230412911310123,0.08059304463436459,0.0875887426807627,0.07359734658796648,0.09894871723341414,0.0947115238771936,0.10318591058963467,0.0955437835177063,0.09911628127614003,0.09197128575927258,0.11024606884948882,0.11569405649016129,0.10479808120881635,2015-2019,3
1325,KD,Sari Tanus,390,0.12012146740560806,0.12260236962776114,0.11764056518345496,0.10001831501683336,0.08904631139001842,0.1109903186436483,0.11097646556952143,0.11549996430805672,0.10645296683098615,0.12004054057758362,0.12208445113853623,0.117996630016631,0.09470857073653186,0.0913167636059443,0.09810037786711942,0.12704830796874889,0.1275456087692699,0.12655100716822787,0.09482684770221397,0.09936134427331819,0.09029235113110975,0.10072105221910647,0.0965623269446662,0.10487977749354675,0.13153843280385236,0.1359808599424289,0.1270960056652758,2015-2019,3
1326,SDP,Timo Harakka,585,0.10646473695273853,0.11020389683453251,0.10272557707094457,0.11753210478306536,0.11649778022825885,0.11856642933787187,0.129610618453961,0.13271884603496537,0.12650239087295662,0.1045940795809108,0.11223239102836022,0.09695576813346139,0.08792766391779097,0.08745645584496084,0.08839887199062109,0.08984955465256614,0.09039304246750558,0.08930606683762671,0.1187604724829843,0.12082467717471065,0.11669626779125793,0.10707993085525466,0.0998970758444122,0.11426278586609713,0.1381808383207282,0.12977583454229377,0.14658584209916262,2015-2019,3
1329,VIHR,Antero Vartia,87,0.1204793588447264,0.13073163264817816,0.11022708504127463,0.10746593851198738,0.11033274536709296,0.10459913165688181,0.1372353944151416,0.12346097698954865,0.15100981184073453,0.10169704522936171,0.09367732012722008,0.10971677033150336,0.12180306774409054,0.13811592952840585,0.10549020595977524,0.07337212538666726,0.07695024136948983,0.06979400940384468,0.11891997784730533,0.11357544257366363,0.12426451312094704,0.10578869062702809,0.10294982059716999,0.1086275606568862,0.11323840139369168,0.11020589079923085,0.1162709119881525,2015-2019,3
1330,KOK,Juhana Vartiainen,61,0.1100806445936763,0.11164920012030843,0.10851208906704415,0.11121900544892724,0.11798365667168316,0.1044543542261713,0.10685219793024717,0.11131984604122191,0.10238454981927243,0.08433359843094937,0.08636760596836687,0.08229959089353188,0.09386468830234354,0.09666699469315725,0.09106238191152982,0.11340287312599354,0.11072459921523295,0.11608114703675412,0.12239397787241206,0.12322704233181178,0.12156091341301234,0.141769117810142,0.13049171340783197,0.15304652221245207,0.11608389648530872,0.11156934155038563,0.1205984514202318,2015-2019,3
1331,KESK,Petri Honkonen,160,0.08986528323430054,0.08909039877964617,0.09064016768895491,0.09150597187065074,0.0941582533795586,0.08885369036174286,0.09941654620452675,0.10398428916357064,0.09484880324548285,0.18977937468132622,0.19304536357681715,0.18651338578583526,0.08595923987930404,0.08747726401110202,0.08444121574750606,0.10932923632708907,0.10034694688418247,0.11831152576999567,0.14127207225732868,0.12603885660527964,0.15650528790937776,0.08971724002025468,0.09612344128355371,0.08331103875695564,0.10315503552521928,0.10973518631628958,0.09657488473414898,2015-2019,3
1332,VIHR,Ozan Yanar,213,0.11137519497840734,0.11800023250304512,0.10475015745376956,0.11956822492511829,0.11761818570542484,0.12151826414481173,0.16375359615868712,0.1664323583295991,0.16107483398777514,0.07512299176157157,0.07965460618659886,0.07059137733654428,0.11850802305894767,0.11697610846080028,0.12003993765709504,0.0861580695307777,0.08575423570010807,0.08656190336144733,0.1130837380424485,0.1128271118998144,0.1133403641850826,0.09924838757380439,0.09380006616279447,0.10469670898481431,0.11318177397023745,0.10893709505181493,0.11742645288865997,2015-2019,3
1333,PS,Laura Huhtasaari,268,0.11409057330311512,0.11631647229913904,0.1118646743070912,0.10299360610434825,0.10847691249923326,0.09751029970946325,0.1212629592216993,0.1151276181415759,0.1273983003018227,0.08764933247593472,0.09607207988587463,0.07922658506599481,0.10760808455569183,0.11453274410260927,0.10068342500877439,0.10983569896149915,0.11221018755648582,0.10746121036651249,0.10193451808079695,0.09557172660913575,0.10829730955245817,0.1126352516621447,0.10295536333400261,0.1223151399902868,0.14198997563476995,0.13873689557194366,0.14524305569759627,2015-2019,3
1334,KOK,Antti Häkkänen,201,0.10509036252870002,0.10118362620262256,0.10899709885477749,0.10753163181790429,0.10862820416367666,0.1064350594721319,0.10533626053802586,0.10522190232857849,0.10545061874747322,0.12963738937369504,0.13150394944819782,0.12777082929919226,0.08651756849140194,0.08333441147631145,0.08970072550649244,0.07658746188257395,0.07096056094469919,0.08221436282044872,0.13923674463469912,0.1424078978892802,0.13606559138011803,0.12920927032577129,0.12838815154249433,0.13003038910904824,0.12085331040722848,0.12837129600413927,0.11333532481031769,2015-2019,3
1335,KESK,Marisanna Jarva,278,0.1276292381010898,0.12459545921304056,0.13066301698913907,0.08803264154617757,0.0884428118355803,0.08762247125677483,0.08625799969286604,0.09952831274514094,0.07298768664059116,0.14927363936004462,0.14324866554800683,0.1552986131720824,0.07874561507401842,0.08371039518787197,0.07378083496016488,0.10105530613261762,0.09877258292212092,0.10333802934311434,0.11680929418768242,0.12626753438533664,0.1073510539900282,0.12304368056668206,0.11393848330775924,0.1321488778256049,0.1291525853388214,0.12149575485514263,0.1368094158225002,2015-2019,3
1336,VIHR,Emma Kari,109,0.1282109777337626,0.12458797277305386,0.13183398269447136,0.11875368909054017,0.11740200118376029,0.12010537699732005,0.17641156203906722,0.16487136354760873,0.18795176053052567,0.07888658934996626,0.07644576454234017,0.08132741415759233,0.10189950679326634,0.11015999628144327,0.0936390173050894,0.12710313397408146,0.1316558869500664,0.12255038099809656,0.08822693251267703,0.08981177594132347,0.0866420890840306,0.08130296012871988,0.08027420878322536,0.08233171147421438,0.09920464837791909,0.10479102999717851,0.09361826675865967,2015-2019,3
1337,KOK,Susanna Koski,50,0.10388528606586903,0.10014868906522409,0.10762188306651396,0.09827409856479248,0.09720140263493314,0.09934679449465182,0.09455843403192804,0.09194780234827211,0.09716906571558395,0.1273392846649283,0.14928028919262237,0.10539828013723425,0.18783132851603518,0.18175177617038346,0.1939108808616869,0.08498139409689395,0.08435911085689593,0.08560367733689198,0.1094513196538143,0.10557665456668827,0.11332598474094033,0.08421386530576178,0.08374112308391532,0.08468660752760823,0.10946498909997686,0.10599315208106523,0.11293682611888849,2015-2019,3
1338,KESK,Hanna Kosonen,158,0.08826144783354303,0.08074129171343311,0.09578160395365296,0.11364734566657203,0.11596470367060954,0.11132998766253452,0.10214679860447433,0.09438136809043778,0.10991222911851088,0.1556445086998815,0.15955451961330902,0.15173449778645398,0.07962803250674375,0.07823587418550473,0.08102019082798274,0.10049850322757611,0.09610684409104056,0.10489016236411168,0.11964036165471048,0.11412903794338077,0.12515168536604018,0.1211424404359289,0.12479129019570387,0.1174935906761539,0.1193905613705699,0.13609507049658065,0.10268605224455915,2015-2019,3
1340,KESK,Katri Kulmuni,280,0.09789879278672473,0.09920916718868301,0.09658841838476645,0.11207070441632783,0.11023152197839865,0.11390988685425699,0.10228023902842105,0.10560041579851068,0.09896006225833143,0.14954856687962131,0.142397784582705,0.1566993491765376,0.08382748162407161,0.09635262825967791,0.0713023349884653,0.10313908708524955,0.10735916254388447,0.09891901162661462,0.10520574684838055,0.10072036917393126,0.10969112452282984,0.11657301765696987,0.11147124653124592,0.12167478878269382,0.12945636367423352,0.12665770394296316,0.1322550234055039,2015-2019,3
1341,KESK,Antti Kurvinen,267,0.12231239478983211,0.12345887400729463,0.12116591557236958,0.11904646142259608,0.1150275507484945,0.12306537209669766,0.09712772905679116,0.10257599816763294,0.0916794599459494,0.1372561400372847,0.12672540522946824,0.14778687484510117,0.08076110962329106,0.0876760200705825,0.0738461991759996,0.10973479172029463,0.10446394367511165,0.11500563976547759,0.12149557135012881,0.12371600464735891,0.11927513805289872,0.09200640986456433,0.08872472366483282,0.09528809606429585,0.12025939213521716,0.12763147978922387,0.11288730448121047,2015-2019,3
1342,KOK,Jaana Laitinen-Pesola,49,0.11175926717339899,0.11995563035263249,0.1035629039941655,0.10130656507048424,0.09973659215412864,0.10287653798683986,0.09493201274168674,0.09231295692179126,0.09755106856158222,0.11076253142533704,0.11254660416675603,0.10897845868391806,0.09996851526948758,0.09938036877954584,0.1005566617594293,0.11788307324430099,0.11360179594953168,0.1221643505390703,0.12327561716579738,0.12661098053119396,0.11994025380040078,0.12914593196506247,0.12830119069572593,0.129990673234399,0.11096648594444461,0.10755388044869423,0.11437909144019501,2015-2019,3
1343,KD,Antero Laukkanen,603,0.1172261062404819,0.12380440718528718,0.11064780529567661,0.13093048834156445,0.12872335334036783,0.1331376233427611,0.08949765878283036,0.08711183484153626,0.09188348272412447,0.12687571266721728,0.12015070610154044,0.13360071923289413,0.10128967791660747,0.09816391904757195,0.10441543678564298,0.10768101477469168,0.10560586115031526,0.1097561683990681,0.10562012588794786,0.10680600471101216,0.10443424706488355,0.09854660903179456,0.1026169842044123,0.09447623385917682,0.12233260635686449,0.12701692941795667,0.11764828329577233,2015-2019,3
1344,PS,Rami Lehto,126,0.1109885794323173,0.11752348304709075,0.10445367581754386,0.11352761391237302,0.11354798118265674,0.1135072466420893,0.1100054820928899,0.11509426151618259,0.10491670266959721,0.10650828704043559,0.10266225265491964,0.11035432142595154,0.10054326922639686,0.10503787070983776,0.09604866774295598,0.10145842893890211,0.09907149881352385,0.10384535906428036,0.10853464119763143,0.1110365256110358,0.10603275678422704,0.10634355833524547,0.09504778022649793,0.117639336443993,0.14209013982380828,0.1409783462382549,0.14320193340936166,2015-2019,3
1346,VIHR,Touko Aalto,490,0.12395240011226441,0.12635001191580125,0.12155478830872757,0.10831220335073256,0.10911078164667394,0.10751362505479119,0.14533366418933719,0.1325909378489354,0.15807639052973896,0.09358069114627937,0.08856696162724284,0.0985944206653159,0.1298735727205708,0.1477982298629178,0.1119489155782238,0.07377770485355414,0.07067005583260669,0.07688535387450159,0.11017397465961469,0.10974885667448339,0.11059909264474599,0.11022296809225254,0.10881067455630752,0.11163526162819756,0.10477282087539436,0.10635349003503129,0.10319215171575742,2015-2019,3
1347,PS,Sampo Terho,133,0.10794703409024153,0.10561379543947542,0.11028027274100764,0.09942311378436199,0.11116575598141909,0.08768047158730488,0.1102642239601756,0.10488753859163213,0.11564090932871907,0.10049827103361877,0.09305453816021965,0.10794200390701791,0.09345053278924748,0.09812145693179539,0.08877960864669958,0.09573456120122877,0.09766333844770564,0.09380578395475189,0.1250301095618696,0.13177867938856663,0.11828153973517261,0.14069285056821423,0.1347765496926298,0.14660915144379866,0.12695930301104205,0.12293834736655626,0.13098025865552784,2015-2019,3
1347,SIN,Sampo Terho,79,0.09473299260794904,0.09751226271507706,0.09195372250082103,0.0995826837381851,0.09887452710232184,0.10029084037404838,0.10034709186379526,0.10262715119767392,0.09806703252991658,0.15340982527062277,0.14695126267468073,0.15986838786656482,0.07000853922067812,0.06971360385932032,0.07030347458203592,0.08275384185043361,0.09210975795357391,0.07339792574729329,0.1128283474186372,0.1114743384193807,0.11418235641789372,0.1617070892428524,0.1607045000811085,0.1627096784045963,0.12462958878684642,0.12003259599686292,0.12922658157682992,2015-2019,3
1348,KESK,Mikko Kärnä,199,0.11437847374290297,0.10922404465160299,0.11953290283420295,0.11123264005358932,0.12180261071593679,0.10066266939124187,0.09040723754018129,0.08642797432892303,0.09438650075143955,0.12617624323266924,0.13091271368041962,0.12143977278491883,0.08690713467409089,0.08279078154069977,0.091023487807482,0.09327100927546264,0.08888551511422535,0.09765650343669993,0.11031052813923453,0.1091147566078157,0.11150629967065336,0.11661026022813686,0.11413572166648507,0.11908479878978864,0.15070647311373234,0.1567058816938917,0.14470706453357296,2015-2019,3
1372,SIN,Matti Torvinen,57,0.11721048023592828,0.11425788510285953,0.12016307536899704,0.10446746818957578,0.10587533108691875,0.10305960529223282,0.09822713539714567,0.09646860081555539,0.09998566997873595,0.13324145081079114,0.1450316198918486,0.12145128172973371,0.09637284647130598,0.08132246130035199,0.11142323164225998,0.10071785794742708,0.09887785911971812,0.10255785677513604,0.11858875178618597,0.1185833899946032,0.11859411357776872,0.12132434481258568,0.13559612206504879,0.10705256756012257,0.10984966434905438,0.1039867306230956,0.11571259807501315,2015-2019,3
1374,RKP,Veronica Rehn-Kivi,68,0.11865094500705539,0.11928449642369139,0.11801739359041938,0.10529990831022319,0.1079062552874771,0.10269356133296928,0.11012016267439198,0.11258427102591986,0.1076560543228641,0.08743112889731736,0.08071662692049776,0.09414563087413697,0.1813314112267432,0.19753998157904715,0.16512284087443926,0.10728061139411513,0.10624743609160395,0.10831378669662631,0.09117078332120784,0.08601990361492425,0.09632166302749143,0.09888943439435317,0.08613151511566444,0.1116473536730419,0.09982561477459284,0.10356951394117424,0.09608171560801144,2015-2019,3
1378,SDP,Pilvi Torsti,94,0.09131592565580307,0.09373534137768472,0.08889650993392142,0.1434462388031102,0.14472993327824185,0.14216254432797856,0.12240908394067884,0.1223432679948629,0.12247489988649476,0.10241690399343399,0.10494175845281002,0.09989204953405796,0.060352593603767685,0.05980804187890867,0.06089714532862671,0.13462774739587255,0.12270890810185812,0.146546586689887,0.14096225908435644,0.14320535225104797,0.13871916591766492,0.11430330822108659,0.11644818536950481,0.11215843107266836,0.0901659393018906,0.0920792112950809,0.0882526673087003,2015-2019,3
1379,KOK,Mia Laiho,71,0.10862851522041209,0.09110130388860052,0.12615572655222365,0.11146298562673786,0.10498720582937973,0.11793876542409598,0.09754001504258533,0.09692685283682799,0.09815317724834269,0.16572448846704957,0.1707641698916224,0.1606848070424767,0.0992774002687806,0.11656301572123354,0.08199178481632766,0.11312493470326532,0.11776417486189605,0.1084856945446346,0.12930775159092528,0.12944879277783403,0.12916671040401656,0.0920614933522301,0.0843027134378717,0.0998202732665885,0.08287241572801382,0.08814177075473391,0.07760306070129375,2015-2019,3
1382,KESK,Hanna-Leena Mattila,40,0.10288176504700525,0.10046164652969172,0.10530188356431877,0.10101038101372564,0.10265993959047029,0.09936082243698101,0.12501523142672397,0.12914467223349635,0.1208857906199516,0.11956430949151575,0.1269808313412482,0.1121477876417833,0.10453170517379504,0.10292031072241245,0.10614309962517762,0.09811122642190226,0.08957219134122156,0.10665026150258294,0.11783518222958489,0.117441968715845,0.11822839574332478,0.10691531703454576,0.09752037699906044,0.1163102570700311,0.12413488216120139,0.1332980625265539,0.11497170179584888,2015-2019,3
157,KESK,Kauko Juhantalo,109,0.0909836515213293,0.08654949671187193,0.09541780633078667,0.10378657330287779,0.10246757255507573,0.10510557405067984,0.09875647860124101,0.10647465142023582,0.09103830578224621,0.13779182251173105,0.1397686440418788,0.1358150009815833,0.08818306797520517,0.09496695712257322,0.08139917882783712,0.10650359445352196,0.11087318972530566,0.10213399918173827,0.12448419931438676,0.12459440737817677,0.12437399125059675,0.11940718254664856,0.10474185969565623,0.1340725053976409,0.13010342977305833,0.12956322134922585,0.13064363819689082,2015-2019,3
170,KOK,Ilkka Kanerva,117,0.1105459828274044,0.125941043423253,0.0951509222315558,0.11749271284223359,0.11979747955504945,0.11518794612941774,0.08350698288402783,0.07827940404708793,0.08873456172096772,0.11446294988531666,0.11217310254372041,0.1167527972269129,0.09331237707936962,0.0907099043383086,0.09591484982043066,0.11379477949002917,0.1165253043380398,0.11106425464201852,0.1238865472018751,0.1193895797907164,0.1283835146130338,0.126496726331091,0.12460532882325732,0.12838812383892467,0.11650094145865261,0.1125788531405671,0.12042302977673813,2015-2019,3
202,KESK,Seppo Kääriäinen,117,0.08885738936488764,0.08891368559278656,0.08880109313698872,0.1211812826533909,0.12386853608441954,0.11849402922236227,0.1021767705955236,0.10171415013999603,0.10263939105105116,0.1326753869057706,0.13684214004262177,0.12850863376891944,0.09379288154835827,0.08907769091632069,0.09850807218039587,0.09560362939507991,0.09856140265860805,0.09264585613155177,0.11798060315898345,0.11353779006333412,0.12242341625463278,0.14007636838465193,0.14052813074544046,0.1396246060238634,0.10765568799335373,0.1069564737564728,0.10835490223023465,2015-2019,3
203,SDP,Riitta Myller,300,0.10642886995795028,0.10665355059707438,0.10620418931882618,0.11669502270357204,0.11025818168986393,0.12313186371728017,0.11385215454653863,0.1070843566466261,0.12061995244645116,0.1499573889050202,0.1408830250295732,0.1590317527804672,0.09357211464742067,0.09333624532757326,0.09380798396726808,0.09877427729005445,0.10308030044705671,0.0944682541330522,0.125250611369349,0.13199197717119107,0.11850924556750697,0.08927102977747431,0.09753444208816256,0.08100761746678606,0.10619853080262037,0.10917792100287878,0.10321914060236197,2015-2019,3
214,PS,Lea Mäkipää,163,0.10820758842719183,0.09535783987474179,0.12105733697964186,0.09576949484337267,0.0908912686400538,0.10064772104669155,0.08316059773820092,0.08473460759313697,0.08158658788326487,0.1388838887245606,0.14576226010236257,0.13200551734675864,0.07578973742929732,0.07064063703930779,0.08093883781928683,0.09326181694108605,0.09642876297559057,0.09009487090658154,0.10691743399917272,0.1140450760091597,0.09978979198918576,0.1531470939973448,0.16661720198739755,0.13967698600729206,0.1448623478997731,0.13552234577824931,0.15420235002129687,2015-2019,3
214,SIN,Lea Mäkipää,102,0.09615468539151859,0.10254175969624527,0.0897676110867919,0.10525101817084961,0.09659846014135395,0.11390357620034527,0.08923212296818427,0.08212104579888996,0.09634320013747857,0.13956717830000162,0.12725854983802487,0.15187580676197837,0.09666146804528593,0.09109914729423288,0.10222378879633898,0.08752753382277564,0.09247747405145043,0.08257759359410086,0.10276589548546045,0.10493697004132077,0.10059482092960012,0.1478284125803921,0.15873873542127304,0.13691808973951114,0.13501168523553184,0.14422785771720886,0.1257955127538548,2015-2019,3
242,KESK,Pekka Puska,93,0.09021839569222298,0.08729738705808114,0.09313940432636483,0.10845535441456244,0.1023443041214112,0.1145664047077137,0.0951710330584708,0.09558960145101703,0.09475246466592457,0.14820081270639957,0.1450273400517279,0.15137428536107123,0.10471063167265517,0.11334608115047169,0.09607518219483864,0.1216735240788648,0.1258353259938096,0.11751172216392,0.13443824640339458,0.1327264841701326,0.13615000863665655,0.09421406157705761,0.09450402849390982,0.09392409466020539,0.10291794039637203,0.10332944750943909,0.10250643328330497,2015-2019,3
259,KOK,Pertti Salolainen,126,0.08579537526177977,0.09050191202051838,0.08108883850304116,0.1286453252525745,0.12532516176605044,0.13196548873909858,0.09932936969735483,0.10120258172705272,0.09745615766765693,0.14855370713691185,0.1586223530916874,0.13848506118213627,0.07958898232914426,0.0822422754133709,0.07693568924491762,0.11000099139012978,0.1047612760740606,0.11524070670619894,0.11911596392083906,0.11779317289308858,0.12043875494858955,0.11160828860609762,0.11253466730199438,0.11068190991020084,0.11736199640516831,0.10701659971217659,0.12770739309816004,2015-2019,3
301,KOK,Ben Zyskowicz,691,0.12077435094190415,0.11135392074969519,0.13019478113411312,0.10699830031981172,0.10343955500995025,0.11055704562967321,0.11013271796702676,0.11136348625269095,0.10890194968136258,0.091419290255606,0.08456611899709067,0.09827246151412132,0.11497883240850347,0.1112810242996721,0.11867664051733484,0.11285470021220853,0.12541970387359377,0.10028969655082327,0.11873993154311313,0.1150591254826884,0.12242073760353785,0.1186764174853158,0.1266048403888423,0.1107479945817893,0.1054254588665105,0.11091222494577646,0.09993869278724454,2015-2019,3
356,KESK,Olli Rehn,96,0.06781525438711437,0.07137557152639502,0.06425493724783372,0.1000202972015912,0.09009300857531925,0.10994758582786313,0.13356270492760042,0.12262791837984703,0.1444974914753538,0.16788918515328677,0.17803159478111705,0.15774677552545646,0.07399365380323628,0.07205299484715753,0.07593431275931503,0.07895112226180223,0.08132862775509991,0.07657361676850453,0.12932550985824617,0.14095026849501938,0.11770075122147297,0.1449596397502253,0.14893711651172917,0.1409821629887214,0.1034826326568973,0.09460289912831563,0.11236236618547898,2015-2019,3
357,SDP,Erkki Tuomioja,60,0.11573213762827633,0.12003086239764175,0.11143341285891092,0.11502736477791292,0.11501303062268431,0.11504169893314153,0.11296262598151227,0.1148260248325665,0.11109922713045806,0.11974010604613784,0.10990028151666739,0.1295799305756083,0.09273672648720632,0.09267564814803313,0.09279780482637953,0.11051056989861135,0.10748205487039546,0.11353908492682725,0.1452582435160073,0.1518842830856984,0.13863220394631617,0.09797007312421971,0.09440248549277579,0.10153766075566362,0.09006215254011594,0.09378532903353734,0.08633897604669455,2015-2019,3
392,KESK,Olavi Ala-Nissilä,418,0.09125197529496662,0.0917926950468701,0.09071125554306315,0.12840951476389656,0.1198922054027987,0.1369268241249944,0.08737049251060475,0.08796149051568077,0.08677949450552871,0.15038776427900072,0.1634165669466395,0.13735896161136193,0.09232605609261428,0.08891070964947764,0.09574140253575092,0.11870876714356356,0.11428332931693633,0.12313420497019079,0.14077702116880528,0.1384616600188025,0.14309238231880805,0.09920388293234561,0.10102309501369115,0.09738467085100005,0.09156452581420263,0.09425824808910327,0.088870803539302,2015-2019,3
402,KESK,Timo Kalli,153,0.10712374532817809,0.09561353984717598,0.11863395080918018,0.09720459217717878,0.0947079608460712,0.09970122350828635,0.10245619622992799,0.09873356663374895,0.10617882582610702,0.15038548170906674,0.14453704868246944,0.15623391473566406,0.08805227115541442,0.08905907266299,0.08704546964783884,0.11220234194295836,0.11677832181169215,0.10762636207422457,0.13585571378689548,0.14096668741904192,0.13074474015474905,0.1056642255908925,0.11250910829171287,0.09881934289007215,0.10105543207948764,0.10709469380509753,0.09501617035387776,2015-2019,3
414,KESK,Matti Vanhanen,130,0.0942375448720279,0.0923499817360904,0.09612510800796539,0.11481022171233349,0.11475225781623613,0.11486818560843085,0.1081733142330413,0.10606196880505762,0.11028465966102496,0.1260153213887857,0.13660133413925174,0.11542930863831968,0.09540985199977497,0.09254962090987692,0.09827008308967303,0.09667958258921669,0.09014626607353544,0.10321289910489792,0.13588753369615564,0.1344010703561393,0.137373997036172,0.1283932683583276,0.13337238953785718,0.12341414717879799,0.10039336115033672,0.09976511062595526,0.10102161167471817,2015-2019,3
451,SDP,Tarja Filatov,345,0.1410697471767161,0.14480625429500865,0.1373332400584236,0.14851994493358303,0.12942002227036215,0.16761986759680392,0.12489526697377215,0.13419011083676738,0.11560042311077694,0.0844438636661304,0.0741318631584102,0.0947558641738506,0.09329226736939687,0.0941431900616305,0.09244134467716325,0.10536846281027837,0.1090900869226934,0.10164683869786335,0.11073362684127874,0.10870037524197422,0.11276687844058328,0.1048652963024436,0.11446572642842516,0.09526486617646202,0.08681152392640072,0.09105237078472836,0.08257067706807308,2015-2019,3
508,KESK,Anu Vehviläinen,242,0.0797025983370852,0.08055526483670002,0.0788499318374704,0.13780667466555574,0.1397048151710593,0.13590853416005216,0.07828012671417875,0.07384080717150503,0.08271944625685249,0.1657327876425652,0.1667412578153234,0.16472431746980698,0.08696071586400837,0.08037456236030081,0.09354686936771593,0.10902383867424634,0.10833170075714937,0.10971597659134329,0.11453985874736067,0.11537143513542143,0.11370828235929989,0.13135221382292434,0.13991972091785598,0.12278470672799272,0.09660118553207545,0.09516043583468466,0.09804193522946622,2015-2019,3
511,SDP,Pia Viitanen,1007,0.10062454894688364,0.09888031073916137,0.10236878715460591,0.14928240557885986,0.16144702652677587,0.13711778463094387,0.11460440756264187,0.12771912124800772,0.10148969387727602,0.10614029657225392,0.0917185123299834,0.12056208081452444,0.09255174006449307,0.09173823925449615,0.09336524087449001,0.10861064159432465,0.10779518816163666,0.10942609502701264,0.1026964082935034,0.10046798706145392,0.10492482952555289,0.106128131806868,0.10536599533341665,0.10689026828031938,0.11936141958017146,0.11486761934506813,0.12385521981527481,2015-2019,3
538,SDP,Tuula Haatainen,214,0.10514623773730135,0.105781215940395,0.1045112595342077,0.1291005460844341,0.12633326791741506,0.1318678242514532,0.12416031810680975,0.13354037875684951,0.11478025745676998,0.115021862060357,0.12285479197291616,0.10718893214779786,0.09577964732431443,0.10020622532759024,0.09135306932103862,0.09658340718204839,0.09205120483052441,0.10111560953357238,0.10702081717342705,0.09599725219605407,0.11804438215080004,0.1166722631649042,0.1141408416107426,0.1192036847190658,0.11051490116640367,0.10909482144751295,0.11193498088529438,2015-2019,3
565,SDP,Susanna Huovinen,121,0.10179455443548652,0.11095144434968456,0.09263766452128849,0.1562884786405078,0.154491975754117,0.1580849815268986,0.10865560641446403,0.1173748524267558,0.09993636040217228,0.10680892538797185,0.09398740823921896,0.11963044253672472,0.08798085617712806,0.09281939457124021,0.08314231778301591,0.11557842134310184,0.10937982233150549,0.12177702035469817,0.10315366603740664,0.10155778901181836,0.10474954306299492,0.1128349000054989,0.1120966604123621,0.11357313959863569,0.10690459155843429,0.10734065290329745,0.10646853021357114,2015-2019,3
573,KESK,Niilo Keränen,63,0.10907256167732621,0.10890799557006652,0.1092371277845859,0.12094975827260646,0.11990071122760504,0.12199880531760787,0.08374965674114151,0.08719675766560953,0.08030255581667349,0.12153048722593429,0.11326650726511937,0.12979446718674922,0.11261550138463844,0.10552098279435132,0.11971001997492554,0.11471078339156816,0.11481418412587514,0.11460738265726118,0.10625095027584558,0.11020629355196436,0.10229560699972681,0.1034184900887325,0.10724567561545048,0.09959130456201452,0.1277018109422069,0.13294089218395827,0.12246272970045549,2015-2019,3
582,KESK,Jari Leppä,177,0.08293678659884868,0.08987214022745744,0.0760014329702399,0.09390109095450928,0.0977867236664168,0.09001545824260176,0.07015729363003445,0.0686890946103974,0.07162549264967151,0.2259443194977424,0.22338141634067762,0.22850722265480722,0.07760579555156555,0.08145727366388425,0.07375431743924685,0.1111199638719857,0.11244933354477946,0.10979059419919193,0.14808036072270883,0.14711712544160216,0.1490435960038155,0.09174658472323845,0.08899698365873546,0.09449618578774144,0.0985078044493666,0.09024990884604936,0.10676570005268385,2015-2019,3
583,KESK,Mika Lintilä,97,0.09270708586554852,0.08938668161810319,0.09602749011299384,0.11106999902586165,0.11275775326769803,0.10938224478402528,0.08771570613918353,0.0770086720919824,0.09842274018638467,0.1276815170544992,0.13484820464741454,0.12051482946158384,0.0920428778225794,0.09030375062712864,0.09378200501803016,0.10339659734276525,0.10298350964767711,0.1038096850378534,0.12245123852911116,0.12266961068146325,0.12223286637675908,0.15340833119398423,0.16074392278679236,0.14607273960117606,0.10952664702646706,0.10929789463174051,0.10975539942119361,2015-2019,3
592,KESK,Antti Rantakangas,139,0.09481089878303217,0.1006592678098343,0.08896252975623005,0.11417416071870426,0.11686330783875162,0.11148501359865688,0.08714472077301508,0.08768946918502689,0.08659997236100328,0.1495063404847196,0.13606401404134227,0.16294866692809695,0.10988241409951333,0.10948762390797973,0.11027720429104693,0.11489194524413399,0.11847039901790155,0.11131349147036644,0.13021871847401228,0.13086485229943215,0.12957258464859242,0.11047311353588007,0.11032110577129277,0.1106251213004674,0.08889768788698911,0.08957996012843861,0.08821541564553961,2015-2019,3
612,KOK,Sari Sarkomaa,271,0.0933027920899989,0.08744589355601899,0.09915969062397882,0.13173416478631841,0.12969764872589232,0.1337706808467445,0.11183710828966421,0.12030997489129994,0.10336424168802849,0.1254698156571113,0.11626319798116044,0.13467643333306217,0.11237527591346169,0.12428453885785049,0.1004660129690729,0.11587309276188815,0.11715741483009252,0.11458877069368378,0.13385198084702354,0.12879098365632852,0.1389129780377186,0.0895315910012914,0.09235878473950904,0.08670439726307376,0.08602417865324234,0.08369156276184772,0.08835679454463696,2015-2019,3
767,PS,Timo Soini,236,0.09357729681433563,0.09203401257691557,0.09512058105175568,0.11375606134661603,0.11431490388337642,0.11319721880985563,0.09123993163821337,0.09461007212257044,0.08786979115385629,0.11378672324917583,0.11742159080910455,0.11015185568924708,0.08839362392220206,0.09838947681418206,0.07839777103022205,0.08964570498993499,0.0889556525249989,0.09033575745487109,0.1467892340554669,0.12977602939003666,0.16380243872089717,0.15385090838343685,0.14913198664800925,0.1585698301188644,0.1089605156006184,0.11536627523080616,0.10255475597043062,2015-2019,3
767,SIN,Timo Soini,84,0.09553451445450176,0.0920032405474051,0.09906578836159842,0.1067378124726291,0.1168682061419336,0.0966074188033246,0.08599573232318897,0.08718205640555333,0.08480940824082461,0.11777408552952007,0.11886078432299378,0.11668738673604635,0.07998278752989602,0.08204174536454929,0.07792382969524274,0.08106902976935147,0.08245148541916854,0.0796865741195344,0.15040703221068902,0.1474320504977989,0.15338201392357914,0.16030466699477447,0.15273931613301556,0.16787001785653338,0.12219433871544917,0.12042111516758194,0.1239675622633164,2015-2019,3
768,SDP,Eero Heinäluoma,731,0.13453768490013907,0.1229661092172448,0.14610926058303333,0.14761413339063703,0.14501369527563257,0.1502145715056415,0.09846414413327087,0.09642304276479675,0.10050524550174497,0.11440865120265122,0.1231528460558372,0.10566445634946522,0.07735451076358904,0.08330265575371333,0.07140636577346474,0.0826570141171335,0.08689796115948964,0.07841606707477734,0.09825008983450151,0.09176162940253658,0.10473855026646643,0.12003358108460613,0.12430251899185048,0.11576464317736176,0.12668019057347163,0.1261795413788986,0.12718083976804465,2015-2019,3
769,RKP,Mikaela Nylander,122,0.09583937567732279,0.09275698942924049,0.0989217619254051,0.11914349689445855,0.12185426081247681,0.1164327329764403,0.13846082710199015,0.1410662573501904,0.13585539685378992,0.08928473341937357,0.0910301896609103,0.08753927717783684,0.1447547865227879,0.15445661493498467,0.13505295811059115,0.10052086272212404,0.09880120492482504,0.10224052051942305,0.0905388339120955,0.09170951022236147,0.08936815760182953,0.09602946977825669,0.09105142129214246,0.10100751826437093,0.12542761397159083,0.11727355137286848,0.1335816765703132,2015-2019,3
771,VIHR,Jyrki Kasvi,130,0.10229406415824932,0.09720724515465305,0.1073808831618456,0.09817324202319176,0.09396712701438426,0.10237935703199927,0.1191638305286952,0.12538110499973115,0.11294655605765924,0.10138609485816566,0.10008707335677339,0.10268511635955793,0.10542304503248758,0.10882386721251927,0.10202222285245588,0.12426734312509452,0.133981987651892,0.11455269859829705,0.1144576438676598,0.10625678038904143,0.12265850734627819,0.10962311431164032,0.10641625465512874,0.1128299739681519,0.12521162209481584,0.12787855956587663,0.12254468462375505,2015-2019,3
772,KESK,Antti Kaikkonen,130,0.09196973142141812,0.09540918703170727,0.08853027581112896,0.1030059622732854,0.10523219881151244,0.10077972573505836,0.10512786192310142,0.10488786170123265,0.10536786214497018,0.13535800273993315,0.12679078989936096,0.1439252155805053,0.08927028507777858,0.0962722680921868,0.08226830206337037,0.10044451890828454,0.10125115816163252,0.09963787965493656,0.1238844721391207,0.12451894686331928,0.12324999741492211,0.12741842121686633,0.12075694140969892,0.13407990102403375,0.12352074430021182,0.12488064802934913,0.12216084057107449,2015-2019,3
778,KD,Sari Essayah,637,0.11119731703880673,0.11032256842232695,0.11207206565528652,0.13985610615323613,0.14294892080565164,0.13676329150082062,0.08538369877377243,0.08900964092346575,0.08175775662407911,0.13407717804294506,0.12936783228351775,0.13878652380237236,0.0867058225539184,0.08584332697198241,0.08756831813585439,0.10239023594418352,0.09518954613823338,0.10959092575013366,0.10873110156413268,0.11143670496154508,0.10602549816672027,0.09097239132868318,0.09707825845257935,0.08486652420478702,0.14068614860032191,0.1388032010406977,0.14256909615994612,2015-2019,3
779,KESK,Esko Kiviranta,233,0.0908736625253275,0.09891263975409172,0.08283468529656327,0.0932738476017437,0.08896853506327038,0.09757916014021703,0.11421177935330754,0.11883399852049559,0.1095895601861195,0.13142818909629567,0.13662790887913576,0.12622846931345558,0.10074774703232588,0.10863366765900051,0.09286182640565124,0.11665033190826354,0.10474645081358773,0.12855421300293934,0.12467532845561327,0.12326533026276125,0.12608532664846528,0.11362072431305825,0.1071371011597552,0.12010434746636131,0.11451838971406465,0.11287436788790187,0.11616241154022744,2015-2019,3
784,KOK,Arto Satonen,183,0.10017844459033387,0.09811045040063973,0.10224643878002801,0.1168733284003555,0.1094526704165057,0.1242939863842053,0.08591932122718246,0.09087516320422971,0.08096347925013522,0.14346959035332868,0.15040840453348597,0.1365307761731714,0.06986858450059344,0.06850225673929052,0.07123491226189635,0.10464730093287893,0.10795037982418762,0.10134422204157023,0.1422509226270961,0.14654711957664085,0.13795472567755132,0.12957896910600336,0.12157088472918376,0.13758705348282296,0.10721353826222768,0.10658267057583617,0.10784440594861919,2015-2019,3
786,KESK,Mikko Alatalo,108,0.0787565776258367,0.0727664793025251,0.0847466759491483,0.09698155065989192,0.09065662904375085,0.103306472276033,0.08110671664707228,0.08528303541687275,0.07693039787727182,0.17903541827507596,0.17280633350808233,0.18526450304206957,0.0812526863313805,0.08628412242989165,0.07622125023286935,0.08595616652359757,0.09388144437379708,0.07803088867339805,0.11975489602754136,0.12279340975983773,0.11671638229524497,0.1189254098214036,0.11715893384099083,0.12069188580181638,0.15823057808820012,0.15836961232425167,0.15809154385214855,2015-2019,3
796,KESK,Eero Reijonen,62,0.09701969033278302,0.09010147013596373,0.10393791052960229,0.10382069090547355,0.10378890727056053,0.10385247454038656,0.07721189858538667,0.07033327396274733,0.08409052320802601,0.20566242690908404,0.21646659710285926,0.19485825671530882,0.08760454448236123,0.08363832534334828,0.09157076362137417,0.09757927379220405,0.10093361674333526,0.09422493084107283,0.10741537973555368,0.10825233071292943,0.10657842875817794,0.11238596541369979,0.11951649261895517,0.10525543820844441,0.11130012984345397,0.10696898610930097,0.11563127357760698,2015-2019,3
800,KESK,Tapani Tölli,69,0.09504652559293135,0.08703138432008573,0.10306166686577697,0.10817244683580698,0.10463603833466525,0.11170885533694871,0.09645507136234298,0.09422572316888803,0.09868441955579793,0.12846979642571588,0.13618730012354366,0.12075229272788808,0.09851314209718395,0.09517465116450503,0.10185163302986286,0.10801651968471955,0.12678885827007103,0.08924418109936808,0.13233880164837186,0.1331778717072988,0.13149973158944495,0.1182817092550757,0.11087692094212236,0.12568649756802902,0.1147059870978518,0.1119012519688202,0.11751072222688341,2015-2019,3
802,VAS,Markus Mustajärvi,190,0.12954974483256748,0.13290419810013568,0.1261952915649993,0.1320854281197073,0.11870619434451532,0.1454646618948993,0.12385350456003918,0.12341222474801081,0.12429478437206756,0.1040812694639591,0.10315154138581431,0.10501099754210388,0.08516469538896645,0.0999846503384065,0.0703447404395264,0.10264224444251255,0.0906822244175389,0.11460226446748618,0.09948705398261842,0.09473826854635291,0.10423583941888392,0.10804560030607935,0.11443257228529076,0.10165862832686792,0.11509045890355017,0.12198812583393481,0.10819279197316553,2015-2019,3
805,KESK,Lasse Hautala,135,0.09080789861495649,0.09366064065855398,0.087955156571359,0.09666137640985403,0.10247046955399675,0.09085228326571132,0.08014001031902757,0.08361625594621999,0.07666376469183513,0.1736307569559695,0.16527805745040247,0.18198345646153652,0.09622779536559092,0.09626316034096159,0.09619243039022027,0.1148311161178052,0.11234803706959742,0.11731419516601296,0.12771448836267074,0.12225396304271977,0.13317501368262172,0.09918338766831168,0.09990478533609805,0.09846199000052532,0.1208031701858139,0.12420463060145004,0.11740170977017775,2015-2019,3
808,SDP,Jutta Urpilainen,40,0.09704856810212892,0.08693169245175768,0.10716544375250017,0.09584801326153955,0.09168365905916041,0.1000123674639187,0.13398901976227479,0.12089343271052795,0.1470846068140216,0.11642818665550356,0.12219042967743805,0.11066594363356905,0.12547036628538438,0.13596609318640354,0.11497463938436522,0.08728350824886205,0.08611368081757055,0.08845333568015357,0.14137580884347617,0.13982582439404342,0.14292579329290894,0.11844732719383451,0.12915869428892235,0.10773596009874667,0.08410920164699603,0.08723649341417603,0.08098190987981603,2015-2019,3
809,KOK,Paula Risikko,151,0.08951839442000672,0.08821790554060996,0.09081888329940349,0.10571272555925776,0.10149591748212854,0.10992953363638698,0.07854984352485202,0.07890327835139946,0.07819640869830458,0.15124177731912208,0.15455040088988958,0.14793315374835458,0.05789668060121455,0.05811217562143164,0.05768118558099746,0.11577069934194398,0.10675424775025193,0.12478715093363604,0.13378486136296044,0.13066996156688715,0.13689976115903374,0.13776882013842906,0.1491308687769735,0.1264067714998846,0.1297561977322134,0.13216524402042834,0.12734715144399844,2015-2019,3
811,KESK,Aila Paloniemi,206,0.1106244182053501,0.10753477447498945,0.11371406193571074,0.11135858873876382,0.10743446245085642,0.11528271502667123,0.12837674984647035,0.12011677490304203,0.1366367247898987,0.1269232296770273,0.12528574367592576,0.12856071567812885,0.10125971132229886,0.09084697588107829,0.11167244676351942,0.10862431738826356,0.11715279383737572,0.10009584093915139,0.12400416367251155,0.13318910643613552,0.11481922090888756,0.09415122767150433,0.10139200989802219,0.08691044544498647,0.0946775934778101,0.09704735844257466,0.09230782851304555,2015-2019,3
856,PS,Jussi Niinistö,63,0.08966213918639653,0.09072896904215326,0.08859530933063979,0.10718330210668905,0.11739083774050338,0.09697576647287473,0.0839900450081458,0.08882290631605907,0.07915718370023253,0.12714761710360153,0.1230312424412987,0.13126399176590436,0.08054070714867062,0.08632966504384934,0.07475174925349191,0.079953604108639,0.07966218883154448,0.08024501938573353,0.1384494355606361,0.1309345879435338,0.1459642831777384,0.16417385258933753,0.15273202031320215,0.1756156848654729,0.12889929718788384,0.1303675823278559,0.12743101204791177,2015-2019,3
856,SIN,Jussi Niinistö,50,0.09980389913927859,0.10585350069530879,0.0937542975832484,0.09476833383603112,0.09609007552504481,0.09344659214701743,0.09097750411262218,0.0947138939479573,0.08724111427728706,0.12576897698648276,0.12103967539727847,0.13049827857568702,0.06969921680177779,0.07439426112645522,0.06500417247710034,0.07458327335695768,0.07535401794732295,0.0738125287665924,0.13988884838696186,0.13246410132069802,0.14731359545322567,0.17248552789619945,0.1753953655235775,0.16957569026882138,0.1320244194836886,0.12469510851635693,0.13935373045102023,2015-2019,3
887,SDP,Sirpa Paatero,286,0.11643181201208555,0.11683383762092374,0.11602978640324735,0.14523955557868146,0.15856741529412363,0.13191169586323925,0.08728658243375956,0.08484177470401702,0.0897313901635021,0.14652168107719354,0.1338067695974098,0.15923659255697725,0.09480415089136407,0.08851129035498592,0.10109701142774223,0.11344445222872226,0.11019356245758308,0.11669534199986145,0.1054818632737487,0.10591875255151,0.1050449739959874,0.089698984916219,0.09833452168380573,0.08106344814863226,0.10109091758822587,0.10299207573564102,0.09918975944081072,2015-2019,3
914,VIHR,Outi Alanko-Kahiluoto,341,0.15326571260768235,0.1688380315059474,0.1376933937094173,0.13121629256710493,0.14394537515909203,0.11848720997511786,0.13513573439549598,0.13220151690527965,0.13806995188571228,0.06817894995782817,0.058464615915536866,0.07789328400011947,0.11942671079763717,0.11690020435350548,0.12195321724176886,0.10928663876245408,0.11260719401048262,0.10596608351442553,0.08795826369517097,0.07800407383496649,0.09791245355537545,0.0981969139569098,0.09025982231460651,0.10613400559921307,0.09733478325971653,0.09877916600058292,0.09589040051885016,2015-2019,3
917,VAS,Paavo Arhinmäki,429,0.12350434127765597,0.12634969396899248,0.12065898858631947,0.14321762015390413,0.13257797463633275,0.1538572656714755,0.15241691938630317,0.13464151281790804,0.1701923259546983,0.08862180026682892,0.102620268599283,0.07462333193437486,0.09426557250817505,0.08959186136363365,0.09893928365271644,0.07191403756182307,0.07386322907685805,0.0699648460467881,0.11116342832836662,0.12452975673272518,0.09779709992400806,0.11237813854861894,0.11646725059351845,0.10828902650371945,0.10251814196832414,0.09935845221074843,0.10567783172589984,2015-2019,3
923,RKP,Thomas Blomqvist,46,0.09991617778137551,0.10522025164775639,0.09461210391499464,0.11157215360175636,0.10162042143146963,0.1215238857720431,0.11712161651543929,0.13339449049037058,0.10084874254050799,0.09736047579700191,0.08759283390147073,0.10712811769253308,0.20162848632452768,0.21100820058173517,0.19224877206732016,0.07649360505332711,0.0807229892753612,0.07226422083129301,0.09116424714151347,0.08863386099807927,0.09369463328494769,0.0988514780614422,0.08898628051999942,0.10871667560288498,0.10589175972361645,0.10282067115375759,0.10896284829347531,2015-2019,3
925,KESK,Markku Pakkanen,354,0.11389835495092233,0.11190801262235406,0.11588869727949061,0.10717334371086157,0.10642670738341294,0.1079199800383102,0.0825238111338133,0.08510028950672918,0.0799473327608974,0.14555105228659726,0.15773727990949343,0.13336482466370106,0.08184481936392005,0.08360308968110604,0.08008654904673404,0.10643769076394477,0.10241001990408216,0.11046536162380738,0.11564135798094438,0.11406203306275353,0.11722068289913523,0.12536673827386743,0.12431586786042148,0.1264176086873134,0.12156283153512905,0.11443670006964721,0.1286889630006109,2015-2019,3
930,VIHR,Heli Järvinen,266,0.14735022681762738,0.143525906382246,0.15117454725300877,0.12834721398823784,0.12245265637901545,0.1342417715974602,0.12525564969967518,0.12761321213567453,0.12289808726367579,0.09003845021366244,0.0923596195501598,0.0877172808771651,0.11493113240132041,0.11655086055018164,0.11331140425245918,0.08536427511793135,0.09201420897486648,0.07871434126099622,0.10895923096114249,0.10554380765974554,0.11237465426253943,0.09770190988875331,0.09671640870284366,0.09868741107466296,0.1020519109116496,0.10322331966526688,0.10088050215803232,2015-2019,3
931,SDP,Maarit Feldt-Ranta,111,0.11026769455616317,0.10541326032971181,0.11512212878261455,0.14096691728523641,0.133857296623903,0.1480765379465698,0.10835647308182984,0.08840179154268332,0.12831115462097636,0.11363147453209782,0.12217821715276497,0.10508473191143068,0.10332209514354738,0.09712140310945876,0.10952278717763601,0.08890448395412623,0.08242142937707195,0.09538753853118051,0.1119031393415072,0.11553952879879278,0.10826674988422161,0.10564383899974412,0.11073204146451972,0.10055563653496853,0.11700388310574784,0.14433503160109365,0.08967273461040204,2015-2019,3
934,KOK,Sanna Lauslahti,172,0.09807835112719074,0.09774821861159248,0.098408483642789,0.1128372556790346,0.11123310138967982,0.11444140996838939,0.10636148345418321,0.10952197493384375,0.10320099197452268,0.13542183153582915,0.13672887567864792,0.1341147873930104,0.09222564359658214,0.09304305408808813,0.09140823310507615,0.09594341814976917,0.09590822301917214,0.09597861328036619,0.14593365634637495,0.1511966698418156,0.14067064285093434,0.09864381415593373,0.08962032258463828,0.1076673057272292,0.11455454595510231,0.11499955985252197,0.11410953205768264,2015-2019,3
935,KOK,Eero Lehti,155,0.114074131147444,0.11527849144182549,0.11286977085306252,0.12772609167773094,0.1249651835727246,0.13048699978273728,0.09707034753713163,0.09321188222000426,0.100928812854259,0.11253371045244634,0.12022997163111784,0.10483744927377484,0.090495336607247,0.08112043825286419,0.0998702349616298,0.10715756734200366,0.11790671865400255,0.09640841603000475,0.13542022706394513,0.1376806481460765,0.13315980598181376,0.1086951125380908,0.1019149497443564,0.11547527533182522,0.10682747563396049,0.10769171633702816,0.10596323493089281,2015-2019,3
938,KESK,Hannakaisa Heikkinen,294,0.10857319479678967,0.1077039742444065,0.10944241534917283,0.11615470258313298,0.11136002243232324,0.12094938273394273,0.11973282651309364,0.12050047519184892,0.11896517783433835,0.11785423014832466,0.11571512920994116,0.11999333108670815,0.10663410511833593,0.11834777337728,0.09492043685939186,0.10120561568991354,0.09427275145290544,0.10813847992692163,0.1090041697772961,0.10795585514431676,0.11005248441027546,0.10536862847697337,0.10915420254380055,0.10158305441014617,0.11547252689614017,0.11498981640317751,0.11595523738910282,2015-2019,3
939,KESK,Elsi Katainen,117,0.09489206399345829,0.09881560893271492,0.09096851905420164,0.11666449392897585,0.12292640483286899,0.1104025830250827,0.09123415677701799,0.08757809340812799,0.09489022014590799,0.15066944764103968,0.1406661439898388,0.1606727512922406,0.09922912538588347,0.10246164149785937,0.09599660927390755,0.11986240926178675,0.13894298367580177,0.10078183484777173,0.12462405295678111,0.1168369012114449,0.13241120470211734,0.09632335027323113,0.09259128692614312,0.10005541362031914,0.10650089978182573,0.09918093552520021,0.11382086403845124,2015-2019,3
940,KOK,Outi Mäkelä,133,0.09973656548427513,0.09604229052608791,0.10343084044246235,0.10918597730761331,0.10273266189870522,0.1156392927165214,0.09852752370213921,0.09751963238622537,0.09953541501805308,0.131963390922656,0.14850456902345022,0.11542221282186178,0.09570924099143512,0.08938191355811988,0.10203656842475035,0.12024656413941368,0.11988550475914057,0.12060762351968679,0.10146040119859419,0.09613448996622168,0.1067863124309667,0.11697991675924392,0.11109812671195936,0.12286170680652848,0.1261904194946294,0.13870081117008978,0.11368002781916901,2015-2019,3
941,RKP,Anna-Maja Henriksson,220,0.09948596116051105,0.09036967804898882,0.10860224427203327,0.1101401653729807,0.11571512420869694,0.10456520653726446,0.1180533498260267,0.12538267222787364,0.11072402742417975,0.09451596438184132,0.09880335781382618,0.09022857094985645,0.18384193749753508,0.18489311365666133,0.18279076133840882,0.09538815136582288,0.08991320392031366,0.10086309881133208,0.08466117272452707,0.07497436549444403,0.09434797995461011,0.09164587709550749,0.10164982126272629,0.0816419329282887,0.12226742057524778,0.11829866336646917,0.12623617778402638,2015-2019,3
943,RKP,Mats Nylund,57,0.10247797937371664,0.11014115273193018,0.09481480601550309,0.0891874118720383,0.09548156068241372,0.08289326306166286,0.11645716969220263,0.11800112004697302,0.11491321933743222,0.09675345888965034,0.09085704139699886,0.10264987638230183,0.14057354475000272,0.14863086712031845,0.132516222379687,0.13167938711817842,0.12338522676207633,0.1399735474742805,0.1066883553966941,0.10351066831991915,0.10986604247346907,0.10019468322248831,0.09328043710633069,0.10710892933864595,0.11598800968502855,0.11671192583303971,0.11526409353701739,2015-2019,3
946,KESK,Tuomo Puumala,142,0.09839876570366815,0.09837106883466663,0.09842646257266968,0.1303205213598373,0.1331552537934267,0.1274857889262479,0.11742597985333747,0.1148869717539182,0.11996498795275674,0.1503648191385008,0.13783377938517868,0.16289585889182295,0.07566764879271846,0.08429667433282277,0.06703862325261416,0.10671907318629018,0.10958403675400438,0.10385410961857595,0.10646194915234458,0.10444639804090557,0.1084775002637836,0.10571794206606702,0.1043091231058888,0.10712676102624523,0.108923300747236,0.1131166939991882,0.10472990749528381,2015-2019,3
947,KOK,Petteri Orpo,618,0.09801143253281366,0.09947327048490742,0.0965495945807199,0.10238162138563002,0.10116079908338718,0.10360244368787286,0.10339756089993127,0.08880130005609992,0.1179938217437626,0.15191111682463587,0.13404702983238445,0.16977520381688727,0.07065476200460769,0.07782546197172423,0.06348406203749114,0.09364712717430071,0.10393134475226222,0.0833629095963392,0.15282841269708014,0.1653905945526408,0.14026623084151948,0.11478140588829802,0.11946929608866681,0.11009351568792924,0.11238656059270263,0.109900903177927,0.11487221800747827,2015-2019,3
948,KOK,Anne-Mari Virolainen,76,0.10842052159977615,0.11447426150030542,0.10236678169924689,0.10339844828403294,0.10842348716126624,0.09837340940679966,0.10825513911987714,0.10963793636077519,0.1068723418789791,0.13531086522022467,0.12834908552594254,0.14227264491450684,0.09338931797908298,0.09394370884449457,0.09283492711367139,0.09479215134599026,0.10287998602852991,0.0867043166634506,0.12080107306838957,0.12645048912502632,0.11515165701175281,0.12441748720039289,0.11559520511746373,0.13323976928332204,0.11121499618223338,0.10024584033619606,0.12218415202827071,2015-2019,3
952,SDP,Katja Taimela,198,0.1221763108182917,0.12933998139082395,0.11501264024575944,0.14452608365435643,0.13053286656850024,0.15851930074021262,0.11306499279057573,0.11236471174498246,0.11376527383616901,0.12334232811138895,0.12587452810798158,0.12081012811479634,0.08975377504336615,0.09346754818238637,0.08604000190434595,0.09377408722553872,0.09374331573750239,0.09380485871357505,0.09006024671144316,0.09812287810407642,0.08199761531880989,0.10873995983885577,0.1056856823121709,0.11179423736554064,0.11456221580618345,0.11086848785157574,0.11825594376079115,2015-2019,3
954,SDP,Ilkka Kantola,119,0.09435098644971997,0.09682862026424227,0.09187335263519766,0.12696344649630242,0.130031350102686,0.12389554288991884,0.11982898894194846,0.1275260547509037,0.11213192313299321,0.0935693879143099,0.08400626775301373,0.10313250807560606,0.08222576111568705,0.0789711498977175,0.0854803723336566,0.11940106096319614,0.11900735570174567,0.1197947662246466,0.1283822133120375,0.13633515262941237,0.12042927399466263,0.11529571911478567,0.1071374088707873,0.12345402935878405,0.11998243569201292,0.12015664002949152,0.11980823135453433,2015-2019,3
956,VIHR,Ville Niinistö,331,0.1372122109810961,0.13498627903711086,0.13943814292508133,0.12484288793229283,0.12023962543913946,0.1294461504254462,0.15609383805682864,0.14940873814590044,0.1627789379677568,0.09159857701528179,0.09436618254733183,0.08883097148323174,0.11596295761112832,0.11843486909423354,0.1134910461280231,0.08320960281917711,0.08092493095207039,0.08549427468628382,0.11286363303960635,0.11633379333246396,0.10939347274674874,0.08557062003432953,0.09156754571583514,0.07957369435282392,0.09264567251025937,0.09373803573591441,0.09155330928460434,2015-2019,3
960,SDP,Krista Kiuru,488,0.13283269456221508,0.12737242108595132,0.13829296803847885,0.18613485723324802,0.19200202728613477,0.1802676871803613,0.1146694277029417,0.10563465273954778,0.1237042026663356,0.08764541551565701,0.09020733439030656,0.08508349664100745,0.08347896045455688,0.09500678443724184,0.07195113647187192,0.09939762030787075,0.10108186511132866,0.09771337550441282,0.10647679964427363,0.1101518148726531,0.10280178441589416,0.079018319556933,0.07576509623270042,0.0822715428811656,0.11034590502230396,0.10277800384413557,0.11791380620047234,2015-2019,3
962,KESK,Mirja Vehkaperä,132,0.11188453015374072,0.10496074380021543,0.11880831650726602,0.11381528349916156,0.11795969129722664,0.1096708757010965,0.11911444922732956,0.13278414519747497,0.10544475325718412,0.18097659367729255,0.16435055650418837,0.19760263085039673,0.0836346978506031,0.08532548889597047,0.08194390680523574,0.08806459293309568,0.09417166731272658,0.0819575185534648,0.12317691210469064,0.12146896574852242,0.12488485846085888,0.08393230533778884,0.0856039871331247,0.08226062354245296,0.09540063521629738,0.09337475411055046,0.09742651632204428,2015-2019,3
971,SDP,Johanna Ojala-Niemelä,255,0.11888882269880899,0.11675305617665424,0.12102458922096374,0.10530906062493722,0.1065654588509797,0.10405266239889473,0.10528608314603466,0.1035241114640731,0.10704805482799622,0.11311852226798533,0.1213540771009562,0.10488296743501446,0.12382207091163387,0.12747680052690274,0.120167341296365,0.100604031256322,0.10052748791402795,0.10068057459861604,0.09410271301722342,0.08990358217979426,0.09830184385465258,0.11975290632997343,0.12140250561956605,0.11810330704038081,0.11911578974708106,0.11249292016704578,0.12573865932711636,2015-2019,3
972,KOK,Harri Jaskari,136,0.11513783641741127,0.11598362275651582,0.11429205007830671,0.12016235629683203,0.1211872693840464,0.11913744320961764,0.11026342537070935,0.11319927138738459,0.1073275793540341,0.1472234155222807,0.1350805296223451,0.15936630142221625,0.09933250705378772,0.09218459581153651,0.10648041829603894,0.10303502181642377,0.11422654950811133,0.09184349412473622,0.13709638468209467,0.14019075118447616,0.13400201817971316,0.07905044600967359,0.07849151338149209,0.0796093786378551,0.08869860683078695,0.08945589696409198,0.08794131669748191,2015-2019,3
1031,KOK,Alexander Stubb,190,0.09822736963578968,0.10441523987900869,0.09203949939257067,0.10911715997895878,0.11252174097708023,0.10571257898083733,0.12009956433817003,0.1189592582373927,0.12123987043894735,0.11869794130307657,0.11665206784336406,0.12074381476278909,0.10755999478682347,0.10002133172222161,0.11509865785142534,0.06443845725656544,0.06758145705866264,0.061295457454468225,0.14218954875076933,0.14491952826693058,0.13945956923460806,0.12975249600285638,0.12253548370142586,0.1369695083042869,0.10991746794699031,0.11239389231391358,0.10744104358006705,2015-2019,4
1041,PS,Vesa-Matti Saarakkala,71,0.11041915559837145,0.11391386574122933,0.10692444545551356,0.10703030472037292,0.11487127177179442,0.09918933766895141,0.09582111405557284,0.09117281589547241,0.10046941221567325,0.11564408452489663,0.12582676652114122,0.10546140252865203,0.10394000750975983,0.09816678393963264,0.10971323107988702,0.11156467649262672,0.11670917015729816,0.10642018282795529,0.09971232567114652,0.09785468006060224,0.10156997128169079,0.12518633298058282,0.12174568996986342,0.1286269759913022,0.13068199844667028,0.11973895594296617,0.14162504095037437,2015-2019,4
1087,SDP,Merja Mäkisalo-Ropponen,555,0.11343481134969072,0.12877658334274206,0.09809303935663936,0.12909208501495173,0.14109324315545396,0.11709092687444947,0.1389413338272874,0.1317558755193286,0.1461267921352462,0.10235606752365345,0.08990658502704417,0.11480555002026271,0.09527487456210115,0.10642968431101349,0.08412006481318882,0.11514076775149376,0.10615108493731959,0.12413045056566793,0.10058352543108597,0.09965967149494454,0.1015073793672274,0.10277122696492505,0.10767579006340951,0.0978666638664406,0.10240530757481084,0.08855148214874412,0.11625913300087756,2015-2019,4
1091,PS,Martti Mölsä,42,0.11296477364294827,0.11743736131964407,0.10849218596625247,0.10904309594002774,0.10999463172760002,0.10809156015245547,0.12588725115134292,0.1320705127619079,0.11970398954077795,0.1225707136417284,0.1251256660270859,0.1200157612563709,0.09866694122393156,0.08346744683542134,0.11386643561244178,0.07466795045939917,0.07307869419547558,0.07625720672332274,0.10488691901972377,0.1082893340873126,0.10148450395213493,0.11388523278577306,0.1061805182003881,0.12158994737115802,0.13742712213512515,0.1443558348451645,0.13049840942508575,2015-2019,4
1092,PS,Mika Niikko,366,0.09716567593797634,0.09520187883307737,0.09912947304287531,0.11224579067722071,0.11274158635711676,0.11174999499732466,0.10491876811306047,0.10209074568068606,0.10774679054543487,0.101463746244709,0.11011171652760768,0.09281577596181032,0.0922752549322193,0.08790150227437257,0.09664900759006603,0.10516117455254609,0.1036465083149277,0.1066758407901645,0.11135946971452407,0.10186615441490612,0.12085278501414201,0.12108456677131031,0.11547251783428339,0.12669661570833723,0.15432555305643372,0.1709673897630223,0.13768371634984514,2015-2019,4
1094,KOK,Markku Eestilä,355,0.1234274291956349,0.13613708139184666,0.11071777699942316,0.11895570580933484,0.12281175486435983,0.11509965675430985,0.10243855977868274,0.10215920135393783,0.10271791820342764,0.12180564336332945,0.11241754103560822,0.1311937456910507,0.09561983526953949,0.09860374067252346,0.09263592986655553,0.08277377233653985,0.08268706703419887,0.08286047763888081,0.11104114069033093,0.1132455941749491,0.10883668720571275,0.11599465347878604,0.10788942635427404,0.12409988060329805,0.12794326007782175,0.12404859311830199,0.1318379270373415,2015-2019,4
1096,PS,Ritva Elomaa,382,0.106163989951262,0.09576304325044406,0.11656493665207994,0.0958815506615053,0.09605848826043845,0.09570461306257218,0.11852000284840095,0.13411191353106952,0.10292809216573236,0.1335730654532225,0.138950237895284,0.12819589301116102,0.10598387717413098,0.10664685206380368,0.10532090228445827,0.10645846863299832,0.10123490653631291,0.11168203072968375,0.11100775205399843,0.11263714503220676,0.1093783590757901,0.10601045924000564,0.10280029251341519,0.1092206259665961,0.11640083398447587,0.11179712091702546,0.12100454705192629,2015-2019,4
1097,VAS,Aino-Kaisa Pekonen,197,0.1081172338557363,0.10885114449984204,0.10738332321163054,0.17165492886886707,0.1451392486394381,0.19817060909829606,0.13135291180191627,0.13675240967180552,0.12595341393202705,0.08226908769069799,0.08813742710089384,0.07640074828050213,0.10916795851705732,0.12260791548083708,0.09572800155327757,0.12523043005072526,0.09617780019992503,0.15428305990152552,0.08925248071215576,0.10015803804377968,0.07834692338053184,0.08510408563082578,0.09619616831835129,0.07401200294330025,0.09785088287201824,0.10597984804512742,0.08972191769890905,2015-2019,4
1098,KOK,Jaana Pelkonen,87,0.08849293746723604,0.08936703050635159,0.08761884442812048,0.09653649252644922,0.08496209107564234,0.10811089397725611,0.11056437992820896,0.11653141357313715,0.10459734628328077,0.11780045165765426,0.1282075807556618,0.10739332255964673,0.10796813613591044,0.11268927017030472,0.10324700210151616,0.09373234804470784,0.10107847493233921,0.08638622115707646,0.1125116752406041,0.10198195096053364,0.12304139952067454,0.13478724224241273,0.1389422569196974,0.1306322275651281,0.13760633675681636,0.12623993110633208,0.14897274240730063,2015-2019,4
1099,SDP,Eeva-Johanna Eloranta,194,0.10543591264477639,0.1035694085954535,0.10730241669409928,0.12864496219044114,0.12369812999585524,0.13359179438502705,0.1448287591653121,0.14444894986434234,0.14520856846628186,0.10190390679701004,0.10695228730700332,0.09685552628701677,0.11487742802266368,0.11350064492414214,0.11625421112118524,0.1189168361652766,0.12149260199809327,0.11634107033245993,0.1073477793095631,0.11840590740703968,0.09628965121208653,0.09227025723117721,0.08629543510260772,0.09824507935974672,0.08577415847377973,0.0816366348054628,0.08991168214209665,2015-2019,4
1100,KOK,Sanni Grahn-Laasonen,466,0.10860194501613882,0.11776520733781508,0.09943868269446256,0.13738295920974183,0.12491622987793605,0.14984968854154762,0.13279982304531474,0.13462348618813208,0.1309761599024974,0.1363004349820069,0.14158392282758392,0.1310169471364299,0.0924211002414105,0.09888860987058776,0.08595359061223323,0.07643193034305631,0.07693167487980421,0.07593218580630842,0.11924928656739828,0.11273407567125818,0.12576449746353838,0.10912561708228946,0.10521265548420047,0.11303857868037845,0.08768690351264316,0.08734413786268225,0.08802966916260409,2015-2019,4
1101,KESK,Arto Pirttilahti,168,0.07932157628453397,0.08148823601944352,0.07715491654962442,0.11820213892481365,0.11150789844869564,0.12489637940093165,0.0811234298118701,0.08234581952416148,0.0799010400995787,0.16421293201030002,0.1584020666500885,0.17002379737051151,0.07975627735462446,0.07813827871485164,0.08137427599439725,0.09052422318688655,0.08352332407840914,0.09752512229536395,0.14218193550297023,0.14728575906756022,0.13707811193838024,0.12336969656083237,0.13403514172325565,0.11270425139840909,0.12130779036316863,0.12327347577353417,0.1193421049528031,2015-2019,4
1102,SDP,Kristiina Salonen,218,0.10582802004401574,0.09508495598151556,0.11657108410651593,0.1422916629078655,0.14789285138751918,0.13669047442821183,0.10805569759134367,0.10271040560577505,0.11340098957691232,0.1087779186811805,0.11955312649639108,0.09800271086596991,0.10002475068909938,0.09522861846609817,0.1048208829121006,0.13169656805243946,0.13473714279071722,0.1286559933141617,0.11227661249370158,0.11099547925219577,0.11355774573520738,0.09388728626510726,0.09593944584049487,0.09183512668971963,0.09716148327524692,0.0978579741792931,0.09646499237120074,2015-2019,4
1106,KESK,Mikko Savola,230,0.08856881149607587,0.08552233185255255,0.09161529113959918,0.08871676504467159,0.08841526034225228,0.0890182697470909,0.08331899475867074,0.0803934285816563,0.0862445609356852,0.16740202216253605,0.16203480081344201,0.1727692435116301,0.08520838196949064,0.08915489132664242,0.08126187261233886,0.10670470285427572,0.11182631398491194,0.10158309172363948,0.12791437836003733,0.11688530351270125,0.1389434532073734,0.12900870193290126,0.1259966002280121,0.13202080363779045,0.1231572414213408,0.13977106935782915,0.10654341348485244,2015-2019,4
1107,PS,Teuvo Hakkarainen,297,0.10369649600358573,0.10483044900546035,0.10256254300171111,0.10162511981547714,0.10729802958578864,0.09595221004516563,0.11176949109266265,0.10702073487813821,0.11651824730718711,0.1165096199768669,0.1220489645030212,0.11097027545071261,0.07829879834188982,0.07609813730509303,0.0804994593786866,0.10463228268052077,0.10189634468340139,0.10736822067764014,0.11551256633241208,0.1185330597744562,0.11249207289036797,0.09960695156750399,0.10041943074028399,0.09879447239472397,0.1683486741890809,0.16185484952435691,0.17484249885380485,2015-2019,4
1111,KOK,Eero Suutari,195,0.1101323498396526,0.10699218784757691,0.11327251183172829,0.11155255674615724,0.11216070707152673,0.11094440642078776,0.08292987437910357,0.08627635086194191,0.07958339789626523,0.11037725440644547,0.11220403967989742,0.10855046913299352,0.10634465014609237,0.1083081243384781,0.10438117595370666,0.10331373177649911,0.10876165083923577,0.09786581271376246,0.10594676401357533,0.10833412283025864,0.10355940519689202,0.12452162459001859,0.12063802742592304,0.12840522175411412,0.14488119410245565,0.1363247891051614,0.15343759909974988,2015-2019,4
1116,PS,Maria Tolppanen,118,0.11083089039233876,0.1204253847182418,0.10123639606643572,0.10879700175884083,0.11608163268512676,0.10151237083255489,0.09663847074149856,0.0880155043294936,0.10526143715350351,0.1390379678857147,0.14199802712491405,0.13607790864651534,0.08640169620523752,0.0891323229624972,0.08367106944797784,0.07296543765882019,0.07889827605912458,0.06703259925851579,0.12040747799883392,0.11119583033147165,0.12961912566619618,0.101496723101619,0.09187435074264759,0.11111909546059043,0.16342433425709657,0.16237867104648276,0.16446999746771035,2015-2019,4
1116,SDP,Maria Tolppanen,315,0.16252141068033046,0.1397729315297792,0.18526988983088172,0.13019009277356425,0.12521824409286844,0.13516194145426005,0.10939400048586888,0.11215812734320822,0.10662987362852953,0.11190414766061935,0.11265602347111606,0.11115227185012262,0.08765087848833489,0.1024499698482356,0.07285178712843417,0.07127038897654024,0.06949376805273583,0.07304700990034466,0.10715682279521312,0.11495842459994277,0.09935522099048347,0.0914041702649746,0.09116674210532472,0.0916415984246245,0.12850808787455426,0.13212576895678915,0.12489040679231936,2015-2019,4
1118,KOK,Kari Tolvanen,103,0.09037772516468306,0.0884041653995591,0.09235128492980704,0.09321346492985669,0.0975298888806391,0.08889704097907426,0.0839017479524592,0.0785836366228714,0.089219859282047,0.11812843998171724,0.1174709269755125,0.11878595298792198,0.08430809398750638,0.07542855466577165,0.0931876333092411,0.11401481005462005,0.11076644508321194,0.11726317502602816,0.13734534121990405,0.1382418735873409,0.13644880885246716,0.12199381439696011,0.14274401153980384,0.10124361725411637,0.15671656231229325,0.15083049724528957,0.16260262737929693,2015-2019,4
1119,PS,Reijo Hongisto,78,0.09766721281051496,0.09935576055266843,0.09597866506836149,0.10076585749746896,0.09959399802066086,0.10193771697427705,0.11721387179713344,0.10720606282449523,0.12722168076977164,0.09114474746140372,0.08683692934482938,0.09545256557797807,0.10026778791411484,0.10205018105862303,0.09848539476960663,0.12416726080480028,0.12608379690213098,0.1222507247074696,0.1316860346210526,0.14034947991022834,0.1230225893318769,0.11929017982276252,0.11968716815107401,0.11889319149445102,0.11779704727074866,0.11883662323528969,0.11675747130620762,2015-2019,4
1119,SIN,Reijo Hongisto,86,0.10544641701750658,0.09780832797668404,0.11308450605832912,0.09861535508486849,0.09531002744614847,0.1019206827235885,0.0984222855216749,0.10345952602010541,0.09338504502324436,0.09946582995701597,0.10331802417137473,0.09561363574265723,0.09467454935168448,0.08679503515868388,0.1025540635446851,0.12055955622497899,0.10808332007828314,0.13303579237167484,0.1289844714760056,0.12619686209009212,0.13177208086191908,0.13725819478557574,0.16349645962576562,0.11101992994538586,0.11657334058068927,0.11553241743286254,0.117614263728516,2015-2019,4
1120,KESK,Ari Torniainen,267,0.07186462755142525,0.06881422648666258,0.07491502861618793,0.12198735732554114,0.12213927854884232,0.12183543610223994,0.10161001420065151,0.10721825199443827,0.09600177640686475,0.15194239513294616,0.1544131800540668,0.1494716102118255,0.10078847712489195,0.10470960676957133,0.09686734748021257,0.11352779898815121,0.10463633562945926,0.12241926234684315,0.14157607903522823,0.13994864752708414,0.14320351054337233,0.10155965207253201,0.10304051861424157,0.10007878553082243,0.09514359856863255,0.0950799543756338,0.09520724276163131,2015-2019,4
1122,PS,Olli Immonen,65,0.10800590285985699,0.11582157573265958,0.1001902299870544,0.1076139906564045,0.11003459719389933,0.1051933841189097,0.12424701735510249,0.12396217875168822,0.12453185595851676,0.10093487756530473,0.0972590467010598,0.10461070842954964,0.08769219405608117,0.09011576651003902,0.0852686216021233,0.0885031179664717,0.09110872700165276,0.08589750893129064,0.09546288087842265,0.09480729183244263,0.09611846992440268,0.12623710838388766,0.11963326810237478,0.13284094866540053,0.1613029102784681,0.15725754817418383,0.16534827238275235,2015-2019,4
1124,PS,Ari Jalonen,98,0.09812441170011696,0.11055798416738458,0.08569083923284934,0.11256034759088271,0.1115111187445255,0.1136095764372399,0.09784563956256757,0.09228111888613126,0.10341016023900389,0.12260752502720981,0.11716272523896329,0.12805232481545634,0.10979060015657623,0.11338856442067127,0.10619263589248118,0.08930328399611398,0.08536156229247335,0.09324500569975461,0.1046730010797676,0.11178656091992809,0.09755944123960711,0.11901014878824767,0.11236154668840292,0.12565875088809242,0.14608504209851753,0.14558881864151976,0.14658126555551526,2015-2019,4
1124,SIN,Ari Jalonen,97,0.09848167618489334,0.09720661912810538,0.0997567332416813,0.09880110698101469,0.102290586374119,0.09531162758791037,0.11732376551433862,0.10429422871345424,0.13035330231522302,0.12134094703234033,0.12564865373839257,0.1170332403262881,0.10226178717289472,0.09353035619804216,0.11099321814774728,0.09320752853108444,0.09790935533677556,0.08850570172539332,0.11788636684620522,0.1124039625154049,0.12336877117700555,0.12165116474526202,0.11903434489038138,0.12426798460014266,0.12904565699196666,0.14768189310532492,0.11040942087860839,2015-2019,4
1126,SDP,Tytti Tuppurainen,221,0.10045828920695321,0.08735748306774901,0.11355909534615742,0.10982593566502202,0.12017113113879127,0.09948074019125276,0.12982889605838033,0.12205919654654092,0.13759859557021975,0.11626568312739916,0.12573809153829443,0.10679327471650386,0.10478974194433148,0.09949559597193741,0.11008388791672555,0.09129081338040204,0.08845892540158798,0.09412270135921609,0.10986528158008325,0.11000068769142642,0.10972987546874009,0.11989110448759954,0.12375616846129836,0.11602604051390072,0.11778425454982897,0.12296272018237417,0.11260578891728375,2015-2019,4
1128,PS,Kaj Turunen,196,0.10121897136720612,0.09961244121069272,0.1028255015237195,0.10461397513784951,0.10737272545775636,0.10185522481794265,0.10523362255623164,0.09617148812518475,0.11429575698727852,0.13832920566039203,0.1392784243952519,0.13737998692553216,0.09532040894162182,0.07983587135760839,0.11080494652563525,0.09937874920314879,0.10631647342263875,0.09244102498365883,0.1147358847466565,0.11281237963713311,0.1166593898561799,0.12427217455859443,0.1410521290968602,0.10749222002032865,0.11689700782829923,0.11754806729687388,0.11624594835972457,2015-2019,4
1128,SIN,Kaj Turunen,64,0.11004624806209096,0.11549670554063203,0.10459579058354988,0.12040545638305249,0.11923526541385099,0.12157564735225398,0.09921904310043948,0.10172482936754598,0.09671325683333298,0.14508649504303148,0.13135354951297595,0.158819440573087,0.08508576676527738,0.09224404677590017,0.07792748675465458,0.07734390964270278,0.07658650904070058,0.07810131024470499,0.1191207952430719,0.11806662547624835,0.12017496500989544,0.12344607805415966,0.12180997525083219,0.12508218085748712,0.12024620770617389,0.12348249362131376,0.117009921791034,2015-2019,4
1129,PS,Arja Juvonen,426,0.09277969622100957,0.09278566774988897,0.09277372469213015,0.12424392492918096,0.13653746507146838,0.11195038478689352,0.10326033770524533,0.10785493307716343,0.09866574233332723,0.10851749791794724,0.10033789184652922,0.11669710398936524,0.08704419873606316,0.09432353263407357,0.07976486483805274,0.13601960473269892,0.13458078244543045,0.1374584270199674,0.10631674798591789,0.10032747621926719,0.1123060197525686,0.11219435670066423,0.12043939079742609,0.10394932260390237,0.1296236350712727,0.11281286015875262,0.14643440998379278,2015-2019,4
1131,KOK,Sinuhe Wallinheimo,181,0.10863806417591948,0.1136344026163324,0.10364172573550656,0.09760758478407222,0.1005950781212992,0.09462009144684523,0.1000790664165011,0.10094803322663067,0.09921009960637155,0.13206991165978932,0.12800000404090933,0.1361398192786693,0.10740724640969283,0.10754156295043837,0.10727292986894729,0.08967674831123407,0.08565837916070704,0.0936951174617611,0.14621287329330857,0.14405507931559355,0.14837066727102358,0.1086799968578491,0.10725896316640386,0.11010103054929432,0.10962850809163333,0.11230849740168561,0.10694851878158104,2015-2019,4
1133,SDP,Mika Kari,366,0.10631696911194588,0.114801671527756,0.09783226669613578,0.10754222853508788,0.11547952196575936,0.09960493510441641,0.1044205571134938,0.11427831570256278,0.09456279852442483,0.10984177638828296,0.0974530088467088,0.12223054392985713,0.10924729007117728,0.11491115604498132,0.10358342409737323,0.11711835282624737,0.10327761592774287,0.13095908972475187,0.10018483757978977,0.09574169807686375,0.10462797708271579,0.120514465908211,0.12457087985613277,0.1164580519602892,0.12481352246576402,0.11948613205149225,0.1301409128800358,2015-2019,4
1134,KOK,Sofia Vikman,121,0.0967717357783417,0.09198139645189599,0.10156207510478739,0.09126148334231277,0.08486674334972587,0.09765622333489966,0.11294790398567602,0.1085573013329435,0.11733850663840853,0.11764403275850324,0.1179822649764362,0.1173058005405703,0.10029897341680563,0.09970545292415249,0.10089249390945879,0.09382268014448829,0.09612029806786435,0.09152506222111223,0.12740491179063756,0.1330723381630802,0.12173748541819496,0.1435771550252482,0.15162586772087625,0.13552844232962016,0.11627112375798651,0.11608833701302508,0.11645391050294795,2015-2019,4
1135,KOK,Pia Kauma,72,0.1050936191098535,0.10131732426296798,0.10886991395673902,0.10866508829608298,0.1144273080737345,0.10290286851843149,0.09272219181650723,0.08739781147171853,0.09804657216129593,0.12272074827612445,0.12533816510403956,0.12010333144820932,0.08988862024259876,0.0921885172556825,0.08758872322951503,0.1225917444607447,0.13473763911081046,0.11044584981067893,0.13469819980299186,0.13127017407097083,0.13812622553501291,0.10087005847509745,0.0918847316763858,0.10985538527380909,0.12274972951999905,0.12143832897368985,0.12406113006630826,2015-2019,4
1137,KOK,Pauli Kiuru,339,0.0914028952798259,0.0931950048720098,0.08961078568764198,0.10679791655558027,0.1024488341543589,0.11114699895680165,0.11769974363223654,0.1242107455721944,0.11118874169227869,0.1321107937682573,0.12405597199657555,0.14016561553993903,0.104377758010896,0.10796828580695753,0.10078723021483445,0.08499658802982359,0.08920465779277226,0.08078851826687491,0.1257747657298583,0.12625838619157495,0.12529114526814164,0.12080138079364704,0.11574752396640464,0.12585523762088943,0.11603815819987508,0.11691058964715195,0.1151657267525982,2015-2019,4
1138,PS,Kimmo Kivelä,159,0.10084258946187571,0.09833566511165225,0.10334951381209918,0.10136940851528226,0.09825793047900562,0.10448088655155888,0.11116838157626663,0.1084204046724648,0.11391635848006847,0.11728470608476611,0.11625938554305748,0.11831002662647475,0.1142355117248705,0.11486062105545673,0.11361040239428426,0.12877148796882637,0.12586483861336545,0.1316781373242873,0.10479167579400447,0.10582456376058169,0.10375878782742724,0.10081673957310663,0.10852227284395524,0.09311120630225804,0.12071949930100132,0.12365431792046078,0.11778468068154187,2015-2019,4
1138,SIN,Kimmo Kivelä,129,0.10373065021237465,0.10734952444566548,0.10011177597908383,0.10159648985577957,0.10224216297686486,0.10095081673469426,0.10259800150150669,0.10027017579535562,0.10492582720765775,0.12628041382474542,0.12117657094168041,0.13138425670781043,0.1070962151227608,0.10826566740809909,0.1059267628374225,0.1064135665470757,0.1041778586398481,0.10864927445430331,0.11061170805362845,0.12119215568823782,0.10003126041901908,0.11577455919741043,0.1068332030715147,0.12471591532330617,0.12589839568471828,0.12849268103273387,0.12330411033670266,2015-2019,4
1142,KOK,Jukka Kopra,159,0.10733702118168312,0.09448466683103016,0.12018937553233607,0.10231180321729773,0.1065361213495617,0.09808748508503376,0.09715345433416789,0.09531153797393047,0.09899537069440532,0.14083317654668726,0.15360512939226315,0.1280612237011114,0.08746125695692789,0.08028464305478569,0.09463787085907008,0.09995567823071141,0.10839207491605589,0.09151928154536694,0.1250975020024425,0.12222483783227918,0.1279701661726058,0.11906146017823688,0.11877300304312852,0.11934991731334524,0.12078864735184536,0.12038798560696536,0.12118930909672536,2015-2019,4
1144,SDP,Suna Kymäläinen,198,0.1101384182116644,0.10552503763142143,0.11475179879190736,0.13411118769132727,0.1385354689309516,0.12968690645170294,0.11815263176823654,0.1210220763248973,0.1152831872115758,0.11686024373415314,0.134984449204961,0.09873603826334529,0.08978180134659879,0.08892755953853841,0.09063604315465916,0.09163442593109433,0.09674412369646765,0.08652472816572102,0.10700513898120492,0.10240687266227962,0.11160340530013022,0.09898828538710229,0.0962132073306034,0.10176336344360118,0.13332786694861834,0.1156412046798796,0.15101452921735709,2015-2019,4
1146,PS,Jari Lindström,307,0.11373448307901979,0.10945814499947726,0.11801082115856232,0.12559756922840543,0.12248700626646569,0.12870813219034516,0.08853220287867164,0.09257241852708456,0.08449198723025872,0.11964619322367695,0.11206332357083806,0.12722906287651584,0.08114198669911946,0.08470034835654877,0.07758362504169014,0.09122389376963114,0.09121213939542534,0.09123564814383694,0.12133241545406749,0.13223991154125075,0.11042491936688423,0.13894101909367026,0.13921868687965466,0.13866335130768587,0.11985023657373786,0.11604802046325494,0.1236524526842208,2015-2019,4
1146,SIN,Jari Lindström,217,0.11914721232605936,0.12764740607793712,0.1106470185741816,0.13201949487834036,0.1275137002636954,0.13652528949298534,0.07507499715140013,0.07622510636285762,0.07392488793994265,0.1186813635006791,0.12026958772231625,0.11709313927904193,0.09206029424747715,0.08319498664281702,0.10092560185213728,0.08041760866164363,0.07185379743873226,0.08898141988455502,0.13743210506600578,0.1385433105694175,0.13632089956259405,0.1417898308188164,0.156164140355624,0.12741552128200884,0.10337709334957815,0.09858796456660296,0.10816622213255334,2015-2019,4
1149,KESK,Markus Lohi,230,0.11801831032249979,0.11920128532442871,0.11683533532057086,0.11767278075533716,0.10412839296558277,0.13121716854509155,0.09262632615332417,0.09496376492742806,0.09028888737922029,0.15279356324152177,0.16280867176821878,0.14277845471482478,0.07049717829251892,0.06415222605798458,0.07684213052705327,0.11075544197235407,0.11610841259305549,0.10540247135165264,0.11533959371508413,0.11386292017143884,0.11681626725872943,0.10820998585105243,0.10404109988967725,0.11237887181242763,0.11408681969630755,0.12073322630218557,0.10744041309042951,2015-2019,4
1150,PS,Anne Louhelainen,70,0.08523912314983204,0.07991866745923235,0.09055957884043171,0.10227971131666261,0.1077581387846539,0.0968012838486713,0.11316722966165985,0.10471261665765426,0.12162184266566545,0.14397100888624298,0.1555439192741337,0.13239809849835224,0.10021399090429456,0.10112279658017227,0.09930518522841686,0.08917654653593754,0.08720629000215788,0.09114680306971719,0.1125270701412226,0.11064281389419192,0.11441132638825327,0.13071491585629091,0.13118417242702562,0.13024565928555623,0.12271040354785692,0.12191058492077808,0.12351022217493576,2015-2019,4
1152,PS,Pirkko Mattila,148,0.1078872514275287,0.0994010454624142,0.11637345739264318,0.10587780412895809,0.09529024945292329,0.11646535880499287,0.09450327218039367,0.08382540232598996,0.10518114203479736,0.14490097731235985,0.14889916075566073,0.14090279386905896,0.0944909293908577,0.09383705012354351,0.09514480865817188,0.10708412961750166,0.11055924055662991,0.10360901867837342,0.11425230492156527,0.11462986466344868,0.11387474517968184,0.11844080822006939,0.13602806756210886,0.10085354887802991,0.1125625228007657,0.11752991909728083,0.10759512650425058,2015-2019,4
1152,SIN,Pirkko Mattila,114,0.10834987615230074,0.1054346059999017,0.11126514630469979,0.12309241393187109,0.11638434226647976,0.12980048559726243,0.08305397540313089,0.0826740698082408,0.08343388099802099,0.1357665452917011,0.1269543892713471,0.14457870131205508,0.08689765532415043,0.09964671364256696,0.07414859700573391,0.11811128291404646,0.1258894480431563,0.11033311778493662,0.11816918024685216,0.11620389967077219,0.12013446082293215,0.1332635722214202,0.13253116401516243,0.13399598042767796,0.0932954985145269,0.09428136728237277,0.09230962974668103,2015-2019,4
1153,VAS,Silvia Modig,205,0.11969746161957681,0.11279070185144806,0.12660422138770555,0.11580810140958825,0.11839842847114987,0.11321777434802663,0.14657105988348157,0.1550569776261467,0.13808514214081644,0.1060758186464881,0.11188391968956742,0.10026771760340877,0.09707203514996596,0.08901481873496857,0.10512925156496333,0.09996042706665459,0.10313784807808549,0.0967830060552237,0.10851525287810244,0.107971776595152,0.10905872916105289,0.08810598679597563,0.08545376868785523,0.09075820490409603,0.11819385655016666,0.11629176026562668,0.12009595283470664,2015-2019,4
1154,VAS,Jari Myllykoski,720,0.11274431734888138,0.11828598686564326,0.1072026478321195,0.11822262529476182,0.12967367241596053,0.10677157817356313,0.10560709299522505,0.10536102790477979,0.1058531580856703,0.12418917475752977,0.12695406457839958,0.12142428493665995,0.09252343165518757,0.08683095195711993,0.09821591135325522,0.09990861499581434,0.10048353014081417,0.09933369985081451,0.11553002570847157,0.10680827700789755,0.1242517744090456,0.1137069255444566,0.10813597619245427,0.11927787489645895,0.11756779169967187,0.11746651293693092,0.11766907046241282,2015-2019,4
1155,VAS,Anna Kontula,333,0.12566151528169128,0.12422097271194188,0.1271020578514407,0.13565401370744126,0.12761860000431635,0.14368942741056617,0.13895493761646696,0.13739579446422892,0.140514080768705,0.08621656281597498,0.09371255437721704,0.0787205712547329,0.07922272909579461,0.0785992618476416,0.07984619634394763,0.09755243908023725,0.09023060295458964,0.10487427520588485,0.1118866969488578,0.11104084790269082,0.11273254599502477,0.100647444371542,0.11587027136921417,0.08542461737386982,0.12420366108199382,0.1213110943681596,0.12709622779582805,2015-2019,4
1157,KESK,Annika Saarikko,536,0.09930360119159223,0.09559244580327071,0.10301475657991377,0.1384129303521306,0.13932319675338428,0.1375026639508769,0.11421193569201901,0.11085816946977786,0.11756570191426015,0.11620379823765634,0.12023764420782088,0.1121699522674918,0.08960638820514757,0.09371353246162137,0.08549924394867377,0.10929600473827494,0.11100984549394959,0.10758216398260032,0.09699607541033142,0.09789353652038492,0.09609861430027793,0.13312500608915157,0.12433954118279825,0.14191047099550486,0.10284426008369629,0.1070320881069921,0.09865643206040049,2015-2019,4
118,VIHR,Pekka Haavisto,145,0.10090952618166961,0.09915145595180419,0.10266759641153503,0.09572374865576624,0.08936172834455736,0.10208576896697512,0.10530390794064198,0.10372363841401863,0.10688417746726535,0.12187735899215,0.12562793542911083,0.11812678255518919,0.10318093994393145,0.11361965218951808,0.09274222769834481,0.11035194959190844,0.10203850147473444,0.11866539770908244,0.1542677844360422,0.15295561728160167,0.1555799515904827,0.09891447508415627,0.10618967889834081,0.09163927126997173,0.1094703091737338,0.10733179201631404,0.11160882633115357,2015-2019,4
1202,SDP,Nasima Razmyar,87,0.10656891889743643,0.10165211044974672,0.11148572734512614,0.1238289759825266,0.10430656919550559,0.1433513827695476,0.13411789428600923,0.1286787327228544,0.13955705584916403,0.11292038482499991,0.12018056599116422,0.10566020365883562,0.11317077861480934,0.11123380987580445,0.11510774735381424,0.10208421245853302,0.10545543748089443,0.09871298743617163,0.1029505490284209,0.11197245061233978,0.09392864744450204,0.09147465741740075,0.09501760958312849,0.08793170525167301,0.11288362848986376,0.12150271408856188,0.10426454289116564,2015-2019,4
1217,RKP,Carl Haglund,50,0.11528908484251547,0.11139865943788822,0.11917951024714273,0.11247129974355363,0.10405339637464114,0.12088920311246613,0.12031499134798057,0.1270690023247369,0.11356098037122424,0.1044087708589376,0.10541200807297302,0.1034055336449022,0.16212088088230958,0.15352634937058018,0.170715412394039,0.07706762821518448,0.07774960562203072,0.07638565080833823,0.09300095375641179,0.10155569115068785,0.08444621636213571,0.0986641303581613,0.09977147269864686,0.09755678801767573,0.11666225999494557,0.11946381494781518,0.11386070504207597,2015-2019,4
1219,KOK,Saara-Sofia Sirén,80,0.08946796038166363,0.08950353874361264,0.08943238201971461,0.12074012048223338,0.11206356508967133,0.12941667587479544,0.10915271676923936,0.11382043901359051,0.10448499452488821,0.1390802916757392,0.1239375341005832,0.1542230492508952,0.0897191689391411,0.09746781593681335,0.08197052194146885,0.11411467270416284,0.10854003300146298,0.11968931240686269,0.13078539536818265,0.14885249132051984,0.11271829941584546,0.11335189147034547,0.11155717468708919,0.11514660825360175,0.09358778220929237,0.09425740810665698,0.09291815631192775,2015-2019,4
127,KESK,Sirkka-Liisa Anttila,155,0.12057012367941346,0.11689451824621362,0.12424572911261329,0.11655188765021582,0.11763636685240866,0.11546740844802299,0.09062639040806775,0.09555684664288454,0.08569593417325097,0.1357896449443032,0.1343386159061712,0.13724067398243522,0.09306744202829093,0.09508457935372963,0.0910503047028522,0.10140931211166565,0.09953066808368595,0.10328795613964536,0.1350975694816211,0.132056232471878,0.13813890649136423,0.10620678084378211,0.10333567782579274,0.10907788386177149,0.10068084885263993,0.10556649461723566,0.0957952030880442,2015-2019,4
1274,SDP,Antti Rinne,489,0.15087551545840297,0.1654233916923479,0.13632763922445804,0.13277332620934157,0.1351861152135127,0.13036053720517043,0.13389008735303423,0.12691736152740943,0.14086281317865904,0.09005940541195184,0.08257713985887141,0.09754167096503227,0.11667933415306042,0.11899239821486378,0.11436627009125708,0.09849199641949771,0.09579350052461519,0.10119049231438022,0.1097451191188143,0.11109730257484489,0.10839293566278371,0.07971963901321068,0.0835358198852484,0.07590345814117296,0.08776557686268634,0.0804769705082864,0.09505418321708628,2015-2019,4
1275,PS,Mika Raatikainen,54,0.09906504250293457,0.09344004795864132,0.10469003704722782,0.09885171104005602,0.10042357048210622,0.09727985159800581,0.10334999959415442,0.10842015457577361,0.09827984461253522,0.10738663693003773,0.10700877187820616,0.1077645019818693,0.08508186142460408,0.08527343732626591,0.08489028552294224,0.09782847493825983,0.09664558975881533,0.09901136011770433,0.12056025691868169,0.11781442242918172,0.12330609140818165,0.13725124965689098,0.14823089306841125,0.1262716062453707,0.15062476699438074,0.14274311252259853,0.15850642146616295,2015-2019,4
1282,KOK,Wille Rydman,95,0.11838244250389132,0.12052069342497854,0.11624419158280412,0.08812770439827317,0.08858829665797324,0.08766711213857309,0.09723104890003118,0.09152027852989594,0.1029418192701664,0.10967423819712707,0.1006587795635828,0.11868969683067136,0.09364791823869778,0.10267339990473519,0.08462243657266039,0.12295708423085916,0.135129196306443,0.11078497215527532,0.1529184482707233,0.1477576063865269,0.15807929015491967,0.11276696911202827,0.10963382477633624,0.11590011344772029,0.1042941461483688,0.10351792444952819,0.1050703678472094,2015-2019,4
1297,SDP,Sanna Marin,228,0.12286090379660486,0.12534832445609695,0.12037348313711278,0.1641565491214604,0.1641562577677191,0.1641568404752017,0.1494144664353371,0.1674634361792483,0.1313654966914259,0.09804609241891599,0.08933462648947901,0.10675755834835295,0.0962527641580776,0.08946684624043666,0.10303868207571854,0.10562906626685178,0.1086188933335589,0.10263923920014469,0.10551784506155396,0.09832970048780923,0.11270598963529868,0.07866710731428647,0.08272537727422223,0.07460883735435073,0.07945520542691184,0.0745565377714296,0.08435387308239407,2015-2019,4
1299,KOK,Sari Multala,174,0.09455254228550236,0.09299828046833612,0.09610680410266861,0.0971789663076286,0.09849264076380246,0.09586529185145475,0.10977254981519065,0.10707526114032587,0.11246983849005543,0.12532560985257918,0.1286375045401341,0.12201371516502424,0.10364470231933703,0.11151000045270962,0.09577940418596446,0.11458914376446822,0.11322263836367283,0.11595564916526362,0.13481225668449237,0.12412261154995172,0.14550190181903305,0.10945142829627749,0.11106714029221987,0.10783571630033513,0.11067280067452409,0.11287392242884745,0.10847167892020075,2015-2019,4
1301,PS,Jani Mäkelä,606,0.1075281844993588,0.10855742019540116,0.10649894880331645,0.10243719613816477,0.10185466588532192,0.10301972639100762,0.11460424115859172,0.10976538102311535,0.11944310129406807,0.1040247342037394,0.10724991126959274,0.10079955713788605,0.08818425309761252,0.0806253567792152,0.09574314941600984,0.10673710328433397,0.10463760578315502,0.10883660078551294,0.10852980543931579,0.10511481771193605,0.1119447931666955,0.12207695465515321,0.12742584107590058,0.11672806823440585,0.1458775275237298,0.15476900027636195,0.13698605477109763,2015-2019,4
1302,SDP,Ilmari Nurminen,131,0.11703520546393041,0.11796708214211231,0.11610332878574851,0.12996202970572363,0.12695765522159816,0.13296640418984912,0.15900831024802395,0.16671555294621573,0.15130106754983216,0.08768773055155024,0.08924880511904677,0.0861266559840537,0.09564067377260425,0.09151267340835112,0.09976867413685739,0.10835928237365308,0.1065804274008968,0.11013813734640938,0.09594974932372091,0.10073109666042035,0.09116840198702149,0.09712520701372959,0.0997561508017561,0.09449426322570308,0.10923181154706393,0.10053055629960259,0.11793306679452528,2015-2019,4
1303,KESK,Ulla Parviainen,162,0.10696237764263061,0.11453951411278882,0.0993852411724724,0.10896972262378114,0.10810013790890767,0.10983930733865462,0.08834657037819899,0.08291271708855871,0.09378042366783927,0.13228258633923567,0.12812178241133748,0.13644339026713387,0.08119284402896401,0.07623773727028847,0.08614795078763955,0.11359508809896023,0.12181409681668602,0.10537607938123443,0.1461277556787225,0.14066257427543333,0.15159293708201166,0.10940372622194089,0.11263281500128819,0.10617463744259359,0.11311932898756598,0.11497862511471132,0.11126003286042063,2015-2019,4
1304,VIHR,Olli-Poika Parviainen,260,0.09662940520510546,0.08932213660527843,0.10393667380493248,0.10851977838985563,0.10978258440436137,0.10725697237534988,0.14354906607961254,0.13278219677625291,0.15431593538297217,0.12423040707115096,0.1353205506609472,0.11314026348135471,0.09648596791169867,0.09180076355536113,0.10117117226803622,0.0945116039496793,0.0967463196546331,0.09227688824472549,0.12934556226553476,0.14094108649756854,0.11775003803350097,0.11028832743294328,0.1093125600749767,0.11126409479090989,0.0964398816944194,0.0939918017706206,0.09888796161821821,2015-2019,4
1305,KESK,Juha Pylväs,69,0.08597073955810551,0.09027039490710086,0.08167108420911016,0.08506751559094144,0.08754392885618166,0.08259110232570124,0.12687483938266703,0.13585162154954913,0.1178980572157849,0.17065985211795898,0.1720721875957455,0.16924751664017243,0.10118325454205379,0.09756353901013345,0.10480297007397414,0.08935178642960939,0.08541293354124274,0.09329063931797603,0.10338039112774094,0.11162702056919302,0.09513376168628886,0.11381162788037755,0.10269515314099917,0.12492810261975593,0.12369999337054535,0.11696322082985444,0.13043676591123626,2015-2019,4
1308,PS,Jari Ronkainen,110,0.10565842178453738,0.115000824670943,0.09631601889813178,0.10582137075878932,0.09250917573695125,0.11913356578062739,0.10678215722199551,0.10280795406127463,0.11075636038271638,0.09997436197546798,0.10154057325890908,0.09840815069202688,0.10305490581431664,0.10781711415983361,0.09829269746879968,0.09986588607624455,0.10479075098378768,0.09494102116870141,0.10692429046358909,0.10505202002613363,0.10879656090104455,0.11984769171920265,0.12225903494987267,0.11743634848853264,0.1520709141858569,0.14822255215229443,0.1559192762194193,2015-2019,4
1309,KOK,Veera Ruoho,82,0.10306034827034793,0.10959263387596437,0.09652806266473152,0.09589632099835142,0.10046765554375943,0.09132498645294342,0.11464184658990162,0.11173280943519934,0.11755088374460392,0.09760081191874989,0.10254484834410986,0.09265677549338994,0.0845236131720027,0.08168338518481456,0.08736384115919084,0.12047463252742287,0.11508159620224859,0.12586766885259715,0.11470133392990697,0.12047554569070576,0.10892712216910819,0.12682191516521277,0.11852748676923956,0.135116343561186,0.1422791774281038,0.13989403895395852,0.1446643159022491,2015-2019,4
1309,PS,Veera Ruoho,94,0.09603923054343691,0.10384457262783955,0.08823388845903425,0.08917184386188524,0.08359167993021858,0.0947520077935519,0.10108994783971886,0.09651144198159321,0.10566845369784453,0.08847205074552097,0.08672372081176402,0.09022038067927794,0.0947079117538535,0.09036553784168544,0.09905028566602156,0.11659898072434369,0.11041587552721868,0.12278208592146869,0.12752218829248615,0.12895744914469734,0.12608692744027497,0.13338739827761625,0.13673972253818684,0.1300350740170457,0.15301044796113844,0.16284999959679639,0.14317089632548047,2015-2019,4
1310,VAS,Li Andersson,699,0.11967048817914606,0.1115105907430751,0.12783038561521703,0.14151615484456848,0.14256691854868112,0.14046539114045586,0.14464886926122753,0.15721180279713357,0.13208593572532148,0.0974411011233938,0.09197058497195143,0.10291161727483618,0.12668008768524355,0.12109172062015565,0.13226845475033147,0.07735159316442466,0.07910761375647994,0.07559557257236939,0.11700028542291538,0.11687623956140085,0.11712433128442992,0.09479937059065724,0.09331982231438189,0.09627891886693259,0.08089204972842325,0.08634470668674046,0.07543939277010603,2015-2019,4
1313,KESK,Anne Berner,250,0.09212978668072341,0.09199799793860783,0.09226157542283898,0.11989826598158684,0.11711495523215179,0.12268157673102191,0.1033327578663844,0.10547148982644158,0.10119402590632724,0.14995512204268652,0.15077325453876358,0.14913698954660942,0.09356237204891099,0.10065240684895442,0.08647233724886755,0.07499217724835078,0.07548396175446528,0.07450039274223627,0.13520006993048952,0.14079237366743044,0.1296077661935486,0.15300792952591752,0.13906323638973656,0.1669526226620985,0.07792151867495004,0.07865032380344855,0.07719271354645153,2015-2019,4
1314,PS,Sami Savio,488,0.10370887290183867,0.10024022630266763,0.1071775195010097,0.11699047201695688,0.12585970642763855,0.1081212376062752,0.09428822104161225,0.09190421088723749,0.09667223119598702,0.10652931547800353,0.11157354803457646,0.10148508292143059,0.07044832828710185,0.06696053662755075,0.07393611994665293,0.11157618428399171,0.11038969415490718,0.11276267441307623,0.1214588805358397,0.12325219025820752,0.11966557081347189,0.13804954290220084,0.13499381185544415,0.1411052739489575,0.1369501825524546,0.13482607545177025,0.13907428965313895,2015-2019,4
1315,VAS,Matti Semi,222,0.11537865512312125,0.11959391207839076,0.11116339816785173,0.13169063999806338,0.14355800648349856,0.1198232735126282,0.10144380366161553,0.09714103546421501,0.10574657185901604,0.12199561607762874,0.12783689869597917,0.11615433345927832,0.08462317050177409,0.08026789833836198,0.0889784426651862,0.09629276667182293,0.09435371760456289,0.09823181573908296,0.10385788192276167,0.10374172678837443,0.10397403705714892,0.10442754848590671,0.09399513340443086,0.11485996356738257,0.14028991755730563,0.13951167114218627,0.141068163972425,2015-2019,4
1316,SDP,Ville Skinnari,199,0.07819138304914428,0.07345076785564535,0.08293199824264322,0.10902248533713292,0.10914274899088994,0.1089022216833759,0.11990926685550629,0.11040742521288578,0.12941110849812681,0.12505849704246577,0.12866847194525197,0.12144852213967956,0.11284372758280592,0.09983313529441616,0.1258543198711957,0.08375665921211116,0.09064562957171077,0.07686768885251155,0.116218150180538,0.1165503931212734,0.1158859072398026,0.11290188045695618,0.1243154168027398,0.10148834411117255,0.14209795028333946,0.1469860112051868,0.13720988936149212,2015-2019,4
1317,PS,Simon Elo,173,0.09867300678474489,0.1070829544072667,0.09026305916222306,0.0886278188889522,0.08176432059528861,0.09549131718261579,0.09975970714938355,0.10577676937634453,0.09374264492242257,0.10668931197633434,0.10123615134667341,0.11214247260599527,0.08241683867933061,0.08464829752555512,0.08018537983310609,0.0968605620583759,0.0967030155774804,0.09701810853927138,0.13394681977298473,0.1299556981347993,0.13793794141117016,0.13827328483362744,0.14309741762498612,0.1334491520422688,0.15475264985626638,0.14973537541160586,0.1597699243009269,2015-2019,4
1317,SIN,Simon Elo,276,0.11986283604114029,0.11971783261225881,0.12000783947002178,0.10330648451981247,0.08837752065353971,0.11823544838608524,0.10463646648308818,0.10817230724329947,0.10110062572287688,0.1089066744002925,0.10703997434533881,0.1107733744552462,0.08527522486887268,0.09531047142695005,0.07523997831079529,0.08983806917418341,0.087677455976513,0.09199868237185382,0.12986962516700046,0.13569528135850578,0.12404396897549516,0.13106624400993142,0.1385599936306855,0.12357249438917732,0.1272383753356786,0.11944916275290889,0.13502758791844832,2015-2019,4
1318,RKP,Joakim Strand,79,0.09858426608284881,0.10681084523037905,0.09035768693531858,0.08901263417682176,0.090743711479906,0.08728155687373754,0.1318209096924291,0.147658900325722,0.11598291905913619,0.11628934355047726,0.11349307611797725,0.11908561098297728,0.16926350992952582,0.15099969569112356,0.18752732416792806,0.08634675273929365,0.08336086361914553,0.08933264185944176,0.11167162113045817,0.11192239447526701,0.11142084778564931,0.0963720709676529,0.08886820055755283,0.10387594137775298,0.1006388917304926,0.10614231250292683,0.09513547095805838,2015-2019,4
1319,SDP,Satu Taavitsainen,268,0.13261616984444186,0.13620718716330563,0.12902515252557806,0.1636956916435345,0.1578717964853775,0.16951958680169152,0.09851130258170493,0.10564590201120923,0.09137670315220062,0.11361199384225204,0.11181606851717237,0.1154079191673317,0.07682974772510077,0.08021306530765049,0.07344643014255106,0.09192906639720737,0.08705971056072231,0.09679842223369242,0.10365426079282877,0.09625235086570547,0.11105617071995207,0.10593780856544321,0.10754930806682136,0.10432630906406508,0.1132139586074866,0.11738461102203572,0.10904330619293749,2015-2019,4
1320,PS,Tiina Elovaara,41,0.10019055502023166,0.1026789802309122,0.09770212980955112,0.10382414015652935,0.10595266466994732,0.1016956156431114,0.1592628161536948,0.1649042499051046,0.153621382402285,0.10011568434059415,0.10221794938145463,0.09801341929973365,0.10422636036847441,0.10097963676962714,0.10747308396732169,0.10928041835681893,0.11223385861015742,0.10632697810348044,0.12396482814779694,0.11853376283428278,0.1293958934613111,0.09119541754272792,0.08823338226601345,0.0941574528194424,0.10793977991313178,0.10426551533250036,0.11161404449376319,2015-2019,4
1320,SIN,Tiina Elovaara,43,0.10669323882862754,0.11665445177710528,0.0967320258801498,0.11806767157479107,0.11263489355015596,0.12350044959942619,0.13474507378841505,0.15118860507172355,0.11830154250510656,0.08461296898974674,0.0784598158611274,0.0907661221183661,0.11739790160273107,0.11471786673081304,0.12007793647464911,0.11162455453236902,0.10512423195718253,0.11812487710755551,0.11846612121059655,0.12070699576515635,0.11622524665603676,0.09429169659546052,0.09357626454092485,0.09500712864999619,0.11410077287726242,0.10693687474581107,0.12126467100871378,2015-2019,4
1323,KOK,Mari-Leena Talvitie,117,0.10361560116078647,0.09942806786093064,0.1078031344606423,0.10784730361034932,0.09981441520988477,0.11588019201081387,0.09343499476684318,0.08740258948120505,0.09946740005248131,0.13561479156764195,0.14996970314801,0.12125987998727386,0.08020654745415841,0.07638515217933389,0.08402794272898292,0.12607217769454218,0.12879005947249103,0.12335429591659335,0.12456672627868437,0.11506968977895012,0.1340637627784186,0.11517194148843461,0.1253739716023938,0.10496991137447542,0.11346991597855959,0.11776635126680077,0.1091734806903184,2015-2019,4
1324,VIHR,Hanna Halmeenpää,332,0.10254594951683119,0.09753622156185884,0.10755567747180354,0.10915542914717416,0.1075467067377256,0.11076415155662274,0.15194591519509348,0.13776312305588395,0.16612870733430302,0.11951240602869467,0.12512762627633317,0.11389718578105616,0.11950449274764666,0.12489338416190324,0.11411560133339008,0.08865295628205108,0.0853050434375825,0.09200086912651965,0.10527106334950101,0.10092657028950465,0.10961555640949736,0.09753197254489356,0.09914215577129848,0.09592178931848863,0.1058798151881142,0.12175916870790959,0.0900004616683188,2015-2019,4
1325,KD,Sari Tanus,390,0.10260275169484578,0.09245379459735509,0.1127517087923365,0.10223942928645716,0.10182179263770527,0.10265706593520903,0.13880106234381406,0.13420855909790289,0.1433935655897252,0.08586532095347776,0.09144085843608715,0.08028978347086838,0.10045933056354706,0.09819029688869946,0.10272836423839464,0.13040637220005846,0.13459815071552012,0.1262145936845968,0.10319696338875062,0.10370845891668304,0.10268546786081818,0.10621078835817246,0.1089019498135286,0.10351962690281633,0.13021798121087666,0.13467613889651842,0.1257598235252349,2015-2019,4
1326,SDP,Timo Harakka,585,0.1303321476842923,0.12060256378104908,0.1400617315875355,0.12043462232681035,0.11096228128526579,0.12990696336835492,0.13453475483353117,0.13955769360730882,0.12951181605975354,0.09841996634284694,0.10124820659312897,0.09559172609256493,0.10094062933768863,0.12361836524133545,0.07826289343404183,0.08881733419386423,0.07742511687610691,0.10020955151162156,0.10952992551380308,0.10944264193486339,0.10961720909274278,0.09925293481830039,0.09311500776823799,0.1053908618683628,0.11773768494886283,0.12402812291270356,0.1114472469850221,2015-2019,4
1329,VIHR,Antero Vartia,87,0.11064196402970686,0.10817965502994926,0.11310427302946446,0.1272568060933749,0.11570645386435179,0.138807158322398,0.14427282718926815,0.14850393872295536,0.14004171565558093,0.10207711986219206,0.10886236758588361,0.0952918721385005,0.11948684998769346,0.11447108230537331,0.12450261767001361,0.07383496781024398,0.07845263953466887,0.06921729608581911,0.11143191170267784,0.1064109860951618,0.11645283731019389,0.09792866899457503,0.10319858299582436,0.0926587549933257,0.11306888433026771,0.11621429386583164,0.1099234747947038,2015-2019,4
1330,KOK,Juhana Vartiainen,61,0.12315987522941901,0.1281481961769014,0.11817155428193662,0.14216307253512034,0.1403489340530197,0.14397721101722097,0.10849050171431815,0.11284325592932376,0.10413774749931255,0.1041659357118091,0.10305849657752357,0.10527337484609464,0.09285233210030588,0.09671914556773771,0.08898551863287406,0.09193546741052859,0.09560715647993498,0.0882637783411222,0.12696535047837337,0.11406175964552523,0.13986894131122155,0.09947757780513106,0.09187494966036948,0.10708020594989265,0.11078988701499444,0.11733810590966412,0.10424166812032476,2015-2019,4
1331,KESK,Petri Honkonen,160,0.10169369779985968,0.1045709617611923,0.09881643383852705,0.10696004208337417,0.10531293579409444,0.10860714837265392,0.09917895010570471,0.08572589573440996,0.11263200447699948,0.16795999535355294,0.16300083652580094,0.17291915418130496,0.07612342774985636,0.07832508450529227,0.07392177099442047,0.12045630849632655,0.11684397714595948,0.12406863984669361,0.1230819371844879,0.1276635883101308,0.118500286058845,0.10634856084342849,0.11644022542889676,0.09625689625796022,0.09819708038340913,0.10211649479422306,0.0942776659725952,2015-2019,4
1332,VIHR,Ozan Yanar,213,0.12637768276078318,0.1350959260855784,0.11765943943598793,0.12917447535540783,0.12712610874334207,0.13122284196747355,0.15094806143343914,0.16225971243357426,0.139636410433304,0.08222987224099018,0.07432838711120641,0.09013135737077393,0.128528481277474,0.12646071150853988,0.1305962510464081,0.09052327689874934,0.08219691639993354,0.09884963739756512,0.10043135217267539,0.1018978513017744,0.09896485304357638,0.09117200924624523,0.09092611601871545,0.09141790247377501,0.10061478861423578,0.09970827039733554,0.10152130683113603,2015-2019,4
1333,PS,Laura Huhtasaari,268,0.11875419076271046,0.12090503146527132,0.11660335006014959,0.09921759861482335,0.08985279492282672,0.10858240230681997,0.1207385048715763,0.11811447153543411,0.12336253820771848,0.10987889957356373,0.10062495454970859,0.11913284459741888,0.11919204854577882,0.12580592848655373,0.11257816860500391,0.08312834425523491,0.07329152753608735,0.09296516097438245,0.11712631245514767,0.1258864570407337,0.10836616786956163,0.10625051824486935,0.12242834663390083,0.09007268985583787,0.12571358267629543,0.12309048782948362,0.12833667752310723,2015-2019,4
1335,KESK,Marisanna Jarva,278,0.11713488262777937,0.11799960008094079,0.11627016517461794,0.09102865583407437,0.08154690831159943,0.1005104033565493,0.09851522064013016,0.09890193773494756,0.09812850354531277,0.13112702721881114,0.11011731680122923,0.15213673763639307,0.07565326829376237,0.08318944036189836,0.06811709622562638,0.11212867155532996,0.11201251821903169,0.11224482489162824,0.12777500770918498,0.13353030702476526,0.12201970839360472,0.13605723816269139,0.1505800310484506,0.12153444527693218,0.11058002795823621,0.11212194041713708,0.10903811549933536,2015-2019,4
1336,VIHR,Emma Kari,109,0.11675015314410213,0.1263102371634864,0.10719006912471785,0.13038565633089794,0.1271720011835213,0.1335993114782746,0.1816864840934146,0.18601987411388865,0.17735309407294053,0.0901196018243729,0.0824173322955755,0.09782187135317028,0.10184510230453983,0.10846155980547571,0.09522864480360393,0.10716577875187913,0.1068266919749062,0.10750486552885205,0.08983550496066625,0.08819689080503652,0.09147411911629597,0.07353238125433476,0.07283110665013583,0.07423365585853367,0.10867933733579246,0.1017643060079739,0.11559436866361103,2015-2019,4
1338,KESK,Hanna Kosonen,158,0.0964311562158323,0.09900067899006446,0.09386163344160015,0.10386229991937104,0.09814005367815674,0.10958454616058536,0.13025848899578643,0.1326987719396581,0.12781820605191477,0.12904305706434252,0.12295918078819815,0.1351269333404869,0.0901360856897983,0.10214720823491182,0.0781249631446848,0.10727551123191427,0.10056858770868844,0.1139824347551401,0.13570210555453538,0.136516419379273,0.13488779172979773,0.09808118598883891,0.09684483360523528,0.09931753837244253,0.10921010933958088,0.11112426567581409,0.10729595300334767,2015-2019,4
1339,PS,Kari Kulmala,202,0.09617159861871732,0.08916688745488158,0.10317630978255306,0.08750606748257506,0.09307333998903632,0.08193879497611381,0.11142658844901218,0.10945040920541946,0.1134027676926049,0.1346658571134476,0.13644659643062262,0.1328851177962726,0.07757716279619647,0.07255607891998733,0.08259824667240562,0.10162894010067067,0.11417158883112848,0.08908629137021286,0.11392469858110663,0.10469443517483348,0.12315496198737977,0.14535989298926666,0.14380128707187176,0.14691849890666153,0.1317391938690074,0.13663937692221895,0.12683901081579588,2015-2019,4
1339,SIN,Kari Kulmala,215,0.10077485911371437,0.10333026274692876,0.09821945548049996,0.090264663637563,0.08957240517766334,0.09095692209746266,0.10395389143496499,0.10024662807556542,0.10766115479436456,0.12775632871357998,0.11695069742789577,0.13856195999926418,0.08547758551625709,0.08674459988506814,0.08421057114744604,0.08845672137786303,0.09140057470475753,0.08551286805096855,0.11563740285172713,0.10780702182634525,0.12346778387710902,0.15419262749685586,0.16302492900315985,0.14536032599055185,0.13348591985747463,0.14092288115261603,0.12604895856233322,2015-2019,4
1340,KESK,Katri Kulmuni,280,0.0916276388659795,0.08715211811728144,0.09610315961467757,0.08914188247157039,0.08251142724028254,0.09577233770285823,0.08951895608385035,0.09246093461887352,0.08657697754882719,0.20001911224597524,0.19418141213756615,0.2058568123543843,0.0801551531378358,0.0911679374234873,0.0691423688521843,0.1018438120728557,0.09870410601594379,0.10498351812976761,0.11103036884850212,0.10899491844962532,0.11306581924737891,0.11636821529021611,0.12239762799612075,0.11033880258431147,0.12029486098321476,0.12242951800081914,0.1181602039656104,2015-2019,4
1342,KOK,Jaana Laitinen-Pesola,49,0.09162686223155464,0.09412503590568799,0.08912868855742129,0.1190017924171245,0.12094822030314119,0.11705536453110779,0.09844700314944264,0.0963960464569128,0.10049795984197249,0.1134133140226041,0.10806136547275605,0.11876526257245217,0.11376896149015711,0.11790376377565412,0.1096341592046601,0.11784861273747935,0.12796785543866973,0.10772937003628895,0.1400167187412702,0.13258345962056148,0.14744997786197891,0.11262267594596141,0.11021532778932512,0.1150300241025977,0.09325405926440607,0.09179892523729148,0.09470919329152065,2015-2019,4
1343,KD,Antero Laukkanen,603,0.10858035959741551,0.10928895803630405,0.10787176115852697,0.11563778479681219,0.11965817967924859,0.1116173899143758,0.11146334930368751,0.11398198878515793,0.10894470982221707,0.10790840666731809,0.10086151271514288,0.1149553006194933,0.09240751422194018,0.08282321840769077,0.10199181003618958,0.1272788464034605,0.14596199760063416,0.1085956952062868,0.10568493619534294,0.10960014786169887,0.10176972452898703,0.10252453628140368,0.09698181376590906,0.1080672587968983,0.12851426653261938,0.12084218314821364,0.1361863499170251,2015-2019,4
1344,PS,Rami Lehto,126,0.10622393639451326,0.10160821628525223,0.1108396565037743,0.1284816697838186,0.116905333101701,0.1400580064659362,0.10049020857353269,0.11109793248775697,0.0898824846593084,0.11338823468170894,0.11370135033418413,0.11307511902923377,0.10858646954131455,0.09996042854619211,0.117212510536437,0.10375157607781861,0.10973063988582743,0.09777251226980979,0.09535589763959024,0.09547021423250597,0.0952415810466745,0.1096419599051321,0.11210833736933579,0.10717558244092842,0.134080047402571,0.13941754775724435,0.12874254704789764,2015-2019,4
1346,VIHR,Touko Aalto,490,0.12449233702626111,0.119939995039356,0.12904467901316624,0.1192838363212376,0.10861208533985856,0.12995558730261664,0.15838842004388293,0.15704170429816722,0.1597351357895986,0.088617045654337,0.09137340565825393,0.08586068565042007,0.13088524914740746,0.13454143345123143,0.12722906484358348,0.07169381650663931,0.07865579010935574,0.06473184290392289,0.0994204232031533,0.10280194320022022,0.09603890320608637,0.10570203871515937,0.10270022588283964,0.10870385154747912,0.101516833381922,0.10433341702071737,0.0987002497431266,2015-2019,4
1347,PS,Sampo Terho,133,0.1012625571609661,0.1021572737131023,0.1003678406088299,0.10470572689190741,0.11110222582455709,0.09830922795925774,0.1060614029273855,0.10966650167016787,0.10245630418460314,0.11608634011224464,0.10730945124664415,0.12486322897784512,0.10091189882455348,0.1024197124199209,0.09940408522918608,0.08665297054931388,0.08979799665439958,0.08350794444422818,0.10920133671817603,0.10454912540771273,0.11385354802863934,0.13188689783609137,0.13670974641360473,0.127064049258578,0.14323086897936155,0.1362879666498906,0.15017377130883247,2015-2019,4
1347,SIN,Sampo Terho,79,0.08275266423626428,0.08598581797799386,0.07951951049453469,0.09388688838594064,0.090340976213689,0.09743280055819228,0.11342738712248951,0.12786936548723069,0.09898540875774835,0.13711880693464834,0.12608976641890648,0.14814784745039022,0.0699288163924888,0.08047845426340601,0.05937917852157158,0.08704794980713373,0.08755579604499866,0.0865401035692688,0.13067260277885967,0.14032934232376068,0.12101586323395863,0.1534851765002275,0.14738803787261412,0.15958231512784088,0.13167970784194755,0.11396244339740051,0.14939697228649457,2015-2019,4
1348,KESK,Mikko Kärnä,199,0.09826324437283541,0.09696572948291851,0.09956075926275232,0.0949497800767173,0.09337655467416747,0.09652300547926712,0.10799351164070545,0.10963699044008561,0.1063500328413253,0.1299814594364267,0.13587934933933443,0.12408356953351893,0.104136145960427,0.0865135300206797,0.12175876190017429,0.11715404239442131,0.12347420527870707,0.11083387951013554,0.1322534182677324,0.13485260356402257,0.12965423297144224,0.10026269524714729,0.10389153061084029,0.09663385988345428,0.11500570260358714,0.11540950658924432,0.11460189861792995,2015-2019,4
1349,PS,Leena Meri,563,0.10892830303804213,0.10871562988551176,0.1091409761905725,0.12327089017221589,0.13177066362378567,0.1147711167206461,0.10119146665290067,0.1059007134745749,0.09648221983122644,0.10637962028028897,0.11009024737936719,0.10266899318121074,0.09139506670742226,0.11383121791690098,0.06895891549794352,0.11399112623569564,0.10991295834577233,0.11806929412561895,0.10549790072751958,0.09552269771832295,0.1154731037367162,0.10429866663891005,0.09942315737080645,0.10917417590701364,0.14504695954700483,0.12483271428495775,0.16526120480905193,2015-2019,4
1372,SIN,Matti Torvinen,57,0.10284595869499545,0.10103872590511717,0.10465319148487373,0.10488567892600256,0.09852838271913525,0.11124297513286989,0.09289555752061715,0.09548656095360517,0.09030455408762914,0.11173921478464931,0.10762874727394267,0.11584968229535594,0.08925799387348696,0.09716243297190758,0.08135355477506633,0.09611879424678399,0.10693721124810088,0.0853003772454671,0.12143158304560685,0.11694970144314065,0.12591346464807304,0.1469446435617708,0.1386368607130807,0.15525242641046091,0.1338805753460869,0.1376313767719699,0.13012977392020392,2015-2019,4
1374,RKP,Veronica Rehn-Kivi,68,0.1182270572045607,0.10103209514886194,0.13542201926025946,0.1052100051306103,0.10440912242193527,0.10601088783928532,0.119966512815362,0.11049767372758446,0.12943535190313954,0.09518728957659464,0.10676292447036459,0.0836116546828247,0.20975258758609383,0.22129847782382933,0.1982066973483583,0.10324927888462704,0.10820987216851612,0.09828868560073795,0.08655200060630502,0.08634210341131675,0.0867618978012933,0.07701018532740514,0.07588589011618013,0.07813448053863016,0.08484508286844145,0.08556184071141153,0.08412832502547135,2015-2019,4
1378,SDP,Pilvi Torsti,94,0.10368290458858614,0.0987057816726186,0.1086600275045537,0.13051532572835434,0.1330629240482252,0.1279677274084835,0.10758371742941625,0.1209387827897646,0.09422865206906789,0.0906608041206535,0.08816345254583219,0.09315815569547481,0.08623165003533026,0.09313289159275479,0.07933040847790575,0.10970544941576722,0.09294120946344062,0.12646968936809383,0.15489639336476785,0.14593750395212185,0.16385528277741385,0.1307446649180346,0.13491362326011674,0.12657570657595243,0.0859790903990898,0.0922038306751254,0.0797543501230542,2015-2019,4
1382,KESK,Hanna-Leena Mattila,40,0.1046990866900136,0.10303238132135015,0.10636579205867706,0.10147590761488978,0.10010791033056687,0.10284390489921269,0.12961346398297063,0.13045251310931386,0.1287744148566274,0.11290080333170677,0.09742346364110314,0.12837814302231038,0.09673622281429052,0.09671619926531896,0.09675624636326208,0.12374871857664795,0.12428967497159726,0.12320776218169863,0.11011005554962996,0.11239630969224898,0.10782380140701095,0.12191908762758946,0.12957282406559298,0.11426535118958596,0.09879665381226133,0.10600872360290776,0.0915845840216149,2015-2019,4
175,PS,Toimi Kankaanniemi,541,0.090761338789204,0.08409808839908578,0.09742458917932224,0.12293483598323415,0.12555820141915963,0.12031147054730866,0.09432633614237626,0.08884150301174346,0.09981116927300906,0.13700809362187974,0.15595055312396938,0.1180656341197901,0.09847203675789377,0.08680772161576772,0.11013635190001983,0.10030566817666142,0.1009711137353225,0.09964022261800036,0.12178143747806493,0.12333169930543382,0.12023117565069603,0.12002305101897233,0.12153297535696835,0.11851312668097631,0.1143872020317133,0.11290814403254923,0.11586626003087738,2015-2019,4
202,KESK,Seppo Kääriäinen,117,0.09808556722699419,0.09380540908629406,0.10236572536769431,0.11744366545058461,0.10922841326993224,0.125658917631237,0.09143130512460253,0.09660889198142418,0.08625371826778087,0.14187397543452102,0.14298899401338153,0.14075895685566053,0.0958574383875277,0.10248500513995984,0.08922987163509556,0.09341890055421054,0.09487943091692257,0.09195837019149852,0.10723948905977285,0.11099458879128228,0.1034843893282634,0.1300618385283573,0.1370748702215539,0.1230488068351607,0.12458782023342926,0.11193439657924938,0.13724124388760914,2015-2019,4
203,SDP,Riitta Myller,300,0.10913606973947312,0.11457483252302134,0.10369730695592491,0.10987374563214089,0.11415743288822593,0.10559005837605587,0.10187104957141685,0.10025971063446508,0.10348238850836862,0.13940424495071516,0.14079979767159678,0.13800869222983353,0.09641507742643517,0.10221518705712263,0.09061496779574771,0.11895788897707263,0.1118618375614144,0.12605394039273085,0.12499557023187721,0.12326934632910365,0.1267217941346508,0.09585763887583587,0.08647976573437063,0.10523551201730111,0.103488714595033,0.10638208960067944,0.10059533958938657,2015-2019,4
214,PS,Lea Mäkipää,163,0.08772911919924167,0.08683422279376098,0.08862401560472236,0.11220629185181083,0.10633081552961206,0.11808176817400959,0.09279558144123955,0.08451421015147524,0.10107695273100385,0.12598759959472308,0.1268276150652488,0.12514758412419735,0.08845230398183855,0.07994640554373435,0.09695820241994275,0.09264335407639336,0.08908952732543465,0.09619718082735207,0.10294275890876167,0.10050392301985771,0.10538159479766562,0.12685241268080918,0.14381962855817382,0.10988519680344455,0.1703905782651821,0.1821336520127024,0.15864750451766182,2015-2019,4
214,SIN,Lea Mäkipää,102,0.08781594184661512,0.08823721009255747,0.08739467360067277,0.10669052649382753,0.10109501252660358,0.11228604046105148,0.10445397752099224,0.0999631568402128,0.10894479820177168,0.1053716181916163,0.10683578284634847,0.10390745353688413,0.09771893933149656,0.10290839632585744,0.09252948233713569,0.09612952471516793,0.09818773652466942,0.09407131290566645,0.11678240501902533,0.11560020622216567,0.11796460381588499,0.14083057581872332,0.13972677834074568,0.141934373296701,0.14420649106253564,0.14744572028083944,0.14096726184423183,2015-2019,4
242,KESK,Pekka Puska,93,0.09541601817761092,0.0937695559342113,0.09706248042101055,0.11132464049531063,0.11362944171808431,0.10901983927253696,0.09656145535606975,0.09334712397802708,0.0997757867341124,0.13892040717253773,0.14290910660098438,0.13493170774409105,0.1117432854938652,0.13030540071132676,0.09318117027640363,0.10667746111633764,0.09395497595949848,0.11939994627317681,0.12007918171971714,0.12342608969337525,0.11673227374605903,0.10835375237211534,0.1056538337182554,0.11105367102597527,0.11092379809643572,0.10300447168623708,0.11884312450663437,2015-2019,4
259,KOK,Pertti Salolainen,126,0.09940705928912127,0.10216646577684178,0.09664765280140078,0.10683677775690299,0.09471657401724116,0.11895698149656482,0.10767246041210762,0.11138563579588381,0.10395928502833145,0.11064034400537115,0.12074674857115966,0.10053393943958264,0.09290882045191107,0.09237588841387588,0.09344175248994624,0.11329259198434566,0.10724272129081922,0.11934246267787212,0.11411917210441727,0.12544615088080008,0.10279219332803446,0.11440916435425047,0.10875687339238001,0.12006145531612092,0.14071360964157248,0.13716294186099842,0.14426427742214654,2015-2019,4
301,KOK,Ben Zyskowicz,691,0.1371735017884454,0.14034260304407237,0.1340044005328184,0.10888068592048367,0.09671566421491759,0.12104570762604974,0.11786010019345278,0.10375371367139011,0.13196648671551545,0.09314665486037935,0.09720893828866087,0.08908437143209781,0.08880206701373858,0.09498566327311117,0.082618470754366,0.075866252955828,0.07933031710805763,0.07240218880359837,0.12620552566013515,0.11783408543464649,0.1345769658856238,0.11680321525951472,0.126507746231169,0.10709868428786043,0.13526199634802238,0.14332126873397472,0.12720272396207005,2015-2019,4
356,KESK,Olli Rehn,96,0.10289797524330292,0.08935634727211261,0.11643960321449323,0.0874128474092525,0.09098445795615775,0.08384123686234723,0.12430744367439864,0.12017067068114513,0.12844421666765216,0.1820153788230788,0.1640496208847504,0.19998113676140722,0.0829672202782599,0.09725793717281231,0.06867650338370748,0.0639090911324234,0.06912925480345133,0.058688927461395465,0.14070213227904924,0.14128703781927762,0.14011722673882085,0.13879728076536707,0.14853492661541173,0.12905963491532238,0.07699063039486759,0.07922974679488118,0.07475151399485398,2015-2019,4
363,VIHR,Satu Hassi,411,0.11310522672210503,0.11688203563999038,0.10932841780421969,0.11065971403974245,0.1145375323373706,0.1067818957421143,0.13380944867954236,0.12703578609127336,0.14058311126781137,0.11597576533422868,0.11761323578886629,0.11433829487959106,0.10850081507648446,0.09762140580908779,0.11938022434388114,0.09860738542209677,0.1053002324141182,0.09191453843007533,0.1156192510385673,0.1155741325302273,0.11566436954690729,0.09466274380257134,0.10116143117234296,0.08816405643279973,0.10905964988466157,0.10427420821672306,0.11384509155260007,2015-2019,4
375,KESK,Markku Rossi,185,0.1132202502686957,0.11893544198423919,0.1075050585531522,0.10709795189634036,0.10061828885560806,0.11357761493707268,0.07375807772833858,0.08298019944522156,0.06453595601145559,0.15187393561058088,0.14714157294812544,0.15660629827303635,0.0845549599046027,0.09187878525750598,0.07723113455169942,0.11624927085935768,0.11333777599595651,0.11916076572275887,0.11455351269332233,0.10684288445742358,0.12226414092922107,0.12124501839664226,0.12462340797102371,0.11786662882226082,0.11744702264211956,0.113641643084896,0.12125240219934312,2015-2019,4
392,KESK,Olavi Ala-Nissilä,418,0.12840965385639472,0.13168520732602457,0.12513410038676487,0.09064690755824115,0.09530677044145032,0.08598704467503196,0.08167859082881959,0.08267232151239978,0.08068486014523941,0.15738384962244983,0.16816019455344128,0.14660750469145842,0.10516135597098075,0.09751631499024556,0.11280639695171595,0.09720553169407245,0.11086414901788195,0.08354691437026296,0.1426576444354193,0.12701579810288957,0.15829949076794905,0.10023478825165413,0.0945084213996806,0.10596115510362766,0.09662167778196806,0.09227082265598645,0.10097253290794969,2015-2019,4
402,KESK,Timo Kalli,153,0.11626007016601142,0.12476544187786949,0.10775469845415335,0.09855314971104821,0.09404837686414444,0.10305792255795199,0.09855650439293315,0.09862586152448302,0.09848714726138329,0.13192361928342802,0.12205054122047794,0.14179669734637812,0.11153752893248754,0.12163643654034029,0.1014386213246348,0.09358979155453101,0.09562139822714412,0.09155818488191789,0.1536407340339338,0.1615703994520108,0.1457110686158568,0.0910417482023139,0.07969105575376105,0.10239244065086672,0.10489685372331296,0.10199048853976889,0.10780321890685704,2015-2019,4
451,SDP,Tarja Filatov,345,0.14762725714524505,0.15521357812677808,0.14004093616371202,0.11238356942508287,0.11420170611179636,0.11056543273836938,0.13040195440662383,0.12869034288300596,0.1321135659302417,0.08727214825446378,0.09064876759700503,0.08389552891192253,0.08754577749678194,0.08402230535883588,0.09106924963472801,0.11513191788808438,0.1085351877817025,0.12172864799446625,0.12310671830119024,0.12471156915456141,0.12150186744781907,0.10778895035312189,0.11055007631810647,0.10502782438813729,0.08874170672940598,0.0834264666682083,0.09405694679060365,2015-2019,4
479,VAS,Annika Lapintie,64,0.10325263623100794,0.10754928727232047,0.09895598518969541,0.10684647938381402,0.10746941383039366,0.10622354493723438,0.09627292276668196,0.09337790836163504,0.09916793717172889,0.10464700147376749,0.10095948482117609,0.10833451812635889,0.10552230989990777,0.10687499110064565,0.1041696286991699,0.10489487597151548,0.11207220733428518,0.0977175446087458,0.0999149722102266,0.10336620894646212,0.0964637354739911,0.145566031357808,0.14213775161975994,0.14899431109585604,0.13308277070527075,0.12619274671332187,0.13997279469721963,2015-2019,4
499,KD,Päivi Räsänen,490,0.09772270304049702,0.10927422464376439,0.08617118143722965,0.11225432188213996,0.10604225463308932,0.1184663891311906,0.10029939898549928,0.10344331495840131,0.09715548301259724,0.11635800650986242,0.11280869576859068,0.11990731725113417,0.11752695081577379,0.10770059264742185,0.12735330898412572,0.12314694595932077,0.12664410166013731,0.11964979025850424,0.11531039069466381,0.11597652838682074,0.11464425300250689,0.11875378455624755,0.1151289714423033,0.1223785976701918,0.09862749755599541,0.10298131585947112,0.0942736792525197,2015-2019,4
507,VAS,Kari Uotila,288,0.11934368909580165,0.12295431207225926,0.11573306611934402,0.12935639992705988,0.12608914159191306,0.13262365826220673,0.118248741861113,0.11742748818048636,0.11906999554173965,0.1090658615130326,0.10326985988094602,0.11486186314511918,0.11783746945100523,0.12583068017367505,0.1098442587283354,0.10366378601726413,0.09152511303496567,0.11580245899956258,0.11065802938893746,0.11448174001616802,0.10683431876170688,0.09686298065223611,0.1041623001097686,0.08956366119470363,0.09496304209354992,0.094259364939818,0.09566671924728185,2015-2019,4
508,KESK,Anu Vehviläinen,242,0.1016610397592385,0.09917175956998063,0.10415031994849637,0.10719220886096867,0.11584512899456804,0.09853928872736928,0.0682721511090109,0.06495207601112825,0.07159222620689355,0.191271289419926,0.2039033461070355,0.17863923273281646,0.07286659710423554,0.07135336843142688,0.07437982577704419,0.10252387796088212,0.09865126556140315,0.1063964903603611,0.11550466432227122,0.11088415874266551,0.12012516990187694,0.12725365819204168,0.12841394164077635,0.126093374743307,0.11345451327142539,0.1068249549410157,0.1200840716018351,2015-2019,4
538,SDP,Tuula Haatainen,214,0.09978430589375153,0.10383975249169472,0.09572885929580834,0.1284235991739153,0.12079867599957272,0.13604852234825787,0.12719266836282228,0.11680572422814958,0.13757961249749495,0.09850724276279937,0.10195460131033043,0.0950598842152683,0.12176142850213552,0.13963572706292599,0.10388712994134505,0.08745061656708333,0.08054100065843543,0.09436023247573123,0.090100654049609,0.09319935390121932,0.08700195419799868,0.13862962239152538,0.13107378747824674,0.14618545730480398,0.10814986229635834,0.11215137686942507,0.10414834772329162,2015-2019,4
541,KESK,Juha Rehula,387,0.10083024863186092,0.09937647869757049,0.10228401856615135,0.14648870020054985,0.14519459769522738,0.14778280270587232,0.11545704014681077,0.1213028281489494,0.10961125214467216,0.13365628543705077,0.13888715018619716,0.12842542068790436,0.09342656356394435,0.0950222281004896,0.09183089902739909,0.08792570645575744,0.08202124695881571,0.09383016595269916,0.11566143381456981,0.10978703985856056,0.12153582777057906,0.1125858781405335,0.11745776385987708,0.10771399242118991,0.09396814360892264,0.09095066649431265,0.09698562072353262,2015-2019,4
565,SDP,Susanna Huovinen,121,0.11792625279238325,0.11239753639069161,0.12345496919407488,0.1237403032693324,0.11345100761772334,0.13402959892094146,0.11970745034943323,0.12405284310752356,0.11536205759134291,0.1226706900069148,0.11361575669254924,0.13172562332128035,0.0867362306790504,0.09225525951216966,0.08121720184593115,0.12020012404035825,0.10748455780217017,0.13291569027854633,0.11747542578505668,0.12398123447201133,0.11096961709810205,0.08448411745530537,0.08634844980333942,0.08261978510727133,0.10705940562216565,0.12641335460182174,0.08770545664250957,2015-2019,4
582,KESK,Jari Leppä,177,0.08012528095617498,0.07826683866754763,0.08198372324480233,0.08545599098828438,0.09263393707386966,0.07827804490269911,0.103851206536513,0.09971920266795684,0.10798321040506915,0.20040456127886075,0.20214952208087103,0.19865960047685044,0.09332989891458648,0.09789381486446283,0.08876598296471014,0.09727881949547346,0.09912846929477855,0.09542916969616838,0.15090424565528388,0.14761741365200537,0.15419107765856238,0.0991041107695138,0.10218871964534595,0.09601950189368164,0.08954588540530936,0.08040208205316227,0.09868968875745646,2015-2019,4
583,KESK,Mika Lintilä,97,0.10735438636028516,0.1210663744022624,0.09364239831830791,0.09365875960639311,0.09288629713773715,0.09443122207504906,0.09830564122493818,0.10544955254602302,0.09116172990385335,0.13818711515853904,0.13837386208666325,0.13800036823041484,0.07949319023298002,0.07970081788098575,0.07928556258497428,0.09011294789599708,0.08241917907035835,0.09780671672163581,0.13609082922103077,0.1251517893487012,0.14702986909336035,0.14500731642064307,0.14443734302819924,0.14557728981308687,0.11178981387919357,0.11051478449906964,0.11306484325931751,2015-2019,4
592,KESK,Antti Rantakangas,139,0.0898134934284964,0.10010848988754006,0.07951849696945272,0.11841957257610441,0.128155006737386,0.10868413841482283,0.08201981519983373,0.09009322837233234,0.0739464020273351,0.16805164152643512,0.14816050530285654,0.1879427777500137,0.10226460420819355,0.09809869498200988,0.10643051343437723,0.08677197687640574,0.08042833513655392,0.09311561861625756,0.15998090866514353,0.16039781813908466,0.15956399919120237,0.09730714203816962,0.09899349178988281,0.09562079228645644,0.09537084548121794,0.09556442965235376,0.09517726131008213,2015-2019,4
612,KOK,Sari Sarkomaa,271,0.09282279140365757,0.09955469791299074,0.0860908848943244,0.11821002454812107,0.12574432388339807,0.11067572521284408,0.11570037426269658,0.12347628911308664,0.10792445941230651,0.14969570217074102,0.15978677438066471,0.13960462996081732,0.11633891314287145,0.1018442888280932,0.1308335374576497,0.10951870509501321,0.10130567080936934,0.11773173938065709,0.11527427796620178,0.11470551674517018,0.11584303918723338,0.08773477136676369,0.0868695296414874,0.08860001309203998,0.09470444004393361,0.0867129086857397,0.1026959714021275,2015-2019,4
767,PS,Timo Soini,236,0.09614722709730172,0.1003151244776204,0.09197932971698305,0.10084005368085064,0.09914775063223921,0.10253235672946207,0.10266843492748132,0.10970339215471861,0.09563347770024402,0.12307918569288026,0.1231892348722988,0.12296913651346171,0.10855321779868891,0.09816015405811082,0.11894628153926701,0.09354414258077201,0.09061038598983243,0.09647789917171161,0.13767393507733816,0.13973698525842732,0.13561088489624903,0.1099438596888932,0.10908493596416806,0.11080278341361835,0.12754994345579376,0.1300520365925844,0.12504785031900312,2015-2019,4
767,SIN,Timo Soini,84,0.07384568261317553,0.07428240211205789,0.0734089631142932,0.09996982251604589,0.10393537377412596,0.0960042712579658,0.10181328231736272,0.10597886712676849,0.09764769750795696,0.13803743783461536,0.13535353991212712,0.14072133575710358,0.09147402843375142,0.09761526753205357,0.08533278933544927,0.10538907844837886,0.09072658956637678,0.12005156733038096,0.1491777465197578,0.14805887050117778,0.1502966225383378,0.10481637599540045,0.10941736699375282,0.10021538499704807,0.135476545321512,0.13463172248155958,0.13632136816146442,2015-2019,4
768,SDP,Eero Heinäluoma,731,0.12082352635664059,0.10279864463713062,0.13884840807615056,0.1250589393129657,0.12596407518529706,0.12415380344063434,0.08795230366858796,0.081416940661955,0.09448766667522092,0.12061846049003312,0.12631940676289227,0.11491751421717397,0.08960923684887079,0.0942692081182124,0.08494926557952917,0.09142349852528173,0.09395299570860177,0.08889400134196167,0.11916939470986534,0.12603529291799004,0.11230349650174065,0.11134213581684493,0.11566028269627882,0.10702398893741105,0.13400250427090982,0.133583153311642,0.13442185523017763,2015-2019,4
769,RKP,Mikaela Nylander,122,0.10072665760709337,0.09519961898417141,0.10625369623001532,0.09525924569222845,0.0922019822720575,0.09831650911239939,0.1266358543840722,0.133928812065117,0.1193428967030274,0.10582852896790171,0.11102853496818102,0.1006285229676224,0.1610615994332484,0.15032313843751233,0.1718000604289845,0.10824358605140508,0.1110089806076705,0.10547819149513964,0.11483914330979975,0.13102823895084317,0.09865004766875632,0.08520576062548643,0.07690022701818458,0.09351129423278827,0.10219962392876464,0.09838046669626252,0.10601878116126677,2015-2019,4
772,KESK,Antti Kaikkonen,130,0.10279644125624812,0.10274082032778287,0.10285206218471339,0.09447204133589146,0.08691710906169427,0.10202697361008864,0.09076375187233235,0.08820604757314761,0.09332145617151709,0.14384491971278557,0.13829207741304203,0.14939776201252913,0.0947680598254046,0.0896586412209284,0.0998774784298808,0.09272252821295565,0.09113708157005627,0.09430797485585503,0.12932756290883743,0.1331088564706799,0.12554626934699495,0.12927874111953658,0.13284380936891732,0.12571367287015583,0.12202595375600822,0.13709555699375137,0.10695635051826509,2015-2019,4
778,KD,Sari Essayah,637,0.11432419939391342,0.1349451189857262,0.09370327980210064,0.13536543657437755,0.14145791479030903,0.12927295835844607,0.09535997156326792,0.10631392205993447,0.08440602106660139,0.11372162672691388,0.10104494243565243,0.12639831101817534,0.09510891469706689,0.09209187249533043,0.09812595689880335,0.1250024210496924,0.11692127313856973,0.13308356896081508,0.11156883319291483,0.11675793730126974,0.10637972908455992,0.09298022306999396,0.08224294936208768,0.10371749677790025,0.11656837373185913,0.10822406943112033,0.12491267803259795,2015-2019,4
779,KESK,Esko Kiviranta,233,0.08592568872299247,0.0798245628752136,0.09202681457077136,0.09836042330300203,0.11089184478329435,0.08582900182270971,0.09485832710352049,0.08932673247450454,0.10038992173253644,0.12035662229216548,0.10752788216775884,0.13318536241657214,0.11984951873914013,0.12513385401173965,0.11456518346654058,0.09412240026109747,0.0926481822203764,0.09559661830181855,0.11738714599883375,0.11116317023641147,0.12361112176125603,0.1433059503967052,0.1482878069819653,0.13832409381144511,0.12583392318254294,0.13519596424873584,0.11647188211635004,2015-2019,4
784,KOK,Arto Satonen,183,0.10519170134544364,0.10626890605347253,0.10411449663741476,0.13097735028474122,0.1335784627200027,0.12837623784947977,0.08535727390284163,0.07872486702727347,0.0919896807784098,0.13884289242029313,0.13769914323597354,0.13998664160461274,0.08244569021344642,0.0835082141671094,0.08138316625978344,0.0965947105333147,0.09321323168711246,0.09997618937951692,0.14512308882163932,0.14827889216421192,0.14196728547906673,0.09977981600028427,0.09985405679460148,0.09970557520596704,0.11568747647799565,0.11887422615024254,0.11250072680574878,2015-2019,4
786,KESK,Mikko Alatalo,108,0.0715814839461269,0.07084714799772687,0.07231581989452694,0.08456168575320067,0.07998056068478616,0.08914281082161517,0.0934040234487491,0.09692891652909419,0.089879130368404,0.1867337341142281,0.17849725498927332,0.19497021323918293,0.08702232942521915,0.08906212767918638,0.0849825311712519,0.09395825285135431,0.09654869222354504,0.09136781347916359,0.11464878718041344,0.11241410818572128,0.11688346617510559,0.12971464076981448,0.13668972353879721,0.12273955800083176,0.13837506251089388,0.1390314681718696,0.13771865684991813,2015-2019,4
790,KESK,Kimmo Tiilikainen,338,0.08673254744418202,0.08261347991186696,0.09085161497649706,0.09582436016991908,0.09772682863514745,0.09392189170469069,0.11374648210808419,0.1086003482697899,0.1188926159463785,0.17119498711357592,0.1770331109979456,0.16535686322920623,0.08090277156086167,0.0750712848755625,0.08673425824616085,0.09052962426577815,0.10451545865725578,0.07654378987430052,0.12888903352367295,0.1297003632120512,0.1280777038352947,0.12039306363933336,0.12622902234510447,0.11455710493356226,0.11178713017459269,0.09851010309527623,0.12506415725390913,2015-2019,4
791,SDP,Anneli Kiljunen,405,0.13047791125124156,0.12741980426082006,0.13353601824166306,0.15542901348900223,0.15601954397377554,0.15483848300422892,0.11482054135440403,0.10833723140932527,0.1213038512994828,0.11065763167604883,0.10572458868539776,0.11559067466669992,0.10090850476119811,0.11220975097694982,0.0896072585454464,0.10899190867617004,0.11564799158524877,0.1023358257670913,0.10800453233719504,0.1001596321971108,0.11584943247727927,0.07043059708610211,0.0689802599992418,0.07188093417296243,0.10027935936863797,0.10550119691213015,0.09505752182514579,2015-2019,4
796,KESK,Eero Reijonen,62,0.08381675016025655,0.08114161411278045,0.08649188620773264,0.10780117029170022,0.11014177416727777,0.10546056641612267,0.09255337862349243,0.09067473907993659,0.09443201816704827,0.20021946558896417,0.1895106981047674,0.21092823307316094,0.08555245224782274,0.09000788177833281,0.08109702271731264,0.0876255234005889,0.08677374737142357,0.08847729942975426,0.13587527826814966,0.14531764310586792,0.12643291343043137,0.0926581207969336,0.09411805712758273,0.09119818446628447,0.1138978606220917,0.11231384515203066,0.11548187609215273,2015-2019,4
797,KESK,Hannu Hoskonen,971,0.09238572040951604,0.09402212097961274,0.09074931983941935,0.12381586702701586,0.1253007701933351,0.1223309638606966,0.1002777299433846,0.08767067377014595,0.11288478611662325,0.14028509227677005,0.14735238816340987,0.1332177963901302,0.09135220110623135,0.0981813900167222,0.08452301219574052,0.0771753019611762,0.07032094425139016,0.08402965967096224,0.1401619552013746,0.142222632894287,0.13810127750846218,0.09965544229418741,0.09609164573181403,0.10321923885656079,0.13489068978034396,0.138837433999283,0.13094394556140496,2015-2019,4
800,KESK,Tapani Tölli,69,0.10513390132764255,0.10564980840169853,0.10461799425358656,0.11831229180757435,0.10753469072285853,0.12908989289229017,0.10315776712142063,0.10888072691058479,0.09743480733225648,0.13147132507026957,0.13103087210783507,0.13191177803270407,0.09963380718489798,0.10125310603731016,0.09801450833248579,0.10533996086446673,0.09645766454968716,0.11422225717924632,0.1273161941216191,0.12494677255691525,0.12968561568632295,0.10415250577298779,0.10799658671069914,0.10030842483527642,0.10548224672912127,0.11624977200241135,0.09471472145583117,2015-2019,4
802,VAS,Markus Mustajärvi,190,0.1454419484026328,0.1495099015549357,0.14137399525032987,0.13605500002517495,0.13645794102815353,0.1356520590221964,0.11304069686553879,0.10850298822590074,0.11757840550517684,0.08983685797720126,0.09513063180813482,0.08454308414626768,0.09334634735281852,0.07328377926468835,0.1134089154409487,0.08655305729068535,0.08913594639427255,0.08397016818709814,0.08947212515211989,0.09886892794014152,0.08007532236409824,0.1335639421038429,0.13381655994509553,0.13331132426259026,0.11269002482998551,0.11529332383867716,0.11008672582129386,2015-2019,4
808,SDP,Jutta Urpilainen,40,0.08692615249123584,0.08553887866046787,0.0883134263220038,0.1319033756017064,0.14001892646423197,0.12378782473918082,0.12735129587536942,0.11962942985692401,0.13507316189381485,0.10032231218319843,0.09880984830657516,0.10183477605982168,0.14609182669021775,0.15288449598309536,0.13929915739734014,0.08864841593483155,0.09060430186451227,0.08669253000515083,0.12241579098205196,0.1217741800960906,0.12305740186801331,0.10172897322896701,0.09913484671722819,0.10432309974070583,0.09461185701242167,0.09160509205087453,0.0976186219739688,2015-2019,4
811,KESK,Aila Paloniemi,206,0.09400182231728875,0.09939547368686406,0.08860817094771344,0.10843473841826562,0.10662882648097774,0.11024065035555349,0.1313079803019115,0.1238624945520584,0.13875346605176456,0.11175494801019645,0.12028368307150053,0.10322621294889237,0.10515376552881563,0.11104069008198318,0.09926684097564807,0.10131887894202132,0.0989194008749865,0.10371835700905614,0.1288408551489485,0.11742693460250257,0.1402547756953944,0.10042605031143273,0.10097562785441774,0.0998764727684477,0.11876096102111958,0.12146686879470929,0.11605505324752985,2015-2019,4
856,PS,Jussi Niinistö,63,0.07851361415849326,0.08032801946631332,0.07669920885067319,0.08713991214033438,0.08328816717434344,0.09099165710632533,0.08785851273010276,0.08935599725894246,0.08636102820126305,0.1240071014540873,0.12838663734579217,0.11962756556238245,0.08221371627928739,0.08517309037101944,0.07925434218755532,0.08593216577236512,0.07828133587927066,0.09358299566545956,0.12880605401972312,0.12498202318191991,0.1326300848575263,0.18828627348571478,0.18404522107575813,0.19252732589567143,0.1372426499598919,0.1461595082466405,0.1283257916731433,2015-2019,4
856,SIN,Jussi Niinistö,50,0.07777195423058578,0.08202797008020102,0.07351593838097052,0.07920918161048444,0.0768925516152766,0.08152581160569229,0.08310639804050013,0.08598835418669223,0.08022444189430804,0.12711571746860362,0.10864685020703994,0.14558458473016728,0.08791839459085304,0.09925177863904322,0.07658501054266285,0.085474663559202,0.0917143172474959,0.07923500987090809,0.11953432398934766,0.11046504287000021,0.1286036051086951,0.19878071863410957,0.1995331495041383,0.19802828776408082,0.1410886478763138,0.14547998565011253,0.13669731010251512,2015-2019,4
887,SDP,Sirpa Paatero,286,0.12986613378212114,0.13107478448082893,0.12865748308341335,0.12107697376675075,0.11365227642992752,0.12850167110357397,0.08420813089594496,0.09311925469211088,0.07529700709977905,0.13679707477835373,0.14366123671232195,0.12993291284438552,0.0791999282908881,0.0796298401131553,0.07877001646862089,0.12261684797283817,0.12139257372509253,0.12384112222058381,0.10804049266208501,0.1119586948243548,0.10412229049981522,0.0964514001103137,0.08931939374319975,0.10358340647742763,0.1217430177407045,0.11619194527900838,0.12729409020240062,2015-2019,4
910,RKP,Stefan Wallin,130,0.11585239647908976,0.11578910746728066,0.11591568549089888,0.10956197851703542,0.10789548071840036,0.1112284763156705,0.11519128316139013,0.11860918559440799,0.11177338072837228,0.09205563133416653,0.09022026711208693,0.09389099555624614,0.14603588015363422,0.1596486337505098,0.13242312655675867,0.10308471474101337,0.09531926964317325,0.11085015983885349,0.11036125401283137,0.10441758213209715,0.1163049258935656,0.101585761379068,0.10063532538723333,0.10253619737090267,0.10627110022177122,0.1074651481948106,0.10507705224873183,2015-2019,4
914,VIHR,Outi Alanko-Kahiluoto,341,0.1640870984969261,0.1607043800037505,0.16746981699010172,0.1357751898080404,0.1384277268699958,0.133122652746085,0.13214956636126374,0.11540002028240834,0.14889911244011916,0.08965750877119497,0.09323709161320541,0.08607792592918452,0.10215701718485243,0.1104342452894296,0.09387978908027524,0.10956852017771312,0.10841662146684294,0.1107204188885833,0.09539727113999426,0.0973789354368685,0.09341560684312002,0.08452281791261443,0.08278772402450044,0.08625791180072843,0.08668501014740049,0.09321325501299839,0.08015676528180257,2015-2019,4
917,VAS,Paavo Arhinmäki,429,0.12698387242989703,0.12717947414812442,0.12678827071166965,0.16155705758944933,0.1728741083320436,0.150240006846855,0.14651545912819186,0.14552185164022208,0.14750906661616164,0.07517155540645604,0.06828814944131571,0.08205496137159637,0.10249464155251056,0.11126828837736802,0.09372099472765309,0.07249522672197597,0.07349140272522835,0.07149905071872362,0.11029537372545646,0.10777798801227079,0.11281275943864214,0.10241631848198549,0.09482208411204626,0.1100105528519247,0.10207049496407726,0.09877665321138075,0.10536433671677377,2015-2019,4
921,VIHR,Johanna Karimäki,347,0.08261150263293501,0.08096503957335612,0.0842579656925139,0.12159959646467203,0.11757316683367844,0.12562602609566562,0.12215209210197515,0.11900081405425711,0.1253033701496932,0.13102344813951877,0.1280292781970431,0.13401761808199442,0.12179321399399953,0.13065394663099852,0.11293248135700054,0.12640407535871045,0.13367730395132457,0.11913084676609631,0.09316823869402757,0.09460550960840229,0.09173096777965284,0.08288271028089518,0.07657883192449866,0.0891865886372917,0.11836512233326629,0.11891610922644107,0.11781413544009152,2015-2019,4
923,RKP,Thomas Blomqvist,46,0.10437257140870897,0.10696405344885737,0.10178108936856056,0.10551230893114097,0.10554736356036092,0.10547725430192104,0.12419466098035446,0.1368682503010485,0.11152107165966044,0.09354629479230722,0.09097699101335288,0.09611559857126156,0.18679262644705338,0.15910522684063175,0.21448002605347502,0.07913825803755307,0.0838337705316981,0.07444274554340805,0.08536186275278121,0.07982773281538749,0.09089599269017493,0.10778067636269936,0.12061948725772413,0.09494186546767458,0.11330074028740136,0.11625712423093879,0.11034435634386393,2015-2019,4
925,KESK,Markku Pakkanen,354,0.08175204692151468,0.08034572240846545,0.08315837143456391,0.09582168246872513,0.09935574123938358,0.0922876236980667,0.07343452502800238,0.07148429753369734,0.07538475252230742,0.15853651955271844,0.15282245349128848,0.1642505856141484,0.09208787094847817,0.08202486981759308,0.10215087207936327,0.11344797691087745,0.11645686232381994,0.11043909149793496,0.12071935928487998,0.11818830899012597,0.12325040957963398,0.1320338529020303,0.13810418914643555,0.125963516657625,0.13216616598277348,0.14121755504919065,0.12311477691635633,2015-2019,4
926,SDP,Maria Guzenina,137,0.11171483404955321,0.11268710988048905,0.11074255821861738,0.14932822190175493,0.14871050669924007,0.1499459371042698,0.11939047859515471,0.12177640534849196,0.11700455184181746,0.10310156026932571,0.0989980509660927,0.10720506957255871,0.10966625957442316,0.1060832097193676,0.11324930942947871,0.10556254330561937,0.09578933228580638,0.11533575432543235,0.10096577786433684,0.11171316618972371,0.09021838953894998,0.08261539376335866,0.08603144482265565,0.07919934270406168,0.11765493067647342,0.11821077408813292,0.11709908726481391,2015-2019,4
930,VIHR,Heli Järvinen,266,0.14407623687908733,0.14071978625964204,0.1474326874985326,0.12982914150703784,0.13069101355304677,0.12896726946102893,0.11920530246772706,0.11670327797401006,0.12170732696144408,0.10818796447904015,0.11379256230189924,0.10258336665618106,0.10186820699034566,0.11214967896901888,0.09158673501167243,0.08699632072417798,0.08625806064821973,0.08773458080013623,0.11649008703650271,0.10468822523492649,0.12829194883807893,0.08960106625273637,0.08950916568366604,0.0896929668218067,0.10374567366334492,0.10548822937557076,0.10200311795111908,2015-2019,4
931,SDP,Maarit Feldt-Ranta,111,0.14096762507816168,0.12580046569058895,0.1561347844657344,0.14152031543529547,0.13932350991168352,0.1437171209589074,0.11506030650305381,0.1164279506905475,0.11369266231556012,0.1182128667737181,0.1247977315222557,0.1116280020251805,0.11212869341205883,0.10784963784461132,0.11640774897950634,0.07046648386893321,0.07157526078356743,0.06935770695429899,0.11100670986496639,0.11032668161804478,0.11168673811188798,0.09291082988192294,0.10180126052753521,0.08402039923631066,0.09772616918188953,0.10209750141116544,0.09335483695261364,2015-2019,4
934,KOK,Sanna Lauslahti,172,0.10978361775692116,0.09633469025465416,0.12323254525918818,0.11943021534664366,0.12594912186250548,0.11291130883078185,0.1122948886616374,0.12305294622299072,0.10153683110028408,0.12939932253329356,0.12493424090156943,0.13386440416501766,0.1028507026071869,0.09495790816253738,0.11074349705183642,0.0747216437110636,0.07207142734118256,0.07737186008094463,0.1507846882672585,0.15592756143233327,0.14564181510218374,0.09829003356211291,0.10182941459647273,0.09475065252775311,0.10244488755388224,0.10494268922575423,0.09994708588201026,2015-2019,4
935,KOK,Eero Lehti,155,0.10061111882454123,0.10487585114505074,0.09634638650403171,0.1086324415974882,0.11061685371979801,0.10664802947517837,0.10938203253035031,0.10499779068430481,0.11376627437639582,0.12098499997673451,0.12142698306860848,0.12054301688486053,0.08776377217946557,0.08854252173981111,0.08698502261912001,0.10785702122371682,0.10564216665777326,0.11007187578966038,0.12469389777696756,0.1232397815843217,0.12614801396961342,0.10848279704346843,0.10499780642075865,0.11196778766617821,0.1315919188472674,0.1356602449795732,0.12752359271496158,2015-2019,4
938,KESK,Hannakaisa Heikkinen,294,0.11272937862700005,0.11393869924851616,0.11152005800548395,0.12571334959275965,0.12933836164020132,0.12208833754531798,0.12193036180381858,0.11982009536012847,0.12404062824750868,0.11803320296316593,0.11350984903894779,0.12255655688738407,0.10068079078428024,0.10402493443545094,0.09733664713310955,0.1069583579111626,0.10980263485423492,0.10411408096809027,0.11379854752607985,0.10363912965426017,0.12395796539789954,0.09620894071709411,0.09764316171062676,0.09477471972356147,0.10394707007463903,0.10828313405763353,0.09961100609164454,2015-2019,4
939,KESK,Elsi Katainen,117,0.09884985240574912,0.10428002124356753,0.0934196835679307,0.13965691361627874,0.13265319313262777,0.14666063409992974,0.10126440556922844,0.10523414734429248,0.09729466379416442,0.15209245593883186,0.1498742391913092,0.15431067268635454,0.09926856992246111,0.09325394364906045,0.10528319619586177,0.08935358003077709,0.09345412874577676,0.08525303131577741,0.11246115144160687,0.11176058983444229,0.11316171304877147,0.09877948711694282,0.10361219249549762,0.09394678173838802,0.10827358395812389,0.10587754436342597,0.11066962355282181,2015-2019,4
940,KOK,Outi Mäkelä,133,0.0997696261924759,0.1015133856791622,0.09802586670578961,0.1019913679220032,0.10999673671506702,0.09398599912893937,0.09424275253848784,0.08538513478473121,0.10310037029224446,0.11541074259747827,0.11008712725040101,0.12073435794455552,0.1041185059793903,0.09791306340329947,0.11032394855548114,0.1432586353070741,0.13214785736403897,0.15436941325010922,0.11076334507710642,0.10851687626287457,0.11300981389133827,0.11092976843207147,0.11846356733963274,0.10339596952451022,0.11951525595391253,0.13597625120079287,0.10305426070703219,2015-2019,4
941,RKP,Anna-Maja Henriksson,220,0.10917678782745743,0.1109763749974916,0.10737720065742325,0.1154537204912684,0.11682277311041225,0.11408466787212454,0.11834403884067887,0.11495534773913778,0.12173272994221998,0.10406822410815036,0.10239326776715332,0.1057431804491474,0.16131695173139965,0.1608127741208183,0.16182112934198103,0.09342736732448496,0.09697524540492448,0.08987948924404544,0.10181663599374495,0.10583898207367015,0.09779428991381975,0.09535273830427182,0.09199157350540245,0.09871390310314118,0.10104353537854355,0.09923366128098962,0.10285340947609747,2015-2019,4
943,RKP,Mats Nylund,57,0.10330507416919044,0.11482764174343477,0.0917825065949461,0.08597807342591299,0.08762418170974787,0.0843319651420781,0.11531725829015849,0.12805246203376522,0.10258205454655174,0.11308880702275967,0.10923076817589712,0.1169468458696222,0.15880657986337515,0.14346507734906228,0.17414808237768803,0.1122664681524978,0.12139870789569278,0.10313422840930284,0.11205335242651404,0.10677107849770744,0.11733562635532066,0.09448794346906861,0.08704986805875929,0.10192601887937794,0.10469644318052282,0.10158021453593329,0.10781267182511234,2015-2019,4
946,KESK,Tuomo Puumala,142,0.11846460261800018,0.11401404514885219,0.12291516008714817,0.1260807157938565,0.12643091924069252,0.12573051234702046,0.10524914409181385,0.11004886962246749,0.10044941856116021,0.11327044688207616,0.10243771612809387,0.12410317763605846,0.08689136918501103,0.08817443237292924,0.08560830599709282,0.10138272682524005,0.10528855438107024,0.09747689926940986,0.1488350224498468,0.1545847292545131,0.14308531564518054,0.10658690364123999,0.10321844802469445,0.10995535925778555,0.09323906851291539,0.09580228582668684,0.09067585119914393,2015-2019,4
947,KOK,Petteri Orpo,618,0.1294471225735204,0.11413512386418083,0.14475912128285998,0.10043639814647007,0.10790968801931444,0.09296310827362568,0.09076784987822686,0.09137998938148544,0.0901557103749683,0.14918273134620447,0.14359028584413602,0.15477517684827288,0.07424733751345874,0.06828094805696537,0.0802137269699521,0.07932420131172827,0.0741122413490484,0.08453616127440813,0.15990417560664583,0.16785676767045238,0.1519515835428393,0.11990414626653584,0.13339993290565716,0.1064083596274145,0.09678603735720956,0.09933502290876002,0.09423705180565908,2015-2019,4
948,KOK,Anne-Mari Virolainen,76,0.08966956722871569,0.08879739410824597,0.09054174034918543,0.08915004362089976,0.08584143209413489,0.09245865514766462,0.13829210393090036,0.1501227076096922,0.1264615002521085,0.12120401450169233,0.1158734899541474,0.12653453904923725,0.10595345493881954,0.10092984874198999,0.11097706113564909,0.0951813828851387,0.10139149485945764,0.08897127091081976,0.14547847848817264,0.15338744221033923,0.13756951476600604,0.08711402121218181,0.08992013106510126,0.08430791135926236,0.12795693319347917,0.11373605935689139,0.14217780703006694,2015-2019,4
952,SDP,Katja Taimela,198,0.10058974655332398,0.09749056972334127,0.10368892338330667,0.13715394720360985,0.12400135614228444,0.15030653826493529,0.11863887776985627,0.11814945795499235,0.11912829758472017,0.11473533743971756,0.1106817301611172,0.11878894471831794,0.10314761898476693,0.10617541254363057,0.10011982542590328,0.09503100697862993,0.1033584255888416,0.08670358836841827,0.08937212338673375,0.09721395840829541,0.08153028836517211,0.12204487468825306,0.1201947546087627,0.12389499476774342,0.11928646699510868,0.1227343348687345,0.11583859912148287,2015-2019,4
953,KESK,Anne Kalmari,233,0.0878011780676625,0.08560741891038938,0.08999493722493562,0.1027540532698879,0.11261108652900183,0.09289702001077396,0.10895475428735041,0.1085347075072746,0.10937480106742621,0.15016471328700814,0.143415262642081,0.1569141639319353,0.09621092834775913,0.09173449170005298,0.10068736499546527,0.10454204792698223,0.10265408520634609,0.10643001064761837,0.12471211517287763,0.1306764517564863,0.11874777858926897,0.10181856383958915,0.09416002840455959,0.10947709927461871,0.12304164580088292,0.1306064673438082,0.11547682425795762,2015-2019,4
954,SDP,Ilkka Kantola,119,0.0999181205236109,0.10477158865652814,0.09506465239069367,0.1045086312837101,0.10674896810909248,0.1022682944583277,0.1071810596478183,0.11728309441867071,0.09707902487696589,0.10984988872688922,0.09710630695408022,0.12259347049969824,0.08814257808741904,0.08516847874713972,0.09111667742769837,0.12489793578362408,0.13206945151524024,0.11772642005200792,0.12474111920919638,0.12405410259746674,0.12542813582092602,0.1090939891003899,0.10619890661861131,0.11198907158216849,0.13166667763734202,0.12659910238317043,0.1367342528915136,2015-2019,4
956,VIHR,Ville Niinistö,331,0.12189050757098217,0.12138772408471563,0.12239329105724872,0.13539924015858665,0.13653290675572227,0.13426557356145102,0.18446037109359908,0.1851902609581891,0.1837304812290091,0.09071326974678881,0.0976450935844939,0.08378144590908373,0.10535775335502445,0.10373831326438783,0.10697719344566106,0.07958339744305284,0.0726397839054408,0.08652701098066487,0.1084008052509999,0.11015036573030357,0.10665124477169625,0.08894399174608597,0.08950899840461787,0.08837898508755407,0.08525066363488007,0.08320655331212894,0.0872947739576312,2015-2019,4
959,KESK,Timo V. Korhonen,212,0.09075416039722581,0.09038057935140988,0.09112774144304174,0.1074785164175523,0.11108557252638016,0.10387146030872443,0.0844092074948918,0.08445610514624821,0.08436230984353538,0.1824264978564254,0.19284216838294108,0.1720108273299097,0.0992114790651965,0.10784097423360513,0.0905819838967879,0.10740895354316948,0.10191749838809223,0.11290040869824673,0.12315301316547778,0.11766546791996835,0.1286405584109872,0.11331730290944164,0.10754124210428224,0.11909336371460104,0.09184086915061929,0.08627039194707271,0.09741134635416587,2015-2019,4
960,SDP,Krista Kiuru,488,0.14911603859387915,0.15446510013655365,0.14376697705120464,0.1772498245687868,0.17554431313941368,0.17895533599815988,0.1031692204987721,0.10037086300927633,0.10596757798826786,0.10520762533955047,0.10316770747498669,0.10724754320411427,0.09389487605820704,0.08636679510735731,0.10142295700905675,0.08231043828621927,0.07990407321387019,0.08471680335856835,0.11963513656844293,0.13038740007958688,0.108882873057299,0.08204577962226317,0.07811775374590621,0.08597380549862015,0.08737106046387907,0.09167599409304908,0.08306612683470906,2015-2019,4
967,KOK,Timo Heinonen,926,0.09082206444465793,0.09054070447624132,0.09110342441307454,0.09905882624568535,0.09590369294942679,0.10221395954194393,0.09935345158116393,0.09612191297267808,0.10258499018964977,0.13021072410242718,0.1246183141555202,0.13580313404933414,0.0764671868276296,0.08752513769947093,0.06540923595578826,0.0906105339452245,0.06812175130788833,0.11309931658256067,0.14730342463424384,0.16182842639068357,0.13277842287780411,0.12909323160216984,0.12032820166900278,0.1378582615353369,0.13708055661679783,0.15501185837908796,0.11914925485450771,2015-2019,4
971,SDP,Johanna Ojala-Niemelä,255,0.12155114064985241,0.12528868018780465,0.11781360111190017,0.13004751578907944,0.12964243947393794,0.13045259210422094,0.12897343478287526,0.11399980892970607,0.14394706063604443,0.11437818653237594,0.1122932864830272,0.1164630865817247,0.09065624225693014,0.08940851580777745,0.09190396870608285,0.1023754218158911,0.11329501451517573,0.09145582911660646,0.09732741302948668,0.09243856730303471,0.10221625875593865,0.10133961564935326,0.11025882781260907,0.09242040348609747,0.11335102949415574,0.11337485948692719,0.1133271995013843,2015-2019,4
972,KOK,Harri Jaskari,136,0.1277460791551304,0.14070229029050985,0.11478986801975093,0.11115470787055487,0.11588769327607754,0.1064217224650322,0.11657882699410543,0.12389671750932436,0.1092609364788865,0.15127851598717973,0.1299110714603733,0.17264596051398612,0.09274302870832912,0.09945576348146083,0.08603029393519743,0.07658700237150448,0.07197352838252044,0.08120047636048854,0.1400801667994297,0.14482191966332944,0.13533841393552992,0.08870549954348117,0.08115995293754387,0.09625104614941846,0.09512617257028513,0.0921910629988604,0.09806128214170987,2015-2019,4
1041,PS,Vesa-Matti Saarakkala,71,0.09509029974628459,0.09254845769012715,0.09763214180244204,0.10685006545261509,0.11861726502073036,0.09508286588449982,0.0869177857384089,0.08436361092131207,0.08947196055550573,0.1018268783809892,0.0934251189098158,0.11022863785216261,0.09985443594213056,0.09824687004123861,0.10146200184302252,0.1244812509715726,0.11234231812066439,0.1366201838224808,0.11144465731360467,0.11486151004769685,0.10802780457951248,0.12024548541992312,0.12263655522822312,0.11785441561162313,0.1532891410344712,0.16295829402019152,0.14361998804875087,2015-2019,5
1056,KOK,Kalle Jokinen,135,0.12349090980125921,0.12533307989507544,0.12164873970744298,0.11086380867843948,0.10771336069201702,0.11401425666486194,0.10102257736234624,0.10540995919662136,0.09663519552807112,0.1114963358833154,0.11048818530439097,0.1125044864622398,0.09141561135646017,0.08691761408213874,0.0959136086307816,0.10651871361587048,0.11352847145948383,0.09950895577225713,0.12552905716058024,0.11917258176073302,0.13188553256042748,0.11613558763809309,0.11794398395113728,0.1143271913250489,0.11352739850363566,0.11349276365840236,0.11356203334886897,2015-2019,5
1087,SDP,Merja Mäkisalo-Ropponen,555,0.11195208644219343,0.11722951217729087,0.106674660707096,0.13319302072765116,0.14008749752340235,0.1262985439319,0.15265598715927658,0.16548062422258877,0.13983135009596442,0.08956431841921292,0.0814961446283051,0.09763249221012076,0.09465240890773488,0.09673691834581907,0.0925678994696507,0.12802655880182526,0.11574495207115405,0.14030816553249645,0.09944239940914981,0.09595343231029094,0.10293136650800867,0.09627264089731977,0.10086515614339567,0.09168012565124387,0.09424057923563608,0.08640576257775308,0.1020753958935191,2015-2019,5
1088,PS,Hanna Mäntylä,82,0.09077034708627457,0.09084254679914691,0.09069814737340222,0.12046845981336252,0.127579675028834,0.11335724459789102,0.09070850184032409,0.09810705360590473,0.08330995007474343,0.1487379577621742,0.14475509506279396,0.1527208204615544,0.10611893705091824,0.09852878253830326,0.11370909156353323,0.11368506630375043,0.10107992434436552,0.12629020826313533,0.11763263763119483,0.11596595807507329,0.11929931718731637,0.11742442606249753,0.12031193693831936,0.11453691518667572,0.09445366644950362,0.10282902760725902,0.08607830529174823,2015-2019,5
1091,PS,Martti Mölsä,42,0.09983272416670416,0.10058128535638393,0.09908416297702438,0.10605690639387608,0.10888336868362807,0.10323044410412408,0.12126719205793371,0.10800776167280016,0.13452662244306726,0.1448213831128829,0.15440084106913893,0.13524192515662684,0.10369284566971501,0.09459324635757718,0.11279244498185285,0.07054028329533722,0.07023781899091616,0.07084274759975828,0.10031891382157132,0.09765461190383287,0.10298321573930977,0.12186449961356557,0.1383476529608927,0.10538134626623848,0.13160525186841404,0.12729341300483005,0.13591709073199804,2015-2019,5
1092,PS,Mika Niikko,366,0.11606896393439765,0.11156350652061764,0.12057442134817767,0.12612256132597965,0.12127668591728755,0.1309684367346718,0.09855650073008598,0.09820413504772726,0.0989088664124447,0.09509715332782426,0.09321634914218713,0.0969779575134614,0.09799524808231458,0.0973147202727527,0.09867577589187644,0.10794723881411303,0.12045957669643245,0.0954349009317936,0.10623728300704066,0.10659006215379148,0.10588450386028983,0.11491181806571403,0.11585497304628238,0.11396866308514568,0.13706323271253013,0.1355199912029214,0.13860647422213884,2015-2019,5
1093,PS,Juho Eerola,150,0.10866061660404987,0.1053998375806399,0.11192139562745984,0.11311017332832601,0.10724964367912129,0.11897070297753072,0.09552697902389268,0.09108605654573732,0.09996790150204804,0.09703275797879753,0.10793259217472109,0.08613292378287396,0.09175363236515456,0.09928369960944021,0.08422356512086891,0.08929287914471512,0.08645852684329065,0.09212723144613957,0.11463985394496662,0.11368511242961257,0.11559459546032065,0.14539897004752306,0.13595514206169682,0.1548427980333493,0.14458413756257454,0.15294938907574013,0.136218886049409,2015-2019,5
1094,KOK,Markku Eestilä,355,0.12350619295437112,0.12452770170535907,0.12248468420338318,0.12404066530544142,0.11870396945414666,0.12937736115673618,0.09699667075202013,0.10729711090224459,0.08669623060179568,0.12818492090923728,0.13391083485278774,0.12245900696568679,0.08113362906617777,0.08438075280390527,0.07788650532845028,0.08773851292856119,0.08459224560928656,0.0908847802478358,0.0849951163305291,0.08301383586027562,0.08697639680078258,0.12038601808869792,0.11335512587318226,0.1274169103042136,0.15301827366496407,0.1502184229388122,0.15581812439111592,2015-2019,5
1096,PS,Ritva Elomaa,382,0.10697722697118608,0.11538977479414517,0.09856467914822702,0.11152524407418253,0.09128904250183309,0.13176144564653197,0.1058048734312308,0.10464027036966499,0.10696947649279662,0.10785875518010511,0.12517810706516092,0.09053940329504931,0.09520950494443947,0.10988347967575349,0.08053553021312546,0.0996876413148391,0.09773406071940818,0.10164122191027003,0.11345638732433358,0.1197184809528137,0.10719429369585347,0.12152367607581605,0.10865289929536906,0.13439445285626303,0.13795669068386723,0.12751388462585142,0.14839949674188307,2015-2019,5
1097,VAS,Aino-Kaisa Pekonen,197,0.11821544079456658,0.13707476161417487,0.09935611997495832,0.140974843285052,0.1544989345610787,0.1274507520090253,0.12406717614823277,0.13314762036815858,0.11498673192830697,0.08723054679485788,0.06879851213798577,0.10566258145172999,0.1310331824453423,0.12877721725710015,0.1332891476335844,0.11832039326298331,0.11120721039641882,0.1254335761295478,0.09105368348029055,0.08152925647829616,0.10057811048228496,0.08179243342313305,0.08060556575866117,0.08297930108760496,0.10731230036554153,0.10436092142812581,0.11026367930295725,2015-2019,5
1098,KOK,Jaana Pelkonen,87,0.10068558406261423,0.10031336983422257,0.10105779829100589,0.10286718161542947,0.10777161706748548,0.09796274616337347,0.11323876653834758,0.11634107355037182,0.11013645952632334,0.09878079650676497,0.09886540813212023,0.0986961848814097,0.11048005762786317,0.1040218917164238,0.11693822353930253,0.08389645143897052,0.0858485652697294,0.08194433760821165,0.1318457701370951,0.13650840065550748,0.12718313961868272,0.11741681217396632,0.11254609937648105,0.12228752497145161,0.1407885798989486,0.1377835743976581,0.1437935854002391,2015-2019,5
1099,SDP,Eeva-Johanna Eloranta,194,0.10682530597685738,0.10853311956940223,0.10511749238431253,0.13265377745872645,0.11639578166145625,0.14891177325599664,0.13825130806143293,0.12463252808700487,0.15187008803586097,0.09199092559443472,0.0942105314010571,0.08977131978781236,0.12280917979087418,0.12777151519801339,0.11784684438373497,0.10711167478325312,0.11009373340831803,0.1041296161581882,0.10534872850027271,0.10519762167446231,0.10549983532608312,0.09149913263711743,0.09707729460432832,0.08592097066990653,0.10350996719703118,0.11608787439595755,0.09093205999810479,2015-2019,5
1100,KOK,Sanni Grahn-Laasonen,466,0.07270300475571696,0.0685298945842924,0.07687611492714153,0.11262930714778596,0.10821393426799583,0.11704468002757609,0.09481522139857271,0.08715948447505088,0.10247095832209452,0.15125884321546695,0.15413489272778907,0.14838279370314483,0.11488795338422728,0.11762454363511868,0.11215136313333589,0.08973237812993518,0.08783779868872163,0.09162695757114872,0.13452552266586465,0.13895042700791566,0.13010061832381364,0.14100212924502847,0.14255617552865033,0.1394480829614066,0.08844564005740188,0.09499284908446558,0.08189843103033818,2015-2019,5
1101,KESK,Arto Pirttilahti,168,0.07266358043056398,0.07490383861702168,0.07042332224410629,0.09959803524889667,0.08959425923208063,0.10960181126571271,0.07703676247532373,0.082205599689225,0.07186792526142247,0.15704603657619542,0.15876009498038807,0.1553319781720028,0.07895922149351015,0.09012059483243824,0.06779784815458206,0.1011757059049492,0.09657811720703083,0.10577329460286758,0.11311296074446436,0.11738965500811802,0.10883626648081071,0.15921851016783478,0.15764325468025359,0.160793765655416,0.14118918695826166,0.1328045857534439,0.14957378816307945,2015-2019,5
1102,SDP,Kristiina Salonen,218,0.1185357630668844,0.12592446242601213,0.11114706370775669,0.13224597533769905,0.11418118321886025,0.15031076745653785,0.11746096200620934,0.11334521668898585,0.12157670732343281,0.11697816024975045,0.11719999647932795,0.11675632402017296,0.09782694577150362,0.09459040052665618,0.10106349101635106,0.11527976141424762,0.12870727007043706,0.10185225275805816,0.11298911993345233,0.11676964846949323,0.10920859139741143,0.07652784625619867,0.07549315703424336,0.07756253547815398,0.11215546596405448,0.11378866508598395,0.110522266842125,2015-2019,5
1106,KESK,Mikko Savola,230,0.08401333598423705,0.08472114244577875,0.08330552952269536,0.09917079217973698,0.09912644983619034,0.09921513452328361,0.08328252559592228,0.076369485182592,0.09019556600925258,0.17270708635759702,0.16715755469178967,0.17825661802340437,0.07445798926955594,0.07065052404661161,0.07826545449250025,0.09267294694833703,0.08982989669420427,0.09551599720246977,0.1506792606180974,0.1548588748576718,0.146499646378523,0.11309458106562126,0.11827382815286669,0.10791533397837583,0.1299214819808951,0.13901224409229487,0.12083071986949531,2015-2019,5
1107,PS,Teuvo Hakkarainen,297,0.10041816581137744,0.10778688843912061,0.09304944318363427,0.10870196302572124,0.11436159120024916,0.10304233485119334,0.10875844805538976,0.10334797307061619,0.11416892304016332,0.1315710021522704,0.12199528615529198,0.1411467181492488,0.08706355724784298,0.08360290100143751,0.09052421349424844,0.08854911423323975,0.09217197225158989,0.0849262562148896,0.11489041989178644,0.10973326072911634,0.12004757905445655,0.10911227664532622,0.1084510829511693,0.10977347033948315,0.15093505293704573,0.158549044201409,0.14332106167268246,2015-2019,5
1108,KESK,Juha Sipilä,663,0.08510657626315478,0.07874507031012679,0.09146808221618277,0.11858090830966045,0.11708488986811989,0.120076926751201,0.11141503119160037,0.12221178731564775,0.10061827506755298,0.13441634953617268,0.13524319064414259,0.13358950842820277,0.0913974472311224,0.10095849765190916,0.08183639681033565,0.09364163537537759,0.0982619492224905,0.08902132152826467,0.1493959097784779,0.1374327733166287,0.1613590462403271,0.10806989696450303,0.09903982322488164,0.11709997070412441,0.10797624534993078,0.11102201844605294,0.10493047225380862,2015-2019,5
1111,KOK,Eero Suutari,195,0.11108691979973026,0.11326079115211456,0.10891304844734598,0.11725461687296283,0.11610550176885256,0.1184037319770731,0.09276188790322433,0.08144696248887216,0.1040768133175765,0.12792859460055403,0.1323535861724997,0.12350360302860837,0.0842532779912896,0.08117274093593639,0.08733381504664278,0.09404593180545094,0.09504956124422173,0.09304230236668015,0.1046318331327807,0.11164060625361771,0.09762306001194368,0.12771216793485196,0.12836986027601865,0.12705447559368524,0.14032476995915535,0.14060038970786648,0.14004915021044423,2015-2019,5
1116,PS,Maria Tolppanen,118,0.10551395102744487,0.0976563027034723,0.11337159935141747,0.0974719337213914,0.10317223179556174,0.09177163564722106,0.08511496388018401,0.08613832863080059,0.08409159912956743,0.11021658050090116,0.1033109701781871,0.11712219082361523,0.10901376120773906,0.10563305898177774,0.11239446343370037,0.11607272571720931,0.12398849299623649,0.10815695843818211,0.12430081115032887,0.12664263845192625,0.1219589838487315,0.0962355211657604,0.09211382527477348,0.1003572170567473,0.1560597516290409,0.16134415098726423,0.15077535227081756,2015-2019,5
1116,SDP,Maria Tolppanen,315,0.12157742729925497,0.11635012012294473,0.1268047344755652,0.12183185891321655,0.1405886648467328,0.1030750529797003,0.0861571063892216,0.09077791890413381,0.08153629387430938,0.10610749994613895,0.10078772032301693,0.11142727956926098,0.11453312905947755,0.10048523562567298,0.12858102249328213,0.11309612632015453,0.11275449748031278,0.1134377551599963,0.10796867572715049,0.11047698990364671,0.10546036155065426,0.10395859936963428,0.10199016482836194,0.10592703391090663,0.12476957697575108,0.12578868796517734,0.12375046598632485,2015-2019,5
1118,KOK,Kari Tolvanen,103,0.08562185330573613,0.08466598419750486,0.08657772241396741,0.08590329426125623,0.08437168316757081,0.08743490535494167,0.0913157594215983,0.08351146395277083,0.09912005489042576,0.11559486957345981,0.12434638479374154,0.10684335435317809,0.09170912575819418,0.08735284784661271,0.09606540366977566,0.12921550481906743,0.11734884634510008,0.14108216329303477,0.10411304817009412,0.101503727385683,0.10672236895450524,0.1364744629239481,0.15186212564773005,0.12108680020016618,0.16005208176664568,0.16503693666328612,0.15506722687000524,2015-2019,5
1119,PS,Reijo Hongisto,78,0.10068234917527949,0.09951557503774686,0.10184912331281212,0.0894951721514568,0.0864687533776632,0.09252159092525042,0.10984451073032094,0.11629181094909291,0.10339721051154896,0.10292163505819046,0.10103788040286918,0.10480538971351176,0.10470685391050065,0.09776142111624025,0.11165228670476104,0.1100538439307408,0.12070255384817301,0.09940513401330858,0.12438457893641217,0.13014860091615563,0.11862055695666869,0.13437360305365015,0.1349039196314244,0.13384328647587587,0.12353745305344857,0.11316948472063462,0.13390542138626252,2015-2019,5
1119,SIN,Reijo Hongisto,86,0.09825830804483536,0.0971145563295236,0.09940205976014713,0.10288146044476851,0.11363387255016306,0.09212904833937396,0.10273392854119866,0.10435944252416182,0.1011084145582355,0.10031957185504266,0.09863846162153317,0.10200068208855215,0.10436123011318141,0.11805609364473699,0.09066636658162583,0.10891012824437128,0.11049025305822921,0.10733000343051335,0.11606206913147435,0.12156182218442683,0.11056231607852185,0.14256759128563873,0.11744776966980157,0.16768741290147587,0.12390571233948905,0.11869772841742376,0.12911369626155433,2015-2019,5
1120,KESK,Ari Torniainen,267,0.07925453967626571,0.0758937169910234,0.08261536236150802,0.09707636570316372,0.09244531607468563,0.10170741533164182,0.08932353240734485,0.0807375927020787,0.097909472112611,0.1735558567006193,0.18243757077076944,0.16467414263046912,0.09872255494426746,0.10927647622464613,0.0881686336638888,0.1172867137260503,0.10514526065144356,0.12942816680065705,0.16134605362618032,0.16919381948316584,0.15349828776919477,0.10731403606008985,0.10562458089138826,0.10900349122879145,0.07612034715601851,0.07924566621079901,0.072995028101238,2015-2019,5
1121,SDP,Lauri Ihalainen,154,0.10989620727001251,0.1042975233321171,0.1154948912079079,0.12132584290545112,0.11313297792872375,0.1295187078821785,0.12131971792454782,0.12041203842875652,0.12222739742033913,0.12863437847128628,0.12884530914097045,0.12842344780160214,0.09808974324550909,0.10416076605541343,0.09201872043560476,0.08105232378759045,0.08512760411583174,0.07697704345934916,0.12307641953747875,0.12799814152022965,0.11815469755472785,0.12021895524522017,0.11980739553162031,0.12063051495882,0.09638641161290384,0.0962182439463371,0.0965545792794706,2015-2019,5
1122,PS,Olli Immonen,65,0.11175435924125691,0.11466734845752755,0.10884137002498628,0.1001663655294556,0.10331679772707417,0.09701593333183704,0.11865591991665703,0.12386868211068029,0.11344315772263378,0.08971812732547972,0.08043829090200878,0.09899796374895066,0.09449406954778458,0.10253197936949368,0.08645615972607548,0.09049837563777192,0.09234010030564957,0.08865665096989428,0.11613582215336847,0.10747951929204758,0.12479212501468936,0.111439121580105,0.10873015158725481,0.11414809157295518,0.16713783906812074,0.16662713024826356,0.16764854788797795,2015-2019,5
1124,PS,Ari Jalonen,98,0.09625590428245288,0.09904183028557656,0.09346997827932921,0.11501966336542185,0.09897217220922722,0.1310671545216165,0.09974173341864918,0.09842045883988948,0.10106300799740889,0.10522810943338984,0.11781484468449369,0.09264137418228599,0.09545691118776278,0.10253007970903409,0.08838374266649149,0.09619202496213351,0.09332717172851504,0.09905687819575199,0.1359572267449588,0.13710922945801454,0.1348052240319031,0.12196665290679357,0.12013634669255946,0.12379695912102769,0.1341817736984376,0.13264786639268997,0.13571568100418524,2015-2019,5
1124,SIN,Ari Jalonen,97,0.09077134314019622,0.09485712477353624,0.08668556150685619,0.10153713022738406,0.0998903013435849,0.10318395911118321,0.1049487918926319,0.11354631129003308,0.0963512724952307,0.1395756456531943,0.13804478638538692,0.14110650492100169,0.10516070301448086,0.11624706963567381,0.09407433639328791,0.09825645531409835,0.08453736084380577,0.11197554978439095,0.12679595759524914,0.12502612408339736,0.12856579110710092,0.11777280459861314,0.11010975961256242,0.12543584958466386,0.11518116856415209,0.11774116203201959,0.1126211750962846,2015-2019,5
1126,SDP,Tytti Tuppurainen,221,0.12956651111635253,0.13667210789206302,0.12246091434064202,0.12592596205819037,0.11788625922706505,0.1339656648893157,0.13584828575873947,0.1452329136183748,0.12646365789910416,0.11516098206654471,0.10783925220593842,0.12248271192715102,0.10634211379589353,0.10343473553698994,0.10924949205479713,0.08577195990114128,0.09188178985824434,0.07966212994403822,0.10455935308718978,0.09810883487566599,0.11100987129871356,0.09733277316710756,0.08914015354463653,0.10552539278957859,0.09949205904884081,0.10980395324102195,0.08918016485665967,2015-2019,5
1128,PS,Kaj Turunen,196,0.10341445139608378,0.10411680219918862,0.10271210059297894,0.11742710633092869,0.1063108424364356,0.12854337022542178,0.10115926156946885,0.1086757863175496,0.0936427368213881,0.11884659383952745,0.11194992661600382,0.1257432610630511,0.09437957303747044,0.09131339028830968,0.09744575578663121,0.10420766547446142,0.10705360456056603,0.10136172638835679,0.11809120700474499,0.12175171209984537,0.11443070190964459,0.13021976310408823,0.1381622248886374,0.12227730131953907,0.11225437824322615,0.11066571059346386,0.11384304589298844,2015-2019,5
1128,SIN,Kaj Turunen,64,0.11378089444478265,0.11377071144730708,0.11379107744225822,0.12832141314482667,0.12534118740443903,0.13130163888521432,0.10647106395978106,0.10536705096804377,0.10757507695151836,0.10263053176813312,0.11288362027571963,0.09237744326054662,0.10322738043751675,0.10307146174151657,0.10338329913351692,0.10723475043045996,0.10406469319985975,0.11040480766106016,0.12575458362309805,0.1176734417522177,0.13383572549397843,0.10606993970996798,0.10438115009345181,0.10775872932648416,0.10650944248143368,0.11344668311744457,0.09957220184542279,2015-2019,5
1129,PS,Arja Juvonen,426,0.09925393235017244,0.09852337464573895,0.09998449005460593,0.10912951482786648,0.10645130529342792,0.11180772436230504,0.08295508147580116,0.07608264539942941,0.0898275175521729,0.10958563926936485,0.10114456521534117,0.11802671332338852,0.08550048348384534,0.0788409251537058,0.09216004181398488,0.12829041511827055,0.1489336717707685,0.1076471584657726,0.11376524602676817,0.11044745828498341,0.11708303376855293,0.12905760200427352,0.12249355957488439,0.13562164443366262,0.14246208544363748,0.15708249466172042,0.12784167622555456,2015-2019,5
1131,KOK,Sinuhe Wallinheimo,181,0.10622506570019162,0.11135753542585351,0.10109259597452973,0.10746113130354218,0.10884136158125693,0.10608090102582743,0.0931873910919107,0.09501793332022429,0.0913568488635971,0.12369911834571029,0.1211530534969117,0.12624518319450886,0.09515528686169919,0.09779783674504124,0.09251273697835714,0.09825688079267325,0.09231088777907878,0.10420287380626772,0.1261679966185601,0.12328942578441995,0.1290465674527002,0.12807718038936866,0.13406335371484862,0.12209100706388869,0.12176994889634404,0.116168612152365,0.12737128564032307,2015-2019,5
1135,KOK,Pia Kauma,72,0.09054479741630297,0.08984816436361814,0.09124143046898779,0.11799723868799142,0.12573460063144515,0.11025987674453767,0.09510637526789142,0.09951103838921194,0.09070171214657093,0.1087755125705045,0.09634609905006045,0.12120492609094854,0.11704582549140884,0.11126291135744212,0.12282873962537555,0.1324802475112225,0.1330291619677429,0.13193133305470214,0.12306549311087792,0.12220829917836451,0.12392268704339134,0.10819140295250186,0.1127716942123131,0.10361111169269062,0.10679310699129849,0.10928803084980168,0.1042981831327953,2015-2019,5
1136,PS,Ville Vähämäki,118,0.09714658650350999,0.10208613856969398,0.092207034437326,0.11805296046024842,0.11955018857770716,0.11655573234278968,0.09284944960671598,0.10388783516178308,0.08181106405164887,0.12338104203278183,0.11543140346178422,0.13133068060377945,0.11569441435011424,0.1087181680669532,0.12267066063327528,0.10535423046113532,0.10502556469822896,0.10568289622404166,0.1121620174625482,0.11358372980449934,0.11074030512059707,0.1139062346907167,0.1123947676229903,0.11541770175844308,0.12145306443222932,0.11932220403635974,0.1235839248280989,2015-2019,5
1138,PS,Kimmo Kivelä,159,0.1211008615005946,0.12406697597451699,0.11813474702667219,0.10649481843257953,0.10672052635327933,0.10626911051187973,0.09867814759672389,0.09372035707562902,0.10363593811781875,0.11995573284598085,0.11028532353072698,0.12962614216123472,0.11260348781018595,0.11710685858022955,0.10810011704014236,0.10740089744690359,0.10773292731289949,0.10706886758090768,0.11944286150970154,0.11970735444679137,0.1191783685726117,0.09505727832698192,0.08955007446650667,0.10056448218745717,0.1192659145303481,0.1311096022594205,0.10742222680127571,2015-2019,5
1138,SIN,Kimmo Kivelä,129,0.12090068256448602,0.11601592900294162,0.12578543612603044,0.11567569307312714,0.12388950030022153,0.10746188584603274,0.11314267743147091,0.10946181273768443,0.11682354212525739,0.1188134853992795,0.12843679228619284,0.10919017851236615,0.12028332758989635,0.12093765204850179,0.11962900313129092,0.08360019745646108,0.08573618467807684,0.08146421023484533,0.11803061376877957,0.12105166305575783,0.11500956448180133,0.09282007157128809,0.08768748596640456,0.09795265717617162,0.11673325114521135,0.10678297992421852,0.12668352236620417,2015-2019,5
1142,KOK,Jukka Kopra,159,0.09839511108665236,0.09205650176801099,0.10473372040529375,0.10735043641769237,0.11232500100513727,0.10237587183024748,0.09424122013455152,0.09677241371613614,0.09171002655296691,0.13686970297719275,0.14233000753005695,0.13140939842432853,0.08094514623287208,0.0762019563551498,0.08568833611059434,0.11426984685722667,0.11224455621241207,0.11629513750204128,0.1240770922578168,0.12338162861489792,0.12477255590073569,0.11983550963800058,0.12168867228763539,0.11798234698836577,0.12401593439799488,0.12299926251056355,0.12503260628542623,2015-2019,5
1144,SDP,Suna Kymäläinen,198,0.1277158461961701,0.13244907975860837,0.12298261263373185,0.1318748740417815,0.12519301770472946,0.1385567303788335,0.12142793834716012,0.12979877321561273,0.11305710347870752,0.10216374630723285,0.10147018970045336,0.10285730291401232,0.09872760803008943,0.10591088023445776,0.09154433582572111,0.10697382084117826,0.1079157262136455,0.10603191546871102,0.10268644416187406,0.09603784980064697,0.10933503852310114,0.09955689002749105,0.10899690043049506,0.09011687962448703,0.10887283204702268,0.09222758294135083,0.12551808115269453,2015-2019,5
1146,PS,Jari Lindström,307,0.10746503912458126,0.11105131208285728,0.10387876616630524,0.11455789024746263,0.10748022811743156,0.12163555237749371,0.08896901878105165,0.08416582823284904,0.09377220932925426,0.11649159074793422,0.12203249574995627,0.11095068574591216,0.09894616942968504,0.09831129384479138,0.0995810450145787,0.07761092469253167,0.07741688566385821,0.07780496372120513,0.12745554891802438,0.13469264015668006,0.1202184576793687,0.1434870933341607,0.14201231477957763,0.14496187188874382,0.12501672472456843,0.12283700137199852,0.12719644807713837,2015-2019,5
1146,SIN,Jari Lindström,217,0.09092638562413981,0.08372717631267551,0.0981255949356041,0.1325439854242651,0.1375970848755493,0.1274908859729809,0.09628321578342278,0.09952306670469557,0.09304336486214997,0.1373707455535003,0.1508216852333591,0.12391980587364149,0.09558439814258199,0.09964718528108776,0.0915216110040762,0.07705858053532617,0.07486949064544082,0.07924767042521152,0.11674695302015739,0.10608908046084779,0.127404825579467,0.14168112086123819,0.13801361210557414,0.1453486296169022,0.11180461505536834,0.10971161838077001,0.11389761172996668,2015-2019,5
1147,SDP,Antti Lindtman,603,0.12473315653451769,0.13208595347438215,0.11738035959465325,0.17211264363997247,0.17526302849869008,0.16896225878125487,0.11999816590490361,0.11413808055737747,0.12585825125242978,0.09034263286920732,0.09305097618293537,0.08763428955547929,0.12899890388652635,0.12804452929602855,0.12995327847702415,0.07108566723091148,0.06766789936558701,0.07450343509623594,0.09886139890830876,0.10439129002340342,0.09333150779321411,0.08877289402787387,0.08255656855807376,0.09498921949767399,0.10509453699777847,0.10280167404352229,0.10738739995203465,2015-2019,5
1149,KESK,Markus Lohi,230,0.11940676043766184,0.11779458831987055,0.12101893255545312,0.12767691871514214,0.12680825833382883,0.12854557909645548,0.09413053021483325,0.09707791041707539,0.09118315001259111,0.1209600592346596,0.10614735548721503,0.13577276298210417,0.09227773835458869,0.10478697071791605,0.07976850599126131,0.09806885543658128,0.10025998742764944,0.09587772344551312,0.12371634773714317,0.11626876991505189,0.13116392555923445,0.0952969356273876,0.10077655984400365,0.08981731141077155,0.12846585424200235,0.13007959953738912,0.1268521089466156,2015-2019,5
1150,PS,Anne Louhelainen,70,0.09507146635667454,0.10299822429860002,0.08714470841474906,0.08082560354927953,0.08084478034813528,0.0808064267504238,0.11345408597404869,0.11113675323093486,0.1157714187171625,0.14797306070934113,0.1580814510973409,0.1378646703213414,0.10803766508206308,0.09749974253897085,0.1185755876251553,0.07941312371914619,0.080453106256908,0.07837314118138437,0.11774584403671083,0.11849903346080146,0.1169926546126202,0.12900870503559903,0.13387864677478406,0.124138763296414,0.12847044553713696,0.11660826199352461,0.1403326290807493,2015-2019,5
1152,PS,Pirkko Mattila,148,0.09458792353591806,0.09434337650334078,0.09483247056849535,0.09226863464823044,0.08558297854265214,0.09895429075380875,0.10058097007708014,0.10937815510468234,0.09178378504947793,0.16540051559818325,0.16515537023830723,0.1656456609580593,0.08908343433660945,0.08167712884658417,0.09648973982663474,0.09284703336195577,0.09067829118915241,0.09501577553475912,0.09448832061165702,0.08928508334816226,0.09969155787515176,0.13659485468813265,0.15422458400050626,0.11896512537575901,0.13414831314223324,0.12967503222661242,0.13862159405785407,2015-2019,5
1152,SIN,Pirkko Mattila,114,0.09266651274932153,0.09756222792083272,0.08777079757781034,0.08391112843037432,0.08003432735141039,0.08778792950933825,0.11641002287381635,0.12598371880746395,0.10683632694016876,0.13376695530858396,0.13989519887954519,0.1276387117376227,0.08255290187778752,0.07977343797952775,0.08533236577604729,0.10277770107098114,0.10620838123805225,0.09934702090391001,0.09500306785968295,0.0913035100396935,0.09870262567967239,0.175715665092071,0.16357372520191565,0.18785760498222637,0.11719604473738124,0.11566547258155853,0.11872661689320396,2015-2019,5
1153,VAS,Silvia Modig,205,0.14935270018434108,0.1651232094140128,0.13358219095466936,0.11347571134384676,0.11297449763220549,0.11397692505548804,0.12805137737887556,0.13146296007105848,0.12463979468669262,0.09632520190849084,0.09634765940084382,0.09630274441613786,0.11340219572131542,0.10988985020289085,0.11691454123973999,0.0901160515003506,0.08139330329420008,0.09883879970650111,0.11460011127135111,0.10890462659529287,0.12029559594740935,0.08390606313967772,0.07639915750096535,0.0914129687783901,0.1107705875517509,0.11750473588853023,0.10403643921497155,2015-2019,5
1154,VAS,Jari Myllykoski,720,0.11472194844635696,0.12672843850889054,0.10271545838382337,0.12161969875363134,0.11490071304587393,0.12833868446138874,0.08371384237029442,0.08695874690552124,0.08046893783506759,0.12998197399659173,0.13204322304924815,0.1279207249439353,0.09135428652302109,0.0796141961842042,0.10309437686183798,0.09927728666721497,0.09777200457742945,0.10078256875700049,0.11744297567802184,0.12110276416059237,0.11378318719545129,0.10996932162294762,0.10703965038440469,0.11289899286149056,0.13191866594192003,0.13384026318383538,0.1299970687000047,2015-2019,5
1155,VAS,Anna Kontula,333,0.11935170219823234,0.11045063107747552,0.12825277331898916,0.11432357574413252,0.11525987026088225,0.11338728122738277,0.13219176735704163,0.13509339141012514,0.12929014330395813,0.09072101317925521,0.0861579353215295,0.09528409103698093,0.10627724910280148,0.10514564759991976,0.1074088506056832,0.10681927267064326,0.11002834565881899,0.10361019968246754,0.1029660197415781,0.10590930180883203,0.10002273767432417,0.10878455714831506,0.10775568913109206,0.10981342516553805,0.11856484285800042,0.1241991877313248,0.11293049798467607,2015-2019,5
1157,KESK,Annika Saarikko,536,0.11766414685236853,0.1135240724459973,0.12180422125873976,0.12367211823645835,0.12518259152481187,0.12216164494810482,0.12461184810659122,0.11017176813570581,0.13905192807747663,0.12546391402106893,0.12926824239746598,0.12165958564467187,0.09259892650772211,0.0980485453529499,0.0871493076624943,0.10321663328930186,0.10352660556537305,0.10290666101323068,0.11061323410631504,0.11401848393730189,0.10720798427532821,0.10706369141620081,0.10501820533982016,0.10910917749258145,0.09509548746397319,0.10124148530057404,0.08894948962737233,2015-2019,5
116,SDP,Jukka Gustafsson,317,0.09950380504962969,0.10672188642579712,0.09228572367346227,0.12030319347040176,0.12106906642070155,0.11953732052010198,0.10297831670080329,0.10265253281634912,0.10330410058525748,0.0979745735586244,0.09713723855395187,0.09881190856329694,0.13276484814230927,0.12401038349270015,0.1415193127919184,0.11404799988476914,0.10218988669411708,0.1259061130754212,0.13816045541357225,0.14193417470480982,0.1343867361223347,0.09812854939760463,0.10067570574522322,0.09558139304998604,0.09613825838228551,0.10360912514635004,0.08866739161822099,2015-2019,5
118,VIHR,Pekka Haavisto,145,0.09882449422725817,0.09279127048134492,0.10485771797317142,0.10833595178798719,0.11584031772011114,0.10083158585586324,0.09757893117497085,0.08529280839056982,0.10986505395937188,0.11643599874242824,0.1179862283312745,0.11488576915358199,0.10962696789344051,0.11448608794928536,0.10476784783759566,0.12372651534226861,0.11932785897340081,0.1281251717111364,0.1337234448375986,0.13957803713149242,0.12786885254370478,0.11449222429099346,0.11002350877323612,0.1189609398087508,0.09725547170305436,0.10467388224928494,0.08983706115682379,2015-2019,5
1217,RKP,Carl Haglund,50,0.0929489227035753,0.08926842797094385,0.09662941743620676,0.11605336201401899,0.11883828387879718,0.1132684401492408,0.1274250244837809,0.13509985372160074,0.11975019524596106,0.0922251589019922,0.09114709437765069,0.09330322342633372,0.18385630495414737,0.1767161804098222,0.19099642949847254,0.08700763646503672,0.08346288926006755,0.09055238367000588,0.09559853057105167,0.09419114382420118,0.09700591731790213,0.09562379205291849,0.09491413656245691,0.09633344754338005,0.10926126785347832,0.11636198999445965,0.102160545712497,2015-2019,5
1219,KOK,Saara-Sofia Sirén,80,0.09337965709312893,0.09790176079931363,0.08885755338694422,0.10155964406044447,0.10566773962333638,0.09745154849755257,0.12698348309907034,0.1147321520222933,0.13923481417584738,0.12582004784487522,0.13215434479887375,0.11948575089087668,0.09298556098648234,0.08756798180373343,0.09840314016923125,0.12430468323444593,0.13233251983224378,0.1162768466366481,0.14086405571865834,0.14809862961909048,0.13362948181822623,0.10169484563503783,0.09343101074395868,0.10995868052611699,0.09240802232785655,0.08811386075715655,0.09670218389855656,2015-2019,5
127,KESK,Sirkka-Liisa Anttila,155,0.10315737003810757,0.10813708518328309,0.09817765489293204,0.11021391315028428,0.10980459893369073,0.11062322736687784,0.0931405186464172,0.09135223579319238,0.09492880149964203,0.1407209925423215,0.13216380412679174,0.14927818095785128,0.0966157408361745,0.0974325179991061,0.09579896367324289,0.11061531142484102,0.11790516654179468,0.10332545630788736,0.16123539472936627,0.15246042151802533,0.17001036794070717,0.08911780701918945,0.09413101084599455,0.08410460319238433,0.09518295161329823,0.09661315905812141,0.09375274416847505,2015-2019,5
1274,SDP,Antti Rinne,489,0.14337956098722077,0.1343088559430277,0.15245026603141384,0.15177271373271037,0.15128155886711706,0.15226386859830368,0.12332135487850458,0.1271244216328697,0.11951828812413948,0.10965793622315043,0.11793974187200529,0.10137613057429558,0.12675641482533212,0.12141512986476907,0.1320976997858952,0.07845436724337812,0.07381898928617953,0.08308974520057673,0.09910727359313964,0.09946868674539751,0.09874586044088177,0.07485776359112724,0.08104408131541362,0.06867144586684086,0.0926926149254367,0.09359853447322054,0.09178669537765285,2015-2019,5
1275,PS,Mika Raatikainen,54,0.09044745756007412,0.08814240503931595,0.0927525100808323,0.09920336715840672,0.09495233359056718,0.10345440072624627,0.09602335420337033,0.0879649261484604,0.10408178225828027,0.09718299064519195,0.09529017735745225,0.09907580393293167,0.10131545814562481,0.09500733651963825,0.10762357977161138,0.10301209987785664,0.10653406110146106,0.09949013865425224,0.12218959227571856,0.13128724355690036,0.11309194099453676,0.13635671451414427,0.140729101717113,0.13198432731117551,0.15426896561961256,0.16009241496909157,0.14844551627013355,2015-2019,5
1276,VAS,Katja Hänninen,176,0.11539062811057796,0.12050471566857221,0.1102765405525837,0.1194671674428687,0.12373012081946164,0.11520421406627576,0.14190815453956473,0.14204238778211947,0.14177392129700997,0.08772823182710487,0.09001838627764651,0.08543807737656325,0.11738592873359371,0.11790243190914654,0.11686942555804089,0.11114829643992127,0.10432564253970969,0.11797095034013287,0.09699324977669462,0.10213006962243654,0.0918564299309527,0.09554499661890437,0.08643762278746558,0.10465237045034315,0.11443334651076978,0.11290862259344185,0.11595807042809772,2015-2019,5
1301,PS,Jani Mäkelä,606,0.13264599526309462,0.12781124426717755,0.1374807462590117,0.10601889426832148,0.10838594410462614,0.1036518444320168,0.11430835392113804,0.12373864652264643,0.10487806131962965,0.09195385071459344,0.08852840091559958,0.09537930051358733,0.10146043743264915,0.10571640572325583,0.09720446914204248,0.11141120820164287,0.10782705385711089,0.11499536254617485,0.1039909167102672,0.10474481695942309,0.1032370164611113,0.10456258155771742,0.10333981015883101,0.10578535295660381,0.13364776193057581,0.12990767749132948,0.13738784636982213,2015-2019,5
1302,SDP,Ilmari Nurminen,131,0.13925717423559641,0.13386888957041093,0.1446454589007819,0.12192082861653142,0.14103968667291938,0.10280197056014344,0.14373154173344982,0.15087418470880035,0.13658889875809926,0.09976779745963155,0.08603925963847112,0.11349633528079198,0.08143900748484205,0.07088110993620028,0.09199690503348382,0.09504219416315882,0.09568561265430722,0.0943987756720104,0.11657838259909196,0.11334597303378299,0.11981079216440094,0.09938282785712753,0.1043857770316223,0.09437987868263276,0.10288024585057048,0.10387950675348545,0.10188098494765552,2015-2019,5
1303,KESK,Ulla Parviainen,162,0.08916426424982743,0.08693499912713845,0.09139352937251641,0.10555425044208103,0.1041228363590517,0.10698566452511034,0.10262995693260228,0.09595285190283846,0.1093070619623661,0.14802114545863532,0.16515697531036772,0.13088531560690295,0.07338015640103211,0.07645487419074344,0.07030543861132078,0.12846093078818893,0.11631274402987746,0.14060911754650043,0.14103743653724082,0.1311511146790803,0.15092375839540131,0.11017412059389084,0.11371061788659557,0.10663762330118612,0.10157773859650125,0.11020298651430693,0.09295249067869557,2015-2019,5
1304,VIHR,Olli-Poika Parviainen,260,0.08734237334158468,0.0896457536788618,0.08503899300430758,0.09801751352592289,0.10413907742308812,0.09189594962875766,0.11813756317390489,0.11676742055423191,0.11950770579357786,0.1076525008820963,0.11392403324152003,0.10138096852267257,0.1273840317807212,0.1470635853458664,0.10770447821557598,0.1007065043818061,0.08836981574625752,0.11304319301735469,0.10979421033142367,0.10530149630013266,0.11428692436271466,0.13795289670047234,0.13250234223232102,0.14340345116862369,0.11301240588206796,0.10228647547772059,0.12373833628641531,2015-2019,5
1305,KESK,Juha Pylväs,69,0.09878614023187632,0.0959288253864995,0.10164345507725314,0.08147638799437099,0.09018262537733047,0.07277015061141151,0.10658994252829855,0.11458566278891076,0.09859422226768634,0.18335334777739673,0.16733223533467334,0.19937446022012012,0.07361965009759475,0.07802288146135698,0.06921641873383252,0.08945506210314409,0.10309047904878806,0.07581964515750013,0.11939921436739032,0.11326551473338049,0.12553291400140015,0.1279813074707461,0.12073409503851837,0.13522851990297385,0.11933894742918208,0.116857680830542,0.12182021402782217,2015-2019,5
1306,RKP,Anders Adlercreutz,203,0.1013560242152591,0.10412645955793479,0.09858558887258342,0.12804852368182096,0.12871659023179582,0.1273804571318461,0.12753177183236247,0.13323742545289813,0.12182611821182679,0.11264885126797475,0.11728890532669152,0.10800879720925798,0.13373342517256517,0.14092908463171855,0.1265377657134118,0.10141157117637781,0.09151881752856193,0.11130432482419368,0.10010911549941154,0.09356208628191463,0.10665614471690843,0.0944776967258325,0.08467914277259798,0.10427625067906701,0.10068302042839572,0.10594148821588663,0.0954245526409048,2015-2019,5
1309,KOK,Veera Ruoho,82,0.09423903478322015,0.08804057917522964,0.10043749039121068,0.09020907699470554,0.08837284417054617,0.0920453098188649,0.10266041550584562,0.11083170573556192,0.09448912527612931,0.09176887336246956,0.09395058690182159,0.08958715982311753,0.0815332936204212,0.0781335945375582,0.08493299270328417,0.12723782956012492,0.12316873474545849,0.13130692437479133,0.10161890193178352,0.09999406705964103,0.10324373680392603,0.14014397039961307,0.14863387185933902,0.13165406893988713,0.17058860384181643,0.1688740158148439,0.17230319186878895,2015-2019,5
1309,PS,Veera Ruoho,94,0.1000597007603008,0.1003971985486402,0.09972220297196141,0.08389246415769352,0.08588870489776393,0.0818962234176231,0.11428682053000785,0.13368449687560421,0.09488914418441151,0.09235487404406177,0.08993264661361332,0.09477710147451023,0.10155106240891498,0.11531750214084305,0.08778462267698693,0.12621877601066683,0.11519525064853528,0.13724230137279841,0.11619977377402352,0.11734213238395094,0.1150574151640961,0.13734261169180612,0.1219439516218233,0.15274127176178892,0.12809391662252456,0.12029811626922571,0.13588971697582342,2015-2019,5
1311,SDP,Joona Räsänen,330,0.10319481332296065,0.09734022829081133,0.10904939835510999,0.12324675190277629,0.12858773557624809,0.11790576822930447,0.08264447328225333,0.0841847247385676,0.08110422182593906,0.1260615092924855,0.12482095378348139,0.1273020648014896,0.11164160234418678,0.12304786220042341,0.10023534248795016,0.11404252522995262,0.1144323220268368,0.11365272843306844,0.10863399575745905,0.1049861947537376,0.11228179676118048,0.09746280145730368,0.0814769920880047,0.11344861082660267,0.13307152741062206,0.14112298654188898,0.1250200682793551,2015-2019,5
1312,VAS,Hanna Sarkkinen,440,0.12071700103285404,0.10970670575596239,0.1317272963097457,0.10405119596544044,0.1020010567377658,0.10610133519311508,0.1668471534466341,0.1748207894980603,0.15887351739520789,0.09198920320716095,0.10241134658836318,0.0815670598259587,0.12106475621141818,0.12415250226230949,0.11797701016052686,0.09786660982370796,0.10241673745871896,0.09331648218869697,0.10485114678869459,0.10806760389022552,0.10163468968716367,0.09845539055981208,0.08942842930349869,0.10748235181612546,0.09415754296427768,0.08699482850509571,0.10132025742345965,2015-2019,5
1313,KESK,Anne Berner,250,0.08932032479419547,0.08703412180811304,0.09160652778027789,0.09790030562303151,0.09895259622819977,0.09684801501786323,0.09852636078593441,0.09249793529337177,0.10455478627849704,0.18678844887803076,0.18473981935360112,0.18883707840246042,0.08539076977149511,0.08153278390562411,0.0892487556373661,0.07888093738783504,0.07784085673463276,0.07992101804103732,0.1734465759311543,0.18367676907176864,0.16321638279054002,0.12033768540899702,0.11896712461198156,0.12170824620601248,0.06940859141932638,0.07475799299270729,0.06405918984594548,2015-2019,5
1314,PS,Sami Savio,488,0.10489482623004748,0.10367597458496032,0.10611367787513463,0.09697263787945021,0.0883941227523102,0.10555115300659021,0.122007514310354,0.11600353722433328,0.12801149139637472,0.11020761442769827,0.10954790623010702,0.11086732262528953,0.07586431571115665,0.0772332260341752,0.07449540538813808,0.11587026225026373,0.1211750950167197,0.11056542948380774,0.09984468926104609,0.10185456242781572,0.09783481609427644,0.1369444772411781,0.1449617005899509,0.12892725389240528,0.13739366268880548,0.13715387513962765,0.13763345023798335,2015-2019,5
1316,SDP,Ville Skinnari,199,0.10812271438603188,0.11621648657867681,0.10002894219338695,0.11722697901223525,0.11375569859298476,0.12069825943148575,0.12374697524282689,0.11872221728743607,0.12877173319821772,0.12933423536759364,0.11889691809684733,0.13977155263833999,0.11102292627791369,0.12094729510098132,0.10109855745484604,0.07778156071981987,0.08480152806762438,0.07076159337201536,0.12533076016227207,0.12097030708767506,0.12969121323686908,0.09877164440169423,0.10078993352813567,0.09675335527525278,0.10866220442961252,0.10489961565963868,0.11242479319958636,2015-2019,5
1319,SDP,Satu Taavitsainen,268,0.1249550986951129,0.12147069698086246,0.12843950040936333,0.12462572714533694,0.116249194266563,0.1330022600241109,0.12332551816842534,0.10971259188612739,0.13693844445072328,0.08820277564561976,0.0973649910405716,0.07904056025066791,0.08842191949735873,0.07932188007503158,0.09752195891968587,0.09099190897245005,0.0846219709938032,0.0973618469510969,0.10252786735320457,0.11230488818175736,0.09275084652465179,0.1261225392976966,0.14137236486640584,0.11087271372898735,0.13082664522479515,0.13758142170887758,0.1240718687407127,2015-2019,5
1320,PS,Tiina Elovaara,41,0.12004468209471283,0.13307119594272845,0.10701816824669723,0.08370629619151324,0.0887060846095097,0.07870650777351676,0.12675219443726254,0.12429518425597308,0.12920920461855204,0.10188417189962573,0.10230978653255403,0.10145855726669743,0.10805765372067036,0.09499462452119653,0.12112068292014418,0.09123075372488224,0.09487933189517445,0.08758217555459002,0.13780030224253412,0.14190978781339963,0.1336908166716686,0.10968683154212178,0.10971797836501922,0.10965568471922435,0.12083711414667714,0.1101160260644449,0.13155820222890938,2015-2019,5
1320,SIN,Tiina Elovaara,43,0.1190421100355909,0.12506451564445673,0.11301970442672507,0.0981305664893866,0.11032434212579736,0.08593679085297584,0.11931304606261817,0.11099320563215927,0.12763288649307708,0.09321073579288269,0.08268253384381694,0.10373893774194846,0.1360854069335223,0.1253448310499293,0.1468259828171153,0.09579954105995966,0.10800262754112253,0.0835964545787968,0.12455156552202706,0.1298358454969186,0.11926728554713553,0.10469313887568905,0.10000480217340908,0.10938147557796903,0.10917388922832354,0.10774729649239023,0.11060048196425684,2015-2019,5
1321,KESK,Martti Talja,119,0.10576332623515833,0.1017500569052076,0.10977659556510906,0.10660664584979776,0.10377539889067984,0.1094378928089157,0.1088452752256395,0.10175280571603118,0.1159377447352478,0.12673723459125752,0.13178756956923632,0.12168689961327872,0.11440676020092735,0.11120945274166576,0.11760406766018897,0.11754610612615186,0.11365621793633603,0.1214359943159677,0.10099426260825672,0.1051390618690978,0.09684946334741565,0.11845152978767873,0.12479721273436717,0.1121058468409903,0.10064885937513218,0.10613222363737833,0.09516549511288605,2015-2019,5
1322,KESK,Pertti Hakanen,140,0.07830202961807864,0.08299680851668575,0.07360725071947154,0.12175822248694748,0.13566560922402815,0.1078508357498668,0.06733428393445891,0.06818755972674845,0.06648100814216937,0.20397903517817004,0.20317269982750985,0.20478537052883022,0.08940645197670663,0.09229950789479363,0.08651339605861963,0.11698035974485939,0.11031043855272119,0.12365028093699759,0.14385579688573125,0.13173845825095076,0.1559731355205117,0.0797560088039808,0.0770570870770367,0.0824549305309249,0.09862781137106685,0.09857183092952548,0.09868379181260822,2015-2019,5
1324,VIHR,Hanna Halmeenpää,332,0.12137618067980865,0.12028212944032506,0.12247023191929225,0.12165770248026805,0.13581210830668414,0.10750329665385198,0.15634753397528423,0.15411314874114407,0.15858191920942438,0.09484462540554495,0.0919260211214323,0.0977632296896576,0.08638886242277222,0.09217463234825732,0.08060309249728713,0.08399939879924212,0.08047825720412724,0.08752054039435701,0.0990980412129801,0.09471514416572858,0.10348093826023164,0.11845052011118129,0.10686145144152163,0.13003958878084093,0.11783713491291832,0.12363710723077966,0.11203716259505699,2015-2019,5
1325,KD,Sari Tanus,390,0.11234253413232159,0.11573166242750141,0.10895340583714179,0.09875730309719885,0.10381558005873566,0.09369902613566206,0.1213169246963304,0.12378839812385116,0.11884545126880963,0.09380355163646556,0.0846895690905307,0.10291753418240042,0.10831240753286014,0.11277669819367162,0.10384811687204867,0.1416875336210746,0.13857217301758712,0.1448028942245621,0.11245162135012826,0.10115577728720768,0.12374746541304886,0.098608462395917,0.10981391814097105,0.08740300665086295,0.11271966153770349,0.10965622365994354,0.11578309941546346,2015-2019,5
1326,SDP,Timo Harakka,585,0.1364405769093578,0.14486049680565627,0.12802065701305929,0.1328330372490476,0.13261245427505491,0.1330536202230403,0.11476009211488135,0.10641387443354815,0.12310630979621455,0.10381702059840539,0.10424948132762393,0.10338455986918685,0.10414651464656449,0.11222623236816638,0.09606679692496259,0.07854591722113223,0.07310839838012041,0.08398343606214405,0.10941921236711896,0.10625365635935946,0.11258476837487845,0.1005884705405714,0.10016599708742864,0.10101094399371416,0.11944915835292091,0.12010940896304186,0.11878890774279997,2015-2019,5
1329,VIHR,Antero Vartia,87,0.12166212127693077,0.11484533649873534,0.12847890605512619,0.09464673613433662,0.09784966482961034,0.0914438074390629,0.1717452530767739,0.19337073169046384,0.15011977446308397,0.10361622079693975,0.10669455565987793,0.10053788593400156,0.10658751346208112,0.0997515715275624,0.11342345539659984,0.0656146165793064,0.06312950860203223,0.06809972455658057,0.11521257717435589,0.10159117265582787,0.1288339816928839,0.09801838156077552,0.09010540301155714,0.10593136010999389,0.12289657993850003,0.13266205552433294,0.11313110435266711,2015-2019,5
1330,KOK,Juhana Vartiainen,61,0.11988202684117943,0.12093706537902812,0.11882698830333076,0.11044658005018466,0.1014132746310162,0.11947988546935313,0.11265999365572664,0.10949474960816134,0.11582523770329194,0.09842675174385891,0.0964071372558974,0.10044636623182042,0.11552835262744618,0.12579654719545816,0.10526015805943419,0.09284004037631724,0.09546517318963345,0.09021490756300102,0.11640227509794482,0.11325170696416405,0.11955284323172559,0.12144751587507807,0.1254931257368545,0.11740190601330162,0.11236646373226411,0.11174122003978679,0.11299170742474143,2015-2019,5
1331,KESK,Petri Honkonen,160,0.09333388536295109,0.08772358012392252,0.09894419060197968,0.09369274755098178,0.09905062381787332,0.08833487128409026,0.0989901588885484,0.10012409169536374,0.09785622608173304,0.150448685644214,0.1490946137802313,0.15180275750819663,0.0791816568423231,0.0806883019983092,0.077675011686337,0.13293116224534607,0.12318571009053218,0.14267661440015994,0.1253986763034649,0.1329239342437894,0.1178734183631404,0.1160336892093051,0.11502024647379738,0.1170471319448128,0.10998933795286558,0.11218889777618091,0.10778977812955026,2015-2019,5
1333,PS,Laura Huhtasaari,268,0.10611963501291359,0.11519944971064192,0.09703982031518527,0.1000961699014414,0.08960723088639824,0.11058510891648457,0.122944756126281,0.12064603801395309,0.12524347423860893,0.09350553392268246,0.09409205102691118,0.09291901681845374,0.1361213359254621,0.12043288328639565,0.15180978856452854,0.0882987274872854,0.09061930593407368,0.08597814904049714,0.11348333154475326,0.12218604392480097,0.10478061916470556,0.11590628807485254,0.12297190455439995,0.10884067159530511,0.12352422200432824,0.12424509266242537,0.1228033513462311,2015-2019,5
1334,KOK,Antti Häkkänen,201,0.10111821144008763,0.09939512230698397,0.1028413005731913,0.08880820050957226,0.08773360432177021,0.08988279669737431,0.09933594027770212,0.09872335508664988,0.09994852546875435,0.12656092872359612,0.12332162206392712,0.12980023538326513,0.09525362175697641,0.08422022584372688,0.10628701767022594,0.10008697317717938,0.1000089689656817,0.10016497738867705,0.12044735881244195,0.11832250877809966,0.12257220884678424,0.1415965447971453,0.15058202517358085,0.13261106442070977,0.1267922205052989,0.13769256745957978,0.115891873551018,2015-2019,5
1335,KESK,Marisanna Jarva,278,0.1264483614786409,0.12335390009610629,0.12954282286117555,0.09183740626697517,0.09636860244314058,0.08730621009080979,0.09117302629947661,0.09690299852340105,0.08544305407555218,0.14257883300962848,0.15140529231472172,0.13375237370453522,0.08290001790207738,0.07473865044666796,0.09106138535748678,0.10805621910757035,0.10326947093734525,0.11284296727779546,0.11379881471610129,0.12080366281417865,0.10679396661802394,0.13316901393432043,0.1319350652227611,0.13440296264587975,0.11003830728520941,0.10122235720167747,0.11885425736874136,2015-2019,5
1336,VIHR,Emma Kari,109,0.1230014558398857,0.12351182408171382,0.12249108759805756,0.11769663432897026,0.11890036063588345,0.11649290802205706,0.17608367893567428,0.15873503358982743,0.1934323242815211,0.08980885694620774,0.08900689164938716,0.09061082224302833,0.1030396338975739,0.11266556113705181,0.09341370665809598,0.11123637809714684,0.11253587941884383,0.10993687677544987,0.09341860556659165,0.09034575010275821,0.0964914610304251,0.0907313465496519,0.09623703001146985,0.08522566308783394,0.09498340983829781,0.09806166937306447,0.09190515030353116,2015-2019,5
1337,KOK,Susanna Koski,50,0.10722608269035762,0.10210943136163819,0.11234273401907705,0.10117309902401159,0.1030160471275118,0.09933015092051137,0.10716678262742568,0.10884571435539607,0.10548785089945531,0.14642523952457645,0.14556953114326082,0.14728094790589208,0.14075208877755616,0.1523291173291718,0.12917506022594052,0.0819794483332186,0.07935863873466764,0.08460025793176956,0.10728574286357348,0.10008741859026764,0.11448406713687934,0.10791206104796258,0.10874482631788776,0.1070792957780374,0.10007945511131783,0.0999392750401983,0.10021963518243734,2015-2019,5
1338,KESK,Hanna Kosonen,158,0.1015675143141931,0.09598721294309912,0.10714781568528708,0.09254911120411115,0.08414773354207149,0.10095048886615081,0.105842712853837,0.11300320891792721,0.09868221678974681,0.1443220734352883,0.1719111326390057,0.11673301423157087,0.10513284121097585,0.10745888306689544,0.10280679935505628,0.10939398664538529,0.1016769573324832,0.11711101595828736,0.11693007038602106,0.09976960716038205,0.13409053361166007,0.10791761034135944,0.11114354562147191,0.10469167506124695,0.11634407960882884,0.11490171877666389,0.11778644044099378,2015-2019,5
1339,PS,Kari Kulmala,202,0.09848321107275715,0.09409723240471494,0.10286918974079935,0.0752041487080479,0.07540469949408,0.0750035979220158,0.11576323386347379,0.11387588668562872,0.11765058104131887,0.11859171471629985,0.11936474891322879,0.11781868051937092,0.07030632714066881,0.0738481588963593,0.06676449538497832,0.12505183153167848,0.1298301928290312,0.1202734702343258,0.11730330990373108,0.11061949881664287,0.1239871209908193,0.14207941001604552,0.1498533018612133,0.1343055181708777,0.1372168130472975,0.13310628009910094,0.141327345995494,2015-2019,5
1339,SIN,Kari Kulmala,215,0.09830017189567172,0.0998074473906552,0.09679289640068825,0.07581798031017106,0.07479749531815717,0.07683846530218494,0.11447282861240127,0.10610164234777134,0.12284401487703119,0.12177171782339677,0.12018948023176776,0.12335395541502578,0.07506675079086494,0.07985834552800895,0.07027515605372094,0.09936029242479355,0.0996593862238678,0.0990611986257193,0.11510438201188083,0.1004629775005341,0.12974578652322757,0.1534044493708691,0.1683909784942191,0.13841792024751914,0.14670142675995076,0.15073224696501858,0.14267060655488295,2015-2019,5
1341,KESK,Antti Kurvinen,267,0.08437840629875848,0.08082207981699106,0.08793473278052591,0.0965988146948833,0.09635713853363673,0.09684049085612986,0.08334025153338087,0.07525841117302964,0.0914220918937321,0.14000943277915823,0.13867055720403737,0.1413483083542791,0.09369367757716497,0.09464429255570184,0.0927430625986281,0.12057523248993227,0.11579603440890858,0.12535443057095594,0.12687719101423034,0.1432355309876243,0.11051885104083636,0.10440267340382978,0.10034315842463962,0.10846218838301994,0.1501243202086617,0.15487279689543082,0.1453758435218926,2015-2019,5
1342,KOK,Jaana Laitinen-Pesola,49,0.09670044416996686,0.0949757936562689,0.09842509468366481,0.10139631800406569,0.10091632612151742,0.10187630988661396,0.0910923982927338,0.09016340711633102,0.09202138946913657,0.10958861296709702,0.10517275655528899,0.11400446937890503,0.09555615709521709,0.09686200157608124,0.09425031261435293,0.15519872763354225,0.15982605194123545,0.1505714033258491,0.12736472725356746,0.1300377311245275,0.12469172338260745,0.12635436881623946,0.123561317090963,0.12914742054151593,0.09674824576757032,0.09848461481778645,0.09501187671735419,2015-2019,5
1343,KD,Antero Laukkanen,603,0.11464417055724947,0.11502375803046967,0.11426458308402927,0.11119767214460766,0.11575447924216342,0.1066408650470519,0.12050631498674161,0.11141525702380366,0.12959737294967955,0.12499783659740596,0.13329335765933284,0.11670231553547909,0.10080890509772569,0.09146845573622228,0.11014935445922909,0.09571302380260324,0.09805405150124075,0.09337199610396572,0.10651575920356525,0.11011650956216257,0.10291500884496793,0.10218356831020214,0.10050946442372681,0.10385767219667749,0.12343274929989893,0.12436466682087799,0.12250083177891988,2015-2019,5
1344,PS,Rami Lehto,126,0.13417155729232566,0.12998783758281565,0.13835527700183564,0.10482558056188832,0.1046445182241607,0.10500664289961595,0.11456968345157337,0.11169286386412344,0.1174465030390233,0.10545762074399637,0.11399075414399376,0.09692448734399899,0.09428484670706402,0.09248855419716992,0.09608113921695813,0.08099157366240392,0.08122616569582154,0.08075698162898629,0.10463553203563039,0.10455444793092535,0.10471661614033545,0.11572106920799016,0.11240852646638307,0.11903361194959725,0.1453425363371278,0.14900633189460658,0.14167874077964898,2015-2019,5
1346,VIHR,Touko Aalto,490,0.13713676404473552,0.1316523122968146,0.1426212157926564,0.12144315895024735,0.1235834913421235,0.11930282655837121,0.11951430417739417,0.11775218157077934,0.121276426784009,0.09191988085341028,0.08908085457032444,0.09475890713649612,0.13427357325673928,0.12889111351955568,0.13965603299392287,0.07300525479936103,0.08572961118889523,0.06028089840982683,0.10136238868308375,0.09804410614226071,0.10468067122390681,0.10730368215642373,0.10676618777010385,0.10784117654274361,0.11404099307860485,0.1185001415991426,0.10958184455806712,2015-2019,5
1347,PS,Sampo Terho,133,0.10510411015325846,0.10177375704314859,0.10843446326336832,0.12845806161221163,0.12567211991851096,0.13124400330591232,0.11166280079501266,0.11602702891363126,0.10729857267639406,0.10571983805823952,0.09312574212833655,0.1183139339881425,0.09584488035462635,0.10446726199587195,0.08722249871338077,0.09071764841535618,0.08840098594677141,0.09303431088394096,0.09878448792628308,0.10106484339320514,0.09650413245936104,0.10908708299392514,0.10966845978987927,0.108505706197971,0.15462108969108693,0.15979980087064483,0.14944237851152903,2015-2019,5
1347,SIN,Sampo Terho,79,0.08375390961020371,0.07759872854411745,0.08990909067628997,0.11102408995891594,0.11618318361754151,0.10586499630029038,0.09794346725327224,0.09507934705327563,0.10080758745326886,0.14952597507229892,0.14451241187035052,0.1545395382742473,0.08030659345588842,0.0783744007417578,0.08223878617001902,0.08664334119385522,0.09016367207717588,0.08312301031053457,0.11577647088576376,0.11655015236966755,0.11500278940185997,0.1452661048354829,0.15134907282177093,0.13918313684919487,0.1297600477343189,0.13018903090434267,0.12933106456429513,2015-2019,5
1349,PS,Leena Meri,563,0.11096395961431814,0.12001146543395129,0.10191645379468499,0.12762051591769755,0.1330504275875982,0.1221906042477969,0.09677135299796641,0.08989053471362828,0.10365217128230453,0.09701297200203447,0.09369120396985867,0.10033474003421028,0.097634527868287,0.09089863339811599,0.10437042233845802,0.11105107383635103,0.11583217713211069,0.10626997054059137,0.12770337195071219,0.12466435460011391,0.1307423893013105,0.08683911557441576,0.0825566898353903,0.09112154131344122,0.14440311023821747,0.14940451332923274,0.1394017071472022,2015-2019,5
1372,SIN,Matti Torvinen,57,0.11640317888225146,0.11780915580515301,0.11499720195934993,0.10197165867952984,0.09812755834917736,0.10581575900988234,0.09650430840873975,0.08637695311041328,0.1066316637070662,0.12385101159251177,0.12144845857316369,0.12625356461185985,0.0833091008345517,0.08567285261366062,0.08094534905544278,0.1086465216129277,0.11566625373791588,0.10162678948793955,0.12756088278388183,0.12373559941625142,0.13138616615151225,0.12417309647915944,0.13446809610483312,0.11387809685348578,0.11758024072644649,0.11669507228943159,0.11846540916346138,2015-2019,5
1374,RKP,Veronica Rehn-Kivi,68,0.13653234903920672,0.12866048290697302,0.14440421517144042,0.10104622559219084,0.09852290338634849,0.10356954779803318,0.11536889601316416,0.12447016737453223,0.10626762465179611,0.09513637045768214,0.09526680839641863,0.09500593251894565,0.1658401619537652,0.16191256322136305,0.16976776068616733,0.10554658944367928,0.10212376160026101,0.10896941728709757,0.09876804356796887,0.09858318327156015,0.09895290386437759,0.08607237589360217,0.09344542751663307,0.07869932427057127,0.0956889880387406,0.09701470232591039,0.0943632737515708,2015-2019,5
1378,SDP,Pilvi Torsti,94,0.09805533745469833,0.09902175591836053,0.09708891899103611,0.12448384823583325,0.12182616123138086,0.12714153524028562,0.10973906983871187,0.10960087122763643,0.10987726844978733,0.09416844966158697,0.09529565325832182,0.0930412460648521,0.10735137768992235,0.11083034665280844,0.10387240872703626,0.11958948007453,0.11602480417589067,0.12315415597316934,0.13137470819313857,0.13384988976095205,0.12889952662532506,0.11931967943871793,0.11289705048390512,0.12574230839353073,0.09591804941286075,0.10065346729074413,0.09118263153497738,2015-2019,5
1379,KOK,Mia Laiho,71,0.10360339941469496,0.09781617355569025,0.10939062527369965,0.0948499577243003,0.10456614611492195,0.08513376933367864,0.10506553214783909,0.10883107760344841,0.10129998669222975,0.14653343694107682,0.14034432150265094,0.1527225523795027,0.11076335666271919,0.12025341746101408,0.10127329586442431,0.10518532689643814,0.09925299234228914,0.11111766145058714,0.13973512484617556,0.1384032697502638,0.14106697994208733,0.1072052644323683,0.10948816842548917,0.10492236043924745,0.08705860093438761,0.08104443324423219,0.09307276862454301,2015-2019,5
1382,KESK,Hanna-Leena Mattila,40,0.10457448491405197,0.10573456254261612,0.10341440728548781,0.09058153469309908,0.09541188473986988,0.08575118464632829,0.12824008567831818,0.1403126929592084,0.116167478397428,0.11253289416151824,0.1033515349286438,0.12171425339439268,0.0944942698746078,0.08766450051361967,0.10132403923559594,0.1115689185795227,0.10949195926181561,0.11364587789722977,0.11933518068854475,0.11632198729314014,0.12234837408394936,0.12708764039861742,0.12649059465546775,0.12768468614176706,0.11158499101171984,0.11522028310561858,0.1079496989178211,2015-2019,5
157,KESK,Kauko Juhantalo,109,0.10489750617261649,0.10473083917002021,0.10506417317521277,0.10578904129211368,0.10448892227643633,0.10708916030779103,0.10299476014036368,0.10102730582228266,0.1049622144584447,0.11999743276954908,0.12360451544185383,0.11639035009724433,0.09330059553777256,0.09877879828863524,0.08782239278690988,0.10189591445875296,0.10840271993872226,0.09538910897878364,0.12654566051540167,0.13074632639739686,0.12234499463340645,0.10546814389232159,0.09882962536493681,0.11210666241970639,0.13911094522110828,0.12939094729971576,0.1488309431425008,2015-2019,5
170,KOK,Ilkka Kanerva,117,0.10749493171366364,0.1057342304355886,0.10925563299173868,0.1043720568377729,0.10405281080613552,0.10469130286941027,0.09604373118150634,0.09351720005900312,0.09857026230400957,0.12439053607802875,0.12394170888282914,0.12483936327322834,0.10536135441272348,0.10784598741901627,0.10287672140643071,0.09133509632387209,0.08866559879275335,0.09400459385499083,0.13461078235103244,0.13247311260305772,0.13674845209900716,0.12696503474017704,0.13508180827670638,0.1188482612036477,0.10942647636122334,0.10868754272490988,0.1101654099975368,2015-2019,5
175,PS,Toimi Kankaanniemi,541,0.08812494038692373,0.07701587876446614,0.0992340020093813,0.14869323215832983,0.1541077363912821,0.14327872792537755,0.08849494472257577,0.09267814547056594,0.08431174397458562,0.15078660150118028,0.1670812927563653,0.13449191024599524,0.08256972582920499,0.07718005345715404,0.08795939820125595,0.08730339883920377,0.08529136848488272,0.08931542919352481,0.12752684834306224,0.1195764005211778,0.1354772961649467,0.10595633464791829,0.10782210524290199,0.10409056405293457,0.12054397357160107,0.1192470189112039,0.12184092823199826,2015-2019,5
203,SDP,Riitta Myller,300,0.10815010151157517,0.09378328685557845,0.12251691616757188,0.10842396832239888,0.11070807798601237,0.10613985865878539,0.12679633322287417,0.1335539311454342,0.12003873530031414,0.15680146304879455,0.15282204763741675,0.16078087846017236,0.09320597546962658,0.08884081835874699,0.09757113258050618,0.09800530022531725,0.0980915689676866,0.09791903148294792,0.12413800149555214,0.13248725573204084,0.11578874725906343,0.0861039725510065,0.09305273876981872,0.07915520633219429,0.09837488415285471,0.09666027454726504,0.10008949375844438,2015-2019,5
214,PS,Lea Mäkipää,163,0.10910130413442182,0.10043055795302976,0.11777205031581386,0.09926054190085579,0.10409318416295195,0.09442789963875961,0.09726018836163083,0.10060676929099646,0.09391360743226522,0.12485742331896643,0.13432640183335492,0.11538844480457792,0.07904748747424668,0.0753760886869787,0.08271888626151466,0.08922714750272417,0.08477603584077388,0.09367825916467445,0.12203340902329851,0.10981878282416684,0.13424803522243017,0.13833657588718815,0.15716824973357132,0.11950490204080495,0.14087592239666757,0.13340392967417614,0.14834791511915904,2015-2019,5
214,SIN,Lea Mäkipää,102,0.09729106590654926,0.0922402870628537,0.10234184475024484,0.09649220800437366,0.08587410193352552,0.1071103140752218,0.099372275998874,0.10260355411373512,0.09614099788401288,0.11699729030898315,0.10902238219865801,0.12497219841930829,0.0928162199168154,0.10247905225000217,0.08315338758362865,0.09489190514691917,0.09803337780043471,0.09175043249340363,0.11353371105338395,0.1107559849091109,0.11631143719765698,0.15911387238809857,0.16544344165101732,0.15278430312517982,0.12949145127600287,0.13354781808066257,0.12543508447134313,2015-2019,5
242,KESK,Pekka Puska,93,0.10126241390536991,0.09741479876446861,0.10511002904627123,0.10047983190745544,0.10016401837194558,0.1007956454429653,0.10164733682160265,0.09571739953491878,0.1075772741082865,0.129539936972657,0.13583347622828623,0.12324639771702776,0.12576342383679492,0.12317969052458892,0.12834715714900094,0.10435639162552562,0.10459849255569391,0.10411429069535735,0.12692050953611883,0.1312658474882372,0.12257517158400048,0.09706334273146636,0.09642278861157119,0.09770389685136152,0.1129668126630092,0.11540348792028951,0.11053013740572888,2015-2019,5
259,KOK,Pertti Salolainen,126,0.08682629231392969,0.08664463957654302,0.08700794505131636,0.09668197765034064,0.10059023034613632,0.09277372495454496,0.11524811621187186,0.11104392080128114,0.11945231162246257,0.1019502295225802,0.10613680553694989,0.09776365350821052,0.11163401129330272,0.12127043632349557,0.10199758626310987,0.13082205380458298,0.11942662716514119,0.14221748044402477,0.13285640620672812,0.136520877764259,0.12919193464919723,0.0948653799425832,0.09716311490527013,0.09256764497989628,0.12911553305408052,0.1212033475809237,0.13702771852723733,2015-2019,5
301,KOK,Ben Zyskowicz,691,0.12279455991074485,0.12747144575449237,0.11811767406699733,0.1366015196075635,0.13139740738651803,0.141805631828609,0.10711638072127871,0.10304320129177565,0.11118956015078177,0.09287642113848085,0.09789907148171205,0.08785377079524967,0.10464309579344648,0.10669188057536654,0.10259431101152643,0.08216457350779996,0.08462871762342675,0.07970042939217319,0.11836828999705573,0.11600313071772769,0.12073344927638378,0.10685336179611679,0.10596722544639112,0.10773949814584247,0.12858179752751303,0.1268979197225898,0.13026567533243627,2015-2019,5
351,RKP,Eva Biaudet,172,0.11616369708588752,0.11656124830657744,0.1157661458651976,0.09983734328381016,0.09544697989358306,0.10422770667403729,0.10444385425398808,0.10999858656465829,0.09888912194331786,0.07710071901060472,0.07582811049813593,0.07837332752307351,0.14808258113244593,0.14497813576049617,0.15118702650439572,0.14190980848592602,0.1411854278849199,0.14263418908693215,0.11729781707426826,0.11286847055372162,0.12172716359481488,0.09303398345488044,0.09505250494782369,0.09101546196193719,0.1021301962181888,0.10808053559008386,0.09617985684629374,2015-2019,5
357,SDP,Erkki Tuomioja,60,0.12502155883895852,0.1236659219030793,0.12637719577483772,0.10822634599352594,0.10441940533717786,0.11203328664987403,0.09014917683009435,0.08155179922299448,0.09874655443719423,0.12014577663347287,0.12000335828431614,0.12028819498262959,0.10095244185258259,0.11090877066599132,0.09099611303917386,0.1161672656154931,0.11165180689400275,0.12068272433698346,0.12332786724671413,0.13244991335412387,0.11420582113930437,0.12835086140210908,0.13001379750105785,0.1266879253031603,0.08765870558704941,0.08533522683725649,0.08998218433684235,2015-2019,5
363,VIHR,Satu Hassi,411,0.11565478833379064,0.12317897638169165,0.10813060028588964,0.0881002230680543,0.0881663205022182,0.0880341256338904,0.14727839616256044,0.1637134875170973,0.13084330480802359,0.11033637513659217,0.10727092450764084,0.1134018257655435,0.11527598252771085,0.10698976136472634,0.12356220369069537,0.10424162172536736,0.09626892210721014,0.11221432134352456,0.10684487336715934,0.10583526487173789,0.10785448186258077,0.10889392010754954,0.1113535979979485,0.10643424221715059,0.10337381957121536,0.09722274474972918,0.10952489439270155,2015-2019,5
402,KESK,Timo Kalli,153,0.11130470002582837,0.10203624968685206,0.12057315036480469,0.09863394748313062,0.10615767320792999,0.09111022175833125,0.09683460837041119,0.092983164675927,0.10068605206489536,0.13662175955881153,0.14391160097817152,0.12933191813945155,0.10058515715903789,0.10553700528360795,0.09563330903446783,0.09410518734964586,0.08958825158322428,0.09862212311606744,0.13898543584024553,0.1260476355182268,0.15192323616226427,0.11550745148593901,0.12717473766830759,0.10384016530357043,0.10742175272694995,0.10656368139775274,0.10827982405614715,2015-2019,5
414,KESK,Matti Vanhanen,130,0.10375571281303256,0.10629003756252872,0.10122138806353638,0.10605851669120892,0.10684552772960329,0.10527150565281455,0.10954015218891493,0.10649828647593204,0.11258201790189781,0.14797913310475355,0.16307443772304012,0.132883828486467,0.09625214302603398,0.0953636647985791,0.09714062125348885,0.07370338505387486,0.07650525346675632,0.07090151664099338,0.12471538786305474,0.12313762988393365,0.12629314584217582,0.11842532367611644,0.10634152666395133,0.13050912068828155,0.11957024558301008,0.11594363569567545,0.12319685547034469,2015-2019,5
451,SDP,Tarja Filatov,345,0.14956761068292293,0.1508905626705283,0.14824465869531755,0.12302758686218762,0.11935536867654732,0.1266998050478279,0.11462783253122028,0.10709605238021007,0.12215961268223048,0.10286779906887987,0.10616177684731651,0.09957382129044323,0.0838986427828683,0.08759976574942499,0.08019751981631161,0.10233272780272863,0.1140909085654604,0.09057454703999686,0.11403024110546664,0.11318580857804635,0.11487467363288695,0.1140495750190488,0.10843437861860632,0.11966477141949128,0.09559798414467705,0.09318537791385981,0.09801059037549428,2015-2019,5
479,VAS,Annika Lapintie,64,0.1022212432885483,0.09887918161050258,0.10556330496659402,0.09786324471891912,0.10832997625279413,0.08739651318504411,0.10055426051464987,0.09769268673403181,0.10341583429526793,0.09974632825236227,0.09751984876515077,0.10197280773957378,0.09298591931074274,0.09856237785263047,0.08740946076885502,0.10242996803186458,0.09464201396157854,0.11021792210215062,0.11967487392992861,0.1231874369185254,0.11616231094133181,0.14974393293036203,0.14848532397558317,0.15100254188514087,0.1347802290226225,0.13270115392920312,0.13685930411604189,2015-2019,5
499,KD,Päivi Räsänen,490,0.11925140159838646,0.10967070536444037,0.12883209783233254,0.11922093657850984,0.1169412700092923,0.12150060314772737,0.09224399824793045,0.0858898582157682,0.0985981382800927,0.10110646815407105,0.09818524431717979,0.10402769199096232,0.10473556904296769,0.11145087129797578,0.09802026678795958,0.13752215269784906,0.12653727352619665,0.14850703186950148,0.11386161845707088,0.1150888982145222,0.11263433869961956,0.10414056687280634,0.11842816482588152,0.08985296891973119,0.10791728835040823,0.11780771422874323,0.09802686247207325,2015-2019,5
507,VAS,Kari Uotila,288,0.1402415905029037,0.13694095225081487,0.14354222875499248,0.14129661241613956,0.14437760927378077,0.13821561555849837,0.12140348480566485,0.12784944391417916,0.11495752569715052,0.10068292866663042,0.09696651930654032,0.10439933802672052,0.09910763893423086,0.11004809460440992,0.0881671832640518,0.0894018941137072,0.08208316117222617,0.09672062705518825,0.10078520027550628,0.10382710372719209,0.09774329682382045,0.0918413568089655,0.08736549113390943,0.09631722248402158,0.11523929347625161,0.11054162461694725,0.119936962335556,2015-2019,5
508,KESK,Anu Vehviläinen,242,0.10965387196168942,0.11036359092168986,0.10894415300168898,0.13090271929681033,0.1197854773108011,0.14201996128281955,0.07828779678322517,0.07688212072977477,0.07969347283667556,0.18154993589798366,0.19282124602751255,0.17027862576845476,0.060685495085234714,0.06070231260820995,0.060668677562259486,0.10759539260754461,0.1010785212800562,0.11411226393503301,0.11873795663693087,0.12886728347110393,0.10860862980275783,0.10664766268410797,0.1059175766263527,0.10737774874186323,0.10593916904647323,0.1035818710244989,0.10829646706844756,2015-2019,5
511,SDP,Pia Viitanen,1007,0.11988141031246909,0.1401980937974463,0.09956472682749187,0.1730592637503662,0.1660935307368476,0.1800249967638848,0.10807594226135125,0.10321785337424035,0.11293403114846215,0.09844279419828528,0.09990784776121556,0.096977740635355,0.08601800450214155,0.079039576895723,0.0929964321085601,0.1156923065971991,0.10961845335691156,0.12176615983748665,0.1041912583839508,0.09901170317194762,0.10937081359595398,0.08028472332998167,0.08268748750552114,0.0778819591544422,0.11435429666425506,0.12022545340014686,0.10848313992836325,2015-2019,5
538,SDP,Tuula Haatainen,214,0.10467988709747525,0.10596696502884628,0.10339280916610423,0.12758778712401642,0.13877012410971284,0.11640545013831997,0.13152070052879267,0.14351866279295805,0.11952273826462725,0.10533831991851621,0.0999920186912999,0.11068462114573252,0.10655329333291015,0.11869165516697155,0.09441493149884875,0.11554524570409863,0.1081125232617665,0.12297796814643078,0.09421074912654982,0.09241336745890402,0.09600813079419562,0.11592828404167314,0.1038666659040326,0.1279899021793137,0.09863573312596771,0.08866801758550834,0.1086034486664271,2015-2019,5
541,KESK,Juha Rehula,387,0.09372774199266062,0.09663910157528537,0.0908163824100359,0.12275272743728395,0.11684177724413322,0.12866367763043468,0.09287443932996772,0.094831779328832,0.09091709933110347,0.15814235779345975,0.17411958771958974,0.1421651278673298,0.09005330729272226,0.07478268980880153,0.10532392477664301,0.09575038083237225,0.08953715966678642,0.10196360199795809,0.1121965466667337,0.11010182710006844,0.11429126623339898,0.13200089040854385,0.1310489538927893,0.13295282692429838,0.10250160824625583,0.11209712366371398,0.09290609282879768,2015-2019,5
565,SDP,Susanna Huovinen,121,0.11333291415086146,0.11573031808975168,0.11093551021197123,0.1305021702999609,0.12553979585943917,0.1354645447404826,0.11294348827941951,0.1199396172969048,0.10594735926193422,0.10425883798564638,0.09837252592916976,0.110145150042123,0.11573229455399855,0.11770773127044924,0.11375685783754785,0.13247232702492628,0.13029492868780185,0.13464972536205072,0.10819661356485304,0.10708882323116675,0.10930440389853932,0.08579708158860545,0.08674857905535101,0.0848455841218599,0.09676427255172841,0.09857768057996573,0.0949508645234911,2015-2019,5
573,KESK,Niilo Keränen,63,0.09890335786717355,0.09818016769252412,0.099626548041823,0.12179350843852912,0.11859054092398624,0.12499647595307202,0.10122442522064484,0.10427267788059251,0.09817617256069719,0.1431836918520148,0.13777646458073994,0.14859091912328964,0.08478379477939241,0.08916536299434294,0.08040222656444188,0.14796485899951772,0.15784042877013407,0.13808928922890135,0.08769036282919015,0.08493973354439502,0.09044099211398529,0.10756125065048427,0.10473576221381871,0.11038673908714983,0.10689474936305313,0.1044988613994664,0.10929063732663984,2015-2019,5
582,KESK,Jari Leppä,177,0.0828294408641567,0.07765789051946217,0.08800099120885121,0.07779995052514722,0.07210570138707541,0.08349419966321904,0.10074785573499631,0.10115479117682209,0.10034092029317052,0.2066228072796874,0.25546887396499474,0.15777674059438007,0.09023774860258539,0.07782556026433932,0.10264993694083147,0.09665608594446817,0.10144028053327055,0.09187189135566581,0.140756699981539,0.13460986986756765,0.14690353009551033,0.10623881620653408,0.09285047626520075,0.11962715614786741,0.09811059486088575,0.0868865560212673,0.10933463370050418,2015-2019,5
583,KESK,Mika Lintilä,97,0.09355952575071261,0.09848479835751187,0.08863425314391336,0.09597917415579096,0.09679924529228207,0.09515910301929986,0.09187236434004073,0.08664971882402353,0.09709500985605794,0.15892168242791638,0.1480178304221281,0.16982553443370468,0.0758830087145996,0.07017653335879788,0.08158948407040131,0.08625133497209535,0.0890723388330652,0.0834303311111255,0.12950185965713573,0.13338003805713566,0.12562368125713577,0.16529224397922698,0.165112132084223,0.16547235587423098,0.10273880600248159,0.11230736477083265,0.0931702472341305,2015-2019,5
592,KESK,Antti Rantakangas,139,0.0994716764038513,0.10041015730702789,0.0985331955006747,0.11901053738253362,0.11939035396449209,0.11863072080057516,0.08568575034402139,0.0861573320521491,0.08521416863589368,0.15629323345615365,0.15231659489506044,0.16026987201724682,0.12332076954060765,0.11930358354391415,0.12733795553730115,0.08755979937575437,0.08877910371772883,0.08634049503377991,0.12539743675247103,0.13348142171216537,0.11731345179277668,0.10027284942325973,0.10166125713504168,0.09888444171147778,0.10298794732134724,0.09850019567242041,0.10747569897027406,2015-2019,5
609,SDP,Harry Wallin,115,0.11488876492893108,0.11191678574028834,0.11786074411757382,0.12540256881760747,0.13108029915613773,0.11972483847907725,0.10736198103576924,0.10878895912100783,0.10593500295053067,0.12731700602721718,0.11733133116264802,0.13730268089178632,0.10100614822851933,0.10353682961047954,0.09847546684655914,0.08854676936990868,0.0868193676944939,0.09027417104532347,0.10668448117768443,0.10841437361047157,0.1049545887448973,0.11142542523679011,0.11841943316216823,0.104431417311412,0.11736685517757248,0.11369262074230486,0.12104108961284007,2015-2019,5
612,KOK,Sari Sarkomaa,271,0.09906558486187224,0.09604473277474493,0.10208643694899955,0.13213624092212564,0.12402484985750965,0.14024763198674162,0.13005124751315061,0.13853960741855417,0.12156288760774707,0.1281374105819753,0.12773518197747014,0.12853963918648045,0.10602917954582089,0.09634185367221625,0.11571650541942553,0.12231379181558166,0.12900970910134366,0.11561787452981967,0.11507074476190066,0.12365658903017498,0.10648490049362633,0.0859135475590031,0.08147380375335925,0.09035329136464697,0.08128225243856985,0.08317367241462698,0.07939083246251273,2015-2019,5
767,PS,Timo Soini,236,0.10595468441880826,0.11226130732573739,0.09964806151187913,0.11083677759913142,0.10676067937763767,0.11491287582062518,0.09649409126584958,0.09423373062718794,0.09875445190451122,0.13449235467839094,0.1464682371548244,0.1225164722019575,0.1120483689331854,0.11833903080023966,0.10575770706613115,0.0891747884579189,0.08081623305632993,0.09753334385950789,0.11740995002519028,0.11261944483400328,0.12220045521637728,0.11409827327800451,0.11416520579720324,0.11403134075880579,0.11949071134352064,0.1143361310268364,0.12464529166020488,2015-2019,5
767,SIN,Timo Soini,84,0.09256775830102043,0.09679410587569184,0.088341410726349,0.10360361037699692,0.09884837562031316,0.10835884513368066,0.10544890142665467,0.09718788184147406,0.11370992101183526,0.12218357400922078,0.11702244232620498,0.12734470569223658,0.10644525308554395,0.11137652201451816,0.10151398415656976,0.08578365673645807,0.08799431897342538,0.08357299449949078,0.13460542824053534,0.133354576290796,0.1358562801902747,0.1322263018607877,0.13518338372919497,0.12926921999238047,0.11713551596278213,0.12223839332838142,0.11203263859718282,2015-2019,5
769,RKP,Mikaela Nylander,122,0.10182625820968728,0.10208911049586877,0.1015634059235058,0.11670743388047317,0.11874011094809134,0.114674756812855,0.11136143002098384,0.10601998316575585,0.11670287687621184,0.0841877949713551,0.08594661356874236,0.08242897637396784,0.15835595491694357,0.1460699589940453,0.17064195083984185,0.11612251080271796,0.13082496470766306,0.10142005689777285,0.10742522791423176,0.11368067421699062,0.10116978161147291,0.09775231799131863,0.09962458312713121,0.09588005285550605,0.10626107129228868,0.09700400077571149,0.11551814180886585,2015-2019,5
771,VIHR,Jyrki Kasvi,130,0.1321732225420582,0.1398428648090964,0.12450358027502002,0.08990361175447022,0.09083318792433975,0.08897403558460068,0.14992161070691312,0.14502314942480607,0.1548200719890202,0.10764816077102171,0.10718400557524317,0.10811231596680027,0.09700989014836472,0.09317036808600002,0.10084941221072945,0.08909360898807811,0.08756214948344625,0.09062506849270999,0.09878858074167729,0.0998692389203843,0.0977079225629703,0.12826031358642342,0.13294372666848825,0.12357690050435859,0.10720100076099313,0.10357130910819579,0.11083069241379048,2015-2019,5
778,KD,Sari Essayah,637,0.0925746893953143,0.09562392915112024,0.08952544963950837,0.12267713634930907,0.12928139618818185,0.1160728765104363,0.08729830089321056,0.07746884421228925,0.09712775757413185,0.12551776021732278,0.12647578551402303,0.12455973492062253,0.10049218526863528,0.11462437398751216,0.0863599965497584,0.14362314992917985,0.12767404498381021,0.15957225487454949,0.12088767328346453,0.12689248475264772,0.11488286181428135,0.08224071617195172,0.07349127595406545,0.09099015638983801,0.12468838849161193,0.1284678652563501,0.12090891172687375,2015-2019,5
779,KESK,Esko Kiviranta,233,0.09995113177683171,0.09917554284860611,0.10072672070505732,0.0877890488275817,0.0772733666816588,0.0983047309735046,0.11051537657744093,0.11181211581051738,0.10921863734436446,0.13055157380080706,0.13376188894706498,0.12734125865454912,0.08692432818216735,0.08626938885994927,0.08757926750438542,0.10149643845839565,0.1009939224052961,0.10199895451149518,0.14369508587535357,0.13875740671608766,0.14863276503461945,0.12922144234755462,0.13987440177572835,0.11856848291938085,0.1098555741538675,0.11208196595509141,0.10762918235264358,2015-2019,5
784,KOK,Arto Satonen,183,0.10004803502557869,0.1123812039346214,0.08771486611653598,0.13001089625742707,0.13109382357799532,0.12892796893685884,0.0811575340675561,0.09423846694329857,0.06807660119181365,0.1525888607803038,0.14191379170446605,0.16326392985614152,0.08938349834059589,0.0847895671372059,0.09397742954398589,0.10017294686358355,0.08997131849107842,0.11037457523608867,0.1388929477556698,0.1358758263894053,0.1419100691219343,0.10459436389130686,0.10665258531462178,0.10253614246799192,0.1031509170179783,0.1030834165073073,0.10321841752864927,2015-2019,5
786,KESK,Mikko Alatalo,108,0.0928576566974996,0.10056428112113061,0.08515103227386857,0.09978449465907296,0.110985062421003,0.08858392689714292,0.08181006375104066,0.07530433226563125,0.08831579523645007,0.13232354940877894,0.12751028821670524,0.13713681060085267,0.07924110616527197,0.0722820300510065,0.08620018227953742,0.08806848767700436,0.09515637875288123,0.08098059660112748,0.10525934684409136,0.1021687371554818,0.1083499565327009,0.15816529342992885,0.1429045658018089,0.17342602105804883,0.1624900013673113,0.17312432421435145,0.15185567852027113,2015-2019,5
790,KESK,Kimmo Tiilikainen,338,0.08039834106781515,0.07819009131902666,0.08260659081660364,0.09870668571341829,0.10145755746858567,0.0959558139582509,0.12288556671237684,0.11228111743200594,0.13349001599274773,0.17875141422841684,0.1817366993578404,0.17576612909899325,0.06911438006087703,0.06257776498258308,0.07565099513917098,0.08577049589295169,0.09386917714790326,0.07767181463800012,0.11695014818363006,0.11330719408187231,0.12059310228538782,0.12814960268809605,0.13133218704976451,0.1249670183264276,0.11927336545241811,0.12524821116041826,0.11329851974441796,2015-2019,5
797,KESK,Hannu Hoskonen,971,0.09407142753235054,0.08932881354205227,0.09881404152264882,0.12435107524952584,0.12288422300010213,0.12581792749894954,0.08715303091095042,0.08381775098600244,0.0904883108358984,0.14565353457789432,0.15619765351754628,0.13510941563824239,0.0717959347282584,0.07036860691855093,0.07322326253796588,0.08408007885398953,0.08549362821831402,0.08266652948966505,0.11678682983523478,0.1299171762565331,0.10365648341393648,0.12334306629439387,0.1112140295668381,0.13547210302194965,0.15276502201740227,0.15077811799406074,0.1547519260407438,2015-2019,5
800,KESK,Tapani Tölli,69,0.09826362865152868,0.09897693748952266,0.09755031981353472,0.1024252522412132,0.1021341615297245,0.10271634295270189,0.09038329889146758,0.0899417694135686,0.09082482836936656,0.1499945794835026,0.14389775920983527,0.15609139975716993,0.10629040684898224,0.10624767373656148,0.10633313996140299,0.13341997707820819,0.13512025791089646,0.13171969624551993,0.10960969944950903,0.10781037516081879,0.11140902373819928,0.10734427285952715,0.1146540468821298,0.1000344988369245,0.10226888449606136,0.10121701866694252,0.10332075032518022,2015-2019,5
802,VAS,Markus Mustajärvi,190,0.1146776875879863,0.1245901179629432,0.10476525721302939,0.11370664575789269,0.12046709375847904,0.10694619775730634,0.10058691481726109,0.09556697290737913,0.10560685672714307,0.10559230913075468,0.09174775554095844,0.11943686272055092,0.09321264059619855,0.09021546460389576,0.09620981658850135,0.09734808475986767,0.09611858004748866,0.0985775894722467,0.11362433071101427,0.10593253121922933,0.12131613020279922,0.11589416502183461,0.12750053731370606,0.10428779272996316,0.14535722161719017,0.14786094664592042,0.1428534965884599,2015-2019,5
805,KESK,Lasse Hautala,135,0.09131855041507908,0.09487714414217142,0.08775995668798672,0.09879246458160387,0.10367905706232568,0.09390587210088208,0.10394409755238085,0.10661701481035649,0.10127118029440521,0.14887447660084263,0.13295165061888997,0.16479730258279532,0.09825540653738764,0.10383248926433086,0.09267832381044441,0.10187904818588156,0.09207752267992494,0.11168057369183819,0.12220481063899725,0.1272987461190513,0.11711087515894322,0.10503204617431142,0.10898666579420915,0.1010774265544137,0.12969909931351564,0.12967970950874014,0.12971848911829115,2015-2019,5
808,SDP,Jutta Urpilainen,40,0.08598780049070794,0.08571433813954876,0.08626126284186711,0.11608184133965334,0.11526136075138711,0.11690232192791956,0.152687551523231,0.15406548944694332,0.15130961359951867,0.09425362589474938,0.09648133542806328,0.09202591636143548,0.14323339789506206,0.14553460904532162,0.14093218674480248,0.09986934812888035,0.09680949685286769,0.10292919940489302,0.13636434942897135,0.13676945409603777,0.13595924476190496,0.08903479730058642,0.08379610601716961,0.09427348858400324,0.08248728799815823,0.08556781022266093,0.07940676577365553,2015-2019,5
809,KOK,Paula Risikko,151,0.07123147563820455,0.07072233732784694,0.07174061394856215,0.0883846990866183,0.09620506864836587,0.08056432952487073,0.0851165917905838,0.08068853636725709,0.0895446472139105,0.13452836503515864,0.13065256033627262,0.13840416973404465,0.07173460891379735,0.07037297566881931,0.07309624215877537,0.12166273875646802,0.13105592974659208,0.11226954776634394,0.12064737902370007,0.12492047943761204,0.11637427860978808,0.17661715206612777,0.17936736881351414,0.1738669353187414,0.13007698968934145,0.11601474365371986,0.14413923572496307,2015-2019,5
856,PS,Jussi Niinistö,63,0.08419644174335869,0.08379689196483633,0.08459599152188105,0.09242317056235058,0.08676007316898851,0.09808626795571264,0.09922291854443611,0.09783475988442172,0.1006110772044505,0.12685415661956725,0.12818850260384299,0.12551981063529152,0.07807269927727806,0.08465988606875105,0.07148551248580506,0.08120420750821816,0.0868965641478655,0.07551185086857085,0.13406105082304476,0.13760609897257803,0.1305160026735115,0.1621606807390339,0.14956321782425316,0.1747581436538146,0.14180467418271248,0.1446940053644627,0.13891534300096228,2015-2019,5
856,SIN,Jussi Niinistö,50,0.08454450827159746,0.08556164140099373,0.08352737514220118,0.08668534394372042,0.08561944399450903,0.0877512438929318,0.09665540413065074,0.10266141133710623,0.09064939692419526,0.13642600727204943,0.13017651680084796,0.1426754977432509,0.07778396361540206,0.08337349226800174,0.07219443496280238,0.076954437467161,0.07497945372504783,0.07892942120927418,0.11703594439831831,0.11597383407931665,0.11809805471731998,0.18353234718344769,0.1780310426939577,0.18903365167293767,0.14038204371765284,0.14362316370021908,0.13714092373508657,2015-2019,5
887,SDP,Sirpa Paatero,286,0.09374408909719495,0.09223286345847312,0.0952553147359168,0.1360355792024152,0.14085709531997953,0.13121406308485092,0.09056099216390176,0.09385838849910828,0.08726359582869522,0.13316704778178792,0.12489029605217809,0.14144379951139774,0.09215230831012715,0.09044565713079397,0.09385895948946033,0.1337584881942937,0.13685682475803992,0.1306601516305475,0.10251170621654207,0.10582334973854954,0.0992000626945346,0.10602098508388232,0.10527227290092096,0.10676969726684367,0.11204880394985486,0.10976325214195652,0.11433435575775319,2015-2019,5
910,RKP,Stefan Wallin,130,0.10163017783153155,0.10320309744728628,0.10005725821577682,0.10071323037606622,0.1095700202221516,0.09185644052998085,0.1140849412112798,0.11214469058084649,0.11602519184171309,0.09751273306024116,0.09790641285410925,0.09711905326637306,0.161928950843654,0.14623353862093807,0.17762436306636992,0.0945424877710484,0.09903192624309008,0.09005304929900673,0.12398145183785228,0.11474882591025766,0.13321407776544691,0.09140259025748099,0.09216709573413642,0.09063808478082555,0.11420343681084555,0.12499439238718406,0.10341248123450704,2015-2019,5
913,KESK,Eerikki Viljanen,155,0.12103981898269306,0.11083920065367234,0.13124043731171378,0.09044113845027496,0.09100489271493126,0.08987738418561866,0.1211860366169086,0.130910507927288,0.11146156530652922,0.1392276316913479,0.14521609621483494,0.13323916716786083,0.08260101197249571,0.07901149728681406,0.08619052665817736,0.09581415804438269,0.08807487069924985,0.10355344538951552,0.10695505891350202,0.10457959675393569,0.10933052107306836,0.13655288671123406,0.14133357075606517,0.13177220266640294,0.10618225861716098,0.10902976699320861,0.10333475024111334,2015-2019,5
914,VIHR,Outi Alanko-Kahiluoto,341,0.12762130625731866,0.1285555340292208,0.12668707848541655,0.14973718616993958,0.14778477262785444,0.15168959971202473,0.14180801342398225,0.13694958578595404,0.14666644106201046,0.07930805981473613,0.07963738123990718,0.07897873838956505,0.11383696103522267,0.13133374238631668,0.09634017968412867,0.10574597223496286,0.10428835651459936,0.10720358795532636,0.08846773662621438,0.09416095417030304,0.0827745190821257,0.08982480046167088,0.07701859733894707,0.1026310035843947,0.10364996397595255,0.10027107590689739,0.1070288520450077,2015-2019,5
917,VAS,Paavo Arhinmäki,429,0.14736564232634097,0.15917307374312045,0.13555821090956152,0.14746472786965917,0.1400052872423154,0.15492416849700294,0.12116419246202596,0.11453864922049961,0.12778973570355232,0.09637222157574316,0.09469679920948856,0.09804764394199773,0.10992996550567866,0.10853811605411505,0.11132181495724228,0.07904546136275248,0.0756819980093952,0.08240892471610976,0.11018069251904151,0.10800168825324907,0.11235969678483396,0.08046929986761168,0.0827490951395596,0.07818950459566378,0.10800779651114639,0.1166152931282571,0.09940029989403569,2015-2019,5
921,VIHR,Johanna Karimäki,347,0.11722691771448757,0.11581389187806752,0.11863994355090761,0.1152342822302239,0.1117771495171707,0.1186914149432771,0.15902159903745694,0.17709536236115547,0.1409478357137584,0.0993927383258744,0.10717290819339058,0.09161256845835823,0.1137385473028791,0.11709327752205716,0.11038381708370104,0.09927698131573573,0.08535672998139515,0.11319723265007631,0.08711264409309075,0.07488689813550435,0.09933839005067716,0.09689392681570491,0.10233249131067798,0.09145536232073184,0.11210236316454666,0.10847129110058104,0.11573343522851227,2015-2019,5
923,RKP,Thomas Blomqvist,46,0.09647708628896573,0.10027874334617881,0.09267542923175266,0.09455968299932024,0.09077498721818797,0.09834437878045252,0.14569067486420278,0.13332064622861114,0.15806070349979442,0.08305870734963713,0.09388603484280175,0.07223137985647252,0.1908666621437031,0.18421412733409323,0.19751919695331296,0.09083795184417795,0.09807740810264418,0.08359849558571171,0.09611812389965375,0.09905145732322052,0.09318479047608699,0.10593310114701877,0.10210068098038785,0.1097655213136497,0.09645800946332056,0.09829591462387455,0.09462010430276656,2015-2019,5
925,KESK,Markku Pakkanen,354,0.09892891632812202,0.10924598364553872,0.08861184901070532,0.10646846447554476,0.1090028937123271,0.1039340352387624,0.08203126323919036,0.07763684001917619,0.08642568645920452,0.13621936708020196,0.13920515727487348,0.13323357688553045,0.07760345715573316,0.07457024480137742,0.08063666951008891,0.12690600651294218,0.1279518358772032,0.12586017714868114,0.11159713272005042,0.11458897748914887,0.10860528795095199,0.12755695308663348,0.11978667943554251,0.13532722673772443,0.1326884394015817,0.12801138774481258,0.1373654910583508,2015-2019,5
926,SDP,Maria Guzenina,137,0.09797007864336844,0.09328196328372229,0.1026581940030146,0.1593502184831097,0.1560790804788446,0.16262135648737483,0.11109087712950494,0.11413039353184964,0.10805136072716023,0.11272083086584253,0.10899086249084651,0.11645079924083857,0.10781539126861107,0.10856851286167704,0.10706226967554511,0.09974917285825466,0.09804713295949266,0.10145121275701666,0.12150381449413084,0.12024599338206696,0.12276163560619473,0.07616738847166105,0.08012627569203899,0.07220850125128311,0.11363222778551674,0.12052978531946132,0.10673467025157217,2015-2019,5
930,VIHR,Heli Järvinen,266,0.12107835403336403,0.12484262808888866,0.11731407997783941,0.1340713978821239,0.1308584165655667,0.13728437919868114,0.12587229859043458,0.1302058745222601,0.1215387226586091,0.10849715382408034,0.10670571165434664,0.11028859599381406,0.11568093741083219,0.11142711100502481,0.11993476381663955,0.09220144395004445,0.08915606055552107,0.09524682734456782,0.10681642479690286,0.11312408614708398,0.10050876344672173,0.08880324083454313,0.08544179164612499,0.09216469002296127,0.10697874867767446,0.10823831981518299,0.10571917754016591,2015-2019,5
931,SDP,Maarit Feldt-Ranta,111,0.11742067135616632,0.11729468468544965,0.117546658026883,0.130676953422322,0.1325078959365619,0.1288460109080821,0.12914852295256696,0.13476194358882998,0.12353510231630391,0.11595372289810468,0.11776732827610355,0.1141401175201058,0.1299390551536644,0.13425975614097072,0.1256183541663581,0.07419261035750219,0.07197449164526629,0.07641072906973809,0.11023912565057721,0.11266131680420961,0.10781693449694481,0.0837424920586675,0.08299546031954422,0.08448952379779079,0.10868684615042876,0.09577712260306408,0.12159656969779342,2015-2019,5
934,KOK,Sanna Lauslahti,172,0.10732093945427723,0.12196649037145926,0.0926753885370952,0.12338204112047689,0.12232322535043764,0.12444085689051614,0.12241890513117316,0.1152182789229734,0.12961953133937293,0.12887781553344024,0.13474400678609869,0.12301162428078179,0.10239392649130832,0.09822200552157953,0.10656584746103712,0.08921934099991552,0.08352298552886518,0.09491569647096584,0.14119199105316405,0.13165302656320227,0.15073095554312582,0.0959800593729116,0.10593197040047209,0.0860281483453511,0.08921498084333301,0.086418010554912,0.09201195113175405,2015-2019,5
935,KOK,Eero Lehti,155,0.116068815867375,0.11335008823437812,0.11878754350037188,0.104314432164242,0.10539688249464156,0.10323198183384241,0.09933724420700565,0.10043853133314648,0.09823595708086483,0.12416205363177313,0.12896165956730407,0.11936244769624219,0.10559990958954418,0.10466193180769409,0.10653788737139427,0.09531985556714898,0.09313164689083347,0.09750806424346446,0.1289285321444462,0.12308296553351816,0.13477409875537422,0.11271719785849552,0.11520303936172434,0.11023135635526668,0.11355195896996939,0.11577325477675968,0.1113306631631791,2015-2019,5
938,KESK,Hannakaisa Heikkinen,294,0.10402365320690804,0.09875835386165507,0.109288952552161,0.11929139070278176,0.11743506796760084,0.12114771343796268,0.11910519946750887,0.12803496040072862,0.11017543853428913,0.14486283867375535,0.14911030439736855,0.14061537295014215,0.08170768499821554,0.07981812541027881,0.08359724458615228,0.09479879362422527,0.09216537169859237,0.09743221554985816,0.09581732944562237,0.09520981023926794,0.09642484865197679,0.11891504997214256,0.11629922979572915,0.12153087014855594,0.12147805990884027,0.1231687762287786,0.11978734358890193,2015-2019,5
939,KESK,Elsi Katainen,117,0.08846486120659613,0.0856041950202581,0.09132552739293419,0.1236005385531956,0.12131126834038272,0.12588980876600847,0.0985432295893144,0.09660815431963723,0.10047830485899156,0.13014540926400708,0.12250573100684728,0.13778508752116692,0.10989770633691515,0.11729247664846827,0.10250293602536202,0.1079600978660972,0.11184596915873765,0.10407422657345675,0.12221980631684,0.12453321479089437,0.11990639784278563,0.10457928600266,0.10720429919573786,0.10195427280958216,0.11458906486437445,0.11309469151903655,0.11608343820971234,2015-2019,5
940,KOK,Outi Mäkelä,133,0.09800308655920789,0.09738353491138937,0.0986226382070264,0.11846099038370973,0.119209142473955,0.11771283829346446,0.09396897559879192,0.09539904101004759,0.09253891018753624,0.12254113763807781,0.11539422965116763,0.12968804562498798,0.10782933998959976,0.11177529594448092,0.10388338403471861,0.12275198318758845,0.13443121751807377,0.11107274885710312,0.12000985449848123,0.11802668585377904,0.12199302314318342,0.10268100387617166,0.09892447494581297,0.10643753280653034,0.11375362826837154,0.10945637769129368,0.1180508788454494,2015-2019,5
941,RKP,Anna-Maja Henriksson,220,0.11206964010630392,0.11984172220978426,0.10429755800282359,0.11685957529171574,0.11671339449888796,0.11700575608454353,0.12088922348595382,0.10879737443443724,0.1329810725374704,0.08693678521979785,0.08115233060458116,0.09272123983501454,0.15358433176366398,0.14024138869681638,0.16692727483051156,0.0982739196705131,0.10046757299659088,0.09608026634443531,0.11930242271921883,0.1272635699508488,0.11134127548758885,0.07924717183483275,0.08239454192294005,0.07609980174672545,0.11283692990800004,0.12312810468511323,0.10254575513088685,2015-2019,5
946,KESK,Tuomo Puumala,142,0.09715162101264743,0.0943351125804626,0.09996812944483228,0.13041969735589537,0.13415561565073478,0.12668377906105596,0.10211211217281851,0.09912703696788643,0.1050971873777506,0.13390085937827934,0.13366765460874766,0.134134064147811,0.0991149026170842,0.10289831349064411,0.09533149174352426,0.0869480846451782,0.08489249164606838,0.08900367764428803,0.13674203230670343,0.13176227265030718,0.14172179196309967,0.10981120881397169,0.11852147106581598,0.10110094656212738,0.10379948169742184,0.10064003133933289,0.1069589320555108,2015-2019,5
948,KOK,Anne-Mari Virolainen,76,0.10855107144883913,0.11519865996832823,0.10190348292935003,0.0958992081964301,0.08485510083054179,0.1069433155623184,0.11412815281903099,0.12055551304841314,0.10770079258964886,0.11645567427346709,0.12466468180209944,0.10824666674483474,0.11990293408706176,0.12789645454372542,0.11190941363039812,0.09152301028895271,0.09365318391441962,0.08939283666348578,0.12195351925074793,0.11977369501687647,0.12413334348461938,0.11519154252316861,0.10790817108898557,0.12247491395735166,0.11639488711230167,0.1054945397866103,0.12729523443799304,2015-2019,5
953,KESK,Anne Kalmari,233,0.1174199794545926,0.11307351238861038,0.1217664465205748,0.106936175093442,0.11198960350440515,0.10188274668247885,0.10598737617064641,0.10408409965077656,0.10789065269051626,0.12490822297480991,0.13514152623688197,0.11467491971273787,0.09444847883061296,0.0837066031028248,0.10519035455840112,0.10652008995740403,0.10415369700539452,0.10888648290941354,0.1236667430401975,0.12087138443474676,0.12646210164564822,0.10391178751906277,0.09956285210270224,0.1082607229354233,0.11620114695923181,0.12741672157365758,0.10498557234480603,2015-2019,5
956,VIHR,Ville Niinistö,331,0.15173937046514735,0.1633752160935528,0.14010352483674188,0.11801348461980335,0.11221935891629793,0.12380761032330878,0.15980356314744593,0.1599881967273516,0.15961892956754026,0.08732965411447544,0.08027028667802243,0.09438902155092845,0.13722935957417745,0.1361466572841428,0.1383120618642121,0.06970858636575702,0.07838992264950001,0.06102725008201404,0.10900208189328306,0.09873403918900743,0.11927012459755867,0.07915583693011366,0.08064575413375953,0.07766591972646777,0.08801806288979674,0.09023056832836547,0.085805557451228,2015-2019,5
959,KESK,Timo V. Korhonen,212,0.09521361041656612,0.09322715210940566,0.09720006872372658,0.10021209471422987,0.10845515994267138,0.09196902948578836,0.08252539857739884,0.08874727413841718,0.07630352301638049,0.1573212116651599,0.1473107948187709,0.16733162851154887,0.09753093845060058,0.09982309001189422,0.09523878688930694,0.10179275107190378,0.09811900492678274,0.10546649721702481,0.13608743502387913,0.13902129854159706,0.1331535715061612,0.1102138520221983,0.1135050526479836,0.106922651396413,0.11910270805806353,0.11179117286247726,0.1264142432536498,2015-2019,5
960,SDP,Krista Kiuru,488,0.13359596496795983,0.1404470599089545,0.1267448700269652,0.16146821748043413,0.17518063649749355,0.14775579846337472,0.11022611712687216,0.09816306294309224,0.12228917131065209,0.1144855174484513,0.12932576374660662,0.09964527115029598,0.09174598515394575,0.08140990962270997,0.10208206068518151,0.07922580317465305,0.07962842500946318,0.07882318133984292,0.11351559631724129,0.11125263146397915,0.11577856117050342,0.0818544889521231,0.0756431965640129,0.0880657813402333,0.11388230937831939,0.10894931424368785,0.11881530451295094,2015-2019,5
962,KESK,Mirja Vehkaperä,132,0.10639772900256814,0.09550427490897166,0.11729118309616463,0.10354510807576983,0.10614314637434545,0.10094706977719421,0.12228040210829136,0.11976914607997927,0.12479165813660346,0.1705282803065587,0.1774938501828121,0.16356271043030526,0.09675345922960306,0.09109434737754532,0.1024125710816608,0.07702796773705221,0.0805901200613941,0.07346581541271033,0.14675830720880584,0.15324850431102083,0.14026811010659088,0.09641705183942224,0.09353539405431184,0.09929870962453265,0.0802916944919286,0.08262121664961945,0.07796217233423777,2015-2019,5
967,KOK,Timo Heinonen,926,0.11015498435801441,0.11332597207125014,0.10698399664477869,0.1006051574140743,0.09862467740552802,0.10258563742262057,0.10376715618791263,0.09946264528562812,0.10807166709019715,0.11867931531306758,0.1281678236034906,0.10919080702264457,0.08063513594704771,0.06455273864458275,0.09671753324951267,0.10352663868417016,0.10927506145691523,0.09777821591142508,0.1323132554118086,0.13335191375789268,0.13127459706572453,0.11526977642117668,0.11261904604799011,0.11792050679436325,0.13504858026272787,0.14062012172672234,0.1294770387987334,2015-2019,5
971,SDP,Johanna Ojala-Niemelä,255,0.13897963334127253,0.15096577706216535,0.1269934896203797,0.12892892816189722,0.130994404765714,0.1268634515580804,0.11739379440052428,0.11401071160035374,0.12077687720069481,0.10584614263990726,0.11773042162873096,0.09396186365108355,0.09587086565809683,0.0862112597579364,0.10553047155825726,0.09338067164712431,0.09210769953627827,0.09465364375797035,0.1012885811251899,0.1001406424922209,0.10243651975815889,0.09748574714006936,0.08260333829215999,0.11236815598797874,0.12082563588591831,0.1252357448644403,0.11641552690739632,2015-2019,5
972,KOK,Harri Jaskari,136,0.11781577519640324,0.11757708165765482,0.11805446873515166,0.1273742006935536,0.1252462583059024,0.12950214308120478,0.116480252646321,0.11508849996475015,0.11787200532789185,0.1537702879189526,0.1629416151421111,0.14459896069579406,0.10595271718037472,0.10137691217137519,0.11052852218937426,0.09106242238021467,0.10223509953773077,0.07988974522269855,0.11324137585387066,0.11004656645797936,0.11643618524976196,0.07460760482813777,0.06898362701197346,0.08023158264430208,0.09969536330217178,0.0965043397505227,0.10288638685382087,2015-2019,5
1031,KOK,Alexander Stubb,190,0.10760475348398729,0.10779222806636343,0.10741727890161115,0.10945061851452276,0.11424345359685881,0.10465778343218672,0.10951246844419982,0.1023660434892149,0.11665889339918474,0.12649528085566047,0.12080458155615514,0.13218598015516583,0.09970183441385334,0.10407190166841451,0.09533176715929217,0.06815773703671185,0.07381021338375596,0.06250526068966775,0.1788481022999143,0.16581957159741284,0.19187663300241575,0.11910995500400767,0.12710181605980672,0.11111809394820862,0.08111924994714241,0.08399019058201761,0.07824830931226721,2015-2019,6
1041,PS,Vesa-Matti Saarakkala,71,0.09914384508275773,0.10259981579743023,0.09568787436808524,0.12213292276379836,0.11966975965300627,0.12459608587459044,0.08872960469720834,0.08190100715762046,0.0955582022367962,0.09794452435241145,0.09553522213168679,0.10035382657313612,0.08928471019358389,0.08542001847587004,0.09314940191129775,0.12151234736172281,0.11426008466547703,0.1287646100579686,0.1175778011102702,0.12378743282930735,0.11136816939123306,0.12498166176733333,0.12868452444174372,0.12127879909292294,0.1386925826709139,0.1481421348478581,0.1292430304939697,2015-2019,6
1056,KOK,Kalle Jokinen,135,0.12678944014853544,0.12718306789616202,0.12639581240090886,0.11129188123784968,0.11013625546392825,0.11244750701177111,0.09938581030191346,0.10041417387006021,0.0983574467337667,0.12175427673146992,0.12635618722473502,0.11715236623820482,0.09468220988215681,0.09602359707310291,0.09334082269121069,0.09291361287068339,0.1015310999592171,0.08429612578214969,0.12797242518497695,0.12749226067220826,0.12845258969774564,0.1124864912732152,0.1066307574393286,0.1183422251071018,0.11272385236919918,0.10423260040125766,0.1212151043371407,2015-2019,6
1087,SDP,Merja Mäkisalo-Ropponen,555,0.12126234251397697,0.12526097365570418,0.11726371137224974,0.15118452591162593,0.1652865055208354,0.13708254630241645,0.12441855685299555,0.12208595668160786,0.12675115702438322,0.08486959426529475,0.08595116648434761,0.08378802204624189,0.09539380253417515,0.0975592100480728,0.0932283950202775,0.12086424870497756,0.12422450324407781,0.11750399416587731,0.09166554002623574,0.08589427716262416,0.09743680288984732,0.10724334921052052,0.1006870861651521,0.11379961225588894,0.10309803998019781,0.09305032103757807,0.11314575892281757,2015-2019,6
1088,PS,Hanna Mäntylä,82,0.09923717180294034,0.09701157552817394,0.10146276807770675,0.11081203807453954,0.10920235130899152,0.11242172484008757,0.07919523999416875,0.0771698501304712,0.0812206298578663,0.13914308504041134,0.15129615293060644,0.12699001715021624,0.08856843363233727,0.08764120758600086,0.08949565967867368,0.13020369341681784,0.12797278683547197,0.1324345999981637,0.13395349723944475,0.127217811233505,0.14068918324538449,0.11948292147958256,0.12038721351746698,0.11857862944169814,0.09940391931975764,0.10210105092931213,0.09670678771020316,2015-2019,6
1091,PS,Martti Mölsä,42,0.0966348317728557,0.10063844560641297,0.09263121793929843,0.08834529541452468,0.09925804908330885,0.07743254174574052,0.10590298524647129,0.11034903626197128,0.10145693423097132,0.1261414705204788,0.1274637915109045,0.1248191495300531,0.10696908680887038,0.1049388708116227,0.10899930280611807,0.09758413980307185,0.09605984692506635,0.09910843268107733,0.10647335938064853,0.10669972695080085,0.1062469918104962,0.1108495937603619,0.10814111563250599,0.1135580718882178,0.16109923729271683,0.1464511172174065,0.17574735736802716,2015-2019,6
1092,PS,Mika Niikko,366,0.10765584725253266,0.0965610384938402,0.1187506560112251,0.10917055515722987,0.11635504890094764,0.1019860614135121,0.11579525449441017,0.11422414907912977,0.11736635990969058,0.08958140554197594,0.08712893969576249,0.09203387138818937,0.09709707892444491,0.09866845716106197,0.09552570068782784,0.11519917140103521,0.12239594790509989,0.10800239489697053,0.10397351592854072,0.10537914169933907,0.10256789015774237,0.10902222257736752,0.11292862744992449,0.10511581770481056,0.15250494872246312,0.14635864961489456,0.15865124783003165,2015-2019,6
1093,PS,Juho Eerola,150,0.08508967326421613,0.08393173303884438,0.08624761348958786,0.10180117624395985,0.10632188809349344,0.09728046439442625,0.10210136718808138,0.09920275242332716,0.10499998195283562,0.10115705718755447,0.10684385845058395,0.095470255924525,0.12300964106261901,0.11818929194215888,0.12782999018307914,0.10527719507952096,0.09603999072068573,0.1145143994383562,0.10049339124758573,0.10130904245871766,0.0996777400364538,0.12695688019591653,0.14138142764511874,0.1125323327467143,0.15411361853054598,0.14678001522707007,0.16144722183402188,2015-2019,6
1094,KOK,Markku Eestilä,355,0.12366164608139274,0.12343012654666889,0.12389316561611659,0.11378104437905771,0.11227828498497798,0.11528380377313745,0.10153662052438552,0.10550013700599581,0.09757310404277522,0.1318255089884523,0.12243797086594402,0.14121304711096055,0.09773379390717143,0.11050100162554552,0.08496658618879735,0.10703880073217988,0.10382152387339234,0.11025607759096741,0.09802163589407914,0.08940384956942635,0.10663942221873193,0.11075591756003805,0.10659775067616431,0.1149140844439118,0.11564503193324327,0.12602935485188485,0.10526070901460169,2015-2019,6
1096,PS,Ritva Elomaa,382,0.1001157652750081,0.0940720229930572,0.10615950755695899,0.11664645048572006,0.10953223591714571,0.1237606650542944,0.11582615725202933,0.11760681042697599,0.11404550407708265,0.11141155288015507,0.11712325692364742,0.10569984883666272,0.1011830470411483,0.10149581022965286,0.10087028385264374,0.09877223528909325,0.09898293575304898,0.09856153482513752,0.12083419302118645,0.12506866876267916,0.11659971727969372,0.10960030932904369,0.11898110209438303,0.10021951656370434,0.1256102894266158,0.11713715689940966,0.13408342195382195,2015-2019,6
1097,VAS,Aino-Kaisa Pekonen,197,0.11153487273470997,0.11631579784253183,0.1067539476268881,0.14311087111237616,0.13269494640691104,0.1535267958178413,0.11109386625215664,0.10986422612349989,0.11232350638081341,0.10081248758775035,0.10165847196548139,0.0999665032100193,0.1081277306340448,0.10585539319744316,0.11040006807064644,0.11564157200815887,0.10954541664261057,0.12173772737370718,0.09389861123701244,0.09888096405094968,0.08891625842307521,0.09871403414240054,0.10364448498064993,0.09378358330415115,0.11706595429139016,0.1215402987899225,0.11259160979285784,2015-2019,6
1098,KOK,Jaana Pelkonen,87,0.10484929510989228,0.10034243840277386,0.10935615181701071,0.096542338865099,0.09304131513841653,0.10004336259178145,0.10709792348178063,0.10383494928979949,0.11036089767376175,0.08852219927323876,0.09158025792131873,0.08546414062515881,0.11025546605193492,0.10780413475997656,0.1127067973438933,0.12693581113818586,0.1346919137274288,0.11917970854894293,0.11979519385075135,0.1228417886632737,0.11674859903822903,0.12774367960341104,0.1250116419052141,0.130475717301608,0.11825809262570608,0.12085156019179821,0.11566462505961395,2015-2019,6
1099,SDP,Eeva-Johanna Eloranta,194,0.1281857235895179,0.12495652599792847,0.13141492118110737,0.13656626157641705,0.13784347656442156,0.1352890465884125,0.14008035776910832,0.14860291361006955,0.13155780192814712,0.0858547628060566,0.08284893359286237,0.08886059201925083,0.10289189612050537,0.11322602546818968,0.09255776677282107,0.10926601231271574,0.10948674915060688,0.10904527547482461,0.11650095383438365,0.11059217623730495,0.12240973143146235,0.09068961857145688,0.0861359189209747,0.09524331822193907,0.08996441341983848,0.08630728045764191,0.09362154638203504,2015-2019,6
1100,KOK,Sanni Grahn-Laasonen,466,0.08580898240128877,0.08681794001588336,0.08480002478669418,0.14038377048007422,0.14970071743565533,0.13106682352449311,0.1225678565575364,0.11552685145934771,0.12960886165572508,0.10746465505398994,0.10627695371172816,0.10865235639625175,0.09366722051292142,0.09125528373404027,0.09607915729180258,0.11551311200919732,0.11953508570000204,0.11149113831839261,0.14375260304913826,0.14761926473491235,0.13988594136336416,0.10681826985823833,0.10476133742002622,0.10887520229645047,0.08402353007761532,0.07850656578840456,0.08954049436682605,2015-2019,6
1102,SDP,Kristiina Salonen,218,0.12015816163839883,0.1263389625080183,0.11397736076877937,0.14587197385469197,0.14516791221955744,0.14657603548982653,0.11898814812825961,0.11932899147484759,0.11864730478167163,0.09216422653617207,0.09363997534279125,0.09068847772955288,0.09886745918515946,0.09592842341315802,0.10180649495716092,0.10629381544603285,0.10362444968851048,0.10896318120355522,0.10986744071285755,0.10359940278253706,0.11613547864317804,0.08868763708609073,0.09395557907832251,0.08341969509385896,0.11910113741233694,0.1184163034922574,0.11978597133241646,2015-2019,6
1106,KESK,Mikko Savola,230,0.09792129610078051,0.10010938119185027,0.09573321100971074,0.08975488513647328,0.08959435877353795,0.08991541149940861,0.08295389841907949,0.07871265147450798,0.08719514536365099,0.1400685177730988,0.14485257602078683,0.1352844595254108,0.08530609692654648,0.09001077797951772,0.08060141587357522,0.10737503263702855,0.10062669621100953,0.11412336906304758,0.14296452266788437,0.14142988243775956,0.14449916289800918,0.13868741281736185,0.14386653841470112,0.13350828722002261,0.11496833752174665,0.110797137496329,0.1191395375471643,2015-2019,6
1107,PS,Teuvo Hakkarainen,297,0.10050237292685756,0.09498837924423037,0.10601636660948474,0.09864063510415544,0.09796003446666104,0.09932123574164983,0.0885727665915007,0.09269628430491936,0.08444924887808206,0.10215301104903994,0.11506055135446866,0.08924547074361122,0.08454179085951269,0.07947056454812387,0.08961301717090152,0.13239180469276748,0.11818244802526649,0.14660116136026846,0.11295527120102514,0.10767983437173596,0.11823070803031432,0.10518995293881135,0.11019964692754325,0.10018025895007945,0.17505239463632966,0.183762256757051,0.16634253251560835,2015-2019,6
1108,KESK,Juha Sipilä,663,0.08937958420130668,0.09065655380271806,0.0881026145998953,0.13492224721407478,0.12000714148184521,0.14983735294630435,0.07725424947690768,0.08153503019307115,0.0729734687607442,0.14155415831632662,0.1405981983726124,0.14251011826004087,0.08692392921400952,0.08978064396564929,0.08406721446236973,0.11243011159428198,0.11384621150940019,0.11101401167916378,0.14707656121491097,0.14797528454635317,0.14617783788346878,0.11811975095015076,0.12113203997407844,0.11510746192622308,0.09233940781803102,0.09446889615427206,0.09020991948178998,2015-2019,6
1111,KOK,Eero Suutari,195,0.1159351718680904,0.10966761390010678,0.12220272983607401,0.10290833788167468,0.11060355416494483,0.09521312159840453,0.09710330077981277,0.08409146983277346,0.11011513172685208,0.12295837846588721,0.13516594885889427,0.11075080807288015,0.1030407043343382,0.09684041748133071,0.10924099118734569,0.11886717731681525,0.11687210923609825,0.12086224539753224,0.10801032129714082,0.11300911906847277,0.10301152352580886,0.12167900494947684,0.1181510225976116,0.12520698730134208,0.10949760310676385,0.11559874485976733,0.10339646135376038,2015-2019,6
1116,PS,Maria Tolppanen,118,0.09939121837113016,0.09538333876921308,0.10339909797304725,0.10919185895977951,0.1040668739394353,0.11431684398012372,0.085207932969253,0.07430601196476551,0.09610985397374049,0.12154334939395027,0.13555307301356243,0.10753362577433812,0.10508187427498264,0.09109802248755708,0.1190657260624082,0.10527448254431931,0.11191939073853627,0.09862957435010238,0.12674147287822163,0.12542004067856377,0.12806290507787946,0.09640193795424302,0.1038944916265085,0.08890938428197755,0.15116587265412051,0.15835875678185815,0.14397298852638288,2015-2019,6
1116,SDP,Maria Tolppanen,315,0.11688565659035696,0.11558909367964927,0.11818221950106467,0.1188681371166094,0.11546182635473115,0.12227444787848765,0.08137107745492357,0.08380746591652899,0.07893468899331815,0.11984246145105294,0.1257971234225232,0.11388779947958269,0.11951077379412761,0.12447436640655227,0.11454718118170297,0.11410082881555575,0.11235069841633276,0.11585095921477875,0.11043129701610592,0.10870389499463322,0.11215869903757862,0.09304861826680247,0.09252376354320442,0.09357347299040053,0.12594114949446536,0.12129176726584474,0.130590531723086,2015-2019,6
1118,KOK,Kari Tolvanen,103,0.09461974944827067,0.08976860311916349,0.09947089577737787,0.09924690144132478,0.09784700856580346,0.10064679431684609,0.08974611239240764,0.08791213596844953,0.09158008881636574,0.08926995857776507,0.09083744736953202,0.08770246978599813,0.08163765642147718,0.0776568509533605,0.08561846188959385,0.08748281221904855,0.08584022812850575,0.08912539630959135,0.1153344329687592,0.11533928398324358,0.11532958195427483,0.14655876602718348,0.14668146848723598,0.14643606356713096,0.19610361050376343,0.20811697342470564,0.18409024758282122,2015-2019,6
1119,PS,Reijo Hongisto,78,0.09446174391270679,0.08876327741639069,0.10016021040902287,0.08720938877342858,0.08261218307169083,0.09180659447516634,0.11255086896275954,0.10918339647461987,0.11591834145089921,0.10505623211831563,0.11469723346103904,0.09541523077559222,0.09861507731096414,0.10512357189137111,0.09210658273055715,0.11028439883966312,0.11249752225510665,0.10807127542421961,0.1300841855474372,0.12609853889194975,0.13406983220292465,0.11391289895599538,0.1142531249258073,0.11357267298618345,0.14782520557872963,0.14677115161202478,0.14887925954543446,2015-2019,6
1119,SIN,Reijo Hongisto,86,0.0993932184137465,0.09882581988999672,0.09996061693749628,0.0881484785342508,0.09042142954937064,0.08587552751913095,0.1020862630219769,0.10418910851577232,0.09998341752818149,0.11021363378088236,0.11727341190322135,0.10315385565854336,0.09881055894035327,0.09219803840594033,0.10542307947476622,0.10855506693904288,0.09932003368992257,0.1177901001881632,0.14542313469595297,0.1486381835788264,0.14220808581307953,0.11280194166564918,0.11523929018649566,0.1103645931448027,0.13456770400814516,0.13389468428045398,0.13524072373583632,2015-2019,6
1120,KESK,Ari Torniainen,267,0.07839278405347247,0.089987200926003,0.06679836718094194,0.11926639270096298,0.1183767587871131,0.12015602661481287,0.07708712992762451,0.07867258536959905,0.07550167448564998,0.19413799752968708,0.19467462701611363,0.1936013680432605,0.1116307483748161,0.11529206432066104,0.10796943242897117,0.11577346042745787,0.10254602071760852,0.12900090013730722,0.12622496923721338,0.1256476867878097,0.12680225168661707,0.09237529040703166,0.08914686892197614,0.09560371189208719,0.08511122734173393,0.08565618715311582,0.08456626753035205,2015-2019,6
1121,SDP,Lauri Ihalainen,154,0.12120962661767248,0.11482067834376415,0.12759857489158083,0.13026522389588352,0.13000351256347445,0.13052693522829256,0.09181625662533177,0.09024625240270481,0.09338626084795872,0.15621026928454307,0.17121530532128654,0.14120523324779957,0.09515625492436147,0.08943727899890834,0.10087523084981462,0.09284439153786397,0.09513430184737201,0.09055448122835594,0.1126457599201852,0.10775457780485487,0.11753694203551554,0.09950303908843826,0.09910568516477651,0.0999003930121,0.1003491781057203,0.1022824075528583,0.09841594865858229,2015-2019,6
1124,PS,Ari Jalonen,98,0.11308752761392522,0.12038410926762873,0.10579094596022172,0.11479361130338107,0.11082790604491984,0.11875931656184231,0.10482440968531165,0.10067798970523631,0.108970829665387,0.0979536384778014,0.10150046037087604,0.09440681658472677,0.09900796514770246,0.10699333120539503,0.0910225990900099,0.09152977848602098,0.09254971870082726,0.0905098382712147,0.10871909169116137,0.1091980902944641,0.10824009308785862,0.12422734117933802,0.1159013985354537,0.13255328382322235,0.14585663641535784,0.14196699587519906,0.14974627695551662,2015-2019,6
1124,SIN,Ari Jalonen,97,0.11346185869459932,0.11320778958973439,0.11371592779946424,0.10331481547226384,0.10512102993287027,0.1015086010116574,0.1197547021844519,0.12093418864154062,0.11857521572736318,0.1181377005835493,0.12259428139107116,0.11368111977602743,0.08665054748978215,0.09202126288793254,0.08127983209163175,0.09032789685003773,0.09207267001353303,0.08858312368654242,0.10992735359761477,0.11524577260592875,0.10460893458930079,0.1193110620640234,0.1106669084473324,0.12795521568071438,0.13911406306367766,0.12813609649005692,0.1500920296372984,2015-2019,6
1126,SDP,Tytti Tuppurainen,221,0.1143806209105221,0.1112182051472417,0.1175430366738025,0.10836731165259085,0.10983667824896533,0.10689794505621637,0.14029657768555498,0.13468932318750476,0.14590383218360523,0.1127709235533317,0.11596834863799377,0.10957349846866962,0.09632422147986473,0.10271655493501834,0.08993188802471112,0.0870669779573445,0.0901897554538965,0.08394420046079251,0.11182805337483703,0.10932546116639896,0.1143306455832751,0.11978471284662726,0.11938327952895714,0.12018614616429739,0.1091806005393268,0.10667239369402345,0.11168880738463012,2015-2019,6
1128,PS,Kaj Turunen,196,0.13486974616691633,0.1396415256626276,0.13009796667120502,0.12280018443332401,0.12684397308226997,0.11875639578437805,0.08292072662373176,0.07789514681838947,0.08794630642907406,0.11400558209508982,0.1155570100476256,0.11245415414255402,0.0901052333718907,0.09766142076674295,0.08254904597703847,0.12198967733428945,0.12029260046571041,0.1236867542028685,0.09985281388190624,0.09834896298278988,0.1013566647810226,0.11042147560206772,0.10273505405062314,0.11810789715351229,0.12303456049078398,0.12102430612322097,0.12504481485834698,2015-2019,6
1128,SIN,Kaj Turunen,64,0.10362619950171678,0.10593838500411187,0.10131401399932168,0.12410591887555855,0.11287645966401165,0.13533537808710544,0.07148046561126908,0.0665065547815185,0.07645437644101967,0.12610216020452478,0.11931605349658951,0.13288826691246006,0.09393755315500499,0.0942355860664407,0.0936395202435693,0.11033397732922237,0.11528651914470237,0.10538143551374238,0.11922993270172175,0.1233878044091199,0.11507206099432361,0.11679827676773628,0.133587791097388,0.10000876243808457,0.13438551585324537,0.12886484633611744,0.1399061853703733,2015-2019,6
1129,PS,Arja Juvonen,426,0.0948069906222063,0.09927765453121949,0.09033632671319308,0.11704617094661571,0.11765812188221898,0.11643422001101245,0.07986586022918864,0.08153827116322222,0.07819344929515505,0.1119263466030174,0.11328679997230351,0.11056589323373127,0.0834622968390932,0.07962390059809885,0.08730069308008755,0.12623639548968163,0.125674654749855,0.12679813622950828,0.12004089277752078,0.11906852179564509,0.12101326375939647,0.12303632539737519,0.11864381959864534,0.12742883119610504,0.14357872109530118,0.14522825570879155,0.1419291864818108,2015-2019,6
1133,SDP,Mika Kari,366,0.12353483188142703,0.12304570681470924,0.1240239569481448,0.10773188914239241,0.1100431209393687,0.10542065734541613,0.09141625021172205,0.09219577014409287,0.09063673027935122,0.1038221927887096,0.12134854686541238,0.08629583871200684,0.09748201490077144,0.09178644885967666,0.1031775809418662,0.09990005524789788,0.09598379710406782,0.10381631339172796,0.13130800290140243,0.12310562960085898,0.1395103762019459,0.11066426841495962,0.11349416390312383,0.1078343729267954,0.13414049451071752,0.1289968157686895,0.13928417325274556,2015-2019,6
1134,KOK,Sofia Vikman,121,0.09216597257608194,0.09256521423372796,0.09176673091843592,0.09739161810844907,0.10079689065075839,0.09398634556613976,0.11089387856462152,0.11984702287456936,0.10194073425467369,0.12812157609382424,0.12432223582159072,0.1319209163660578,0.10448166775708584,0.09647102767841596,0.11249230783575573,0.08836431116957817,0.08669685615786914,0.0900317661812872,0.14502430184353393,0.14773469500568573,0.14231390868138216,0.12066057794422827,0.11853654111572913,0.12278461477272742,0.112896095942597,0.11302951646165368,0.11276267542354032,2015-2019,6
1135,KOK,Pia Kauma,72,0.08634449382061467,0.0836580065933375,0.08903098104789184,0.11999990885402714,0.12191515721750464,0.11808466049054964,0.08528693435785037,0.08437813124496438,0.08619573747073636,0.13809758878909872,0.14764505643595918,0.12855012114223824,0.11760201969753473,0.12230292558702234,0.11290111380804713,0.11324265362592259,0.1023278970933734,0.12415741015847179,0.13165046725334317,0.14145767928308411,0.12184325522360225,0.09541464228277659,0.09198492458264759,0.09884435998290558,0.11236129131883207,0.10433022196210692,0.12039236067555721,2015-2019,6
1136,PS,Ville Vähämäki,118,0.08397800919475028,0.08168329649477649,0.08627272189472407,0.11729263808387846,0.11934133226121131,0.1152439439065456,0.10072929177491238,0.09983572249534158,0.10162286105448318,0.1326791034455158,0.12517612635128195,0.1401820805397497,0.1016158231174697,0.1112443969910198,0.0919872492439196,0.10686463903117623,0.11676171973679597,0.09696755832555648,0.13907122525577248,0.12130694026642803,0.15683551024511694,0.10627228663257157,0.10968649281910155,0.10285808044604161,0.11149698346395309,0.11496397258404338,0.10802999434386282,2015-2019,6
1137,KOK,Pauli Kiuru,339,0.11276813029347588,0.11700065788196168,0.10853560270499008,0.11150923552786726,0.10947216827375243,0.1135463027819821,0.10792086906649678,0.11183810744190607,0.10400363069108749,0.11128997922633624,0.10204051695386995,0.12053944149880254,0.11669479143953448,0.12483130453717688,0.10855827834189209,0.09336028771693387,0.09237047136211013,0.09435010407175762,0.12237563225550302,0.11619000401998854,0.12856126049101751,0.1251643855139191,0.11798617658268562,0.13234259444515256,0.09891668895993339,0.1082705929465488,0.08956278497331796,2015-2019,6
1138,PS,Kimmo Kivelä,159,0.11985489628524429,0.12783813444718872,0.11187165812329984,0.11241953577315479,0.11673959000721708,0.1080994815390925,0.09941682621522697,0.09405546283928778,0.10477818959116617,0.11510709290828947,0.11654732082193749,0.11366686499464143,0.11531432392471705,0.118230866991165,0.1123977808582691,0.11421026078505538,0.11009446319547596,0.1183260583746348,0.1090816790904831,0.09981256212785994,0.11835079605310625,0.10032377651619032,0.10491670859377064,0.09573084443860999,0.11427160850163867,0.11176489097609739,0.11677832602717997,2015-2019,6
1138,SIN,Kimmo Kivelä,129,0.11033718944244478,0.11062245051985582,0.11005192836503372,0.12404621987951506,0.11800728509484051,0.1300851546641896,0.10616484131916315,0.11051649335686083,0.10181318928146547,0.10637642559311068,0.10213786428351453,0.11061498690270684,0.10594174443901955,0.10146944575376997,0.11041404312426913,0.11422396350209513,0.11858635315891682,0.10986157384527344,0.09916288671022933,0.09683171878529419,0.10149405463516448,0.11711733854839364,0.12390139738475539,0.11033327971203188,0.11662939056602867,0.11792699166219194,0.11533178946986541,2015-2019,6
1141,KD,Peter Östman,321,0.11652843328144766,0.1030717636136675,0.12998510294922783,0.1090181899675115,0.10996889215689991,0.1080674877781231,0.12465522729437262,0.1293128635000827,0.11999759108866255,0.10486211050763392,0.09685225138917573,0.11287196962609211,0.12977658813096177,0.1310862117528359,0.1284669645090876,0.0896944486969945,0.08929631888361694,0.09009257851037206,0.10831397291313644,0.11624888441286281,0.10037906141341006,0.10674288548693804,0.10551572157068545,0.10797004940319063,0.11040814372100356,0.11864709272017307,0.10216919472183406,2015-2019,6
1142,KOK,Jukka Kopra,159,0.1070681197421084,0.10401200805557809,0.11012423142863872,0.1024413373374351,0.09710888680659094,0.10777378786827925,0.09252927677773087,0.10019559594226653,0.0848629576131952,0.13039324554282905,0.11781380927387963,0.1429726818117785,0.08505564656758934,0.09772272846520372,0.07238856466997495,0.09780290009515502,0.09341857509264166,0.1021872250976684,0.13334512941070514,0.13236193885052172,0.13432831997088857,0.12128416277603826,0.12889818777008613,0.1136701377819904,0.13008018175040886,0.1284682697432316,0.1316920937575861,2015-2019,6
1144,SDP,Suna Kymäläinen,198,0.12781684531548837,0.12714738595901268,0.12848630467196404,0.1537189623412568,0.1469996474899562,0.16043827719255738,0.10570349685074082,0.10315557276520385,0.10825142093627778,0.09809590939756162,0.0947156827043703,0.10147613609075294,0.08719847730150215,0.08976585806388632,0.08463109653911798,0.10221636177351615,0.10238257450077563,0.10205014904625664,0.09645724429205224,0.09328659727382407,0.09962789131028041,0.0996670298619599,0.1036108441491497,0.09572321557477009,0.12912567286592203,0.1389358370938213,0.11931550863802279,2015-2019,6
1146,PS,Jari Lindström,307,0.09931496238577554,0.08628263526862588,0.1123472895029252,0.12264954945064191,0.11181714984544847,0.13348194905583535,0.09037891795847042,0.09430893391718255,0.0864489019997583,0.12733154220432003,0.1403459320509001,0.11431715235773995,0.0942658385704388,0.09344572369604784,0.09508595344482977,0.08498771805034278,0.08085021848245286,0.0891252176182327,0.1295992347822767,0.12401925268026912,0.13517921688428428,0.11904333514496385,0.13158536759694464,0.10650130269298305,0.13242890145277003,0.13734478646212864,0.12751301644341143,2015-2019,6
1146,SIN,Jari Lindström,217,0.1121989848113017,0.1028449099924201,0.1215530596301833,0.13877601234966108,0.1399667173236337,0.13758530737568847,0.09108722796966949,0.09246047837307826,0.08971397756626072,0.10797106101167189,0.10689484792056762,0.10904727410277615,0.10050150672086287,0.10299455401873821,0.09800845942298754,0.08455985450506404,0.07400350663233009,0.095116202377798,0.11834611539347571,0.11742838778788708,0.11926384299906434,0.12457861085061724,0.13362686873440913,0.11553035296682534,0.12198062638767596,0.12977972921693579,0.11418152355841613,2015-2019,6
1147,SDP,Antti Lindtman,603,0.13823776820847372,0.1368791334198253,0.13959640299712217,0.14751604759877363,0.14960932049400524,0.14542277470354198,0.12100424011050222,0.11226548529381161,0.12974299492719282,0.08769450605407605,0.09100871122261958,0.08438030088553251,0.09516105131566152,0.0893796119210145,0.10094249071030856,0.08846934908992699,0.09291751872376423,0.08402117945608974,0.09671185435362067,0.08865024536910245,0.1047734633381389,0.10983459912154597,0.12336043408409311,0.09630876415899883,0.1153705841474192,0.11592953947176395,0.11481162882307445,2015-2019,6
1149,KESK,Markus Lohi,230,0.12349487229374173,0.12014439994240278,0.12684534464508068,0.11806218289073676,0.11889777831827161,0.11722658746320191,0.11074954497777872,0.09959078313016942,0.12190830682538804,0.12240785969317793,0.14252326965415008,0.10229244973220578,0.08219659092463524,0.07947672787559086,0.08491645397367961,0.11277337994371317,0.11800789331802422,0.1075388665694021,0.10662150245985397,0.11441398271020527,0.09882902220950265,0.11763041881703856,0.10814226022891286,0.12711857740516425,0.10606364799932394,0.09880290482227286,0.11332439117637501,2015-2019,6
1150,PS,Anne Louhelainen,70,0.0952300726376974,0.09618421861345874,0.09427592666193604,0.12216511366777166,0.11773404912071042,0.1265961782148329,0.10767625656308166,0.11286329014734238,0.10248922297882095,0.13341407797202665,0.14123644734919588,0.1255917085948574,0.10445990688586124,0.11868006322804017,0.09023975054368231,0.08778010268401112,0.08587897859004498,0.08968122677797725,0.12026942522818432,0.11358130936006357,0.12695754109630508,0.11989356191874798,0.11492642454922311,0.12486069928827286,0.10911148244261804,0.09891521904192085,0.11930774584331523,2015-2019,6
1152,PS,Pirkko Mattila,148,0.09542113151115181,0.09628664474112818,0.09455561828117542,0.12142131202295162,0.11713855875148634,0.1257040652944169,0.0907388552033645,0.09657275544252422,0.08490495496420476,0.1297057636264935,0.13628477715341084,0.12312675009957619,0.09435069609168797,0.09208060317459121,0.09662078900878475,0.10731756213122062,0.11025780360003852,0.10437732066240271,0.11152485827671604,0.11434588178741942,0.10870383476601268,0.1285065078315195,0.11827557508267732,0.13873744058036172,0.1210133133048944,0.11875740026672395,0.12326922634306485,2015-2019,6
1152,SIN,Pirkko Mattila,114,0.09795287739944727,0.10122964650329128,0.09467610829560326,0.12405692962381978,0.11768337079740483,0.13043048845023475,0.10154377594241411,0.1091737810495736,0.09391377083525461,0.10989285528455062,0.10663514352741495,0.11315056704168627,0.09006651950223579,0.09020920164452464,0.08992383735994694,0.10763652070448197,0.11004749736096335,0.1052255440480006,0.10757832884424892,0.10415178588327492,0.11100487180522293,0.1373290087556383,0.14249867117247159,0.132159346338805,0.12394318394316325,0.11837090206108085,0.12951546582524567,2015-2019,6
1153,VAS,Silvia Modig,205,0.12355069671598813,0.12065248699766137,0.1264489064343149,0.11029023026442716,0.10878778152627802,0.11179267900257632,0.15673458037781546,0.15244935567018655,0.16101980508544436,0.11727227312304786,0.11538631413560799,0.11915823211048775,0.09817547365832605,0.0991047096483719,0.0972462376682802,0.0905081666463459,0.0925406565916414,0.08847567670105037,0.11425215569891317,0.12385490686555181,0.10464940453227452,0.08808792779968538,0.0893558609645644,0.08681999463480639,0.1011284957154509,0.09786792760013656,0.10438906383076525,2015-2019,6
1154,VAS,Jari Myllykoski,720,0.11369861276740438,0.11919999116150212,0.10819723437330664,0.11473505280085147,0.10957331479150403,0.11989679081019891,0.08757693727316596,0.08361803703388751,0.09153583751244439,0.11791595618416537,0.12588731879690188,0.10994459357142886,0.0831401596449419,0.08863656983587719,0.07764374945400662,0.11809890666672798,0.1195702341253424,0.11662757920811355,0.11370650038798558,0.1039619709811989,0.12345102979477227,0.12463201181429415,0.1326471711888419,0.1166168524397464,0.12649586246046324,0.1169053920849441,0.13608633283598234,2015-2019,6
1155,VAS,Anna Kontula,333,0.11749959451365338,0.11221110659764191,0.12278808242966485,0.12393097098162284,0.11868362625119674,0.12917831571204894,0.14094040707903055,0.14498398168566648,0.13689683247239465,0.09060617268040363,0.09486273569401996,0.08634960966678731,0.1046777143579936,0.09516838618516434,0.11418704253082286,0.09704675593784451,0.10327640196617152,0.09081710990951751,0.11487956562132765,0.11542177281960568,0.11433735842304962,0.09582119292089158,0.09798429391659665,0.09365809192518652,0.11459762590723221,0.11740769488393672,0.1117875569305277,2015-2019,6
116,SDP,Jukka Gustafsson,317,0.09855702802613445,0.10405779310543091,0.093056262946838,0.15816797656050394,0.15620667447401873,0.16012927864698914,0.09067557082100669,0.09601777212492588,0.0853333695170875,0.10887995964029218,0.1059054234304672,0.11185449585011717,0.11466980509999969,0.11538764687817589,0.11395196332182347,0.10583221180536294,0.10225846146308723,0.10940596214763865,0.11192682170004772,0.10862414344139029,0.11522949995870517,0.10437520681439036,0.10210844176837708,0.10664197186040365,0.10691541953226205,0.10943364331412679,0.1043971957503973,2015-2019,6
118,VIHR,Pekka Haavisto,145,0.07924208959298437,0.0790406202027896,0.07944355898317915,0.09387137112251473,0.09156505951499123,0.09617768273003821,0.09702293283070114,0.10028717015010949,0.09375869551129279,0.12191850488302847,0.11052185774944027,0.13331515201661667,0.13077653152621663,0.14099083362181822,0.12056222943061505,0.13012224589393845,0.1398984293196342,0.12034606246824273,0.14558028319098149,0.14810719518319576,0.1430533711987672,0.10618396757575661,0.09627439024560161,0.11609354490591162,0.09528207338387813,0.09331444401241967,0.09724970275533659,2015-2019,6
1219,KOK,Saara-Sofia Sirén,80,0.08951007015904941,0.09287216178711671,0.08614797853098209,0.11550997884349475,0.12314609871065377,0.10787385897633572,0.10615409650465327,0.10007413710775954,0.11223405590154698,0.12874575949868503,0.11983394754629469,0.13765757145107535,0.10366900613219895,0.10866582806986391,0.09867218419453398,0.11266128111120828,0.11601408054927694,0.10930848167313963,0.14538164399314632,0.13661870295403689,0.15414458503225575,0.10502478795340359,0.11016235544897288,0.09988722045783431,0.09334337580416047,0.09261268782602469,0.09407406378229624,2015-2019,6
127,KESK,Sirkka-Liisa Anttila,155,0.10560728333848873,0.09805193059016913,0.11316263608680832,0.11763045831288876,0.11655304238677937,0.11870787423899817,0.09750840016228755,0.09949153181842024,0.09552526850615486,0.17456713362814974,0.1858494322727788,0.1632848349835207,0.09746131204661704,0.08937604282704543,0.10554658126618865,0.09921866386725908,0.0937778861270663,0.10465944160745184,0.12941351274390378,0.13402555152862988,0.1248014739591777,0.09218061173700753,0.09032117842409898,0.0940400450499161,0.08641262416339775,0.09255340402501186,0.08027184430178363,2015-2019,6
1274,SDP,Antti Rinne,489,0.12521219759752605,0.1472836558353923,0.10314073935965984,0.1521303792291597,0.14247579869521138,0.16178495976310803,0.11065787124432794,0.11225520893783465,0.10906053355082124,0.10610315791013139,0.08801365733425312,0.12419265848600965,0.12113195288481098,0.13211686655723737,0.11014703921238458,0.1002354413024302,0.09202258515908739,0.108448297445773,0.10283435439869083,0.10292375771430602,0.10274495108307564,0.10193598837178376,0.10015891924922937,0.10371305749433815,0.07975865706113919,0.08274955051744846,0.0767677636048299,2015-2019,6
1275,PS,Mika Raatikainen,54,0.08778632237267767,0.08047010765286818,0.09510253709248714,0.10709851503187703,0.11000781340411603,0.10418921665963803,0.09120745531380406,0.09569155310519555,0.08672335752241256,0.10060102073582551,0.100478445286766,0.10072359618488502,0.11733358987539051,0.13248789933425142,0.1021792804165296,0.1026703603996482,0.0980518851051923,0.1072888356941041,0.12655828905154964,0.12718163587332437,0.12593494222977492,0.12506307279802475,0.12058565673956319,0.12954048885648634,0.14168137442120268,0.13504500349872295,0.14831774534368242,2015-2019,6
1276,VAS,Katja Hänninen,176,0.12391646299130078,0.12770839573813578,0.12012453024446579,0.13915624036757374,0.14595184934174604,0.13236063139340143,0.11680455512484457,0.11832893035225407,0.11528017989743507,0.0833298901720318,0.08397079957984474,0.08268898076421884,0.10741103802229779,0.11074438980853751,0.10407768623605806,0.12592513565755997,0.11448339731078297,0.13736687400433695,0.08951890784268088,0.0856767541456884,0.09336106153967334,0.09436096448535033,0.10140123743711635,0.08732069153358432,0.11957680533636018,0.11173424628589415,0.12741936438682622,2015-2019,6
1282,KOK,Wille Rydman,95,0.09403604355808395,0.09165809794164244,0.09641398917452547,0.10385952360099705,0.1014788706995634,0.1062401765024307,0.0849892179870065,0.09008369520990075,0.07989474076411224,0.11807499851577616,0.1264382072667297,0.10971178976482263,0.11198063677015621,0.10411538310103854,0.11984589043927388,0.11118444368366676,0.1008670270788022,0.12150186028853131,0.15203802106648212,0.16659732601134344,0.1374787161216208,0.11982205237138124,0.125037107974129,0.11460699676863347,0.10401506244645001,0.09372428471685043,0.11430584017604957,2015-2019,6
1297,SDP,Sanna Marin,228,0.14059895506918899,0.14620004718094334,0.13499786295743463,0.15772084646415058,0.15486581141536654,0.16057588151293462,0.13918262576570822,0.14891939244159216,0.12944585908982426,0.08890048461777762,0.08968648077353251,0.08811448846202273,0.08939024728656433,0.09096367264967822,0.08781682192345046,0.11325158782829736,0.10710744048285423,0.11939573517374051,0.10066829925364615,0.09637798828935001,0.10495861021794228,0.08162860262930005,0.07760008098255032,0.08565712427604977,0.08865835108536671,0.08827908578413271,0.08903761638660071,2015-2019,6
1298,VIHR,Krista Mikkonen,465,0.14158941768792377,0.14670227391826005,0.13647656145758746,0.12077229512302731,0.11522716694261692,0.1263174233034377,0.1378396155472589,0.1309638270573161,0.1447154040372017,0.09530490340176102,0.09183004562803299,0.09877976117548906,0.08187037319411651,0.0724465559802667,0.09129419040796632,0.10566058893669444,0.10904696197906165,0.10227421589432724,0.10487289971495667,0.10591690353801117,0.10382889589190217,0.10526737101206508,0.12277944508599536,0.0877552969381348,0.10682253538219633,0.10508681987043907,0.10855825089395357,2015-2019,6
1299,KOK,Sari Multala,174,0.10729462060672024,0.10783334403440178,0.1067558971790387,0.10684282801650495,0.11698564297265904,0.09670001306035086,0.12605731523397268,0.12771937714840897,0.12439525331953635,0.11364655690124989,0.11739489651313864,0.10989821728936114,0.0897983246151331,0.07789790582617383,0.10169874340409235,0.09379242346894334,0.07874229561734591,0.10884255132054077,0.130688318528155,0.11945137337191832,0.14192526368439168,0.12410541143423615,0.1378667582794107,0.11034406458906158,0.10777420119508471,0.11610840623654287,0.09943999615362656,2015-2019,6
1300,KOK,Kai Mykkänen,218,0.09424425514555052,0.08572054435196219,0.10276796593913884,0.09314218434951499,0.09813662638925899,0.08814774230977099,0.10748743139625058,0.0961582693795116,0.11881659341298956,0.15017538470647337,0.1524353321422413,0.14791543727070544,0.07359597988540106,0.0744357933481372,0.07275616642266494,0.09340280133455284,0.09051767177769768,0.09628793089140798,0.14918140287537368,0.15651657855290288,0.1418462271978445,0.13032306706380142,0.12294118599563805,0.13770494813196477,0.10844749324308156,0.12313799806265009,0.09375698842351303,2015-2019,6
1301,PS,Jani Mäkelä,606,0.1104746324766368,0.10578787569682657,0.11516138925644703,0.10409217653461306,0.09941316652174728,0.10877118654747882,0.10871774364080261,0.11784747827016892,0.09958800901143629,0.09526454777797337,0.0989895596288269,0.09153953592711984,0.11048666649240287,0.12906180781588478,0.09191152516892095,0.10359823066347644,0.09691959264666647,0.11027686868028641,0.10614739924694788,0.10885820797567172,0.10343659051822404,0.11562113315661636,0.10615419306341442,0.1250880732498183,0.14559747001053064,0.13696811838079304,0.1542268216402682,2015-2019,6
1302,SDP,Ilmari Nurminen,131,0.1472622998006432,0.14088218657459736,0.15364241302668907,0.14973950140821557,0.14597489347237175,0.1535041093440594,0.13901606268070735,0.13252590478228485,0.14550622057912985,0.06924901153559399,0.08118673068226004,0.05731129238892792,0.09865751348193098,0.10379244367042972,0.09352258329343224,0.11306494623208221,0.11215648972496932,0.11397340273919512,0.08824234662098765,0.09186630950225372,0.0846183837397216,0.09218637466806343,0.09314967953892037,0.09122306979720647,0.10258194357177561,0.09846536205191289,0.10669852509163831,2015-2019,6
1303,KESK,Ulla Parviainen,162,0.0952043605080891,0.10170609801642187,0.08870262299975633,0.11287913638214049,0.11886819103835625,0.10689008172592473,0.10398627963844652,0.09858329650052397,0.10938926277636907,0.139938475904758,0.1366433378628047,0.14323361394671127,0.07871184068585577,0.0793889793852403,0.07803470198647125,0.11950719422396994,0.13321005830908497,0.1058043301388549,0.13141290521280485,0.12649386319442568,0.13633194723118403,0.10742410812489704,0.09657913328103457,0.11826908296875951,0.1109356993190383,0.10852704241210769,0.11334435622596892,2015-2019,6
1304,VIHR,Olli-Poika Parviainen,260,0.1006378558109926,0.10328846491916976,0.09798724670281543,0.09924216060628106,0.10194148395418146,0.09654283725838067,0.13437130185326318,0.1343940207018496,0.13434858300467672,0.1061514205720222,0.11133453822605792,0.1009683029179865,0.10861838860608891,0.1097117803636791,0.10752499684849873,0.10007102726528488,0.10280861372425965,0.09733344080631012,0.1287253632218902,0.12209655241800262,0.1353541740257778,0.10787192169897744,0.10105289544012815,0.11469094795782675,0.11431056036519952,0.11337165025267174,0.1152494704777273,2015-2019,6
1305,KESK,Juha Pylväs,69,0.10369397105383146,0.10918536585184165,0.09820257625582127,0.07969205346215671,0.07244361577927677,0.08694049114503666,0.1067992388846592,0.08992527735108506,0.12367320041823335,0.18247053119369183,0.20380936403945898,0.1611316983479247,0.08856865876622014,0.08637272178359445,0.09076459574884582,0.09712697730946596,0.10573424326548278,0.08851971135344913,0.11131536378860547,0.11339585776595551,0.10923486981125544,0.11722686736464523,0.11001579514098248,0.12443793958830798,0.11310633817672397,0.10911775902232232,0.11709491733112562,2015-2019,6
1306,RKP,Anders Adlercreutz,203,0.09163536401787416,0.097125532427239,0.08614519560850932,0.11503808144511116,0.12020915488894506,0.10986700800127724,0.12776183007701195,0.10653897110344032,0.14898468905058357,0.11030321649074125,0.12008957063310641,0.10051686234837609,0.14031439631484957,0.14173920348126243,0.13888958914843672,0.1061883026595246,0.10980870446637785,0.10256790085267135,0.10475307290517258,0.1103663789318405,0.09913976687850468,0.09916262562126169,0.09577374487120441,0.10255150637131898,0.10484311046845307,0.09834873919658409,0.11133748174032206,2015-2019,6
1308,PS,Jari Ronkainen,110,0.10503354544489898,0.10260514889533094,0.10746194199446701,0.09087197855335823,0.09318383150170903,0.08856012560500742,0.10508677928095211,0.10360705217272814,0.10656650638917609,0.10116926359876134,0.101077321927912,0.10126120526961069,0.08925303367360751,0.08402209712654064,0.09448397022067438,0.11212376694448864,0.11705795172562634,0.10718958216335095,0.11309353489131246,0.11018923203479833,0.11599783774782661,0.1330744290905272,0.13948621400655276,0.12666264417450163,0.15029366852209347,0.14877115060880175,0.15181618643538522,2015-2019,6
1309,KOK,Veera Ruoho,82,0.0940341474413361,0.09052508639517676,0.09754320848749545,0.0935632873219314,0.08830240860083419,0.09882416604302861,0.114443506622047,0.11475364358904791,0.1141333696550461,0.09707272115229407,0.09346101041324893,0.10068443189133922,0.10242213123530386,0.10704033308815093,0.0978039293824568,0.1192386222474859,0.1289091457103429,0.10956809878462889,0.09870379273634655,0.10384725551568301,0.09356032995701008,0.1286599731706688,0.12583381617961373,0.1314861301617239,0.1518618180725862,0.1473273005079015,0.15639633563727093,2015-2019,6
1309,PS,Veera Ruoho,94,0.101095993471264,0.10203521814693073,0.10015676879559725,0.09565708083648941,0.09872580119804039,0.09258836047493843,0.10497124735782203,0.09857579263079368,0.11136670208485037,0.10846990669847449,0.10511269688267189,0.1118271165142771,0.11548709174443779,0.11749342857984942,0.11348075490902616,0.11005268632915734,0.11038658076187542,0.10971879189643925,0.10177231341999951,0.10149282269749962,0.1020518041424994,0.12067746847791838,0.12128883075742489,0.12006610619841189,0.14181621166443703,0.14488882834491393,0.13874359498396013,2015-2019,6
1311,SDP,Joona Räsänen,330,0.10251113716979382,0.09869358098258259,0.10632869335700504,0.13607976216961826,0.14228217383825864,0.12987735050097785,0.10337904114234871,0.10959330094984043,0.09716478133485698,0.12464478570064172,0.12280465427272465,0.1264849171285588,0.0736828564846497,0.07217846853167165,0.07518724443762777,0.13557683392224257,0.13513809452785902,0.13601557331662611,0.1071671508826605,0.1101602272811812,0.1041740744841398,0.1094501005206886,0.10244122288449001,0.11645897815688719,0.1075083320073562,0.10670827673139191,0.10830838728332048,2015-2019,6
1312,VAS,Hanna Sarkkinen,440,0.11686605662313834,0.10081159974248104,0.13292051350379566,0.13819225640620883,0.13760108163836132,0.13878343117405634,0.14335444662697677,0.1305617114742022,0.15614718177975134,0.09372983204338743,0.09514274414692077,0.0923169199398541,0.10076071575771917,0.11100848269973924,0.09051294881569909,0.10199442821770788,0.1082728875460637,0.09571596888935205,0.10837952096195783,0.11651084577920796,0.1002481961447077,0.10008496491730609,0.10203467748588098,0.09813525234873122,0.09663777844559768,0.09805596948714283,0.09521958740405252,2015-2019,6
1313,KESK,Anne Berner,250,0.08298326957323218,0.08830230398655832,0.07766423515990604,0.09778791633591247,0.10436571478088745,0.0912101178909375,0.09034117950285794,0.08906318511823061,0.09161917388748528,0.16792577500788147,0.16760746343879188,0.1682440865769711,0.08329184591163141,0.07977713895791091,0.0868065528653519,0.08497858494488772,0.07798469881008992,0.09197247107968554,0.18167632133446115,0.17312864199930503,0.1902240006696173,0.11693627471588158,0.11968214760285523,0.11419040182890794,0.09407883267325401,0.10008870530537066,0.08806896004113736,2015-2019,6
1314,PS,Sami Savio,488,0.10144206168006042,0.0972660814562695,0.10561804190385135,0.1031168717061687,0.09433128913554661,0.1119024542767908,0.1090975261733915,0.10122485900342659,0.11697019334335641,0.08907163883836625,0.09411114722935784,0.08403213044737465,0.07424073201400452,0.0739974940246949,0.07448397000331416,0.09024657723286972,0.09743424674438647,0.08305890772135298,0.12455987359927163,0.13027315797819133,0.11884658922035193,0.15574851251937855,0.15130329199904974,0.16019373303970735,0.15247620623648867,0.16005843242907702,0.14489398004390033,2015-2019,6
1315,VAS,Matti Semi,222,0.12823658579052177,0.12065188488345417,0.13582128669758936,0.11578213446349855,0.12293943991150154,0.10862482901549557,0.10091046801476417,0.10492982863052085,0.0968911073990075,0.11939448971531325,0.1179771019206665,0.12081187750996,0.10102035310638827,0.09725699292041415,0.10478371329236238,0.10870649957128817,0.10779697057924442,0.1096160285633319,0.10190835497101353,0.09624087249774532,0.10757583744428174,0.0970907007688174,0.09705955288483675,0.09712184865279805,0.1269504135983949,0.13514735577161627,0.11875347142517353,2015-2019,6
1316,SDP,Ville Skinnari,199,0.0958847700467447,0.0909394273129169,0.1008301127805725,0.10676499762940561,0.11045979278550107,0.10307020247331015,0.12825927506747753,0.13373175983166868,0.12278679030328639,0.12061675840733813,0.11222721675179648,0.12900630006287978,0.1140009970575067,0.13046650612355787,0.09753548799145553,0.09333991960212387,0.08377924591282868,0.10290059329141905,0.1391888467575111,0.14093868558935124,0.13743900792567093,0.09150220470390164,0.09072070798496801,0.09228370142283526,0.11044223072799068,0.10673665770741103,0.11414780374857034,2015-2019,6
1317,PS,Simon Elo,173,0.11441941037764394,0.11469704048339169,0.11414178027189621,0.08897319473650804,0.0936824378467913,0.08426395162622478,0.10621566485487924,0.09996680610527,0.11246452360448848,0.11360018755519893,0.11459385498832571,0.11260652012207215,0.09185081139359096,0.11326965353407173,0.07043196925311018,0.10361448617477848,0.09215847523724985,0.1150704971123071,0.11058672528788471,0.10582328362242252,0.1153501669533469,0.1234973565128197,0.12458975561215987,0.12240495741347952,0.14724216310669602,0.14121869257031736,0.15326563364307466,2015-2019,6
1317,SIN,Simon Elo,276,0.10761010933738754,0.10627784965248685,0.10894236902228822,0.10452247731070813,0.1083630369102679,0.10068191771114834,0.10358479091281822,0.1118145406525833,0.09535504117305314,0.09790400661200165,0.09938193871368922,0.09642607451031407,0.09369105633359984,0.09274567195009162,0.09463644071710804,0.10152513313085786,0.10088211253166246,0.10216815373005325,0.11376345343913533,0.11109515110971444,0.1164317557685562,0.13896270545749348,0.13416337387112143,0.14376203704386553,0.13843626746599796,0.13527632460838276,0.1415962103236132,2015-2019,6
1318,RKP,Joakim Strand,79,0.09550621481847768,0.10017916904831917,0.0908332605886362,0.10576803020266504,0.11588144635858373,0.09565461404674634,0.11820968584353705,0.11951311035258176,0.11690626133449236,0.10790526555890387,0.10528936218593983,0.11052116893186792,0.17003339661786954,0.14613421285444153,0.19393258038129754,0.09724486840374683,0.09876177345635516,0.09572796335113848,0.10916568040216501,0.10402738055354417,0.11430398025078585,0.08965494559795105,0.09454270500027229,0.08476718619562981,0.10651191255468388,0.11567084018996235,0.09735298491940542,2015-2019,6
1319,SDP,Satu Taavitsainen,268,0.11388729018067395,0.11926188128381646,0.10851269907753143,0.14295701370337757,0.1365366770792651,0.14937735032749005,0.11040578854192021,0.10755973627372775,0.11325184081011268,0.11030508100964687,0.11739607584316063,0.10321408617613312,0.08978381843948649,0.09051060100329776,0.08905703587567522,0.1103644696149966,0.12150384270261191,0.09922509652738128,0.11333027015287234,0.10431404161412823,0.12234649869161643,0.09494782554086834,0.09440190574870902,0.09549374533302765,0.11401844281615767,0.10851523845128316,0.11952164718103216,2015-2019,6
1320,PS,Tiina Elovaara,41,0.10308275304247724,0.10049738366415013,0.10566812242080434,0.09790443146386726,0.10005889055380464,0.09574997237392988,0.144006919292481,0.1360459888881333,0.1519678496968287,0.09230720619389804,0.0903747224215651,0.09423968996623099,0.11665638533990676,0.11424363401733154,0.11906913666248198,0.10789167858558324,0.11416489805121226,0.10161845911995424,0.12634574378179597,0.12822783323061424,0.12446365433297771,0.10301018584909341,0.10147103259886078,0.10454933909932604,0.1087946964508971,0.114915616574328,0.10267377632746617,2015-2019,6
1320,SIN,Tiina Elovaara,43,0.10247009098945684,0.10310745761602154,0.10183272436289212,0.10052946231357154,0.1024428873975913,0.09861603722955177,0.12903787427791202,0.1396937740041713,0.11838197455165278,0.08689074155844825,0.08279137866154199,0.0909901044553545,0.12849753628438565,0.12352396366616729,0.133471108902604,0.10093971204586337,0.10834041270296657,0.09353901138876017,0.12981195782274607,0.12819090920809653,0.13143300643739564,0.10462223829656218,0.10670959546370029,0.10253488112942408,0.11720038641105411,0.10519962127974328,0.12920115154236494,2015-2019,6
1321,KESK,Martti Talja,119,0.10980551088265897,0.11315483223682661,0.10645618952849134,0.1075460839837136,0.1165718264487928,0.0985203415186344,0.1124405069413987,0.11999253710597346,0.10488847677682396,0.10410620602644827,0.10943215842419338,0.09878025362870316,0.1281948688394745,0.1250602889285173,0.13132944875043168,0.1339780961843288,0.12725243728791863,0.14070375508073896,0.11348033935053076,0.10325950615243293,0.12370117254862859,0.09324731704245527,0.09355522923215673,0.09293940485275382,0.09720107074899105,0.09172118418318814,0.10268095731479396,2015-2019,6
1322,KESK,Pertti Hakanen,140,0.0836749627430104,0.08513313867138707,0.08221678681463374,0.106246428301579,0.11657883783706954,0.09591401876608846,0.06738559858674258,0.07596568935706807,0.05880550781641708,0.1967025224329918,0.1803014708848016,0.21310357398118196,0.09263661572199125,0.08657430715941845,0.09869892428456403,0.13157512801783655,0.1281264049620141,0.13502385107365897,0.1241456296941911,0.11876807034699369,0.12952318904138851,0.10654925094492812,0.11051078642158688,0.10258771546826936,0.09108386355672926,0.09804129435966058,0.08412643275379794,2015-2019,6
1323,KOK,Mari-Leena Talvitie,117,0.07211943906758778,0.07641754691769438,0.06782133121748118,0.11571277281454256,0.12389252351080524,0.10753302211827989,0.0924714416629368,0.08908962141387851,0.0958532619119951,0.13610265379822245,0.11767525990016152,0.1545300476962834,0.102362131320716,0.11232864769177135,0.09239561494966067,0.09928206491931824,0.10377909095722701,0.09478503888140946,0.1477116687115121,0.14999615934400132,0.14542717807902286,0.11501844404868437,0.11667471938834888,0.11336216870901987,0.11921938365647969,0.11014643087611176,0.12829233643684762,2015-2019,6
1324,VIHR,Hanna Halmeenpää,332,0.10694504509131877,0.1073829569809152,0.10650713320172236,0.1236450454485181,0.13319881647926096,0.11409127441777525,0.15297790091163177,0.16282641392448333,0.1431293878987802,0.09978419024189533,0.08717558914234477,0.1123927913414459,0.08881657958797391,0.08938033197107664,0.08825282720487118,0.10406430000487651,0.11213537600751382,0.0959932240022392,0.10353775468738721,0.09611756425624442,0.11095794511853001,0.10749524037292132,0.10235703455330189,0.11263344619254076,0.11273394365347703,0.10942591668485893,0.11604197062209513,2015-2019,6
1325,KD,Sari Tanus,390,0.1144764357673698,0.11296716533581004,0.11598570619892953,0.12088838624852878,0.12952105667589842,0.11225571582115915,0.1475434622959931,0.15109250834338828,0.14399441624859793,0.09246078603865254,0.09918718146641071,0.08573439061089438,0.10457271011729632,0.09399242879535831,0.11515299143923434,0.11227622368185419,0.1164089298955894,0.10814351746811898,0.10627760931071191,0.10209192575769561,0.1104632928637282,0.09512463062038828,0.09459131377965993,0.09565794746111662,0.10637975591920507,0.10014748995018927,0.11261202188822086,2015-2019,6
1327,PS,Ville Tavio,183,0.10318785688254836,0.10295930344345776,0.10341641032163895,0.10583439573489681,0.10265741293983446,0.10901137852995917,0.11196146800389911,0.11802008477378463,0.10590285123401358,0.08035003765105364,0.08223739926718057,0.07846267603492671,0.1071873599613127,0.11634210617953615,0.09803261374308925,0.10124854155676358,0.10123484754735694,0.1012622355661702,0.1124934869977744,0.11378776074674972,0.11119921324879908,0.12596908801760615,0.11720551700243734,0.13473265903277493,0.1517677651941453,0.14555556809966247,0.15797996228862815,2015-2019,6
1329,VIHR,Antero Vartia,87,0.14135383745822078,0.15099993668629463,0.13170773823014695,0.10065774498395585,0.10313666131946111,0.0981788286484506,0.14560079087834682,0.1420951969124243,0.14910638484426936,0.11212103430568493,0.111890715471512,0.11235135313985786,0.10905182937733524,0.10858942139490813,0.10951423735976233,0.08201396593488744,0.07728342822473279,0.0867445036450421,0.10761007233644929,0.11238185942410303,0.10283828524879554,0.09289964021600483,0.08602284960743187,0.0997764308245778,0.10869108450911477,0.10759993095913215,0.10978223805909741,2015-2019,6
1330,KOK,Juhana Vartiainen,61,0.13159293934924213,0.1353030056717695,0.12788287302671475,0.12463556235605067,0.12171399219553809,0.12755713251656325,0.10582108112215632,0.10083833848072192,0.11080382376359073,0.1052626826135103,0.11246539984414408,0.09805996538287651,0.1074872729045551,0.08976440656773069,0.12521013924137953,0.10143192530524714,0.10842952786125985,0.09443432274923443,0.11715586147088584,0.12229238531033634,0.11201933763143535,0.10091272283253319,0.09978847476182869,0.10203697090323771,0.10569995204581925,0.1094044693066708,0.10199543478496771,2015-2019,6
1331,KESK,Petri Honkonen,160,0.09708234645934555,0.09992265298288264,0.09424203993580846,0.1137365121391807,0.12295276114018712,0.10452026313817431,0.10122466348456899,0.11221298213270756,0.09023634483643041,0.17288712125192537,0.17100574176790692,0.17476850073594383,0.07668100435208505,0.07575479959111395,0.07760720911305614,0.10546724774016217,0.09334177278467945,0.11759272269564489,0.12899489635445785,0.1249483459472931,0.1330414467616226,0.10089035625828138,0.09998204182959498,0.1017986706869678,0.1030358519599929,0.09987890182363428,0.10619280209635154,2015-2019,6
1332,VIHR,Ozan Yanar,213,0.13010827993974805,0.12343785732169095,0.13677870255780517,0.11977840513397545,0.12247199982059287,0.11708481044735801,0.1654284585613552,0.1663142477016749,0.16454266942103551,0.08073719311031921,0.08347947081963339,0.07799491540100503,0.12142733120532068,0.12286850067528296,0.1199861617353584,0.0915884483872574,0.10008383759121786,0.08309305918329693,0.10212339349744633,0.10265471933729223,0.10159206765760043,0.0865637612794003,0.07939438707752763,0.09373313548127296,0.10224472888517734,0.09929497965508714,0.10519447811526754,2015-2019,6
1334,KOK,Antti Häkkänen,201,0.09474428887171815,0.09254065296017289,0.09694792478326342,0.09333031366646916,0.09827704824263114,0.08838357909030717,0.10490950246419078,0.11053021486430543,0.09928879006407612,0.09882559553075501,0.10277244862453308,0.09487874243697696,0.08374847080955143,0.0774309899390472,0.09006595168005566,0.08761617242450762,0.08708257704747654,0.0881497678015387,0.13295235935205912,0.12252871907276985,0.14337599963134842,0.15805217698997967,0.1588877176572911,0.15721663632266825,0.145821119890769,0.14994963159177277,0.14169260818976528,2015-2019,6
1336,VIHR,Emma Kari,109,0.12668848843093206,0.13564864656958736,0.11772833029227678,0.14115717842534034,0.1361469581204012,0.14616739873027948,0.1731532907727772,0.17569652685753462,0.17061005468801976,0.08392372113663463,0.08619611194091478,0.08165133033235447,0.10874910332714048,0.10604922406425499,0.11144898259002597,0.09538577925808447,0.09444932645630623,0.09632223205986272,0.09770014157901724,0.08818136015657105,0.10721892300146345,0.0887891647137845,0.09515560196652523,0.08242272746104376,0.08445313235628904,0.08247624386790446,0.08643002084467363,2015-2019,6
1337,KOK,Susanna Koski,50,0.09036568407313156,0.08502302461191415,0.09570834353434898,0.10731998643404966,0.12244147235860539,0.09219850050949394,0.11312857553684008,0.11785590370227919,0.10840124737140097,0.13966760015008292,0.1368015419017712,0.14253365839839463,0.13948031712154696,0.1388876156530467,0.14007301859004725,0.09535969794594805,0.1035201393559094,0.0871992565359867,0.11623485960590978,0.10656985042437664,0.12589986878744291,0.10026928717230425,0.09543303924860988,0.10510553509599863,0.09817399196018671,0.09346741274348744,0.10288057117688598,2015-2019,6
1339,PS,Kari Kulmala,202,0.08751126851560007,0.08505579686351566,0.08996674016768445,0.10665623543241881,0.10765189818517149,0.10566057267966615,0.0991888861755249,0.1008630639458847,0.09751470840516509,0.11787990596614834,0.12197406748494996,0.11378574444734671,0.07416807448486906,0.07353969803583496,0.07479645093390315,0.07575883903878117,0.07191705856293004,0.07960061951463229,0.11107278313947903,0.10783067989533295,0.11431488638362512,0.16840326562618424,0.169128957899002,0.16767757335336647,0.15936074162099445,0.16203877912737824,0.15668270411461063,2015-2019,6
1339,SIN,Kari Kulmala,215,0.09068662607140976,0.08949041678356498,0.09188283535925454,0.10725686647706231,0.10560346350448153,0.1089102694496431,0.0993788192319004,0.10360190517120012,0.09515573329260067,0.11594273860867037,0.12763619416820932,0.10424928304913142,0.08055198101739364,0.0815610058630638,0.07954295617172347,0.087852908065015,0.08943470060981114,0.08627111552021885,0.1106525124860469,0.10550101872238608,0.11580400624970773,0.17304856867175303,0.169363637029889,0.17673350031361706,0.13462897937074864,0.1278076581473941,0.14145030059410318,2015-2019,6
1340,KESK,Katri Kulmuni,280,0.10902086063896002,0.11491262128876203,0.10312909998915801,0.1130304919587591,0.11094101714337486,0.11511996677414334,0.09383029624943148,0.10136375167525369,0.08629684082360929,0.15824874086158722,0.15281004461777026,0.16368743710540418,0.07858391231956055,0.08597396272104944,0.07119386191807164,0.0880765087440934,0.09478325619004244,0.08136976129814434,0.11363856038839693,0.10622511591406762,0.12105200486272624,0.12763783778689594,0.11867634090928603,0.13659933466450586,0.11793279105231533,0.11431388954039359,0.12155169256423708,2015-2019,6
1342,KOK,Jaana Laitinen-Pesola,49,0.11722589521342516,0.12718923485588304,0.10726255557096728,0.12053407681638109,0.11629601161414889,0.12477214201861328,0.09129508290701213,0.09427125120396299,0.08831891461006128,0.12034231295599515,0.11211753537360396,0.12856709053838633,0.10648291073017568,0.11827420200482008,0.09469161945553128,0.11956813740533062,0.10847144331990195,0.1306648314907593,0.09805940433741614,0.09350387030081143,0.10261493837402083,0.12223319722776069,0.12860794117026605,0.11585845328525532,0.10425898240650333,0.10126851015660161,0.10724945465640505,2015-2019,6
1343,KD,Antero Laukkanen,603,0.10635295569898126,0.10737626868074417,0.10532964271721837,0.13380972864275498,0.12531118629658308,0.14230827098892687,0.10735432235875417,0.10481761556102034,0.10989102915648799,0.1243354688688059,0.12151072920704528,0.12716020853056653,0.0900597728957762,0.09520145498749927,0.08491809080405313,0.11414898526653366,0.12183584095154223,0.1064621295815251,0.10900316620563502,0.11138370725069742,0.10662262516057264,0.10425332443597529,0.10290739493941639,0.10559925393253418,0.11068227562678346,0.10965580212545178,0.11170874912811513,2015-2019,6
1344,PS,Rami Lehto,126,0.14044604126443538,0.1414304383557621,0.1394616441731087,0.12448095912459886,0.12256587863239969,0.12639603961679802,0.090148847158565,0.08915529831879654,0.09114239599833344,0.10450773214535347,0.11663278451449859,0.09238267977620834,0.0861506359733051,0.07460697805929364,0.09769429388731657,0.11125228106987053,0.11199168404921742,0.11051287809052365,0.0907223450567757,0.09266739368605988,0.08877729642749152,0.11780057344272975,0.10402267322554806,0.13157847365991143,0.13449058476436618,0.14692687115842404,0.1220542983703083,2015-2019,6
1346,VIHR,Touko Aalto,490,0.13540152660547045,0.14005047596108736,0.13075257724985354,0.11978628752990016,0.12521756140921803,0.11435501365058229,0.12286326361966945,0.13525636138511057,0.11047016585422835,0.1141998385766382,0.1034790494854311,0.12492062766784529,0.11587007248942204,0.10848591867041943,0.12325422630842464,0.08708209429383976,0.08913298495371137,0.08503120363396814,0.09967814906586613,0.08841812816310574,0.11093816996862652,0.09581316929135276,0.09906471889272728,0.09256161968997825,0.10930559852784105,0.11089480107918914,0.10771639597649296,2015-2019,6
1347,PS,Sampo Terho,133,0.10837185660392143,0.11469076522004085,0.102052947987802,0.10352616685940312,0.10247947335530794,0.1045728603634983,0.09658118636267692,0.09742606333997553,0.0957363093853783,0.11415587137989819,0.10715232865370665,0.12115941410608973,0.10092995451710093,0.09411051640742943,0.10774939262677245,0.09379024759157625,0.08937465914255774,0.09820583604059477,0.11279909203877067,0.11942926914925966,0.10616891492828169,0.14241415194280954,0.15190177652484382,0.13292652736077523,0.12743147270384297,0.1234351482068784,0.13142779720080752,2015-2019,6
1347,SIN,Sampo Terho,79,0.09185154505423493,0.08315337001149418,0.10054972009697567,0.08775292017637207,0.08462614488444639,0.09087969546829776,0.09555036476987726,0.09833682469471888,0.09276390484503563,0.12000634422425561,0.12015744690532466,0.11985524154318657,0.06823313326608343,0.06693283376264582,0.06953343276952106,0.09554116630257739,0.09990356581952879,0.09117876678562599,0.14006301976274504,0.12873187597412641,0.15139416355136365,0.17715198629549483,0.19349412755891976,0.1608098450320699,0.12384952014835945,0.12466381038879508,0.12303522990792382,2015-2019,6
1349,PS,Leena Meri,563,0.11742231410502782,0.1254172055889982,0.10942742262105745,0.12438424919268516,0.11563594327543161,0.1331325551099387,0.10337661626872074,0.10957651301686747,0.09717671952057402,0.08788413252349281,0.0891969783146553,0.08657128673233033,0.09382259887888716,0.09645769653610457,0.09118750122166976,0.12583975477334347,0.13540859452761017,0.11627091501907678,0.09582788865026115,0.08604892706881868,0.10560685023170362,0.11187835020186637,0.11297231814151229,0.11078438226222045,0.13956409540571524,0.12928582353000168,0.14984236728142883,2015-2019,6
1372,SIN,Matti Torvinen,57,0.10634596907279881,0.11227401533334883,0.10041792281224879,0.11499883736513732,0.10870450764911792,0.12129316708115671,0.09616542961316762,0.09859525262703284,0.0937356065993024,0.11373336992008776,0.11198311572425494,0.11548362411592057,0.09619911398891424,0.08904350697359303,0.10335472100423546,0.10288105348497514,0.0999008021239107,0.10586130484603958,0.12162717897017919,0.1326951411014534,0.11055921683890498,0.1337420164377252,0.13061597449465792,0.13686805838079247,0.11430703114701471,0.11618768397263046,0.11242637832139894,2015-2019,6
1374,RKP,Veronica Rehn-Kivi,68,0.09757128710672827,0.10388143671962217,0.09126113749383438,0.13197566155389812,0.1459953728298937,0.11795595027790255,0.11337457727772449,0.12418507153078129,0.10256408302466768,0.09856069933021741,0.08975064664055452,0.1073707520198803,0.1568902554990091,0.14404330503034662,0.16973720596767153,0.12120582171804743,0.112659450822573,0.12975219261352186,0.09268257975664296,0.08495453602111372,0.1004106234921722,0.09522214844293,0.10443334272320123,0.08601095416265878,0.09251696931480224,0.09009683768191376,0.09493710094769071,2015-2019,6
1378,SDP,Pilvi Torsti,94,0.09660770726249651,0.09292975297390152,0.1002856615510915,0.1573467370154004,0.17645411480104614,0.13823935922975464,0.11059891858641388,0.10461954300349477,0.116578294169333,0.09171813646643637,0.08874806627483589,0.09468820665803683,0.08304222246743156,0.0787060866157518,0.08737835831911131,0.10206116164246677,0.09636900859301945,0.1077533146919141,0.1637342890651144,0.1587705692722618,0.16869800885796699,0.10171721053280408,0.10698102022643448,0.09645340083917368,0.09317361696143603,0.09642183823925407,0.08992539568361797,2015-2019,6
1382,KESK,Hanna-Leena Mattila,40,0.11424654247180521,0.10581183691986676,0.12268124802374365,0.11344491810401877,0.11860559826412495,0.10828423794391258,0.10684751805439076,0.1011120477339565,0.11258298837482501,0.11297284452655858,0.12623819577897472,0.09970749327414244,0.10472392221094018,0.10545667856339751,0.10399116585848285,0.10775523489106559,0.10547939463352338,0.11003107514860781,0.11153940365023342,0.1086312045501451,0.11444760275032173,0.124329454399323,0.12421609197790502,0.12444281682074099,0.10414016169166453,0.10444895157810608,0.10383137180522298,2015-2019,6
157,KESK,Kauko Juhantalo,109,0.10068297114063976,0.10282850248447657,0.09853743979680293,0.10350525621942543,0.10107809945515892,0.10593241298369194,0.10280886816758235,0.10629614154472655,0.09932159479043814,0.13079562532395464,0.12561747308426838,0.1359737775636409,0.09322574388835725,0.09407298594580357,0.09237850183091091,0.11049528049343132,0.11034693490095657,0.1106436260859061,0.12067384544823428,0.12213912345964642,0.11920856743682215,0.11650515492618499,0.11393160682389354,0.11907870302847642,0.12130725439218999,0.12368913230106951,0.11892537648331047,2015-2019,6
170,KOK,Ilkka Kanerva,117,0.08801175599057898,0.09368393990832126,0.0823395720728367,0.11451521192220865,0.11109302124056157,0.11793740260385574,0.09835032667840413,0.09951300156211004,0.09718765179469822,0.1287394290332361,0.1193310183739564,0.13814783969251582,0.115488896781213,0.12678422737483247,0.10419356618759354,0.10125731513462657,0.10481485680023457,0.09769977346901859,0.13664960148454317,0.1320654443659764,0.14123375860310994,0.12165670709874292,0.11716234201158826,0.12615107218589758,0.09533075587644639,0.09555214836241897,0.09510936339047381,2015-2019,6
202,KESK,Seppo Kääriäinen,117,0.1151575597696339,0.11447399237320048,0.11584112716606731,0.12020965689689411,0.12390518143370699,0.11651413236008124,0.08816847839919364,0.09573634565759018,0.0806006111407971,0.1390345120400059,0.1370166854000399,0.14105233867997186,0.11095766729829208,0.10657631053158376,0.1153390240650004,0.08556843178951813,0.08813557363363211,0.08300128994540415,0.11546920655683732,0.1170740001163139,0.11386441299736072,0.11429763227351245,0.11140777786777208,0.11718748667925283,0.11113685497611253,0.10567413298616068,0.11659957696606438,2015-2019,6
203,SDP,Riitta Myller,300,0.10230739445088644,0.0949614570827771,0.10965333181899575,0.10972337666027936,0.11627066778278672,0.103176085537772,0.10676882495358765,0.12109336445178728,0.09244428545538802,0.17270618976054386,0.1536131196696857,0.19179925985140206,0.09622492282348004,0.09801181121755986,0.09443803442940021,0.10426042155634163,0.1017517634106881,0.10676907970199516,0.12408401603137433,0.12892331865691975,0.1192447134058289,0.08368252762034667,0.085402076685942,0.08196297855475133,0.10024232614316,0.0999724210418534,0.10051223124446662,2015-2019,6
214,PS,Lea Mäkipää,163,0.09402656455424638,0.08706374332958279,0.10098938577890995,0.0948549075163712,0.09775492366789043,0.09195489136485197,0.10442437440062954,0.09877539256815634,0.11007335623310274,0.13053049387940358,0.1353662329757149,0.12569475478309222,0.07814698687387497,0.07700347059065452,0.07929050315709543,0.11324294628907988,0.12372651506816898,0.10275937750999078,0.11052702312531346,0.1116245446118496,0.1094295016387773,0.13195725810599518,0.13189794579157582,0.13201657042041454,0.1422894452550859,0.13678723139640664,0.14779165911376518,2015-2019,6
214,SIN,Lea Mäkipää,102,0.09457166364991904,0.09142345603266487,0.09771987126717321,0.10182867771978014,0.10221090655111002,0.10144644888845027,0.10731890150636901,0.0983649108197785,0.11627289219295953,0.11830984906636771,0.12261694453728667,0.11400275359544876,0.07745545196750779,0.06869925525894365,0.08621164867607194,0.09625828397434882,0.10742702826127486,0.08508953968742279,0.12111129602559122,0.1131797785995027,0.12904281345167973,0.14740120974160317,0.15320123679359846,0.1416011826896079,0.13574466634851312,0.1428764831458403,0.1286128495511859,2015-2019,6
242,KESK,Pekka Puska,93,0.08776941397950652,0.08547712265322763,0.0900617053057854,0.11255313122647032,0.10243338432355116,0.12267287812938946,0.11129063764952946,0.10493945748552776,0.11764181781353114,0.15468898384951799,0.15702610489684465,0.15235186280219132,0.1282201932926063,0.13778778768527158,0.11865259889994104,0.09917261180403508,0.11246779695887783,0.08587742664919232,0.09725568378691252,0.08866407753829234,0.10584729003553268,0.10506485607946542,0.10621217844428718,0.10391753371464366,0.10398448833195648,0.10499209001411991,0.10297688664979303,2015-2019,6
259,KOK,Pertti Salolainen,126,0.09062489555767533,0.08341618141102405,0.09783360970432661,0.10174585646583531,0.09905296481693265,0.10443874811473797,0.09928158464838673,0.11386575046442882,0.08469741883234463,0.13727608792727103,0.13003717068296067,0.1445150051715814,0.12966829208126274,0.13499232205080375,0.1243442621117217,0.0980196764111495,0.08940044083987177,0.10663891198242725,0.13080886748434425,0.13721863691426647,0.12439909805442202,0.09701567054556612,0.08909630399421223,0.10493503709692001,0.11555906887850896,0.12292022882549951,0.10819790893151841,2015-2019,6
351,RKP,Eva Biaudet,172,0.1027367643066043,0.1000087288913137,0.10546479972189493,0.1101934772508752,0.11432183780743939,0.10606511669431098,0.13068338515867028,0.11939303395466508,0.1419737363626755,0.0982225820132483,0.10486125843049052,0.09158390559600608,0.12997561445569608,0.13569203520547807,0.1242591937059141,0.12014685020417767,0.11730446020546761,0.12298924020288775,0.1117118754675085,0.10905200168754199,0.11437174924747502,0.09941015312657905,0.10057790979308927,0.09824239646006883,0.09691929801664065,0.09878873402451441,0.0950498620087669,2015-2019,6
356,KESK,Olli Rehn,96,0.08258642436134027,0.07969764964321013,0.0854751990794704,0.08438209009161468,0.08456129754619554,0.08420288263703382,0.10609902800859414,0.11725766008809661,0.09494039592909166,0.16473180667038317,0.1619073005161879,0.16755631282457845,0.0826966282660308,0.08285551271015237,0.08253774382190922,0.07670931286197719,0.07238658114930695,0.08103204457464742,0.17081753515698544,0.1705546098642276,0.17108046044974332,0.1369272840933052,0.1339252248143864,0.139929343372224,0.09504989048976906,0.09685416366823649,0.09324561731130164,2015-2019,6
357,SDP,Erkki Tuomioja,60,0.09994149379109063,0.09142334035710739,0.10845964722507387,0.10530085498340142,0.10116544536230047,0.10943626460450236,0.1065846815029591,0.10220577235877686,0.11096359064714134,0.12194292821103173,0.12237156314989664,0.12151429327216681,0.1079178309312327,0.11782100779902907,0.09801465406343632,0.1084631581411957,0.10975403974233137,0.10717227654006004,0.1249733253419815,0.12806139021234408,0.12188526047161889,0.12489089502455779,0.1324416943244247,0.11734009572469087,0.0999848320725495,0.09475574669378946,0.10521391745130955,2015-2019,6
363,VIHR,Satu Hassi,411,0.10408757490339093,0.11355701209148283,0.09461813771529903,0.11931912184061466,0.11135758231033792,0.1272806613708914,0.1557843781515541,0.15431872198455016,0.15725003431855805,0.12192377748091207,0.12503721407151402,0.1188103408903101,0.0994539532406025,0.09406986897075578,0.1048380375104492,0.09404405458621774,0.09671054035760615,0.09137756881482934,0.10272902311170942,0.10179194338207506,0.10366610284134377,0.10800222366646393,0.11201426663202751,0.10399018070090035,0.09465589301853462,0.09114285019965052,0.09816893583741873,2015-2019,6
375,KESK,Markku Rossi,185,0.11400147647459923,0.12399205630938108,0.10401089663981737,0.10466676716808282,0.10403295196522806,0.10530058237093756,0.09588767834518117,0.08735445724117374,0.1044208994491886,0.15772342570699088,0.15562294761361092,0.15982390380037084,0.07981714137438822,0.0722291728931411,0.08740510985563535,0.10252983168832061,0.10694381323657172,0.09811585014006952,0.10561199329899906,0.11210652998490882,0.0991174566130893,0.1103341942172002,0.11328213017597719,0.10738625825842323,0.1294274917262378,0.12443594058000733,0.13441904287246825,2015-2019,6
392,KESK,Olavi Ala-Nissilä,418,0.0963703032112585,0.10223197089620344,0.09050863552631358,0.118128129019733,0.10462185963929763,0.13163439840016838,0.09919468771781176,0.10370173474058322,0.09468764069504029,0.15043614100003389,0.14759031731935793,0.15328196468070981,0.08996812055934805,0.09700759073646056,0.08292865038223553,0.09492053441399062,0.09248234457570056,0.09735872425228068,0.14494290830083795,0.1365208655571845,0.15336495104449135,0.09709013057555574,0.0976481983227082,0.09653206282840329,0.1089490452014305,0.11819511821250399,0.09970297219035701,2015-2019,6
402,KESK,Timo Kalli,153,0.12744954303799833,0.12878082605344435,0.12611826002255233,0.11803628147707573,0.11756279903072482,0.11850976392342664,0.11568813701351265,0.12732221215578238,0.10405406187124291,0.1273699587820818,0.12096667667645122,0.13377324088771236,0.09372142336359013,0.09484810381478774,0.0925947429123925,0.09132973409637965,0.08240547959155008,0.10025398860120922,0.13710719343898242,0.13891677452725631,0.13529761235070853,0.09770515779094727,0.09338245299775445,0.10202786258414007,0.09159257099943194,0.0958146751522485,0.08737046684661537,2015-2019,6
414,KESK,Matti Vanhanen,130,0.09249070541569426,0.09618687196977974,0.0887945388616088,0.09977521670276288,0.09727009931118283,0.10228033409434292,0.10810724376909955,0.1039876285939704,0.11222685894422872,0.14671033475944725,0.15045029154724135,0.14297037797165316,0.09587677087486385,0.09246352749331187,0.09929001425641583,0.10257246702873751,0.10913745259481404,0.09600748146266098,0.11680431466328915,0.12343056578230131,0.11017806354427699,0.12500067714601942,0.1228421874706384,0.12715916682140047,0.11266226964008616,0.1042313752367601,0.12109316404341222,2015-2019,6
451,SDP,Tarja Filatov,345,0.1307308809620754,0.12390067874514747,0.13756108317900334,0.13171307226938503,0.1435501222858177,0.11987602225295235,0.13287876366560564,0.1315911292357143,0.13416639809549694,0.0846239504552975,0.08692908760995076,0.08231881330064424,0.07918166912680571,0.07513863727602935,0.08322470097758207,0.12519374796032143,0.11760933590840066,0.1327781600122422,0.10952989966518015,0.11093108582254405,0.10812871350781623,0.10558359742513367,0.11033620531804293,0.1008309895322244,0.10056441847019554,0.1000137177983528,0.10111511914203826,2015-2019,6
479,VAS,Annika Lapintie,64,0.10501770158078608,0.10180637330338782,0.10822902985818435,0.11666913785582696,0.12252669114510453,0.11081158456654938,0.11185472080334119,0.1120981990855437,0.11161124252113866,0.09748575754158817,0.09720022066481807,0.09777129441835827,0.0969296903734772,0.09877618335876782,0.0950831973881866,0.09696356697881364,0.09277712400059569,0.1011500099570316,0.10469074670304523,0.09661516322420138,0.11276633018188909,0.14547988494628133,0.15612165652133098,0.1348381133712317,0.12490879321684023,0.12207838869625005,0.12773919773743042,2015-2019,6
507,VAS,Kari Uotila,288,0.11200586674127161,0.11161952974195628,0.11239220374058692,0.1364222831754876,0.13301764257120208,0.13982692377977315,0.11533867075098653,0.1169603165549993,0.11371702494697375,0.1231544085363862,0.12275271804247148,0.12355609903030093,0.106349322375283,0.12068409486111478,0.09201454988945121,0.0901174394458526,0.08853204732735578,0.09170283156434943,0.10659526612102944,0.09708665082964354,0.11610388141241534,0.09010219696111259,0.0901782553505687,0.09002613857165648,0.1199145458925904,0.11916874472068806,0.12066034706449276,2015-2019,6
508,KESK,Anu Vehviläinen,242,0.09528519692077822,0.10166715631898915,0.08890323752256728,0.14076496092702673,0.14654172065573784,0.13498820119831562,0.08998259304730298,0.08419188460548975,0.09577330148911621,0.1836627716625318,0.16826854400458507,0.19905699932047857,0.06711069460048463,0.06958880860587792,0.06463258059509133,0.08073954588888346,0.08082748539545469,0.08065160638231225,0.13461702098332592,0.13175977618784215,0.1374742657788097,0.11061749889014352,0.11663350511271878,0.10460149266756827,0.0972197170795227,0.10052111911330468,0.09391831504574072,2015-2019,6
538,SDP,Tuula Haatainen,214,0.11361603635035365,0.11234708992740305,0.11488498277330425,0.14757569200517495,0.13834376607839258,0.15680761793195733,0.09819821257096895,0.09377192029021411,0.10262450485172377,0.10224566493614608,0.10446892879839711,0.10002240107389504,0.09475755643736622,0.08929755348111654,0.10021755939361592,0.10819819102509792,0.10793721625736175,0.1084591657928341,0.10364068470550214,0.11108511580129395,0.09619625360971033,0.10721754302454561,0.11982845661103003,0.09460662943806121,0.12455041894484445,0.12291995275479088,0.12618088513489803,2015-2019,6
565,SDP,Susanna Huovinen,121,0.10228226511372243,0.09951540042283222,0.10504912980461263,0.1445617417629893,0.1400333992208868,0.14909008430509182,0.10968720975902455,0.11262600160570017,0.1067484179123489,0.11373625609469953,0.11261785049498504,0.11485466169441401,0.10492853045789621,0.09758467720015178,0.11227238371564063,0.12544995688339783,0.12698279375603466,0.12391712001076102,0.09096842237088176,0.09955936979942433,0.08237747494233918,0.09797247005251022,0.09661518062938697,0.09932975947563348,0.11041314750487818,0.11446532687059803,0.10636096813915834,2015-2019,6
573,KESK,Niilo Keränen,63,0.09460140475672468,0.10764851958837254,0.08155428992507682,0.12423886191005609,0.11634185180295671,0.1321358720171555,0.09927433588596295,0.1087529666622481,0.0897957051096778,0.13198615928727786,0.12642475654453803,0.1375475620300177,0.09933726522530606,0.10223157363335977,0.09644295681725236,0.10754920866490214,0.11056246278357522,0.10453595454622906,0.12211789842910979,0.11622180950681185,0.12801398735140773,0.10044527354301155,0.09489678220568258,0.10599376488034054,0.12044959229764882,0.11691927727245514,0.1239799073228425,2015-2019,6
583,KESK,Mika Lintilä,97,0.09497000872202388,0.09892754984339305,0.09101246760065472,0.0934868608699797,0.09307416847480231,0.09389955326515712,0.08980943067776492,0.10059317291306577,0.07902568844246408,0.12240110657332551,0.11723960683451262,0.1275626063121384,0.08298796902351294,0.09894443514928142,0.06703150289774447,0.10044509289233007,0.10590312012122227,0.09498706566343787,0.15224159739284088,0.14735898032359757,0.1571242144620842,0.15998500591056594,0.14197168361872586,0.17799832820240602,0.10367292793765613,0.09598728272139917,0.11135857315391309,2015-2019,6
592,KESK,Antti Rantakangas,139,0.09713969631306592,0.09904182326183852,0.09523756936429331,0.09888940147780872,0.10086395013808065,0.0969148528175368,0.0955104779025775,0.09479009622478622,0.09623085958036878,0.20714362093031163,0.20827096982182208,0.20601627203880116,0.11629448408194754,0.1149193350108461,0.11766963315304897,0.0749682746193065,0.07101185531004983,0.07892469392856317,0.11414480861212756,0.12172238850863873,0.10656722871561639,0.09447629008690576,0.0894157401769937,0.09953683999681782,0.1014329459759489,0.09996384154694418,0.10290205040495362,2015-2019,6
609,SDP,Harry Wallin,115,0.1109942748114041,0.11266942556886261,0.10931912405394559,0.12553861148735587,0.11491129958206618,0.13616592339264558,0.09548824343336282,0.0954178666320549,0.09555862023467075,0.13199677049031036,0.12360352329498565,0.14039001768563508,0.0983557489726044,0.09741892860080212,0.0992925693444067,0.11666400349851691,0.11703239906208603,0.1162956079349478,0.11954676049507826,0.12688987778896382,0.1122036432011927,0.09671068973001037,0.10244195214398281,0.09097942731603792,0.10470489708135688,0.10961472732619584,0.09979506683651791,2015-2019,6
612,KOK,Sari Sarkomaa,271,0.09716861392074208,0.0978834749815465,0.09645375285993765,0.1483100302595684,0.14880642342614395,0.14781363709299286,0.12461895130047994,0.11915200610665452,0.13008589649430535,0.11473767806397026,0.12187955110169764,0.10759580502624289,0.11435847329143348,0.10673674147290509,0.12198020510996185,0.11597127181120251,0.12254891923636965,0.10939362438603535,0.11781833320746714,0.1185908722681485,0.11704579414678577,0.07925958590798234,0.07738332965170966,0.08113584216425501,0.08775706223715382,0.08701868175482444,0.0884954427194832,2015-2019,6
767,PS,Timo Soini,236,0.09797123255260362,0.10131682012598434,0.09462564497922292,0.09883246292902553,0.10383304244786926,0.09383188341018182,0.103372477096561,0.0977755291245563,0.1089694250685657,0.12765102425234953,0.12839623310513043,0.12690581539956863,0.11072272075730705,0.10628986434949639,0.1151555771651177,0.08043376128874144,0.0752445239592917,0.08562299861819118,0.12465588069004055,0.12490182220130555,0.12440993917877556,0.13132388531283387,0.14097251016954246,0.12167526045612527,0.1250365551205374,0.12126965451682362,0.1288034557242512,2015-2019,6
767,SIN,Timo Soini,84,0.08768223493926525,0.08523207024928184,0.09013239962924866,0.08216118981603136,0.07862537834364736,0.08569700128841537,0.0965578424042043,0.0996506172744435,0.0934650675339651,0.14135538129468592,0.1458305207923784,0.13688024179699343,0.11549115130559964,0.10182044350101926,0.12916185911018002,0.0840779756936691,0.07398081102487909,0.09417514036245911,0.1498854416965523,0.15673554535224804,0.14303533804085655,0.12640367722575682,0.1405928650253322,0.11221448942618144,0.11638510562423533,0.11753174843677028,0.11523846281170039,2015-2019,6
772,KESK,Antti Kaikkonen,130,0.09249978752567503,0.09217784977064344,0.09282172528070662,0.10101052634176552,0.10605746086514263,0.09596359181838841,0.09724167803377542,0.10696602393254362,0.08751733213500723,0.14787674095621622,0.14268197940902763,0.1530715025034048,0.10185893420042459,0.10496883961238523,0.09874902878846395,0.09923191888122979,0.10823097385439136,0.09023286390806823,0.1329669000880769,0.12281760298720779,0.14311619718894603,0.11852752490457726,0.10349265745515354,0.13356239235400097,0.10878598906825927,0.11260661211350478,0.10496536602301376,2015-2019,6
778,KD,Sari Essayah,637,0.11450528103870095,0.11378498100722964,0.11522558107017225,0.12427306887825343,0.12326395533446055,0.1252821824220463,0.07183906083879302,0.07236260247010758,0.07131551920747844,0.14353848934656266,0.1582399119889086,0.12883706670421674,0.09058837005073642,0.07892031560863162,0.10225642449284122,0.10570775754017034,0.10439160408684942,0.10702391099349125,0.12805181997357903,0.12627066498926945,0.12983297495788862,0.10226307398860329,0.10358141930822365,0.10094472866898294,0.11923307834460083,0.11918454520631946,0.11928161148288219,2015-2019,6
779,KESK,Esko Kiviranta,233,0.09957752088598379,0.08829435336866062,0.11086068840330694,0.116522280828329,0.12846351942910422,0.10458104222755375,0.11646349578530124,0.10371281758246138,0.1292141739881411,0.11996582059366658,0.12584431223987827,0.11408732894745488,0.09080148342372482,0.08484763569122501,0.09675533115622462,0.08573648827194993,0.0838683873256704,0.08760458921822947,0.13548769875571806,0.14352851470707872,0.1274468828043574,0.13242417252277183,0.13634548793556459,0.12850285710997905,0.10302103893255485,0.1050949717203568,0.10094710614475289,2015-2019,6
784,KOK,Arto Satonen,183,0.11406551434937659,0.12259385946096993,0.10553716923778325,0.09584076511998807,0.09936971094781959,0.09231181929215657,0.09372852532695711,0.09288858209523494,0.09456846855867926,0.15638724423105232,0.14566365770440287,0.1671108307577018,0.08958808939395836,0.09345952537378138,0.08571665341413534,0.10069713261226575,0.10444571867478478,0.09694854654974672,0.13367441718052941,0.12001744636418063,0.1473313879968782,0.10388073074286847,0.1053325386781095,0.10242892280762741,0.11213758104300389,0.11622896070071638,0.10804620138529142,2015-2019,6
786,KESK,Mikko Alatalo,108,0.1021584680280652,0.11154361858082973,0.09277331747530068,0.08728906645120564,0.08884813893342018,0.0857299939689911,0.09421723441728277,0.10420208691902226,0.08423238191554328,0.14023277560036534,0.11628954645559605,0.16417600474513466,0.0672301430308496,0.07243838394485883,0.06202190211684039,0.08876488331705121,0.09288482068458634,0.08464494594951608,0.11374497646850645,0.11659065734425553,0.1108992955927574,0.15471393340017037,0.14809090218635962,0.1613369646139811,0.1516485192865034,0.1491118449510715,0.15418519362193536,2015-2019,6
790,KESK,Kimmo Tiilikainen,338,0.10110426035017733,0.10432865919680985,0.0978798615035448,0.08710888874884318,0.08714570096771446,0.0870720765299719,0.16122112378913378,0.16789081764329777,0.1545514299349698,0.15865574267100596,0.14518151456668832,0.17212997077532358,0.07160805503802285,0.07708934220858632,0.06612676786745939,0.08054053415614945,0.0845323106714158,0.0765487576408831,0.13027351338970994,0.13160496414343667,0.12894206263598318,0.110552267049842,0.10656090460909236,0.11454362949059163,0.09893561480711549,0.09566578599295836,0.10220544362127264,2015-2019,6
796,KESK,Eero Reijonen,62,0.10675895792097656,0.11462424339706215,0.09889367244489097,0.09838830567379639,0.09792863015677881,0.09884798119081398,0.09082228993455413,0.08517761106408134,0.09646696880502693,0.1712724071364563,0.163766595538617,0.17877821873429559,0.08184378812638901,0.07706304597199323,0.08662453028078479,0.0950589347386622,0.09628743690644419,0.0938304325708802,0.11701679122964259,0.11357184234950053,0.12046174010978464,0.11661003219701503,0.12127885186186735,0.11194121253216271,0.12222849304250777,0.13030174275365541,0.11415524333136014,2015-2019,6
797,KESK,Hannu Hoskonen,971,0.11474526330770221,0.11691408293582764,0.11257644367957678,0.0980718240416941,0.10284723137509066,0.09329641670829752,0.10261038787493446,0.10132620093620895,0.10389457481365998,0.14952292752132884,0.13183423534618563,0.16721161969647202,0.07143196179439384,0.07975282200799141,0.06311110158079629,0.09930316886151527,0.10380886413019319,0.09479747359283737,0.12096118513350844,0.1148779165191112,0.12704445374790568,0.11157322595764489,0.1100035002916557,0.11314295162363408,0.13178005550727795,0.13863514645773561,0.1249249645568203,2015-2019,6
800,KESK,Tapani Tölli,69,0.09946422729724812,0.102079148936593,0.09684930565790323,0.11572142420689724,0.11529416822653735,0.11614868018725714,0.09624751960412681,0.09847932602045409,0.09401571318779953,0.14064951887507282,0.1401847156384479,0.14111432211169775,0.10057588093066529,0.10232632057579072,0.09882544128553986,0.11870662960238804,0.11137963675466019,0.1260336224501159,0.11079999822038308,0.10772558233963636,0.11387441410112982,0.114857804943298,0.11448871456961515,0.11522689531698085,0.10297699631992055,0.10804238693826525,0.09791160570157585,2015-2019,6
805,KESK,Lasse Hautala,135,0.08978243864031682,0.08490219318988976,0.0946626840907439,0.0957397876770403,0.09177939152044595,0.09970018383363466,0.07272282636572536,0.06380245747647698,0.08164319525497374,0.1762995099061409,0.17930361106707302,0.17329540874520877,0.09992699105859339,0.10253128191775299,0.09732270019943379,0.13154010815661077,0.1401283513777275,0.12295186493549407,0.12043936602488065,0.11865065274330774,0.12222807930645356,0.10988973998583358,0.10861472320577699,0.11116475676589017,0.10365923218485823,0.11028733750154915,0.09703112686816731,2015-2019,6
809,KOK,Paula Risikko,151,0.07648360568619035,0.07409438448317578,0.07887282688920493,0.11222983767035999,0.11487556433466599,0.109584111006054,0.07262377686528618,0.07289144954234947,0.07235610418822289,0.1269181760497503,0.13159938459034395,0.12223696750915665,0.08447293507191003,0.0839175941136862,0.08502827603013388,0.10566469372462228,0.09775829805475085,0.1135710893944937,0.15019567991202476,0.1509478709413727,0.14944348888267683,0.1360141312882784,0.13990260388100678,0.13212565869555004,0.13539716373157767,0.13401285005864833,0.136781477404507,2015-2019,6
811,KESK,Aila Paloniemi,206,0.11236049940127754,0.11639467822718566,0.10832632057536942,0.10366071870866697,0.10820254903062895,0.099118888386705,0.11477449578090737,0.11370351168389474,0.11584547987792,0.12047540369332585,0.12200459103981454,0.11894621634683718,0.0967135900526021,0.09734950414283841,0.0960776759623658,0.10803743668447177,0.11005682379809234,0.10601804957085122,0.12567346362422316,0.1274345424993804,0.12391238474906593,0.1162504225027487,0.11062511405867466,0.12187573094682273,0.10205396955177648,0.0942286855194903,0.10987925358406266,2015-2019,6
856,PS,Jussi Niinistö,63,0.07691671585672596,0.07548019281732624,0.07835323889612568,0.09473309015933587,0.09488372070661424,0.0945824596120575,0.08427881954188587,0.0778470215352848,0.09071061754848693,0.13426549130418164,0.13861825699169997,0.12991272561666334,0.0883329759057429,0.09430775641428056,0.08235819539720526,0.07638883515860423,0.07382730114824579,0.07895036916896267,0.11636627970680025,0.10847185480669863,0.12426070460690186,0.1940202994089315,0.1994039239966598,0.18863667482120325,0.13469749295779182,0.13715997158319007,0.13223501433239354,2015-2019,6
856,SIN,Jussi Niinistö,50,0.07999262741698926,0.07900354609339658,0.08098170874058194,0.07919427828977776,0.08329493807263103,0.0750936185069245,0.09480302520553041,0.09182114172841802,0.0977849086826428,0.1403356558800738,0.13444138768507713,0.14622992407507046,0.08140801919474207,0.08489535202056886,0.07792068636891528,0.07847263048654746,0.08116822406578474,0.07577703690731019,0.11516182639393172,0.11675481307688973,0.11356883971097369,0.201025432436203,0.20051703582689898,0.201533829045507,0.12960650469620458,0.12810356143033502,0.13110944796207413,2015-2019,6
887,SDP,Sirpa Paatero,286,0.10194605231307627,0.09737649922021671,0.10651560540593581,0.13685743188735916,0.11955689631250932,0.15415796746220903,0.08026887661291705,0.08557536183387617,0.07496239139195794,0.14317514743430146,0.1362874953095905,0.15006279955901242,0.0815721277735764,0.07825700347263617,0.08488725207451664,0.13291240195081483,0.13757117062371554,0.12825363327791414,0.11709702843247058,0.12494887609814884,0.10924518076679232,0.08713193843973882,0.09035785517905963,0.08390602170041801,0.11903899515574543,0.1300688419502471,0.10800914836124376,2015-2019,6
910,RKP,Stefan Wallin,130,0.10979504376922489,0.11125223148340166,0.10833785605504812,0.10391032217185311,0.1062288674765001,0.10159177686720615,0.10602805406108418,0.10659493302829284,0.10546117509387551,0.10352719404624802,0.09130909679793292,0.11574529129456312,0.161358998782991,0.17175796047325168,0.15096003709273034,0.08739486137696183,0.09036545772954212,0.08442426502438154,0.11362498188539295,0.1052952303827718,0.1219547333880141,0.10259817677987967,0.10610366050581181,0.09909269305394755,0.11176236712636431,0.11109256212249505,0.11243217213023357,2015-2019,6
917,VAS,Paavo Arhinmäki,429,0.13507335017804895,0.13573124571316184,0.13441545464293608,0.14059967765271297,0.14178965292238074,0.13940970238304523,0.136272189267792,0.14888406839797616,0.12366031013760784,0.08911124541262627,0.08836730966071775,0.08985518116453481,0.11131795280647258,0.11123689456858828,0.1113990110443569,0.09175239873285791,0.09150925864759016,0.09199553881812567,0.0985295284478556,0.09096704794627279,0.10609200894943842,0.09716015148387593,0.09042421886770964,0.10389608410004221,0.10018350601775769,0.10109030327560257,0.09927670875991282,2015-2019,6
921,VIHR,Johanna Karimäki,347,0.11234497733317256,0.09871444970865402,0.1259755049576911,0.0986831652127567,0.09448480762705211,0.1028815227984613,0.14892201767413543,0.16621031634457975,0.13163371900369114,0.10640401827986758,0.10966106574898718,0.10314697081074797,0.11092607945108852,0.10795525604692602,0.11389690285525103,0.09268601444227977,0.08595337294748324,0.09941865593707629,0.10631596835985363,0.11045543611654243,0.10217650060316481,0.10084131147860297,0.09994854967255573,0.1017340732846502,0.12287644776824282,0.12661674578721943,0.1191361497492662,2015-2019,6
923,RKP,Thomas Blomqvist,46,0.09982124137310264,0.10646784037816495,0.09317464236804032,0.12560461799852998,0.1269560330115817,0.12425320298547826,0.11716710345571901,0.12411824934451957,0.11021595756691846,0.0991985687984451,0.10324982166293692,0.0951473159339533,0.16011912125076233,0.1660595120692418,0.15417873043228286,0.08832902072190178,0.08772296197469542,0.08893507946910814,0.10673516978663787,0.08973659419371331,0.12373374537956243,0.09982503594468947,0.09483065359139091,0.10481941829798802,0.10320012067021178,0.10085833377375542,0.10554190756666815,2015-2019,6
925,KESK,Markku Pakkanen,354,0.08761090147965359,0.08822956530945984,0.08699223764984734,0.0907183073535819,0.08997277956455088,0.09146383514261291,0.08222941209523685,0.08090224222393907,0.08355658196653463,0.15664499973020973,0.15949020208041692,0.15379979738000255,0.08640791189224423,0.09241928574340033,0.08039653804108811,0.09628519024156404,0.08802620145508802,0.10454417902804006,0.12386474545971185,0.13449111222706406,0.11323837869235964,0.14181067519225904,0.1324675292180368,0.15115382116648127,0.1344278565555388,0.1340010821780441,0.13485463093303346,2015-2019,6
926,SDP,Maria Guzenina,137,0.09897152657912706,0.10042089859177147,0.09752215456648264,0.14507025487649833,0.14322779492640197,0.14691271482659468,0.10705720205843564,0.10806495308851452,0.10604945102835675,0.10129824039567006,0.10422706328265388,0.09836941750868625,0.11721153407944693,0.12477398541214102,0.10964908274675282,0.12293641121289557,0.11750459482696954,0.1283682275988216,0.11619879961947986,0.10822198912990715,0.12417561010905258,0.09141349660295786,0.09421482385971466,0.08861216934620106,0.09984253457548872,0.09934389688192584,0.10034117226905159,2015-2019,6
930,VIHR,Heli Järvinen,266,0.12170153647458751,0.12887535802432248,0.11452771492485252,0.1332129580751517,0.11789467328175543,0.14853124286854802,0.11442574366720137,0.12057119765977495,0.1082802896746278,0.10475026868475548,0.10092817061933454,0.10857236675017642,0.09822708317769255,0.10638792970076497,0.09006623665462014,0.09165145352838318,0.0905087713994894,0.09279413565727695,0.12066551602585646,0.12340579038863739,0.11792524166307553,0.09574108436827031,0.09587299330792921,0.0956091754286114,0.11962435599810145,0.11555511561799166,0.12369359637821123,2015-2019,6
931,SDP,Maarit Feldt-Ranta,111,0.10771982979092157,0.10924878671897369,0.10619087286286946,0.1306897060543748,0.12998585881643437,0.13139355329231522,0.13270200587194472,0.14188589691217404,0.12351811483171542,0.11533063874747904,0.12295572873831966,0.10770554875663843,0.08840384820509581,0.07376394374237275,0.10304375266781889,0.11347862718380375,0.11788385463764713,0.10907339972996037,0.11394734748232413,0.11320498503521055,0.11468970992943772,0.09286328738827032,0.08934085659403486,0.0963857181825058,0.10486470927578578,0.10173008880483289,0.10799932974673869,2015-2019,6
938,KESK,Hannakaisa Heikkinen,294,0.1046942307071188,0.10757249932527047,0.10181596208896712,0.1267051839207642,0.1286370360373093,0.12477333180421904,0.13678197545545992,0.1355923879626943,0.13797156294822555,0.12115843455674416,0.11611110731162722,0.1262057618018611,0.0908168270401746,0.09579579753591606,0.08583785654443314,0.10313694986959374,0.10456014734505403,0.10171375239413345,0.1201661415442981,0.11177735238222852,0.12855493070636767,0.0993184655841442,0.10344475585589712,0.0951921753123913,0.09722179132170236,0.09650891624400298,0.09793466639940172,2015-2019,6
941,RKP,Anna-Maja Henriksson,220,0.09932279633576782,0.09672929093725494,0.1019163017342807,0.11212291692635831,0.11037375243954846,0.11387208141316815,0.12800054048242937,0.12527745641853688,0.13072362454632183,0.107779498217322,0.09799315384909091,0.1175658425855531,0.1410775237048919,0.1568315390769083,0.12532350833287548,0.10399754174633616,0.10582712052193477,0.10216796297073756,0.1003588888718636,0.09426035696814439,0.10645742077558282,0.09357460555993068,0.09613768834763886,0.09101152277222249,0.11376568815510021,0.1165696414409425,0.11096173486925794,2015-2019,6
943,RKP,Mats Nylund,57,0.1296306232961924,0.12271898942143802,0.1365422571709468,0.0918284317372272,0.09897316883863512,0.08468369463581928,0.1284650075665793,0.12176597184569482,0.13516404328746381,0.10215731934206213,0.10592856356911169,0.09838607511501254,0.13301918903519722,0.13695723125576725,0.12908114681462718,0.07810298718118691,0.08548806349438938,0.07071791086798446,0.10397135737756477,0.10469594983476604,0.10324676492036351,0.1252132355340273,0.11841439395647797,0.13201207711157664,0.10761184892996273,0.10505766778371976,0.1101660300762057,2015-2019,6
946,KESK,Tuomo Puumala,142,0.1047582558655478,0.1055600252909354,0.1039564864401602,0.12286948593984447,0.11516262623879861,0.13057634564089032,0.09836555053113896,0.10064764172929581,0.09608345933298212,0.13433334793806945,0.13285966927806805,0.1358070265980708,0.0763752380273027,0.07723232717302501,0.0755181488815804,0.10303312450420575,0.10396800257387295,0.10209824643453855,0.14672571716075955,0.14695146726374794,0.14649996705777113,0.11288131559273712,0.1118752509625059,0.11388738022296833,0.10065796444039425,0.10574298948975036,0.09557293939103814,2015-2019,6
947,KOK,Petteri Orpo,618,0.10090254172347235,0.09145088566572022,0.11035419778122446,0.12442169692420758,0.13264318196841532,0.11620021187999985,0.1057783555390882,0.11337922276928732,0.09817748830888907,0.14496861584639828,0.14494093813983294,0.14499629355296362,0.09035033189234995,0.09288918311761656,0.08781148066708336,0.07796023524344525,0.08116727881148236,0.07475319167540816,0.14332221556162042,0.1300116061494158,0.15663282497382505,0.10817806571827243,0.10408920028943532,0.11226693114710953,0.10411794155114555,0.10942850308879411,0.098807380013497,2015-2019,6
948,KOK,Anne-Mari Virolainen,76,0.10061235102553764,0.099001447181461,0.1022232548696143,0.0963928482106697,0.10244578118946066,0.09033991523187873,0.12064817933494354,0.10863276015569119,0.1326635985141959,0.12785670459180354,0.13658152499086965,0.11913188419273742,0.12620275454848617,0.12556776354938332,0.12683774554758903,0.09612827083079073,0.0980157880548083,0.09424075360677314,0.13221537939335654,0.13728443339366964,0.12714632539304346,0.10692153605296276,0.10529350767245386,0.10854956443347166,0.0930219760114494,0.08717699381220237,0.09886695821069644,2015-2019,6
953,KESK,Anne Kalmari,233,0.09576195261355491,0.09638081386574571,0.09514309136136412,0.09385473871999675,0.0876237136308344,0.10008576380915908,0.11477076023206262,0.11131271612223767,0.11822880434188757,0.1482321493936742,0.15349675608466523,0.1429675427026832,0.09046052319684997,0.07887169437894635,0.10204935201475358,0.11603363856744325,0.11545466351917748,0.11661261361570904,0.1292752303246752,0.1372279251297512,0.12132253551959919,0.09747057021444364,0.10399511644727863,0.09094602398160863,0.11414043673729943,0.11563660082136326,0.1126442726532356,2015-2019,6
954,SDP,Ilkka Kantola,119,0.11840990311783443,0.12124273247368345,0.11557707376198542,0.12978996526559078,0.12531552071541913,0.13426440981576243,0.0922239056090336,0.09809649062662239,0.08635132059144479,0.1135137062321403,0.10801234950678636,0.11901506295749423,0.08754761544540249,0.09348117197777313,0.08161405891303183,0.1025858351807962,0.1042816643689936,0.10089000599259881,0.1151034388340831,0.11642011749035522,0.11378676017781097,0.12640324734660835,0.126118455871149,0.12668803882206767,0.1144223829685108,0.10703149696921781,0.1218132689678038,2015-2019,6
956,VIHR,Ville Niinistö,331,0.1181995299947532,0.11340798110453718,0.12299107888496923,0.15187746691088833,0.1357040711554129,0.16805086266636377,0.17120352001235906,0.17254072117566513,0.16986631884905298,0.08589284366767833,0.09408380562664864,0.07770188170870801,0.12443888034842723,0.1272936853167262,0.12158407538012828,0.08451995401458323,0.08282756596995149,0.08621234205921499,0.1033082383092399,0.1091131944817593,0.09750328213672049,0.07677656559505425,0.07751176373649335,0.07604136745361514,0.08378300114701646,0.08751721143280584,0.08004879086122708,2015-2019,6
959,KESK,Timo V. Korhonen,212,0.09473458627871972,0.0849679202247826,0.10450125233265684,0.1031543255048818,0.09990789847505226,0.10640075253471133,0.08632472542220901,0.08673843489586686,0.08591101594855116,0.19487544302263768,0.21449672503500472,0.17525416101027064,0.07225679946138014,0.060969361114683165,0.0835442378080771,0.09385038181923593,0.09257054465312953,0.09513021898534232,0.12358457927124014,0.13388497797748836,0.11328418056499193,0.12478345502828209,0.1278062157725175,0.12176069428404668,0.10643570419141354,0.09865792185147504,0.11421348653135203,2015-2019,6
960,SDP,Krista Kiuru,488,0.11587216390255772,0.10861148972350579,0.12313283808160966,0.15527835622717034,0.14233713630454686,0.16821957614979385,0.12559309057671425,0.13349204759594388,0.11769413355748462,0.10170465462601341,0.10945068789778863,0.0939586213542382,0.08451905369127988,0.08199552057453131,0.08704258680802843,0.11646649892017835,0.11907420774379726,0.11385879009655944,0.10147667321670767,0.09098952296393019,0.11196382346948516,0.09226059792232288,0.10179653285870849,0.0827246629859373,0.10682891091705549,0.11225285433724759,0.10140496749686337,2015-2019,6
962,KESK,Mirja Vehkaperä,132,0.09700400952750309,0.10092256155047963,0.09308545750452654,0.12606834019310661,0.13064430221099563,0.12149237817521759,0.10869687286809378,0.09607099364434696,0.1213227520918406,0.17623081433611493,0.17766272076918382,0.17479890790304603,0.08814640197388397,0.09832361776239522,0.07796918618537273,0.08206975090933528,0.08746779687858305,0.07667170494008752,0.1492435214348677,0.13806077522980467,0.16042626763993073,0.09474435119948366,0.08757514670932269,0.10191355568964464,0.07779593755761097,0.08327208524488836,0.07231978987033358,2015-2019,6
967,KOK,Timo Heinonen,926,0.1146292761082181,0.1077242531459601,0.12153429907047612,0.11175923946176468,0.11414708796472015,0.10937139095880921,0.10883085004509326,0.11247333306360348,0.10518836702658303,0.11801642990223865,0.1308663338188615,0.10516652598561578,0.08319780599416457,0.09040859966626531,0.07598701232206384,0.09362257232563323,0.09403657238545468,0.09320857226581178,0.12045874927270657,0.11305361685425352,0.12786388169115961,0.13752365846133596,0.11377402236933529,0.16127329455333664,0.11196141842884498,0.123516180731546,0.10040665612614397,2015-2019,6
971,SDP,Johanna Ojala-Niemelä,255,0.11884119439972024,0.11454173151732971,0.12314065728211077,0.13129466634799275,0.13649786944722594,0.12609146324875958,0.1114059986176416,0.11754086069020817,0.10527113654507503,0.10423579559781392,0.09316830773547151,0.11530328346015632,0.098622761533513,0.09692452300109672,0.10032100006592928,0.09288401076798841,0.0887577511792091,0.09701027035676774,0.09214303154619935,0.10065114605622646,0.08363491703617223,0.12608471009763353,0.1283221690452554,0.12384725115001168,0.12448783109149718,0.12359564132797698,0.12538002085501737,2015-2019,6
972,KOK,Harri Jaskari,136,0.1002170569079052,0.08787234345573888,0.11256177036007149,0.10532898917945455,0.10889552840209993,0.10176244995680916,0.10076569599647037,0.10445752416356661,0.09707386782937413,0.16706139660846195,0.15462783470559638,0.17949495851132752,0.12410736844188507,0.1397755297160576,0.10843920716771252,0.09708493936260179,0.08989218959739861,0.10427768912780497,0.1301558417652301,0.13259759442264488,0.12771408910781534,0.07959789705854961,0.08179057073893595,0.07740522337816326,0.0956808146794414,0.1000908847979612,0.09127074456092157,2015-2019,6
1041,PS,Vesa-Matti Saarakkala,71,0.08957903727260719,0.08376974770381732,0.09538832684139704,0.10766888105725295,0.11583285140829043,0.09950491070621546,0.08217094452826317,0.08000033331554246,0.08434155574098387,0.10932060700853836,0.09701782363948222,0.12162339037759451,0.08743338193436515,0.09000692179898248,0.0848598420697478,0.12307672606602989,0.11496699656962894,0.13118645556243083,0.10075370895939993,0.1045208318557828,0.09698658606301706,0.13370144440490908,0.1443556456671396,0.12304724314267856,0.1662952687686343,0.16952884804133375,0.16306168949593483,2015-2019,7
1056,KOK,Kalle Jokinen,135,0.1008968290783425,0.10322407811613077,0.09856958004055424,0.1063103906054243,0.09942802737990478,0.11319275383094382,0.09244282924563875,0.09203505432961685,0.09285060416166065,0.14673938219841426,0.13863668959421252,0.154842074802616,0.09555927304246012,0.08981056490750453,0.10130798117741573,0.08548873397548792,0.09545508069029696,0.07552238726067889,0.13909608291235417,0.1226231158957424,0.15556904992896595,0.11148212905328408,0.11832437299590344,0.10463988511066472,0.121984349888594,0.14046301609068787,0.10350568368650012,2015-2019,7
1091,PS,Martti Mölsä,42,0.1118560313305848,0.12548392849635295,0.09822813416481667,0.12185932026089225,0.13094352722470182,0.11277511329708267,0.0969834783994216,0.08691044815209253,0.10705650864675068,0.12647499410915383,0.11409909760507722,0.13885089061323044,0.10834530383035,0.10460386073017895,0.11208674693052105,0.07926274556960687,0.0773319470281048,0.08119354411110895,0.10173186051871716,0.10969991202067561,0.09376380901675871,0.10572678638764034,0.102482921684106,0.10897065109117468,0.14775947959363317,0.14844435705871012,0.1470746021285562,2015-2019,7
1092,PS,Mika Niikko,366,0.09909119148597328,0.09716624166398753,0.10101614130795902,0.11389240455593747,0.11842588292351738,0.10935892618835755,0.1153093261502258,0.12177921670332392,0.10883943559712768,0.10977923007530803,0.09311377906340154,0.12644468108721452,0.07644196351128404,0.08635157053299272,0.06653235648957537,0.10662276309421255,0.10331674784789087,0.10992877834053423,0.10460593379960856,0.10970034954824086,0.09951151805097624,0.11912031435391263,0.11813565772854558,0.12010497097927968,0.15513687297353768,0.15201055398809965,0.1582631919589757,2015-2019,7
1093,PS,Juho Eerola,150,0.0746488762025179,0.07558126244370335,0.07371648996133244,0.10045976197424425,0.10312079366905744,0.09779873027943105,0.08948382013453327,0.09372664698145082,0.08524099328761572,0.1042848769164694,0.10466393701936402,0.10390581681357478,0.11834791802758053,0.13255090097511274,0.10414493508004832,0.10678023181372008,0.10124602841216723,0.11231443521527293,0.10923265635430214,0.10559688269970469,0.1128684300088996,0.12498797802738337,0.12782791508383579,0.12214804097093095,0.17177388054924905,0.15568563271560393,0.18786212838289418,2015-2019,7
1096,PS,Ritva Elomaa,382,0.09740693174337575,0.09512788553261373,0.09968597795413778,0.10518156082259857,0.10992989486758756,0.10043322677760957,0.12006298163452891,0.12290229848292071,0.1172236647861371,0.11745209541302265,0.11437975251203877,0.12052443831400653,0.13002005802562613,0.12694755977970812,0.13309255627154415,0.09362585835750487,0.09448473668479049,0.09276698003021924,0.11046199004032571,0.10773673584993666,0.11318724423071476,0.11072245118269715,0.11036061110181572,0.11108429126357858,0.11506607278032033,0.11813052518858831,0.11200162037205233,2015-2019,7
1097,VAS,Aino-Kaisa Pekonen,197,0.15423909952973117,0.13948788218103042,0.1689903168784319,0.1392246437844185,0.1405256984300294,0.1379235891388076,0.12186319408477615,0.12126817910601402,0.12245820906353828,0.09184141103652683,0.09975095195937746,0.08393187011367621,0.0992601542537559,0.09193832671544652,0.10658198179206528,0.11635278802363733,0.13198387381711657,0.10072170223015808,0.09044851011213119,0.08711208156867373,0.09378493865558865,0.09006898693962676,0.08959872243857855,0.09053925144067496,0.09670121223539618,0.09833428378373335,0.09506814068705903,2015-2019,7
1098,KOK,Jaana Pelkonen,87,0.09236236312005101,0.09550068616365834,0.08922404007644369,0.09822730728738725,0.1019798826510473,0.09447473192372721,0.13431960906246196,0.12228901650037549,0.14635020162454843,0.11027245072053646,0.11453066024907792,0.10601424119199501,0.11402427554397315,0.1155648329925412,0.11248371809540511,0.09783819532537778,0.09919255819097011,0.09648383245978545,0.13486568340714578,0.13782465446335246,0.13190671235093912,0.10940844418941342,0.10765843087008957,0.11115845750873729,0.10868167134365314,0.10545927791888757,0.1119040647684187,2015-2019,7
1099,SDP,Eeva-Johanna Eloranta,194,0.13101928501472382,0.1313779843639546,0.13066058566549302,0.17211503734955302,0.18214920757619937,0.16208086712290665,0.1455868357895902,0.1419345223769219,0.14923914920225848,0.07179319144997583,0.07128663995187617,0.07229974294807548,0.1162068564975792,0.11739078955359745,0.11502292344156093,0.11703302769180547,0.12575715434768545,0.1083089010359255,0.08192388744065904,0.07914573808169109,0.08470203679962698,0.07731831086831957,0.07015545463941061,0.08448116709722853,0.08700356789779393,0.08080250910866346,0.09320462668692438,2015-2019,7
1100,KOK,Sanni Grahn-Laasonen,466,0.1301535375114612,0.12838135386421368,0.13192572115870868,0.1218863007631032,0.1307327281221056,0.1130398734041008,0.10437186102582736,0.09636377108291903,0.1123799509687357,0.0980629563731791,0.09077025251683188,0.10535566022952633,0.10215445749064145,0.10887101837014043,0.09543789661114245,0.1141444438257282,0.11329626647457336,0.11499262117688305,0.1390443056733086,0.1440111669893011,0.1340774443573161,0.10932972021228082,0.11081225163525879,0.10784718878930286,0.08085241712447011,0.07676119094465618,0.08494364330428403,2015-2019,7
1101,KESK,Arto Pirttilahti,168,0.06643071948428646,0.06681021507321265,0.06605122389536026,0.09397506376869268,0.08877273998572843,0.09917738755165692,0.09175391742709527,0.09659558019722213,0.08691225465696839,0.16884061434998093,0.1588746017466357,0.17880662695332616,0.08635302789844104,0.09034999487982741,0.08235606091705466,0.09279358024019693,0.09315922836934895,0.09242793211104491,0.12267083949202043,0.12567756015239023,0.11966411883165062,0.14430143266298812,0.14099393100627683,0.1476089343196994,0.13288080467629818,0.13876614858935765,0.1269954607632387,2015-2019,7
1102,SDP,Kristiina Salonen,218,0.12310614977674242,0.13233155315646344,0.11388074639702139,0.16035666074662686,0.1572525406690208,0.16346078082423293,0.13641238236239822,0.1336084024520387,0.13921636227275777,0.08292541963949873,0.08125271131118657,0.08459812796781088,0.09097124872391359,0.09131876902949845,0.09062372841832872,0.11944391698327755,0.12904073815546663,0.10984709581108847,0.10433139265496162,0.092916323728222,0.11574646158170124,0.08682832731491519,0.08673311614836413,0.08692353848146624,0.09562450179766582,0.09554584534973931,0.09570315824559233,2015-2019,7
1106,KESK,Mikko Savola,230,0.09316883237582278,0.09447216132958713,0.09186550342205843,0.09816840609418157,0.10035277082166676,0.09598404136669636,0.09903661423361576,0.1064085058284373,0.09166472263879422,0.15683864048890545,0.14232135952984243,0.17135592144796846,0.07012033829526283,0.07453787912321849,0.06570279746730717,0.10379158296601558,0.11071027140024774,0.09687289453178342,0.1303318579021528,0.1236084498041126,0.13705526600019297,0.12173050422992762,0.12251391758861538,0.12094709087123987,0.12681322341411566,0.1250746845742722,0.12855176225395915,2015-2019,7
1107,PS,Teuvo Hakkarainen,297,0.10958274104043764,0.1176123058754817,0.10155317620539359,0.11000886820113118,0.1207720750418827,0.09924566136037966,0.0908915833493667,0.08876754864814641,0.09301561805058699,0.1101086701235629,0.11065720825504236,0.10956013199208345,0.08485833884823216,0.09332255044375512,0.07639412725270918,0.09101214373996866,0.09065750036203203,0.09136678711790527,0.11752991655405187,0.10557684808021654,0.1294829850278872,0.09929497920297116,0.099946653935219,0.09864330447072332,0.18671275894027772,0.17268730935822413,0.20073820852233135,2015-2019,7
1111,KOK,Eero Suutari,195,0.11702922683810864,0.11586955980403682,0.11818889387218046,0.10755640030880667,0.1033276762557965,0.11178512436181684,0.09234224023149666,0.08369977766524928,0.10098470279774405,0.11858562584515019,0.13238655834857901,0.10478469334172136,0.09999647651321578,0.09585978105118162,0.10413317197524992,0.09972939006248102,0.09693781535286031,0.10252096477210174,0.1172908311872341,0.11826474767855696,0.11631691469591124,0.12613373988960574,0.13746692107547628,0.11480055870373518,0.12133606912390127,0.11618716276826321,0.12648497547953932,2015-2019,7
1114,VIHR,Jani Toivola,95,0.09863000958102601,0.08996937014677846,0.10729064901527356,0.13020589100346078,0.14177882098564162,0.11863296102127992,0.13596203839473864,0.12752751764078094,0.14439655914869637,0.08938660222249536,0.08132637194987237,0.09744683249511836,0.10147118913376375,0.10290068257797094,0.10004169568955656,0.1706798636288887,0.16645634219723582,0.17490338506054157,0.11245512728242138,0.12226555295472896,0.10264470161011378,0.08550040260480707,0.09331977553782787,0.07768102967178626,0.07570887614839833,0.07445556600916299,0.07696218628763365,2015-2019,7
1116,PS,Maria Tolppanen,118,0.09902263091235336,0.10333545869885338,0.09470980312585334,0.11764863485188638,0.11160576322154672,0.12369150648222604,0.10636059320416649,0.11686945011982822,0.09585173628850475,0.1476914536190269,0.13329475897205642,0.16208814826599743,0.09141775671688165,0.09740450733984282,0.0854310060939205,0.059599972835052334,0.05682677388500322,0.062373171785101454,0.12794811136838147,0.1250302148273166,0.13086600790944636,0.10427167630348481,0.10645840390935601,0.10208494869761361,0.14603917018876653,0.14917466902619664,0.14290367135133641,2015-2019,7
1116,SDP,Maria Tolppanen,315,0.12271838901350782,0.1319369284141913,0.11349984961282433,0.11881461952747449,0.11722158983216571,0.12040764922278327,0.1096035988346605,0.11349055132302158,0.10571664634629944,0.1041758295252274,0.11420435686354691,0.0941473021869079,0.10859149056323888,0.09055690798503045,0.1266260731414473,0.07453692002663927,0.06574991179943454,0.08332392825384399,0.11375206295637419,0.11270062072926919,0.11480350518347919,0.0997172161503081,0.1031072961196788,0.09632713618093738,0.1480898734025694,0.15103183693366157,0.14514790987147722,2015-2019,7
1118,KOK,Kari Tolvanen,103,0.10684464147275488,0.10045564637647922,0.11323363656903056,0.09422591409315909,0.09532719185169312,0.09312463633462506,0.09129614489459592,0.0880134913453684,0.09457879844382344,0.10931508674490725,0.12509337207954774,0.09353680141026675,0.08317416301867306,0.06889839376929724,0.09744993226804886,0.09465842602961803,0.09659963034794314,0.09271722171129293,0.11943360656033007,0.1327023677172115,0.10616484540344864,0.13850698786545612,0.13922315429556378,0.1377908214353485,0.16254502932050557,0.15368675221689587,0.17140330642411528,2015-2019,7
1119,PS,Reijo Hongisto,78,0.09587991559463495,0.09345418957562146,0.09830564161364844,0.09597155218248365,0.09424145207356341,0.0977016522914039,0.11282782340663897,0.10882519865468018,0.11683044815859775,0.10483460177839483,0.09069186995337504,0.11897733360341463,0.0966222500838621,0.09447338562403859,0.09877111454368562,0.1206245027800025,0.13075201145785623,0.11049699410214879,0.11412456611880595,0.1031718782236504,0.1250772540139615,0.12590088465500954,0.14297719398956726,0.10882457532045178,0.13321390340016745,0.1414128204476473,0.1250149863526876,2015-2019,7
1119,SIN,Reijo Hongisto,86,0.09203777887820574,0.0952625168091815,0.08881304094723,0.104309140310296,0.09724892569481051,0.11136935492578151,0.10635025246880067,0.10960832963117775,0.1030921753064236,0.10908189175958424,0.10374760572558424,0.11441617779358423,0.0966309133273638,0.09942155552394848,0.09384027113077913,0.11154731856186618,0.11341340749973697,0.1096812296239954,0.10973052588415638,0.11284577307183481,0.10661527869647794,0.13418564251253168,0.1323970478001879,0.13597423722487545,0.1361265362971953,0.1360548382435379,0.1361982343508527,2015-2019,7
1120,KESK,Ari Torniainen,267,0.10240854447164105,0.10784194355961299,0.09697514538366911,0.11861350075951199,0.12111938231198541,0.11610761920703856,0.08553778210283469,0.08401370410190899,0.08706186010376041,0.1595514124375662,0.14994394423867952,0.1691588806364529,0.09848999500454747,0.09798338165954065,0.09899660834955427,0.09865480609813757,0.096903411848455,0.10040620034782015,0.12757605504030264,0.12145333972912524,0.13369877035148003,0.09779060701900286,0.09618376537404222,0.0993974486639635,0.11137729706645555,0.12455712717665002,0.09819746695626108,2015-2019,7
1121,SDP,Lauri Ihalainen,154,0.10405996455292663,0.10636709373606323,0.10175283536979,0.1362191926659944,0.13031971427992428,0.1421186710520645,0.10649153047899997,0.10614591580112476,0.10683714515687517,0.13010033050073838,0.13162163626897744,0.12857902473249935,0.09696998548755126,0.10335463391459346,0.09058533706050906,0.0923260263790453,0.08683972786697888,0.09781232489111172,0.11469373913321193,0.10451725318771707,0.12487022507870679,0.11403527253538859,0.1135511682873837,0.11451937678339348,0.10510395826614363,0.11728285665723728,0.09292505987504997,2015-2019,7
1122,PS,Olli Immonen,65,0.10979154976471941,0.11365998111588507,0.10592311841355377,0.10338334869594809,0.10295438673205577,0.1038123106598404,0.11157747462618434,0.11420571683567408,0.1089492324166946,0.10652396821991918,0.10044079352893272,0.11260714291090564,0.10385425350560562,0.1199861749182245,0.08772233209298676,0.09668845950850669,0.10006743808936147,0.09330948092765191,0.1141183726178458,0.1171592307173523,0.11107751451833929,0.11155257990772821,0.0983021461422508,0.1248030136732056,0.14250999315354268,0.1332241319202633,0.15179585438682205,2015-2019,7
1124,PS,Ari Jalonen,98,0.10218925773778358,0.10179890103468381,0.10257961444088334,0.10537735798040102,0.10675874491032751,0.1039959710504745,0.10154350530174061,0.10793974805341991,0.09514726255006133,0.1089988943325717,0.1012943223722923,0.11670346629285111,0.12012645859019805,0.12066453119437057,0.11958838598602554,0.08006814945095583,0.07709690235173236,0.08303939655017929,0.11496826681632974,0.11875781756348473,0.11117871606917476,0.1139352017956344,0.10801581926057109,0.11985458433069773,0.15279290799438505,0.1576732132591177,0.1479126027296524,2015-2019,7
1124,SIN,Ari Jalonen,97,0.10486542029943495,0.1057464954634578,0.1039843451354121,0.10917157011410733,0.11048177341596681,0.10786136681224785,0.10310185767316066,0.09988584657057456,0.10631786877574674,0.11554517842183037,0.11303331717565498,0.11805703966800576,0.11681697765876656,0.09668500028108941,0.1369489550364437,0.08720920506754234,0.1057648548190931,0.06865355531599157,0.12256249123080337,0.11813555966779246,0.12698942279381428,0.11636895600197769,0.11682220229434241,0.11591570970961296,0.12435834353237679,0.13344495031202847,0.1152717367527251,2015-2019,7
1126,SDP,Tytti Tuppurainen,221,0.1271033600099426,0.12853939885487303,0.1256673211650122,0.12582411155537515,0.11796028348465301,0.13368793962609732,0.1265836240081326,0.13400680030610052,0.11916044771016474,0.11143561406477767,0.10896032659283476,0.11391090153672057,0.10329788302046683,0.10881032057629676,0.0977854454646369,0.08767882840758125,0.08921424693339061,0.08614340988177188,0.11253370140049784,0.10618548830852428,0.1188819144924714,0.10173531465284932,0.09519086152994935,0.10827976777574928,0.10380756288037676,0.11113227341337775,0.09648285234737577,2015-2019,7
1128,PS,Kaj Turunen,196,0.10893611687556778,0.11117130852766972,0.10670092522346586,0.1218418544990619,0.11726378210855617,0.12641992688956763,0.08959038806010267,0.09772151313537836,0.08145926298482696,0.12382200027906616,0.14416909723236018,0.10347490332577214,0.10445320958276089,0.10362121663789112,0.10528520252763067,0.08346281027950278,0.07786915365222431,0.08905646690678123,0.1010021539797597,0.10790116393025992,0.09410314402925948,0.14540543976002773,0.1259177972303554,0.16489308228970007,0.1214860266841504,0.11436496754530483,0.12860708582299596,2015-2019,7
1128,SIN,Kaj Turunen,64,0.10774086936187302,0.11490070468507574,0.10058103403867029,0.1367077940234031,0.12930690013182414,0.14410868791498208,0.0958390954619501,0.1013975167786901,0.0902806741452101,0.10679780840055053,0.10050926234045876,0.1130863544606423,0.10620236891767602,0.11334181153903222,0.09906292629631983,0.08577131101626655,0.08913984275195462,0.08240277928057847,0.1192181917779935,0.11520474958541851,0.12323163397056851,0.11734674763871202,0.1226551222749617,0.11203837300246233,0.12437581340157518,0.11354408991258422,0.13520753689056614,2015-2019,7
1129,PS,Arja Juvonen,426,0.07902620136082311,0.07713874897082153,0.08091365375082468,0.12074191395436028,0.12022982622046208,0.12125400168825848,0.10676173446900716,0.10316770855217858,0.11035576038583576,0.12052622999340737,0.12287015782958291,0.11818230215723184,0.07001064966901105,0.0700707426955143,0.0699505566425078,0.1361633659200387,0.15083044841557497,0.12149628342450239,0.1085613803082867,0.10490009941278178,0.11222266120379162,0.12208801434983144,0.12019067722475489,0.123985351474908,0.13612050997523417,0.1306015906783289,0.14163942927213943,2015-2019,7
1131,KOK,Sinuhe Wallinheimo,181,0.09242610228844295,0.08967834335470691,0.095173861222179,0.09454532178144412,0.09431544845470065,0.09477519510818758,0.10878530312294335,0.10038102112516722,0.11718958512071949,0.1341626699325347,0.13294216275065676,0.13538317711441264,0.09847200113762233,0.09407031471728575,0.10287368755795893,0.09675786686289112,0.09597192967629213,0.09754380404949012,0.1414340708971189,0.15114880971121786,0.13171933208301992,0.11778737012612982,0.11811977031187992,0.11745496994037971,0.11562929385087271,0.12337219989809282,0.1078863878036526,2015-2019,7
1133,SDP,Mika Kari,366,0.09324631180015439,0.08499807367951684,0.10149454992079195,0.1240703370896823,0.1227824639354281,0.1253582102439365,0.1070390441123599,0.1104590639115051,0.10361902431321471,0.12230657144350988,0.11941649394156437,0.1251966489454554,0.10675340115624418,0.10990040870942633,0.10360639360306204,0.08608463844163926,0.08706306465834154,0.08510621222493697,0.11302092138752086,0.11459789881143412,0.1114439439636076,0.12852936848470778,0.12751747651488277,0.1295412604545328,0.11894940608418146,0.12326505583790086,0.11463375633046206,2015-2019,7
1134,KOK,Sofia Vikman,121,0.1196505824174746,0.13072163668315082,0.10857952815179839,0.10040677186489,0.0973083882031737,0.1035051555266063,0.12033529512428001,0.12139706451752852,0.11927352573103152,0.10551062508652329,0.09946412785610807,0.11155712231693848,0.12280548508910931,0.13616262903228676,0.10944834114593185,0.08314754893151038,0.08753055690633807,0.07876454095668269,0.1261826986335452,0.11757215426841924,0.13479324299867113,0.12054519925979569,0.11098516997004468,0.1301052285495467,0.1014157935928715,0.09885827256295009,0.10397331462279294,2015-2019,7
1135,KOK,Pia Kauma,72,0.08967917834656416,0.09229562690903359,0.08706272978409474,0.11852896826087006,0.12469759702578034,0.11236033949595978,0.10098228379846298,0.09647770860738339,0.10548685898954258,0.10877743758561337,0.0957426052129223,0.12181226995830444,0.12704579827198187,0.12440723378558685,0.12968436275837686,0.10395121801870605,0.10497962180510616,0.10292281423230594,0.14891503308276047,0.1547189834539483,0.14311108271157263,0.08887827716173693,0.0889404885564093,0.08881606576706456,0.11324180547330417,0.11774013464382985,0.1087434763027785,2015-2019,7
1136,PS,Ville Vähämäki,118,0.09249808798420694,0.1037397730897631,0.08125640287865081,0.10399967664173673,0.10150706913653171,0.10649228414694174,0.0886358072842802,0.09114539608426572,0.08612621848429465,0.12173655200731445,0.11455554473744647,0.12891755927718243,0.10247198969999002,0.11062433491283472,0.09431964448714532,0.11860836558906523,0.12375005040104352,0.11346668077708695,0.12565674227514945,0.1219891191976464,0.12932436535265251,0.11494667000605432,0.11077162865785395,0.11912171135425469,0.13144610851220256,0.12191708378261434,0.14097513324179078,2015-2019,7
1137,KOK,Pauli Kiuru,339,0.08439434334063804,0.07459613725322836,0.09419254942804772,0.10330664368710535,0.10042047117936301,0.1061928161948477,0.11136787264153783,0.10590193443749692,0.11683381084557873,0.11649900123952547,0.13062811283611264,0.10236988964293832,0.1116092515594154,0.11123425930541438,0.11198424381341643,0.0881230284396729,0.08770832797926091,0.0885377289000849,0.13157375616813527,0.12548655683775964,0.13766095549851093,0.1348676470016254,0.14200345731899344,0.12773183668425733,0.11825845592234438,0.12202074285237074,0.114496168992318,2015-2019,7
1138,PS,Kimmo Kivelä,159,0.10038900739979861,0.1060345775196049,0.09474343727999232,0.10990549180895695,0.1066885381876674,0.11312244543024652,0.10722773627924323,0.11430636645227037,0.10014910610621608,0.11966723567680075,0.108939950826487,0.1303945205271145,0.11839990404807607,0.12247802600348497,0.11432178209266719,0.12376474345409863,0.1167026668511045,0.13082682005709276,0.10789684952662423,0.11054044800967225,0.10525325104357622,0.0986639514708276,0.09792039547411845,0.09940750746753677,0.11408508033557396,0.11638903067559021,0.1117811299955577,2015-2019,7
1138,SIN,Kimmo Kivelä,129,0.11206050013570001,0.10737629049864969,0.11674470977275034,0.1191128684753136,0.128543469427348,0.10968226752327918,0.12839849167824685,0.12474334253190351,0.1320536408245902,0.110104890470594,0.114551636850786,0.10565814409040201,0.12045857272709218,0.11585758606325425,0.1250595593909301,0.09057839503958925,0.084329928419281,0.09682686165989753,0.11245079303816177,0.1205560241772764,0.10434556189904713,0.09871396421622394,0.09915602245116557,0.09827190598128233,0.10812152421907834,0.10488569958033558,0.11135734885782109,2015-2019,7
1141,KD,Peter Östman,321,0.12111481000722635,0.12577871987083494,0.11645090014361777,0.11368467835601104,0.11442435123854663,0.11294500547347545,0.1069574435369961,0.10735450555224227,0.10656038152174992,0.091991726958701,0.09418309345920951,0.0898003604581925,0.14538986056624242,0.1316811841771822,0.15909853695530266,0.09280438170213161,0.09917319941550426,0.08643556398875896,0.11130496199349213,0.10945169983348017,0.11315822415350407,0.10165137461472534,0.10424181500713448,0.09906093422231622,0.11510076226447394,0.11371143144586546,0.11649009308308242,2015-2019,7
1142,KOK,Jukka Kopra,159,0.09823813351478444,0.0943683101184475,0.1021079569111214,0.10412451232676018,0.10499444015214432,0.10325458450137603,0.0967944331140343,0.08787308831639759,0.10571577791167101,0.1339903390126731,0.12598006275353796,0.14200061527180824,0.0754765200069639,0.07760068226821344,0.07335235774571433,0.09023114189660372,0.09543360866672157,0.08502867512648588,0.12486343571518764,0.12496017304320428,0.124766698387171,0.136264491695541,0.13205285603524275,0.14047612735583925,0.14001699271745172,0.15673677864609062,0.12329720678881284,2015-2019,7
1144,SDP,Suna Kymäläinen,198,0.1289539403367088,0.11613255602977934,0.14177532464363823,0.13520989351028811,0.12218997936090673,0.14822980765966948,0.1341139425524232,0.12111475488627696,0.14711313021856942,0.10254281986062595,0.10694430161992177,0.09814133810133013,0.07492719297618236,0.07304936165428752,0.0768050242980772,0.11469300889962228,0.1246832261380167,0.10470279166122784,0.10120039125283581,0.10609957710853188,0.09630120539713975,0.09309283843009056,0.10362527495165771,0.0825604019085234,0.115265972181223,0.12616096825062145,0.10437097611182455,2015-2019,7
1146,PS,Jari Lindström,307,0.10626026569420728,0.10088004413399698,0.11164048725441758,0.1222927567830175,0.12456052449674711,0.1200249890692879,0.08887141775450835,0.09022792840526456,0.08751490710375213,0.12882407698558798,0.1358014278383734,0.12184672613280256,0.09038204906050733,0.09350921323424508,0.08725488488676958,0.08163159566413547,0.07195848805537537,0.09130470327289555,0.12625479750152452,0.12734006426327069,0.12516953073977838,0.12975771738251696,0.1269278500771793,0.13258758468785464,0.1257253231739946,0.1287944594955475,0.1226561868524417,2015-2019,7
1146,SIN,Jari Lindström,217,0.12387423025223973,0.11578053682276321,0.13196792368171625,0.12842848062688045,0.12363605266123238,0.1332209085925285,0.08707715809536348,0.08905078643292522,0.08510352975780175,0.10753303440721425,0.10917892214178251,0.10588714667264598,0.09106799813038755,0.0840349543555893,0.0981010419051858,0.08099027527545219,0.08443094368501161,0.07754960686589275,0.12082215983670333,0.1228577006633708,0.11878661901003584,0.15049350376476345,0.15569675069806868,0.1452902568314582,0.10971315961099568,0.11533335253925633,0.104092966682735,2015-2019,7
1147,SDP,Antti Lindtman,603,0.162416496100659,0.14576089863458583,0.1790720935667322,0.15732552809905867,0.15486695856889068,0.15978409762922666,0.09213460227000587,0.09785326573428445,0.0864159388057273,0.08654066780755268,0.09039127233736115,0.08269006327774422,0.1068525005912501,0.12127937895910398,0.09242562222339622,0.08372529017437207,0.08311635702118257,0.08433422332756156,0.11138906639442761,0.11422873820663115,0.10854939458222408,0.09808158537864642,0.09657964083668877,0.09958352992060406,0.10153426318402756,0.09592348970127136,0.10714503666678374,2015-2019,7
1149,KESK,Markus Lohi,230,0.09529867559593873,0.09446372333680389,0.09613362785507357,0.11623519372597903,0.11538812821833695,0.1170822592336211,0.10365290900413693,0.10988182418153913,0.09742399382673472,0.14541086114794477,0.15358237890711732,0.13723934338877222,0.06762725053256469,0.06994178836445145,0.06531271270067794,0.11765013293865031,0.11394151522359056,0.12135875065371007,0.11039402622150588,0.11711731781440089,0.10367073462861084,0.11041993663182759,0.10091716405886386,0.11992270920479131,0.13331101420145217,0.12476615989489608,0.14185586850800824,2015-2019,7
1150,PS,Anne Louhelainen,70,0.11542666772889887,0.11154750898519905,0.11930582647259869,0.1084365127246314,0.10756387742537359,0.1093091480238892,0.11286374034621827,0.10909421307182618,0.11663326762061035,0.1021505703466937,0.10412604937476419,0.1001750913186232,0.10507790283253876,0.09725126312576272,0.11290454253931478,0.09030290953109978,0.10480858530299608,0.07579723375920347,0.12193834477319503,0.12547936255795428,0.11839732698843577,0.13026359931169568,0.13688904781830466,0.12363815080508667,0.11353975240502856,0.10324009233781928,0.12383941247223784,2015-2019,7
1152,PS,Pirkko Mattila,148,0.09369692273825037,0.09591316906275069,0.09148067641375003,0.11651845999099092,0.10770414157407474,0.1253327784079071,0.09580514066872925,0.09838719602561799,0.09322308531184051,0.12908548222854802,0.1303966650426175,0.12777429941447854,0.09000393119001744,0.10049979369544186,0.07950806868459302,0.13958569914378816,0.13616658030784248,0.14300481797973383,0.10709934601238225,0.10783674688668798,0.10636194513807651,0.11294508952814528,0.10842092339049259,0.11746925566579798,0.11525992849914828,0.11467478401447406,0.11584507298382249,2015-2019,7
1152,SIN,Pirkko Mattila,114,0.09485007382863757,0.10236371280794643,0.08733643484932871,0.11941135692436375,0.13544505747088667,0.10337765637784084,0.09981383866191931,0.09551448770015994,0.10411318962367869,0.10699281436271213,0.1007710659034958,0.11321456282192846,0.08917482249897123,0.08938008705307744,0.08896955794486501,0.13969349568840322,0.12848243202960088,0.15090455934720554,0.1126810144575668,0.11031771278833749,0.11504431612679611,0.12867167750457692,0.13606887625691944,0.1212744787522344,0.10871090607284914,0.10165656798957597,0.1157652441561223,2015-2019,7
1153,VAS,Silvia Modig,205,0.1238292822854194,0.12936354988607618,0.11829501468476263,0.12358029311908114,0.12606358621619976,0.12109700002196251,0.1350116337098045,0.13122881833434677,0.13879444908526223,0.12240999804785183,0.12176129119941001,0.12305870489629364,0.10960432154919597,0.11717691885472878,0.10203172424366318,0.09337143844626349,0.0844230439534259,0.10231983293910107,0.09810931521612662,0.09413271000667321,0.10208592042558003,0.09207814247416173,0.09827193762505804,0.08588434732326541,0.10200557515209532,0.09757814392408139,0.10643300638010925,2015-2019,7
1157,KESK,Annika Saarikko,536,0.10638438529056769,0.1042394796459779,0.10852929093515748,0.1158551800856811,0.11817851753272432,0.11353184263863787,0.11587461549687994,0.10988382197997013,0.12186540901378977,0.12460069118767503,0.12029820670334306,0.128903175672007,0.0940960121676951,0.10585671804216794,0.08233530629322226,0.12239194470094042,0.11317047457407811,0.13161341482780273,0.11418767954674633,0.11801901746525123,0.11035634162824141,0.11673716095317373,0.1168038392009341,0.11667048270541336,0.08987233057064067,0.09354992485555322,0.08619473628572814,2015-2019,7
116,SDP,Jukka Gustafsson,317,0.12699313830071818,0.12911964823176916,0.12486662836966722,0.12238850218553071,0.13073985052644352,0.1140371538446179,0.10868388992781577,0.09937239233165794,0.11799538752397361,0.0908427929800468,0.09044879677269049,0.09123678918740309,0.11863998396941285,0.11296313892576781,0.12431682901305788,0.09701232541359793,0.09758127663839192,0.09644337418880394,0.13185300517593115,0.12802624897323397,0.13567976137862833,0.10133963410265702,0.10922353049549391,0.09345573770982013,0.10224672794428959,0.10252511710455126,0.10196833878402792,2015-2019,7
118,VIHR,Pekka Haavisto,145,0.1056707739429801,0.10164022534038988,0.10970132254557034,0.10801597842828127,0.11351499643731022,0.10251696041925232,0.1034795534086555,0.10988103039265858,0.09707807642465241,0.11194104353683051,0.10462333993545839,0.11925874713820266,0.1098993551079209,0.1106888501234979,0.10910986009234389,0.12194340443836746,0.12255785987922099,0.12132894899751392,0.13607403345936192,0.1323756735337285,0.13977239338499534,0.10419157075197119,0.10595019027239169,0.10243295123155069,0.09878428692563113,0.09876783408534388,0.09880073976591838,2015-2019,7
1202,SDP,Nasima Razmyar,87,0.11683000264244783,0.12098137964148066,0.11267862564341502,0.1251699411103202,0.11632225474812181,0.1340176274725186,0.14434292311326402,0.15753653535711407,0.13114931086941398,0.10913557630971041,0.1044330436486626,0.11383810897075823,0.09740661186466157,0.08513728230581413,0.109675941423509,0.08460515765415809,0.08771702449722404,0.08149329081109213,0.139409017651609,0.14857779221311873,0.13024024309009932,0.08894655687772182,0.0902728749694564,0.08762023878598725,0.09415421277610697,0.08902181261900756,0.0992866129332064,2015-2019,7
1217,RKP,Carl Haglund,50,0.09829994518549329,0.09443369149874978,0.1021661988722368,0.1282545636789688,0.12054127786483207,0.13596784949310559,0.12215002395449936,0.11850904275157356,0.12579100515742517,0.09949728700368418,0.10127860617869403,0.09771596782867434,0.1447229914567338,0.14867875990244597,0.14076722301102165,0.08085924619251826,0.08480980728076255,0.07690868510427397,0.08836480029781676,0.08051355555748278,0.09621604503815075,0.10122664531468831,0.10731213348244291,0.09514115714693369,0.13662449691559725,0.14392312548301633,0.12932586834817816,2015-2019,7
127,KESK,Sirkka-Liisa Anttila,155,0.11334702797831075,0.11529441357085053,0.11139964238577098,0.12195247384096392,0.12588408100875256,0.11802086667317528,0.0790339100166817,0.0812236610238403,0.07684415900952309,0.14831917489841745,0.14519154926071132,0.15144680053612358,0.09597893513095998,0.0993969427060024,0.09256092755591758,0.10419939295781244,0.10470888065127282,0.10368990526435207,0.14448597747230874,0.12996854602881236,0.1590034089158051,0.10167028592215999,0.11029161120347877,0.0930489606408412,0.09101282178238501,0.0880403145462789,0.0939853290184911,2015-2019,7
1274,SDP,Antti Rinne,489,0.1631806599764017,0.1601067937595386,0.16625452619326478,0.14369625164291183,0.1331967196022172,0.15419578368360645,0.12069984289199162,0.12078328139713213,0.1206164043868511,0.08079451355704412,0.09137247262678064,0.0702165544873076,0.10978366556356975,0.10967980118056841,0.10988752994657107,0.10991491343880797,0.10839141725892906,0.11143840961868685,0.10376631147835379,0.11063590394048997,0.0968967190162176,0.08994120449044585,0.08717866629206815,0.09270374268882356,0.07822263696047341,0.07865494394227579,0.07779032997867101,2015-2019,7
1275,PS,Mika Raatikainen,54,0.08580919002973539,0.0847386786313538,0.08687970142811699,0.10558180020860763,0.10852853478405153,0.10263506563316374,0.08461129780776591,0.0841009550287302,0.08512164058680162,0.0896041188833898,0.08069217315258487,0.09851606461419474,0.09578912128556774,0.09644206426295088,0.09513617830818462,0.07436102088460424,0.08083471738208478,0.0678873243871237,0.13566940688361456,0.1280914763952407,0.14324733737198844,0.15363752369984465,0.15442027314565532,0.152854774254034,0.17493652031687007,0.18215112721734789,0.16772191341639223,2015-2019,7
1276,VAS,Katja Hänninen,176,0.1308268129394196,0.12627064751379813,0.1353829783650411,0.12772415290196587,0.135662171565756,0.11978613423817572,0.1419799693699968,0.1447203126323597,0.1392396261076339,0.09840752864051941,0.09458064325329447,0.10223441402774436,0.10762676043769816,0.10334043028076892,0.1119130905946274,0.11199966997083213,0.11662952359765781,0.10736981634400647,0.08958492736487628,0.08558518420994282,0.09358467051980975,0.08085962474611183,0.07034188503813636,0.09137736445408731,0.1109905536285799,0.1228692019082858,0.09911190534887401,2015-2019,7
1282,KOK,Wille Rydman,95,0.11083895324998927,0.1125272491498146,0.10915065735016394,0.10330664380061003,0.10405997436145324,0.10255331323976682,0.09968710049026464,0.10256165683665575,0.09681254414387354,0.12002909308745234,0.1205521673614531,0.11950601881345158,0.11116000040385099,0.1057707255346025,0.11654927527309948,0.10950623746727105,0.10871494410199575,0.11029753083254634,0.14165392160114193,0.14398943346314508,0.1393184097391388,0.1072219075571271,0.1049791121157863,0.10946470299846789,0.09659614234229266,0.09684473707509371,0.09634754760949163,2015-2019,7
1297,SDP,Sanna Marin,228,0.15372266640654875,0.15813225221797386,0.14931308059512366,0.15788407873704174,0.16386411902113068,0.1519040384529528,0.12809024136017724,0.12285170507025556,0.13332877765009893,0.08684482584848544,0.09465041818255245,0.07903923351441841,0.09431503744160358,0.09576084908676873,0.09286922579643843,0.10733250687403928,0.10365546039730662,0.11100955335077192,0.10476278997864805,0.09910239834027172,0.11042318161702436,0.07523488620387618,0.07140321775102161,0.07906655465673075,0.09181296714957972,0.09057957993271873,0.09304635436644071,2015-2019,7
1298,VIHR,Krista Mikkonen,465,0.1090188838124298,0.11093037811010784,0.10710738951475178,0.10580329831256556,0.10672030380655481,0.10488629281857631,0.13708527518170865,0.12863462768793418,0.14553592267548315,0.12076847841544885,0.121015738574794,0.1205212182561037,0.09846666174531107,0.09408476495223543,0.10284855853838673,0.11535736965168289,0.11409423393197841,0.11662050537138738,0.1034079920862367,0.09852890385185423,0.10828708032061918,0.10284765281203646,0.11300191996151847,0.09269338566255446,0.10724438798257996,0.11298912912302261,0.1014996468421373,2015-2019,7
1300,KOK,Kai Mykkänen,218,0.10117012017685634,0.10767480441270136,0.09466543594101132,0.09925542535406387,0.10410133021945271,0.09440952048867503,0.08479560701684616,0.08526346084634683,0.0843277531873455,0.12407334108060114,0.12864422618586013,0.11950245597534215,0.0638981868322262,0.0641534518498654,0.063642921814587,0.11278037082520562,0.10951199828279326,0.11604874336761799,0.14731435794688105,0.1364011282256428,0.1582275876681193,0.15348375497609573,0.15504907160466314,0.1519184383475283,0.11322883579122389,0.10920052837267444,0.11725714320977336,2015-2019,7
1301,PS,Jani Mäkelä,606,0.1073952973734788,0.10481668707290179,0.10997390767405583,0.11097642843830344,0.11372814027481201,0.10822471660179485,0.10535642423384801,0.10363958513731693,0.1070732633303791,0.09945314455312732,0.10358483800799605,0.09532145109825857,0.1012192316824648,0.08538790073573244,0.11705056262919718,0.0881510214737776,0.09809804355159966,0.07820399939595553,0.1166721695705984,0.11704247891085058,0.1163018602303462,0.11233322940577556,0.11898369931369186,0.10568275949785925,0.15844305326862607,0.1547186269950987,0.16216747954215344,2015-2019,7
1302,SDP,Ilmari Nurminen,131,0.14510879323006773,0.1340470459464632,0.15617054051367227,0.1155167065981342,0.11669690191600054,0.11433651128026787,0.13372104113914735,0.1352916592486892,0.13215042302960553,0.08169646278790031,0.08885616900008533,0.07453675657571529,0.09997280783278198,0.1060792081085902,0.09386640755697374,0.10662931812025223,0.11043947565062029,0.10281916058988416,0.10314873471541042,0.1041592689859975,0.10213820044482333,0.11570375816711706,0.11116584803976845,0.12024166829446567,0.09850237740918871,0.0932644231037853,0.10374033171459214,2015-2019,7
1304,VIHR,Olli-Poika Parviainen,260,0.10095236297629365,0.10374439022269295,0.09816033572989435,0.09384182721495468,0.10168262435414414,0.08600103007576523,0.14793125125281364,0.15510340232523687,0.14075910018039045,0.09853880073943244,0.09899995898075213,0.09807764249811277,0.09594657543902119,0.09571468386739738,0.096178467010645,0.11906220810642756,0.1159928640129813,0.12213155219987384,0.13371709122789296,0.12345997789016679,0.14397420456561913,0.10808690730365998,0.10623361006709679,0.10994020454022317,0.10192297573950385,0.09906848827953162,0.10477746319947608,2015-2019,7
1306,RKP,Anders Adlercreutz,203,0.10337889539230127,0.09732949797021823,0.10942829281438433,0.11355685110115854,0.10681783914597154,0.12029586305634554,0.11101278622799586,0.11302317678978491,0.10900239566620681,0.0935228508107541,0.08617698977424361,0.10086871184726458,0.16511651209237463,0.19245581027470132,0.13777721391004794,0.09641148888823162,0.08776234765327155,0.1050606301231917,0.11866278279486339,0.11274882782909823,0.12457673776062857,0.09367739938293719,0.09749543040654626,0.08985936835932812,0.10466043330938339,0.10619008015616438,0.1031307864626024,2015-2019,7
1308,PS,Jari Ronkainen,110,0.11576076645853116,0.11627076186341989,0.11525077105364243,0.1045440603685929,0.10606219958676166,0.10302592115042412,0.10123302320016106,0.10245627630975987,0.10000977009056226,0.09033668100493364,0.09698086697114411,0.08369249503872316,0.09525470607809314,0.08878113669289876,0.10172827546328751,0.09383750748122692,0.09074416399922469,0.09693085096322915,0.11044795692009063,0.1062241349983798,0.11467177884180146,0.1286348328358701,0.12475190063147963,0.13251776504026055,0.15995046565250043,0.16772855894693153,0.15217237235806935,2015-2019,7
1309,KOK,Veera Ruoho,82,0.0832162830831212,0.07894336484921785,0.08748920131702456,0.09727312426625451,0.10032968778539511,0.0942165607471139,0.11380068115737223,0.11052192634536295,0.1170794359693815,0.10020591756945357,0.10270198144650153,0.09770985369240562,0.08677904217606622,0.07552233281244657,0.09803575153968586,0.11126529761618101,0.12064548729427235,0.10188510793808965,0.11725307979264263,0.11677843976448425,0.11772771982080102,0.14641005779284413,0.14340227306919606,0.1494178425164922,0.14379651654606454,0.15115450663312335,0.13643852645900573,2015-2019,7
1309,PS,Veera Ruoho,94,0.08334056409155224,0.08307355500064531,0.08360757318245918,0.09406832485059974,0.09817005809329117,0.08996659160790829,0.11666479424000215,0.11976882046721002,0.11356076801279429,0.09595688963204882,0.10042736428719548,0.09148641497690216,0.10262145722850334,0.10476962613254245,0.10047328832446423,0.11210209055062526,0.0993811068165007,0.12482307428474981,0.11644220150175942,0.12042811544693363,0.11245628755658521,0.12744578830621192,0.1305756104493087,0.12431596616311513,0.15135788959869706,0.14340574330637246,0.1593100358910217,2015-2019,7
1310,VAS,Li Andersson,699,0.13402627295976433,0.13311466000158048,0.13493788591794817,0.1296345827333176,0.13802402549336168,0.12124513997327353,0.11813507586341711,0.108597333702659,0.1276728180241752,0.07472829404239159,0.0775127279086531,0.07194386017613007,0.13650351334697608,0.1299598842236986,0.14304714247025357,0.12231792276838421,0.11904883264867876,0.12558701288808968,0.11914875377363016,0.11161425763760284,0.12668324990965749,0.08725318990365735,0.09812355360209117,0.07638282620522355,0.07825239460846153,0.08400472478167434,0.07250006443524872,2015-2019,7
1312,VAS,Hanna Sarkkinen,440,0.1242779998124354,0.13615881124271845,0.11239718838215236,0.11486715319926394,0.11717047351576822,0.11256383288275966,0.14515954988544874,0.13736584096471807,0.1529532588061794,0.09841534325962051,0.09963952480430739,0.09719116171493361,0.09644006947916635,0.10326666063117669,0.08961347832715601,0.10990466152856444,0.10418332790078029,0.1156259951563486,0.10453915537020139,0.10765329727445658,0.1014250134659462,0.09606927660422246,0.09423437495370121,0.0979041782547437,0.11032679086107679,0.10032768871237319,0.12032589300978039,2015-2019,7
1313,KESK,Anne Berner,250,0.10614187125163738,0.0959237204340955,0.11636002206917925,0.10949873604220606,0.10657221426942617,0.11242525781498594,0.09381770018514257,0.09674928141060704,0.0908861189596781,0.16284638942602742,0.1711820689084911,0.15451070994356375,0.08273862777878324,0.08523292307726583,0.08024433248030063,0.09575566266048495,0.09152626693098714,0.09998505838998276,0.13805310059244374,0.13996753145476154,0.13613866973012598,0.1075985166960687,0.10942859613610267,0.10576843725603471,0.10354939536720595,0.10341739737826301,0.1036813933561489,2015-2019,7
1314,PS,Sami Savio,488,0.10060369858313911,0.09302561204367749,0.10818178512260075,0.09554347828957652,0.08859905067345202,0.10248790590570103,0.10316256566878348,0.1026420704586675,0.10368306087889949,0.10481991553956024,0.1043879775866345,0.10525185349248597,0.08276261223096176,0.09326793551266017,0.07225728894926337,0.12309840923501145,0.11645690590334723,0.12973991256667566,0.09890073952099863,0.10326284035212463,0.09453863868987264,0.13049992057849402,0.13412499927927912,0.12687484187770892,0.16060866035347476,0.16423260819015736,0.15698471251679214,2015-2019,7
1315,VAS,Matti Semi,222,0.10556801109027383,0.1043326132316484,0.10680340894889928,0.10664309952549948,0.11667680791325603,0.09660939113774293,0.11558871586411958,0.09751979638730898,0.13365763534093017,0.1280527733184796,0.1326726644769498,0.1234328821600094,0.1000550260698379,0.08370406255226989,0.11640598958740592,0.1054921487809147,0.11076863790919626,0.10021565965263315,0.09383816394741482,0.08966227741613561,0.09801405047869402,0.12269225690828944,0.13183636901511603,0.11354814480146284,0.12206980449517063,0.132826771098119,0.11131283789222227,2015-2019,7
1316,SDP,Ville Skinnari,199,0.09810622086930243,0.09852565310210326,0.0976867886365016,0.1260672364197114,0.12904724540399923,0.1230872274354236,0.11358693461721925,0.10417865520260132,0.12299521403183719,0.12182340442437825,0.12187748705994654,0.12176932178880998,0.1120051179670346,0.10333717797583723,0.12067305795823198,0.07354348680738317,0.07378373023901087,0.07330324337575546,0.12957408988403435,0.131107739278116,0.12804044048995272,0.11679306033676042,0.12952672113173763,0.1040593995417832,0.1085004486741761,0.10861559060664794,0.10838530674170428,2015-2019,7
1317,PS,Simon Elo,173,0.09127034125383224,0.09827896974699724,0.08426171276066724,0.10633494724678381,0.10501507376595791,0.10765482072760972,0.09342757340195235,0.08754717681055083,0.09930796999335387,0.10596891610706452,0.11594593458126837,0.09599189763286069,0.10385758948537305,0.11244686413371283,0.09526831483703327,0.09842877535434329,0.1003106945748375,0.09654685613384907,0.11990735269606786,0.11832227789044636,0.12149242750168938,0.12836344047006285,0.1211578414733762,0.1355690394667495,0.15244106398451995,0.1409751670228527,0.16390696094618723,2015-2019,7
1317,SIN,Simon Elo,276,0.09977893229306334,0.08352677182531479,0.11603109276081187,0.11085414891365043,0.10135008696925958,0.12035821085804128,0.08798311233428009,0.0925914109875391,0.08337481368102108,0.10757198914020363,0.1174864491136431,0.09765752916676415,0.07930804003890679,0.09089983736370336,0.06771624271411023,0.10756171881286763,0.11819921404736855,0.0969242235783667,0.13753405541348923,0.1341714122728365,0.14089669855414194,0.1290912134188664,0.1184636707451729,0.1397187560925599,0.1403167896346725,0.14331114667516215,0.13732243259418286,2015-2019,7
1318,RKP,Joakim Strand,79,0.11461042301287924,0.11438636969775358,0.11483447632800492,0.09799232070516033,0.09293318703776758,0.10305145437255307,0.10530855187278883,0.11188071152624479,0.09873639221933286,0.10433647500281881,0.0937322612178311,0.11494068878780654,0.1766859662377978,0.17776835081101128,0.1756035816645843,0.08457113348829115,0.09595225323856953,0.07319001373801279,0.1007349286623726,0.10465463260280858,0.09681522472193663,0.10798351731737008,0.1096018172554096,0.10636521737933055,0.10777668370052115,0.09909041661260401,0.11646295078843831,2015-2019,7
1319,SDP,Satu Taavitsainen,268,0.13327457692525618,0.12821642144430206,0.13833273240621027,0.14399605225250767,0.1371999242274402,0.1507921802775751,0.11916461033691282,0.10459059786257954,0.1337386228112461,0.09485993009846003,0.09257062700785361,0.09714923318906643,0.09023280023411773,0.10071757875816953,0.07974802171006591,0.09970046062390667,0.1072581774330251,0.09214274381478824,0.10223546455092913,0.1055983454543972,0.09887258364746106,0.09673337710940746,0.10270607469579907,0.09076067952301585,0.11980272786850232,0.12114225311643363,0.118463202620571,2015-2019,7
1320,PS,Tiina Elovaara,41,0.1092413499417968,0.10215915530506439,0.1163235445785292,0.11829517190662298,0.12435024318851425,0.1122401006247317,0.11824613372274881,0.11369570801775448,0.12279655942774312,0.09249043601648374,0.09317744532954839,0.0918034267034191,0.11987285098573514,0.11372949695515529,0.126016205016315,0.09553729654621351,0.09563513110714354,0.0954394619852835,0.12476650548404496,0.12752006592797363,0.12201294504011628,0.1088976265924739,0.12160145745375031,0.0961937957311975,0.11265262880388016,0.10813129671509573,0.1171739608926646,2015-2019,7
1320,SIN,Tiina Elovaara,43,0.10228072940317301,0.1054691116989609,0.09909234710738513,0.1136255919899544,0.11379317942627856,0.11345800455363024,0.11885957168582022,0.128570438717701,0.10914870465393944,0.09009067869432219,0.08865057220376008,0.09153078518488429,0.1267150225174502,0.12280577536691784,0.1306242696679826,0.11449319546385896,0.10110866078255251,0.1278777301451654,0.10929898558700747,0.11445432162370608,0.10414364955030886,0.10741735510156804,0.11310953151592018,0.1017251786872159,0.11721886955684552,0.11203840866420293,0.12239933044948811,2015-2019,7
1321,KESK,Martti Talja,119,0.11202913337027828,0.1097164018921363,0.11434186484842028,0.09983406092261803,0.10409034765443359,0.09557777419080246,0.12478117669553766,0.1190205326721818,0.13054182071889353,0.11745545306900801,0.12426893822884613,0.11064196790916989,0.1215034717969906,0.12598164064347267,0.11702530295050853,0.1231099652046592,0.12485897053737076,0.12136095987194764,0.1088498708367002,0.10597691869894292,0.11172282297445749,0.10964488830024574,0.10412073836716902,0.11516903823332245,0.08279197980396233,0.08196551130544685,0.08361844830247782,2015-2019,7
1322,KESK,Pertti Hakanen,140,0.07648083196005376,0.0685799821485115,0.084381681771596,0.09704182788924376,0.10068375919980059,0.09339989657868694,0.07241942325299788,0.07389659548911451,0.07094225101688126,0.17732790379834235,0.17430096854325297,0.1803548390534317,0.08285171581071946,0.08610426878632307,0.07959916283511585,0.1481301444900715,0.1546096063901749,0.14165068258996807,0.14389118412616186,0.1457541756458734,0.14202819260645036,0.10090976029614937,0.09763939213710472,0.104180128455194,0.10094720837626012,0.09843125165984436,0.10346316509267586,2015-2019,7
1324,VIHR,Hanna Halmeenpää,332,0.11576517235649807,0.11318612271173482,0.11834422200126131,0.11044275993253355,0.11571340001856141,0.10517211984650568,0.14088913395082256,0.14291689937181892,0.1388613685298262,0.1230306971688538,0.13573746001642287,0.11032393432128473,0.10177310264044065,0.09333808089836539,0.1102081243825159,0.09141109773997771,0.08106846044824287,0.10175373503171256,0.10942646062396727,0.0996565632497891,0.11919635799814546,0.10568979185351442,0.11424817951629404,0.0971314041907348,0.10157178373339201,0.10413483376877057,0.09900873369801345,2015-2019,7
1325,KD,Sari Tanus,390,0.10889881089997915,0.11056553207842298,0.1072320897215353,0.09350242749739227,0.09290891112247332,0.09409594387231122,0.12634857087361645,0.12184935127451342,0.13084779047271947,0.1125092602061958,0.1052596588361403,0.11975886157625129,0.08566192692590197,0.08525877063605918,0.08606508321574474,0.12133847125069555,0.12344500333454181,0.1192319391668493,0.11002161194726064,0.10088606945427406,0.11915715444024721,0.11396260970018694,0.11873635019896737,0.10918886920140651,0.12775631069877127,0.14109035306460757,0.11442226833293498,2015-2019,7
1326,SDP,Timo Harakka,585,0.12586806932006112,0.12220180328397148,0.12953433535615078,0.12977712934804403,0.11345780874783098,0.1460964499482571,0.11122291454679449,0.11632732085047796,0.10611850824311102,0.09551216281978965,0.0972759719155511,0.0937483537240282,0.10285221380184371,0.09764006016831273,0.1080643674353747,0.08960037691771372,0.09497574519579746,0.08422500863962998,0.1141096808108342,0.1241481719683369,0.10407118965333148,0.1013096086782588,0.1040812625503138,0.0985379548062038,0.12974784375666026,0.12989185531940764,0.12960383219391286,2015-2019,7
1327,PS,Ville Tavio,183,0.0955850284047817,0.1014521602465384,0.08971789656302499,0.105996302516612,0.0980391049391111,0.11395350009411291,0.10317744342374073,0.1046698956952622,0.10168499115221927,0.08335779646741819,0.07687062625405688,0.08984496668077949,0.11043347906310644,0.11145437893166303,0.10941257919454983,0.09709443985836726,0.09947972735156559,0.09470915236516893,0.11166952919655057,0.1126772101904405,0.11066184820266065,0.11971683404590466,0.11461846585017452,0.12481520224163481,0.1729691470235184,0.18073843054118774,0.16519986350584906,2015-2019,7
1329,VIHR,Antero Vartia,87,0.1311818989089775,0.12487423128887425,0.13748956652908073,0.10256652133306124,0.10729441191766029,0.09783863074846219,0.15700905953413657,0.17304571880218295,0.14097240026609023,0.09889008422143802,0.0985085916637129,0.09927157677916314,0.12590285941662346,0.11728512891173007,0.13452058992151686,0.06860745616717057,0.06978759888805992,0.0674273134462812,0.10720180742381952,0.10131091889505912,0.1130926959525799,0.104662519700045,0.10489990625333727,0.10442513314675275,0.10397779329472806,0.1029934933793831,0.10496209321007302,2015-2019,7
1331,KESK,Petri Honkonen,160,0.11645390645672979,0.11124851409714362,0.12165929881631594,0.08902101173170106,0.08742843944451636,0.09061358401888575,0.09974563009564584,0.10369368480833789,0.09579757538295379,0.1365538729929688,0.1420762218954481,0.13103152409048952,0.10097195112779639,0.11153763858839812,0.09040626366719465,0.13693823007374276,0.12813987866363077,0.14573658148385474,0.1089487756442865,0.10525584373871848,0.11264170754985452,0.09752811249151627,0.0973336402186733,0.09772258476435923,0.11383850938561262,0.1132861385451334,0.11439088022609183,2015-2019,7
1334,KOK,Antti Häkkänen,201,0.08383108976747758,0.08358010001493513,0.08408207952002003,0.0983902011993007,0.09680070302849746,0.09997969937010395,0.10257147138806555,0.10092589589727281,0.10421704687885829,0.13991596344462193,0.1347397413389934,0.14509218555025047,0.08605100363484339,0.08792294924475492,0.08417905802493184,0.08114603835485884,0.07361658419355423,0.08867549251616347,0.1459186755776066,0.15423468759296807,0.13760266356224513,0.14241304003815536,0.15052322160289622,0.1343028584734145,0.11976251659507005,0.11765611708612773,0.12186891610401236,2015-2019,7
1335,KESK,Marisanna Jarva,278,0.1272568176939502,0.12192096072447456,0.13259267466342586,0.11281308722095425,0.11127055936490937,0.11435561507699912,0.11724075566537126,0.12090518719852364,0.11357632413221888,0.12140341943672081,0.12776917963176787,0.11503765924167375,0.07146141016197141,0.06869540772794301,0.07422741259599981,0.10185707183479775,0.10300510367083375,0.10070903999876177,0.12478100649142751,0.13208340470368965,0.11747860827916538,0.12172037983230259,0.11912964008482682,0.12431111957977836,0.10146605166250419,0.09522055689303136,0.10771154643197704,2015-2019,7
1336,VIHR,Emma Kari,109,0.1474495345873535,0.14738036538815052,0.1475187037865565,0.1277381668201263,0.12984753829072443,0.12562879534952814,0.17354001553007298,0.1779644388528318,0.16911559220731415,0.09299854022239955,0.09752985604495365,0.08846722439984545,0.09587877603474367,0.09442945009118134,0.09732810197830599,0.09530304294451028,0.0924500063946349,0.09815607949438568,0.09470827406605756,0.09135607567906999,0.09806047245304511,0.075505851803356,0.07778511616777496,0.07322658743893704,0.09687779799138013,0.09125715309067836,0.1024984428920819,2015-2019,7
1337,KOK,Susanna Koski,50,0.10462045260832778,0.10860765221051767,0.1006332530061379,0.10287379275698508,0.10923795991897271,0.09650962559499746,0.11061434498724318,0.12154659408626119,0.09968209588822516,0.11282468213355466,0.11758408146704613,0.1080652828000632,0.15705713919333297,0.14062851469370208,0.17348576369296387,0.10587156975298127,0.09276055518342963,0.11898258432253292,0.11035805315894412,0.10986145322389307,0.11085465309399518,0.09621292687888189,0.09640294016293512,0.09602291359482867,0.09956703852974902,0.1033702490532424,0.09576382800625566,2015-2019,7
1338,KESK,Hanna Kosonen,158,0.08559470758232013,0.10267330117650911,0.06851611398813115,0.10597044807658278,0.10873030739669975,0.1032105887564658,0.13302247371843012,0.1384966185517032,0.12754832888515702,0.1358765617789805,0.12144835833328316,0.15030476522467787,0.07374242735206502,0.0720126936236554,0.07547216108047464,0.10735704963159964,0.09873523927380215,0.11597885998939712,0.13091199903821482,0.1330499250273776,0.12877407304905203,0.11343913372202077,0.10984795705633443,0.11703031038770713,0.11408519909978618,0.11500559956063508,0.11316479863893729,2015-2019,7
1339,PS,Kari Kulmala,202,0.08000343560720843,0.07132047545513376,0.08868639575928312,0.10296320109160234,0.10609466755760119,0.09983173462560349,0.12135987737895851,0.12563858509339226,0.11708116966452475,0.1121390897864383,0.0972060101432796,0.127072169429597,0.0837816386270307,0.08715325201393116,0.08041002524013023,0.10705065576148087,0.10934649826900114,0.10475481325396059,0.10911430755663576,0.10923785978014267,0.10899075533312885,0.12448550654831333,0.13230259096427266,0.11666842213235402,0.15910228764233175,0.16170006072324553,0.15650451456141795,2015-2019,7
1339,SIN,Kari Kulmala,215,0.08564114373785842,0.08229747218090414,0.0889848152948127,0.10229114189667249,0.10076120007649432,0.10382108371685066,0.11898894480673541,0.11647243856847911,0.1215054510449917,0.1370093052289348,0.12498579241105907,0.14903281804681057,0.08756074353709262,0.08310762771550499,0.09201385935868026,0.10377168802312939,0.1119813300007744,0.09556204604548436,0.10615949236643624,0.11183455119070343,0.10048443354216904,0.12121098449282214,0.13458770037752327,0.107834268608121,0.1373665559103185,0.1339718874785573,0.1407612243420797,2015-2019,7
1340,KESK,Katri Kulmuni,280,0.09598289690868322,0.08376585446998616,0.1081999393473803,0.09823648130947027,0.08832370809175574,0.1081492545271848,0.12412423463593003,0.13182705335852182,0.11642141591333825,0.15730120408282472,0.1688272716793719,0.14577513648627755,0.08653457671957251,0.0879259828506507,0.08514317058849433,0.0938126911694126,0.08975533944174871,0.09787004289707649,0.1130198499882954,0.11225574720167183,0.11378395277491897,0.11450230638282008,0.12071128487247851,0.10829332789316164,0.1164857588029911,0.11660775803381451,0.11636375957216769,2015-2019,7
1341,KESK,Antti Kurvinen,267,0.09318965143118901,0.09349787291292655,0.09288142994945148,0.111550591578811,0.11449898466742373,0.10860219849019828,0.09437815849364992,0.10345431867974834,0.08530199830755149,0.16216233703164634,0.15089986855684395,0.17342480550644873,0.08708011943588297,0.08642236358989415,0.08773787528187178,0.08245391770148605,0.08747226313849851,0.07743557226447359,0.13156667453751686,0.12859579977359453,0.1345375493014392,0.11570479543920043,0.11328454446018714,0.11812504641821371,0.12191375435061742,0.1218739842208831,0.12195352448035175,2015-2019,7
1342,KOK,Jaana Laitinen-Pesola,49,0.11901848480415424,0.13144735018753256,0.10658961942077591,0.09199099642023612,0.08581760105624492,0.0981643917842273,0.10324204669785761,0.10828198868746312,0.09820210470825211,0.10397618151025276,0.10256456808275223,0.10538779493775327,0.10767101714816837,0.11291349831860505,0.10242853597773169,0.13718404712506327,0.140530606665008,0.13383748758511854,0.10987042756432519,0.10617868417696667,0.11356217095168372,0.12056695793285953,0.11409279128938457,0.12704112457633449,0.10647984079708292,0.09817291153604293,0.1147867700581229,2015-2019,7
1344,PS,Rami Lehto,126,0.12763987601011437,0.11697177545624479,0.13830797656398394,0.10902585535285834,0.10588376694715551,0.11216794375856118,0.11496979705381818,0.12074080277727639,0.10919879133035996,0.09410911323421811,0.08407495334415355,0.10414327312428266,0.10248889373905218,0.11515938379275699,0.08981840368534735,0.08626795521981062,0.08487436380989963,0.08766154662972163,0.103565319266405,0.11451106467237879,0.0926195738604312,0.11719931820539112,0.12356547465928118,0.11083316175150107,0.14473387191833204,0.13421841454085318,0.15524932929581092,2015-2019,7
1346,VIHR,Touko Aalto,490,0.11225398470580347,0.11191942484517377,0.11258854456643316,0.1271665838443422,0.12453406067247692,0.1297991070162075,0.13374568179545365,0.1327294925261148,0.13476187106479248,0.11163193653136613,0.1081210626240173,0.11514281043871495,0.1047622016394403,0.0986267969920803,0.11089760628680032,0.07986103786637092,0.08105159053944903,0.07867048519329281,0.1099965582006204,0.10800800220202386,0.11198511419921693,0.10583621210091018,0.10690975737545896,0.10476266682636141,0.11474580331569273,0.12809981222320507,0.10139179440818039,2015-2019,7
1347,PS,Sampo Terho,133,0.11518585487578131,0.10508930139008832,0.1252824083614743,0.10088926398024342,0.0960423956428936,0.10573613231759324,0.10649179410350273,0.10464211481531542,0.10834147339169005,0.1149756020538128,0.11315650253446348,0.1167947015731621,0.10938904593752932,0.09859086209205332,0.1201872297830053,0.08846489632938413,0.09391393447105367,0.08301585818771459,0.11412820212928415,0.10641854229501539,0.12183786196355292,0.12886429603246202,0.1428574161493949,0.11487117591552913,0.12161104455800015,0.13928893060972197,0.10393315850627831,2015-2019,7
1347,SIN,Sampo Terho,79,0.09539062354907485,0.10002038896855488,0.09076085812959483,0.09338108404019237,0.10177510268818346,0.08498706539220127,0.10463664874607678,0.11442964060644958,0.09484365688570397,0.1259455067791353,0.11739840796000878,0.13449260559826184,0.07608865418000302,0.0761423196923244,0.07603498866768164,0.0885050941700957,0.08376687088841665,0.09324331745177473,0.12789977597061292,0.12904626065733021,0.1267532912838956,0.1662094996688092,0.1672066718229415,0.16521232751467693,0.12194311289599992,0.11021433671579059,0.13367188907620925,2015-2019,7
1348,KESK,Mikko Kärnä,199,0.10814393098697983,0.11458930103426049,0.10169856093969916,0.09904625035654707,0.09372916629714226,0.10436333441595189,0.1268281478493018,0.13319683741808336,0.12045945828052022,0.14118569376021414,0.1519477631906727,0.13042362432975557,0.09393120935193243,0.08604849783602359,0.10181392086784127,0.10245823533945592,0.10267721526844656,0.10223925541046526,0.11144100369196079,0.09763162111162096,0.12525038627230062,0.10159181659386896,0.10567433500097996,0.09750929818675794,0.11537371206973909,0.11450526284277014,0.11624216129670803,2015-2019,7
1349,PS,Leena Meri,563,0.07670587512383731,0.07280877869456423,0.08060297155311039,0.12920702413581814,0.1418405045751058,0.1165735436965305,0.09792445348138415,0.09970296104423663,0.09614594591853166,0.10125432285495384,0.10257298285985435,0.09993566285005333,0.0869112667032523,0.07806673977918435,0.09575579362732027,0.1197898994797878,0.1123450826724421,0.1272347162871335,0.08635197876376857,0.09287990652939113,0.07982405099814603,0.13537741165444717,0.13387026002836672,0.13688456328052764,0.16647776780275064,0.16591278381685468,0.16704275178864664,2015-2019,7
1372,SIN,Matti Torvinen,57,0.11016023981752021,0.11065627535912377,0.10966420427591665,0.11435643231169892,0.11939875738631889,0.10931410723707898,0.09685093881266435,0.09030973686528777,0.10339214076004091,0.12153808320302609,0.12200839272186881,0.12106777368418335,0.08205829549923871,0.07487712654213231,0.08923946445634509,0.10687687042197358,0.09612477068751349,0.11762897015643366,0.12457060468682223,0.12349294856333637,0.12564826081030808,0.12356238464265723,0.1302687308654962,0.11685603841981826,0.12002615060439872,0.13286326100892246,0.107189040199875,2015-2019,7
1374,RKP,Veronica Rehn-Kivi,68,0.12723604034107894,0.12173054672531128,0.13274153395684657,0.11042085362450396,0.11006792053421208,0.11077378671479585,0.10706262473428815,0.10499826511128789,0.1091269843572884,0.08548215906359687,0.09504439015380828,0.07591992797338545,0.1701888870509921,0.15327422823676407,0.18710354586522016,0.1356992916147986,0.13213160156409348,0.13926698166550375,0.08347211899639825,0.09077698573738724,0.07616725225540925,0.08799699821804088,0.09031367028467878,0.085680326151403,0.09244102635630223,0.10166239165245694,0.08321966106014753,2015-2019,7
1378,SDP,Pilvi Torsti,94,0.09650452794104211,0.09166909112994145,0.10133996475214276,0.14903791926441673,0.13093796310393652,0.16713787542489694,0.1289370852864755,0.1276413230774341,0.1302328474955169,0.09381147268677878,0.10140531978506406,0.08621762558849348,0.09930945125407922,0.0876208335453805,0.11099806896277795,0.11397467416814804,0.12167829904611302,0.10627104929018305,0.1173715244444512,0.11892066348461572,0.11582238540428669,0.09729075333896031,0.10710107415959354,0.0874804325183271,0.10376259161564819,0.1130254326679212,0.09449975056337517,2015-2019,7
1379,KOK,Mia Laiho,71,0.10883878650348265,0.11377774563776777,0.10389982736919753,0.09278888460422928,0.08879718465133525,0.09678058455712331,0.11842954290813104,0.11889669415365571,0.11796239166260636,0.14605199052159276,0.12958827199836587,0.16251570904481966,0.09559081847697248,0.10921922480459859,0.0819624121493464,0.11475469939531104,0.10954549721404652,0.11996390157657555,0.10970160216902189,0.11106688506573834,0.10833631927230543,0.10886560939683756,0.11434174805185271,0.1033894707418224,0.10497806602442133,0.10476674842263929,0.10518938362620336,2015-2019,7
1382,KESK,Hanna-Leena Mattila,40,0.10983445629138594,0.12056731868217392,0.09910159390059796,0.10394179463609711,0.09946792247138021,0.108415666800814,0.12837740765507266,0.12596662515000473,0.1307881901601406,0.11306142893114551,0.11622110211231614,0.10990175574997489,0.09733729716944237,0.10102384297836113,0.09365075136052362,0.12900570538529238,0.13007195203855185,0.12793945873203288,0.10483237462535942,0.10159429815382574,0.1080704510968931,0.10538510936911547,0.1079202037316547,0.10285001500657624,0.10822442593708917,0.09716673468173158,0.11928211719244677,2015-2019,7
157,KESK,Kauko Juhantalo,109,0.08739258485648974,0.07742494238167265,0.09736022733130681,0.10597826572091043,0.10650016980622323,0.10545636163559761,0.10778229508654072,0.10864416689936943,0.10692042327371203,0.12805928729865154,0.13838456234201632,0.11773401225528676,0.09338211294972736,0.08783599171034787,0.09892823418910685,0.10436952254711016,0.09345739410979788,0.11528165098442245,0.1332842836148955,0.14718758011125363,0.11938098711853735,0.11658012056838371,0.12079662542508293,0.11236361571168449,0.12317152735729087,0.11976856721423608,0.12657448750034567,2015-2019,7
170,KOK,Ilkka Kanerva,117,0.0949056643178576,0.09259894314859819,0.09721238548711701,0.10636132762534889,0.0995762189879085,0.11314643626278928,0.10506855969911513,0.10023373825524814,0.10990338114298212,0.13885759279450943,0.13296647856257865,0.14474870702644024,0.11334494890279795,0.12900303399851876,0.09768686380707714,0.08707658931120002,0.08277416933706953,0.09137900928533052,0.1343410410550011,0.14323720796970552,0.12544487414029673,0.10645174949929984,0.10669117844250094,0.10621232055609875,0.11359252679486995,0.1129190312978718,0.11426602229186811,2015-2019,7
175,PS,Toimi Kankaanniemi,541,0.11838914301537326,0.11612587571445802,0.12065241031628848,0.11582345166649373,0.11306241516649343,0.11858448816649403,0.08815187876095075,0.08380258925592243,0.09250116826597907,0.14769564614128455,0.15820648262287879,0.1371848096596903,0.09240194313592107,0.09482302801639554,0.08998085825544659,0.10629188861736288,0.11333142128282106,0.09925235595190472,0.11307670256837851,0.12104010509928384,0.10511330003747317,0.1099727914228822,0.11090442391209523,0.10904115893366917,0.10819655467135306,0.08870365892965164,0.1276894504130545,2015-2019,7
202,KESK,Seppo Kääriäinen,117,0.09787111080093999,0.09439659039688877,0.10134563120499122,0.11898579159660726,0.12227465543545843,0.11569692775775609,0.08317701028308402,0.08439906888329124,0.08195495168287681,0.15659950640526765,0.1499325186214115,0.16326649418912384,0.09823478466966687,0.09398789869062571,0.10248167064870803,0.08298813737500244,0.08885201864646888,0.07712425610353597,0.11767986288366517,0.12024800653781793,0.1151117192295124,0.1338806077394605,0.1321147422629344,0.1356464732159866,0.11058318824630609,0.11379450052510313,0.10737187596750905,2015-2019,7
203,SDP,Riitta Myller,300,0.103942335835436,0.10970672767973966,0.09817794399113232,0.12332480085318998,0.12512785235697182,0.12152174934940811,0.11416175637680938,0.11546250433533004,0.11286100841828872,0.1386497274021123,0.13022884593374146,0.14707060887048315,0.11233161103211638,0.11167662405318635,0.11298659801104641,0.10665419627163579,0.10668668356360508,0.1066217089796665,0.11031633402656821,0.11287779262515044,0.10775487542798598,0.09618269919970725,0.09774538696384702,0.09462001143556747,0.09443653900242473,0.09048758248842814,0.09838549551642131,2015-2019,7
214,PS,Lea Mäkipää,163,0.09101221974353971,0.09044820880206249,0.09157623068501694,0.10220758044457062,0.09475540702549048,0.10965975386365076,0.09786413677092237,0.09420128288463318,0.10152699065721157,0.12462877072617105,0.1216290363942881,0.127628505058054,0.08263978785908303,0.08089604760818114,0.08438352810998492,0.09851299117459308,0.10418019289542713,0.09284578945375904,0.11779236480192862,0.11802157007276042,0.11756315953109683,0.11678643135618996,0.12129511419471135,0.11227774851766859,0.1685557171230015,0.17457314012244568,0.1625382941235573,2015-2019,7
214,SIN,Lea Mäkipää,102,0.09109204192350849,0.08650418546876767,0.0956798983782493,0.09601083473927965,0.09762478123269983,0.0943968882458595,0.08686724195719377,0.08482486829859574,0.08890961561579179,0.12047938574008824,0.11635466350754306,0.12460410797263341,0.08756756305240021,0.08259548509047057,0.09253964101432985,0.10798716465239097,0.11344172130897409,0.10253260799580785,0.11762763859605438,0.11539009523976448,0.11986518195234427,0.14270831877787965,0.14568535681038666,0.13973128074537267,0.14965981056120464,0.1575788430427979,0.14174077807961136,2015-2019,7
259,KOK,Pertti Salolainen,126,0.09109927469448054,0.09685315066825084,0.08534539872071023,0.11390679392013768,0.10522242780575879,0.12259116003451657,0.08588929914700126,0.08784546816676532,0.0839331301272372,0.13496222794340612,0.1225508972353166,0.14737355865149565,0.12670591140362303,0.14187649189054116,0.1115353309167049,0.11373538708334746,0.11409473160696633,0.1133760425597286,0.11458921480020126,0.11581798882042182,0.11336044077998071,0.10689799768878408,0.10976156471632548,0.10403443066124267,0.1122138933190185,0.10597727908965356,0.11845050754838345,2015-2019,7
301,KOK,Ben Zyskowicz,691,0.11974634643235324,0.10417713284762169,0.13531556001708478,0.1135326470638453,0.11937979210184897,0.10768550202584162,0.10470270342277053,0.09629684468770476,0.11310856215783631,0.1051390818332115,0.10257026004878185,0.10770790361764113,0.10066060223047615,0.10149844290997893,0.09982276155097339,0.09680500676611226,0.09586469248383045,0.09774532104839406,0.11020600810418688,0.11452039808271461,0.10589161812565913,0.12156865202667941,0.13272001050471827,0.11041729354864056,0.12763895212036475,0.13297242633280051,0.12230547790792898,2015-2019,7
356,KESK,Olli Rehn,96,0.10252241262597056,0.10810617885938796,0.09693864639255315,0.10216834937059333,0.10400097042010865,0.10033572832107798,0.0963341127965909,0.0971546952753086,0.09551353031787323,0.1401963823304269,0.13667922271666932,0.14371354194418445,0.09784337048651126,0.10122456003582994,0.09446218093719258,0.06524310578491685,0.0609088288088679,0.0695773827609658,0.14130708597070127,0.14341838547554253,0.13919578646586,0.1453364073006132,0.13546988454744624,0.1552029300537802,0.10904877333367576,0.11303727386083891,0.1050602728065126,2015-2019,7
375,KESK,Markku Rossi,185,0.08925227166892397,0.09786806392107714,0.08063647941677078,0.11335151320581553,0.11597709932305963,0.11072592708857143,0.08470242778426088,0.08611159717544942,0.08329325839307233,0.15519803069935445,0.16608326337731766,0.14431279802139121,0.08627695055241685,0.07518328682647304,0.09737061427836068,0.10311034300496613,0.09224740258639777,0.11397328342353448,0.12907707381100175,0.12276026440184676,0.13539388322015672,0.11332857702237528,0.12058821477946602,0.10606893926528453,0.12570281225088528,0.12318080760891266,0.1282248168928579,2015-2019,7
392,KESK,Olavi Ala-Nissilä,418,0.10278690376758395,0.10701847181270177,0.09855533572246612,0.11660103641735582,0.11824870180347982,0.11495337103123182,0.08353925997889378,0.07979728043422932,0.08728123952355825,0.13350549832553302,0.13959821733967165,0.1274127793113944,0.12555424712376406,0.11835208957017732,0.13275640467735084,0.1033946087966257,0.10308077983195911,0.10370843776129228,0.12937026413263836,0.13066939195213828,0.12807113631313843,0.10270577896423644,0.09979030336820041,0.10562125456027247,0.10254240249336885,0.10344476388744228,0.10164004109929543,2015-2019,7
402,KESK,Timo Kalli,153,0.11767905521330227,0.12447862863211981,0.11087948179448473,0.12058184202448885,0.12552122413691263,0.11564245991206505,0.0949190924675219,0.09084158182252974,0.09899660311251407,0.14102361719751697,0.14304481166688213,0.1390024227281518,0.10644867732888491,0.10509264046198033,0.10780471419578948,0.09386935963071583,0.0940400475735044,0.09369867168792725,0.1370806502297479,0.13837414111390817,0.13578715934558763,0.08514758186269258,0.08211637684365188,0.08817878688173329,0.10325012404512887,0.096490547748511,0.11000970034174673,2015-2019,7
414,KESK,Matti Vanhanen,130,0.10692832872757499,0.10896871034134367,0.1048879471138063,0.10853071172284068,0.11298363205986015,0.10407779138582123,0.09930440045389674,0.09519821611305464,0.10341058479473883,0.13121693786351896,0.1317362538311469,0.13069762189589101,0.0892154031170595,0.08554003565097922,0.0928907705831398,0.08940956897848129,0.08375907330829825,0.09506006464866433,0.13680592412645964,0.1333665763002802,0.1402452719526391,0.12008719536411719,0.12441580089259544,0.11575858983563894,0.11850152964605098,0.1240317015024415,0.11297135778966047,2015-2019,7
451,SDP,Tarja Filatov,345,0.13328376863322755,0.12876076201044165,0.13780677525601343,0.1592292056858266,0.16592746255123142,0.15253094882042176,0.12641949840084887,0.12526566317357343,0.12757333362812434,0.09208603444336153,0.08887406584316396,0.0952980030435591,0.07056169587670827,0.07068476054891125,0.07043863120450528,0.09383287286944868,0.09417388143981444,0.09349186429908292,0.1260435332371447,0.1306660760130944,0.121420990461195,0.10191859081634205,0.10524217531673614,0.09859500631594796,0.09662480003709165,0.09040515310303324,0.10284444697115007,2015-2019,7
479,VAS,Annika Lapintie,64,0.10081675199304874,0.10931551443215534,0.09231798955394215,0.11337076658198203,0.11354795580861725,0.11319357735534682,0.10261592028108397,0.09658102412990531,0.10865081643226264,0.09434028297507532,0.08700697718757895,0.10167358876257168,0.08448287600600388,0.08379511551192872,0.08517063650007901,0.09496111547523678,0.09266299356079873,0.09725923738967482,0.12125773795488182,0.11763826668471858,0.12487720922504504,0.14591532260531676,0.15261710176222706,0.13921354344840642,0.14223922612737072,0.14683505092207003,0.13764340133267144,2015-2019,7
499,KD,Päivi Räsänen,490,0.11340953779611199,0.10688084948228083,0.11993822610994316,0.10767065105107151,0.10932368646627437,0.10601761563586865,0.10316292775016808,0.10163612359579559,0.10468973190454059,0.10940390466831801,0.09542408135857289,0.12338372797806312,0.1025987157953839,0.11041766769727582,0.09477976389349198,0.12365103034371819,0.1280778866386704,0.11922417404876598,0.12141449739538593,0.12280639422910186,0.12002260056167,0.0996326009071535,0.10882688645678704,0.09043831535751998,0.11905613429268887,0.1166064240752412,0.12150584451013653,2015-2019,7
507,VAS,Kari Uotila,288,0.1381991188078533,0.15089499399003217,0.12550324362567442,0.13035444442759597,0.13631123540355178,0.12439765345164018,0.10961018945352177,0.11331260586878171,0.10590777303826182,0.10830315753269751,0.11552165035085342,0.10108466471454161,0.11505279017015933,0.10145427453384084,0.12865130580647782,0.10043060795779216,0.09036600065634633,0.110495215259238,0.10494522218553526,0.10278678044121,0.10710366392986051,0.08233116640683427,0.07917126715008349,0.08549106566358504,0.11077330305801043,0.11018119160530034,0.11136541451072053,2015-2019,7
508,KESK,Anu Vehviläinen,242,0.09854720782789703,0.08780479731461942,0.10928961834117464,0.1235416307406339,0.11984685228975245,0.12723640919151535,0.09262624900152937,0.09090221163837933,0.0943502863646794,0.1817114540525907,0.20302455937101613,0.16039834873416528,0.07053231495164453,0.06719467785591911,0.07386995204736993,0.09221517446697683,0.08978345773242587,0.09464689120152778,0.12643765477077112,0.12709572250343454,0.1257795870381077,0.11150584812413664,0.10981349416247428,0.113198202085799,0.10288246606381987,0.10453422713197882,0.10123070499566093,2015-2019,7
538,SDP,Tuula Haatainen,214,0.13872503656839758,0.15816717525497767,0.11928289788181749,0.14379050014361971,0.14863311738744564,0.13894788289979382,0.10794397448437197,0.10020802671399454,0.1156799222547494,0.11386907655024534,0.13079087629397987,0.0969472768065108,0.08722527427071973,0.08301042667685596,0.0914401218645835,0.09907872688762742,0.0913613724774914,0.10679608129776344,0.0872246773007766,0.08274118495113782,0.09170816965041537,0.11125757552631824,0.09357724403224779,0.12893790702038868,0.11088515826792342,0.11151057621186936,0.11025974032397748,2015-2019,7
541,KESK,Juha Rehula,387,0.11224294071698034,0.10836235884962286,0.11612352258433781,0.12063872433011866,0.12077922202576707,0.12049822663447023,0.10641971642936363,0.09601216608209674,0.1168272667766305,0.12947729227044014,0.13768618358820855,0.12126840095267175,0.10684030180953222,0.1021941045988484,0.11148649902021604,0.09490829084348631,0.09395530966374585,0.09586127202322677,0.1152887780901671,0.11294560603184303,0.11763195014849118,0.10740493620205623,0.11233486727132043,0.10247500513279202,0.10677901930785542,0.11573018188854704,0.0978278567271638,2015-2019,7
565,SDP,Susanna Huovinen,121,0.09992171507408532,0.09569432507885942,0.10414910506931123,0.12751075648022167,0.12473001190238375,0.1302915010580596,0.1322046493320187,0.13875587143110238,0.125653427232935,0.1140923233576566,0.10994260903963222,0.11824203767568098,0.09029013301401795,0.08122669919226248,0.09935356683577343,0.11796103870854804,0.12408212914806657,0.1118399482690295,0.10377586677156153,0.10277782587209294,0.10477390767103012,0.09421385511596699,0.0906388217781457,0.09778888845378828,0.12002966214592321,0.13215170655745456,0.10790761773439186,2015-2019,7
582,KESK,Jari Leppä,177,0.08222103258326251,0.08392898710358918,0.08051307806293584,0.10424215250055757,0.10300501561597412,0.10547928938514102,0.1099669693329726,0.10112844723559937,0.11880549143034584,0.20532604200273252,0.1946643522030516,0.21598773180241343,0.0797818193283536,0.09157092435129746,0.06799271430540973,0.09153119037785776,0.09431137698423797,0.08875100377147756,0.1428900537319715,0.14102543755414304,0.14475466990979996,0.09044699091587964,0.09482193397355447,0.08607204785820481,0.09359374922641234,0.09554352497855288,0.0916439734742718,2015-2019,7
592,KESK,Antti Rantakangas,139,0.10738361546634453,0.11103261584926845,0.1037346150834206,0.11097437730644405,0.11578254582516127,0.10616620878772683,0.08180069221929255,0.08286927416770432,0.08073211027088079,0.18303169224269547,0.1743129624247125,0.19175042206067844,0.09142488449670769,0.08876465340024896,0.09408511559316643,0.09575190321208785,0.08892778671767207,0.10257601970650361,0.11672753678508437,0.1184494515455596,0.11500562202460914,0.10314616299804161,0.10958742775020218,0.09670489824588105,0.10975913527330192,0.11027328231947069,0.10924498822713316,2015-2019,7
609,SDP,Harry Wallin,115,0.13350931692144483,0.14082648461906033,0.12619214922382932,0.1147625433118054,0.12013515368754846,0.10938993293606233,0.09524497341228864,0.10017501330994753,0.09031493351462976,0.11860481127759226,0.1197770549094412,0.11743256764574331,0.10602906225277059,0.0997344626116801,0.11232366189386109,0.10339939224596395,0.09799898533784947,0.10879979915407845,0.10803637582709494,0.10506896786392003,0.11100378379026984,0.11425471448550997,0.11217359656871188,0.11633583240230808,0.10615881026552945,0.10411028109184102,0.10820733943921787,2015-2019,7
612,KOK,Sari Sarkomaa,271,0.11736184425230983,0.10148227259398564,0.13324141591063401,0.12453655692248897,0.13061667684758838,0.11845643699738954,0.12378064381502746,0.12997552292784045,0.11758576470221445,0.13363652192995412,0.1428341329035227,0.12443891095638551,0.10234774151985798,0.0969193175997997,0.10777616543991626,0.09722055339541333,0.09213091707356177,0.10231018971726487,0.1258683027162573,0.13291370380216377,0.11882290163035081,0.09369845789703742,0.09569620980218653,0.0917007059918883,0.0815493775516537,0.07743124644935104,0.08566750865395636,2015-2019,7
767,PS,Timo Soini,236,0.09323996968063755,0.09534996221532191,0.09112997714595318,0.11712209825009474,0.11941345062160683,0.11483074587858266,0.08422140891495057,0.07926640883069405,0.08917640899920709,0.1489286193763421,0.15352595947476078,0.14433127927792347,0.0862942998338675,0.0926345457458193,0.07995405392191571,0.08561474368113148,0.08302491437640463,0.0882045729858583,0.13807877982427386,0.13804331094209799,0.1381142487064497,0.12557442561649332,0.12188256432470279,0.12926628690828385,0.12092565482220885,0.1168588834685917,0.124992426175826,2015-2019,7
767,SIN,Timo Soini,84,0.08780014595800972,0.08977077864854781,0.08582951326747165,0.10293893440494373,0.0972193617569673,0.10865850705292016,0.0920053276518171,0.08943272015370521,0.09457793514992899,0.12839118720716092,0.12548185729698197,0.1313005171173399,0.08466663205246497,0.082780479403268,0.08655278470166192,0.09647782222896195,0.09501039724181702,0.0979452472161069,0.14871850468171374,0.1475609963052587,0.14987601305816878,0.12886481878037417,0.14352631264121893,0.1142033249195294,0.1301366270345537,0.1292170965522351,0.13105615751687233,2015-2019,7
768,SDP,Eero Heinäluoma,731,0.10756433888221373,0.1054721888269434,0.10965648893748407,0.13393076207657834,0.12027950809230528,0.1475820160608514,0.09725936298976989,0.10296008548883154,0.09155864049070825,0.13306654364528903,0.13925903285126098,0.12687405443931704,0.07525523696376077,0.07412897028763901,0.07638150363988253,0.0789445091916088,0.07660306995257955,0.08128594843063804,0.12949844678187675,0.13462194669460223,0.12437494686915125,0.10290291855326074,0.10398227471129018,0.1018235623952313,0.14157788091564194,0.14269292309454776,0.1404628387367361,2015-2019,7
769,RKP,Mikaela Nylander,122,0.12132263076673024,0.1323507392598849,0.11029452227357558,0.11140420586744437,0.11630274828371467,0.10650566345117407,0.13221942444028636,0.12131829365146787,0.14312055522910486,0.09598991286535868,0.09099283378798412,0.10098699194273324,0.13852475177708556,0.14050400770568144,0.13654549584848968,0.0966923615392079,0.08906379933953493,0.10432092373888087,0.09873104143446695,0.09903929037979865,0.09842279248913524,0.10199839959268972,0.10494389650409452,0.09905290268128492,0.10311727171673027,0.10548439108783894,0.1007501523456216,2015-2019,7
771,VIHR,Jyrki Kasvi,130,0.10841095899875541,0.10584781860553587,0.11097409939197496,0.11019154818975707,0.111745846039271,0.10863725034024316,0.1349133298785239,0.12109621664040005,0.1487304431166477,0.09217788210762792,0.09540025949206551,0.08895550472319035,0.12608359194557903,0.12638186500212722,0.12578531888903083,0.08273478078949364,0.0764368116664602,0.08903274991252708,0.11474028600758722,0.1119894091488195,0.11749116286635494,0.12000957499705986,0.13486034674698444,0.1051588032471353,0.11073804708561592,0.11624142665833621,0.10523466751289563,2015-2019,7
772,KESK,Antti Kaikkonen,130,0.08949647766374136,0.08880640011042719,0.09018655521705554,0.1164965407961388,0.12129487499819805,0.11169820659407956,0.08487323101421271,0.08205236178229842,0.08769410024612698,0.15036711350187654,0.1322575268451372,0.16847670015861588,0.10070788600676535,0.11380551413619741,0.08761025787733329,0.08040446674084552,0.07847625939339542,0.08233267408829562,0.12910726739741102,0.129102600240883,0.12911193455393907,0.11805464771020038,0.11781027546853946,0.11829901995186132,0.13049236916880824,0.13639418702492379,0.12459055131269273,2015-2019,7
778,KD,Sari Essayah,637,0.10821490804386855,0.10484916601075138,0.1115806500769857,0.14148344896237178,0.1335782927648116,0.14938860515993196,0.10065726944617784,0.10555135964566897,0.09576317924668669,0.1293301648704171,0.13182515049551838,0.12683517924531584,0.09436153720471382,0.09153335371907365,0.097189720690354,0.10437928056754245,0.11986565027060021,0.08889291086448467,0.1259760510771758,0.12617599347856118,0.1257761086757904,0.0820775771085602,0.07925107180419391,0.08490408241292649,0.11351976271917247,0.10736996181082073,0.11966956362752419,2015-2019,7
779,KESK,Esko Kiviranta,233,0.11560719826420585,0.11276122328126932,0.11845317324714236,0.09443690721481846,0.08960659763456508,0.09926721679507182,0.10625859129731105,0.11112780577884089,0.10138937681578122,0.10454762192723933,0.09306813880647878,0.11602710504799989,0.09207023961731478,0.10929092458908421,0.07484955464554535,0.1198409392979767,0.11366864085628589,0.12601323773966752,0.12296020156623141,0.11693581286383521,0.12898459026862763,0.12097256046811478,0.12774498572912146,0.1142001352071081,0.12330574034678757,0.1257958704605191,0.12081561023305605,2015-2019,7
784,KOK,Arto Satonen,183,0.0877776769301079,0.08108575756664889,0.09446959629356691,0.11406856860088664,0.11545808106437272,0.11267905613740056,0.08617403437888521,0.08567495634853123,0.08667311240923921,0.1529000414391236,0.15880569283998355,0.1469943900382637,0.07210289980227891,0.06648866415070498,0.07771713545385282,0.09747503947745803,0.09928546919410965,0.0956646097608064,0.15133185050227158,0.14246768024488055,0.1601960207596626,0.1123955783442363,0.11651787090368945,0.10827328578478315,0.1257743105247518,0.134215827687079,0.11733279336242461,2015-2019,7
786,KESK,Mikko Alatalo,108,0.05922280392563273,0.05972233771636863,0.05872327013489683,0.09010406813022875,0.08344352667434066,0.09676460958611685,0.10306367660682067,0.10589989351994697,0.10022745969369436,0.17884089477466453,0.1821310853088542,0.1755507042404749,0.0841157366230747,0.08014090754198923,0.08809056570416018,0.08087267554246849,0.07978544955973724,0.08195990152519975,0.10517612547258649,0.10924940525327967,0.10110284569189332,0.15234653583498647,0.15180315832376146,0.15288991334621152,0.14625748308953712,0.14782423610172196,0.14469073007735228,2015-2019,7
790,KESK,Kimmo Tiilikainen,338,0.09307452053373633,0.08673255041105532,0.09941649065641735,0.11101138048551187,0.10251629976246365,0.1195064612085601,0.12521630751335677,0.12598955860402386,0.12444305642268967,0.15052623012741606,0.1589451725396393,0.1421072877151928,0.09325025772538428,0.09644472210979209,0.09005579334097646,0.09085206692087032,0.08344228204335796,0.09826185179838268,0.11942188121794567,0.1302702779357954,0.10857348450009593,0.11056211334781818,0.11299195611721506,0.1081322705784213,0.10608524212796054,0.10266718047665735,0.10950330377926373,2015-2019,7
791,SDP,Anneli Kiljunen,405,0.13663033162138247,0.14327657948674138,0.12998408375602355,0.1294845515996048,0.12663519067958845,0.13233391251962118,0.15354594884531286,0.14110254164678096,0.1659893560438448,0.10460314757965822,0.1118082167276054,0.09739807843171103,0.0885497001665851,0.08549985387126141,0.09159954646190879,0.10639504555515866,0.1060440460610023,0.10674604504931504,0.09046478101962852,0.09182613064327896,0.08910343139597807,0.08995203272673036,0.08681859850283269,0.09308546695062803,0.10037446088593896,0.10698884238090842,0.0937600793909695,2015-2019,7
797,KESK,Hannu Hoskonen,971,0.07103836220394799,0.08268269519371832,0.05939402921417768,0.11384161931303854,0.11876049806279784,0.10892274056327925,0.08506838865507718,0.09296869526940675,0.07716808204074761,0.16757495544167814,0.14974996654952344,0.18539994433383283,0.08107321411617066,0.08439313477140328,0.07775329346093804,0.08710137121426798,0.09115361570688775,0.08304912672164819,0.12047549932260651,0.11602734158706193,0.12492365705815109,0.11814572031125892,0.12050256756882763,0.1157888730536902,0.15568086942195408,0.1437614852903731,0.16760025355353506,2015-2019,7
800,KESK,Tapani Tölli,69,0.09049239936946088,0.08235170173487864,0.09863309700404313,0.1268267199918753,0.11654161640757314,0.1371118235761775,0.1019382522731914,0.11057311804489198,0.0933033865014908,0.14928634976209348,0.15541548585673431,0.14315721366745265,0.10007883639605258,0.10760749674490055,0.09255017604720463,0.08605857528108993,0.0865744462772428,0.08554270428493707,0.11921194231207158,0.119144005063484,0.11927987956065918,0.11474125123611259,0.11693356803877838,0.11254893443344678,0.11136567337805223,0.10485856183151614,0.1178727849245883,2015-2019,7
802,VAS,Markus Mustajärvi,190,0.11623904352317257,0.10155454150976624,0.13092354553657892,0.11096385548483167,0.12126539998299272,0.10066231098667064,0.10764329296556698,0.1086235646228153,0.10666302130831865,0.09611772865880115,0.09574477570151843,0.09649068161608387,0.1242494980559169,0.11481185206377617,0.13368714404805762,0.09543533656575835,0.10856270123268716,0.08230797189882955,0.10909038651003436,0.10583147579116234,0.11234929722890637,0.11989682218297379,0.11712534686509642,0.12266829750085118,0.12036403605294421,0.1264803422301852,0.11424772987570324,2015-2019,7
808,SDP,Jutta Urpilainen,40,0.11882328142101478,0.12723055554861532,0.11041600729341423,0.10243240093700312,0.1086261478715509,0.09623865400245535,0.10640014600812428,0.09922002432785423,0.11358026768839433,0.1176960427879202,0.12470602052229332,0.11068606505354708,0.13192071248749665,0.1332071779217422,0.1306342470532511,0.12021171880128567,0.11514857564911336,0.125274861953458,0.12099447805142616,0.11348358983744418,0.12850536626540815,0.10325598709670766,0.09766690315578538,0.10884507103762993,0.07826523240902145,0.08071100516560106,0.07581945965244183,2015-2019,7
811,KESK,Aila Paloniemi,206,0.12221925653722066,0.11512998921137266,0.12930852386306865,0.10276504386927218,0.10379959571905666,0.10173049201948772,0.11494148694342657,0.10514602362066364,0.1247369502661895,0.120456580781296,0.12468347819958855,0.11622968336300343,0.1032924371305296,0.10636093948798922,0.10022393477306997,0.114663371484231,0.12226251168473017,0.10706423128373185,0.10115318575819937,0.09932154569034193,0.1029848258260568,0.10710972406873108,0.11744672857474914,0.09677271956271302,0.11339891342709349,0.10584918781150798,0.12094863904267901,2015-2019,7
856,PS,Jussi Niinistö,63,0.06709286784957232,0.07269730812322821,0.061488427575916424,0.07901482664856085,0.06859968552314473,0.08942996777397696,0.09353225580595231,0.1096982104273319,0.07736630118457274,0.12906991653504832,0.11819047165468555,0.1399493614154111,0.09032469444364954,0.08325170024666771,0.09739768864063138,0.06348514357614257,0.06353416753699798,0.06343611961528715,0.12982829821258202,0.12986368566714795,0.12979291075801608,0.1867882426737505,0.19789623292850897,0.17568025241899204,0.1608637542547416,0.15626853789228703,0.1654589706171961,2015-2019,7
856,SIN,Jussi Niinistö,50,0.07111797101449954,0.0738188229333033,0.06841711909569577,0.07755609826091156,0.07544438670659863,0.0796678098152245,0.08420979748490923,0.08220915936281813,0.08621043560700033,0.12879813693387596,0.13120560111275498,0.12639067275499694,0.08733076466699868,0.08160136271407921,0.09306016661991814,0.0651561159995489,0.06513165415475376,0.06518057784434403,0.12613669413316642,0.12557829027671646,0.1266950979896164,0.19671415312254598,0.20473331096332975,0.1886949952817622,0.16298026838354374,0.16027741177564575,0.1656831249914417,2015-2019,7
887,SDP,Sirpa Paatero,286,0.11155788231418046,0.11309122096635608,0.11002454366200483,0.15478348191184121,0.1490312632124245,0.16053570061125794,0.09287606233741638,0.09138768503165066,0.09436443964318211,0.11044155477423673,0.11265464343106471,0.10822846611740874,0.09416701493491805,0.0900036483711121,0.098330381498724,0.11279201487909335,0.1088198937098855,0.11676413604830119,0.1125002203239732,0.11277537733045824,0.11222506331748813,0.09741412588627454,0.10050411100326322,0.09432414076928589,0.11346764263806605,0.12173215694378495,0.10520312833234717,2015-2019,7
910,RKP,Stefan Wallin,130,0.12503482647881792,0.12602277588716088,0.12404687707047493,0.10375731562407114,0.10862252609117143,0.09889210515697087,0.09663122971071297,0.09745152318434294,0.09581093623708299,0.0991111135964064,0.10185720443956996,0.09636502275324282,0.1605547776142504,0.15957771362444362,0.16153184160405723,0.0850308558545593,0.07979563711168117,0.09026607459743742,0.12890316195653712,0.12681636281058523,0.13098996110248903,0.09991421854246102,0.09924440662745736,0.10058403045746467,0.10106250062218375,0.10061185022358746,0.10151315102078004,2015-2019,7
913,KESK,Eerikki Viljanen,155,0.10406625310086606,0.10910770337921212,0.09902480282252,0.09078004656188143,0.09585186437643785,0.08570822874732503,0.10767229747536503,0.102700871966439,0.11264372298429107,0.1480436194712178,0.1445228173955842,0.15156442154685137,0.10583788905634187,0.10567145414266002,0.10600432397002373,0.07341545018094787,0.07644329357446511,0.07038760678743064,0.11835706768908295,0.12056072133896174,0.11615341403920416,0.1339617899242559,0.1254289808844307,0.14249459896408107,0.11786558654004115,0.1197122929418093,0.116018880138273,2015-2019,7
914,VIHR,Outi Alanko-Kahiluoto,341,0.1865003257090666,0.1941869788164003,0.17881367260173292,0.1316907198076307,0.14022640258680585,0.12315503702845551,0.12826988316275367,0.12599294138782183,0.13054682493768555,0.07354900769307085,0.07123507098345352,0.07586294440268816,0.10703819189841696,0.1046196944879156,0.1094566893089183,0.11931553053307628,0.11277126963324235,0.1258597914329102,0.07637519814665479,0.07684302843032681,0.07590736786298277,0.08255522597441173,0.07638260937427659,0.08872784257454688,0.09470591707491846,0.09774200429975725,0.09166982985007968,2015-2019,7
917,VAS,Paavo Arhinmäki,429,0.13597589053262993,0.1430268393965645,0.1289249416686954,0.15378432163741212,0.15458345615568664,0.1529851871191376,0.1423745567775938,0.14149620673062094,0.14325290682456668,0.08575480997596632,0.09103143109103547,0.08047818886089717,0.11291491772621504,0.11490124324500253,0.11092859220742753,0.06967062144688121,0.058610846204382464,0.08073039668937998,0.10799274100784492,0.11882497305552428,0.09716050896016556,0.09445606979118809,0.08591956038673385,0.10299257919564234,0.09707607110426858,0.09160544373444938,0.10254669847408777,2015-2019,7
921,VIHR,Johanna Karimäki,347,0.13091442702111336,0.14005570509660376,0.12177314894562297,0.12239506409038889,0.12427214335860115,0.12051798482217661,0.14383250792200392,0.15296026772879873,0.1347047481152091,0.09535159089125649,0.09151245457323944,0.09919072720927354,0.11644488954370324,0.11239958145056347,0.12049019763684302,0.0967105784007945,0.09394216333345126,0.09947899346813774,0.09637861814462295,0.09091092853698898,0.10184630775225692,0.09340074535512388,0.08878788573332952,0.09801360497691823,0.10457157863099281,0.1051588701884237,0.10398428707356193,2015-2019,7
923,RKP,Thomas Blomqvist,46,0.12207002131692851,0.1291906663983557,0.11494937623550135,0.09680826158565006,0.09481960783515608,0.09879691533614403,0.12674402498783244,0.13213366467737078,0.12135438529829408,0.10039901184441105,0.0972137562644898,0.10358426742433229,0.1872061890984733,0.17217601354387152,0.2022363646530751,0.07793032933753122,0.0764394421772687,0.07942121649779374,0.07852068185485263,0.07986186127357958,0.07717950243612567,0.10761273537317192,0.11031351005283199,0.10491196069351187,0.10270874460114887,0.10785147777707585,0.0975660114252219,2015-2019,7
925,KESK,Markku Pakkanen,354,0.0769142157559008,0.07616759925443586,0.07766083225736571,0.11449020233182086,0.11729137873678719,0.11168902592685455,0.09566516784644999,0.09934729947510626,0.0919830362177937,0.15753105274351192,0.13552006576851905,0.1795420397185048,0.08377729064746853,0.09052903012799338,0.07702555116694368,0.10574496305757053,0.11315625465358008,0.09833367146156097,0.11049027628346053,0.10946398950873906,0.111516563058182,0.1290917585992526,0.13792870556505446,0.12025481163345075,0.12629507273456425,0.12059567690978465,0.13199446855934382,2015-2019,7
926,SDP,Maria Guzenina,137,0.12668040583760307,0.13011039835741406,0.12325041331779207,0.15267080011275186,0.15163577167430342,0.1537058285512003,0.12218855226215969,0.11976743373569232,0.12460967078862706,0.08014203469460593,0.07202295776816223,0.08826111162104962,0.09857594496271277,0.09338435288158511,0.10376753704384042,0.11710443347181484,0.12613832352868234,0.10807054341494733,0.11529738220781183,0.11855330839574874,0.11204145601987492,0.08889490442830558,0.08918963815994123,0.08860017069666995,0.09844554202223443,0.0991978154984705,0.09769326854599836,2015-2019,7
930,VIHR,Heli Järvinen,266,0.12916140582280775,0.1423508762756262,0.11597193536998929,0.12595140153024767,0.13711324080799608,0.11478956225249926,0.14079038001591163,0.12254668440465392,0.15903407562716934,0.09619924913660367,0.09135193625022127,0.10104656202298608,0.09946138582922891,0.09449741357352764,0.10442535808493017,0.08819283501542535,0.08383778625986411,0.09254788377098659,0.11773376537797736,0.12338594611819254,0.11208158463776219,0.09953141555844969,0.1053276571342997,0.09373517398259967,0.10297816171334795,0.09958845917561852,0.10636786425107736,2015-2019,7
934,KOK,Sanna Lauslahti,172,0.10553691542198125,0.10276385148151404,0.10830997936244846,0.11608107217981553,0.12648802739771223,0.10567411696191883,0.12604707511110314,0.12263212520120992,0.12946202502099632,0.13072693700656715,0.13155549465314476,0.12989837935998955,0.10263104932122835,0.09541046404121875,0.10985163460123797,0.09832905190134505,0.0987933513137256,0.09786475248896451,0.13481519348728535,0.13876082264755182,0.13086956432701888,0.09334066470790373,0.08500199560144983,0.10167933381435763,0.09249204086277044,0.09859386766247304,0.08639021406306782,2015-2019,7
935,KOK,Eero Lehti,155,0.10104548637890803,0.10118941358476925,0.1009015591730468,0.11082845769767335,0.10959501147491771,0.11206190392042899,0.09132252242073217,0.09867263139248723,0.08397241344897712,0.12553146505756396,0.11997382629351631,0.13108910382161162,0.10911118282535504,0.10147019543089511,0.11675217021981495,0.08809756631537641,0.09667973967899143,0.07951539295176138,0.1386272993627896,0.13201502225222067,0.14523957647335858,0.11752112398727241,0.12103371293946519,0.11400853503507961,0.117914895954329,0.11937044695273705,0.11645934495592096,2015-2019,7
940,KOK,Outi Mäkelä,133,0.10607423223393979,0.11049734974272656,0.10165111472515302,0.11139748746557895,0.10175375981777501,0.12104121511338291,0.10533249325687469,0.11038839084887053,0.10027659566487886,0.119594518763347,0.11621735309241865,0.12297168443427534,0.09798680371782031,0.10702429034360623,0.08894931709203438,0.11662254737725081,0.1272792996832533,0.1059657950712483,0.12070058759569052,0.11069787473826813,0.13070330045311293,0.1110678006987702,0.11137782100719502,0.11075778039034538,0.11122352889072776,0.10476386072588664,0.11768319705556889,2015-2019,7
943,RKP,Mats Nylund,57,0.1223761458166685,0.12015550850751192,0.12459678312582508,0.10256476720306654,0.09954908786824171,0.10558044653789136,0.1226295465061529,0.12397765693935532,0.12128143607295047,0.09547371069989727,0.09622387130032398,0.09472355009947056,0.15423890255096656,0.15576421232442414,0.15271359277750896,0.11676008154600223,0.11433927661227491,0.11918088647972953,0.09124559296200707,0.09091456357814501,0.09157662234586912,0.09273312755034194,0.09443337691163549,0.0910328781890484,0.10197812516489699,0.10464244595808744,0.09931380437170653,2015-2019,7
946,KESK,Tuomo Puumala,142,0.10641146098636911,0.10610052878380723,0.10672239318893098,0.12940243620361336,0.1315496451544071,0.12725522725281962,0.1088398099317793,0.10351768715196515,0.11416193271159344,0.12201037576996354,0.12809620878340985,0.11592454275651723,0.10410689419170269,0.10195801627201892,0.10625577211138645,0.09576557974447172,0.08088183908036875,0.1106493204085747,0.11421879047543917,0.12125802487044617,0.10717955608043217,0.10262857688201897,0.11019743443610346,0.09505971932793449,0.11661607581464212,0.11644061546747335,0.11679153616181089,2015-2019,7
947,KOK,Petteri Orpo,618,0.10716858917294247,0.10122530082952079,0.11311187751636417,0.1228550947825059,0.11343052790069738,0.13227966166431443,0.09570510870113548,0.09531674835450694,0.09609346904776402,0.13155565636614752,0.13878197063193182,0.12432934210036321,0.08797360607067489,0.07996877583061905,0.09597843631073075,0.0992528107019828,0.10509660565906016,0.09340901574490543,0.16265083796472024,0.16923295243145303,0.15606872349798748,0.10207013649641716,0.10683808101165557,0.09730219198117877,0.09076815974347346,0.09010903735055523,0.09142728213639172,2015-2019,7
948,KOK,Anne-Mari Virolainen,76,0.09786199996395784,0.09930385630813886,0.09642014361977681,0.11625899458553457,0.1103024603610904,0.12221552880997874,0.11853231293521582,0.1044906411203487,0.13257398475008295,0.11844757029622263,0.12356649978573049,0.11332864080671479,0.09797631392413747,0.10627740810207484,0.0896752197462001,0.09679503468602543,0.10261333852854282,0.09097673084350803,0.1369238656732109,0.12906906153512915,0.14477866981129264,0.10266114879179833,0.10475562046534286,0.1005666771182538,0.11454275914389708,0.11962111379360199,0.10946440449419217,2015-2019,7
952,SDP,Katja Taimela,198,0.12766348388329585,0.13479826151976562,0.12052870624682607,0.13378922405382465,0.13182708865014361,0.13575135945750566,0.12308496155319927,0.12229940158441713,0.12387052152198141,0.11333303662202279,0.11318183821169399,0.11348423503235161,0.10398652836363226,0.1099940624631911,0.09797899426407343,0.08937461331162883,0.09218929560524917,0.08655993101800846,0.09612226233548056,0.09201756113373745,0.10022696353722367,0.10277164495974678,0.09500209568749823,0.11054119423199534,0.10987424491716904,0.10869039514430374,0.11105809469003433,2015-2019,7
953,KESK,Anne Kalmari,233,0.09613137762620566,0.10025201527108478,0.09201073998132656,0.10609555967109255,0.11300794456199215,0.09918317478019295,0.11224248665311712,0.11668407855222807,0.10780089475400619,0.1558727564894027,0.14452928145581115,0.1672162315229942,0.09560092003238618,0.0996922357021853,0.09150960436258705,0.08850480768885514,0.09244228390394485,0.08456733147376544,0.12597238932292337,0.11564467364554513,0.13630010500030162,0.11079835113915132,0.10852121406722806,0.11307548821107456,0.108781351376866,0.10922627283998054,0.10833642991375145,2015-2019,7
954,SDP,Ilkka Kantola,119,0.0972127805564227,0.09581659205530303,0.09860896905754236,0.1337266126165139,0.138981350164639,0.12847187506838878,0.1234270611472801,0.12168294120508591,0.12517118108947428,0.10871334176892644,0.1158546014310525,0.10157208210680038,0.08148945875329186,0.08055976774939377,0.08241914975718995,0.09908632400603144,0.10371570271664317,0.09445694529541972,0.11953856630171004,0.12163176823320207,0.11744536437021802,0.12185684993509932,0.11164555774078662,0.132068142129412,0.11494900491472418,0.11011171870389384,0.11978629112555453,2015-2019,7
959,KESK,Timo V. Korhonen,212,0.08000256870347133,0.0816802147700123,0.07832492263693035,0.0907846081313653,0.08468316329663031,0.09688605296610028,0.0885130050362252,0.09008889116427239,0.08693711890817801,0.20702772768195488,0.2320561303152096,0.18199932504870017,0.10000529506666092,0.08884510488116505,0.11116548525215678,0.0888462769855166,0.0854974041846778,0.0921951497863554,0.11271580454017044,0.10282557044190625,0.12260603863843463,0.11681529578241451,0.11833246859104989,0.11529812297377914,0.11528941807222079,0.11599105235507634,0.11458778378936522,2015-2019,7
962,KESK,Mirja Vehkaperä,132,0.09345522492036318,0.09275923215683414,0.09415121768389222,0.10994212293521818,0.10944503262423715,0.11043921324619924,0.11630754431075199,0.10849610114246551,0.12411898747903846,0.16155421345910093,0.14368217155807267,0.17942625536012918,0.09846441001887557,0.09922096810427547,0.09770785193347567,0.10220926585983725,0.11046338518933127,0.09395514653034323,0.143836997118658,0.15511224588176126,0.13256174835555473,0.09510026779299546,0.09862028474322396,0.09158025084276696,0.07912995358419941,0.08220057859979843,0.07605932856860041,2015-2019,7
967,KOK,Timo Heinonen,926,0.09895029090025254,0.08760672192038076,0.11029385988012433,0.11464836774232424,0.11251249038784394,0.11678424509680455,0.0885597058370603,0.1012545763500238,0.0758648353240968,0.10666561181687978,0.11265703122409258,0.10067419240966698,0.08875730805694565,0.07954596578401857,0.09796865032987272,0.1045879820582547,0.10785385880278389,0.10132210531372551,0.14381741459904823,0.13812230326717878,0.14951252593091766,0.1312264496418495,0.14124810384183611,0.12120479544186291,0.12278686934738499,0.1191989484218415,0.12637479027292847,2015-2019,7
972,KOK,Harri Jaskari,136,0.10399819815749073,0.10114267155059462,0.10685372476438686,0.10489397208211942,0.10095750650718922,0.10883043765704961,0.12615407032613105,0.12886790769430267,0.12344023295795943,0.1329350487682478,0.1432803165798183,0.12258978095667732,0.14053699894507965,0.14255528072806925,0.13851871716209008,0.076158607156076,0.07070427714751662,0.08161293716463539,0.13971485449443122,0.1465082053677206,0.1329215036211418,0.07702800521531358,0.07326733600581194,0.08078867442481522,0.09858024485511058,0.09271649841897676,0.1044439912912444,2015-2019,7
