term,rep,a,b,d,n_a,n_b,malli,teema
2015-2019,0,VAS,SDP,0.10176886792452833,3246,8480,party,kaikki
2015-2019,0,VAS,VIHR,0.07721532335099068,3246,2980,party,kaikki
2015-2019,0,VAS,KESK,0.49634144422581317,3246,8928,party,kaikki
2015-2019,0,VAS,KOK,0.26816309145574047,3246,6349,party,kaikki
2015-2019,0,VAS,PS,0.3494326277755846,3246,5656,party,kaikki
2015-2019,0,SDP,VIHR,0.3553013011270103,8480,2980,party,kaikki
2015-2019,0,SDP,KESK,0.49169843285064596,8480,8928,party,kaikki
2015-2019,0,SDP,KOK,0.39577821273295166,8480,6349,party,kaikki
2015-2019,0,SDP,PS,0.42139389878172473,8480,5656,party,kaikki
2015-2019,0,VIHR,KESK,0.627606158740468,2980,8928,party,kaikki
2015-2019,0,VIHR,KOK,0.4486246843290864,2980,6349,party,kaikki
2015-2019,0,VIHR,PS,0.5285593252517966,2980,5656,party,kaikki
2015-2019,0,KESK,KOK,0.1932841320367107,8928,6349,party,kaikki
2015-2019,0,KESK,PS,0.4049953652479301,8928,5656,party,kaikki
2015-2019,0,KOK,PS,0.3109755336850426,6349,5656,party,kaikki
2015-2019,1,VAS,SDP,0.040092197124157236,3677,7365,party,kaikki
2015-2019,1,VAS,VIHR,0.16030886139675982,3677,2956,party,kaikki
2015-2019,1,VAS,KESK,0.4986097760202599,3677,8605,party,kaikki
2015-2019,1,VAS,KOK,0.2823504333490121,3677,6448,party,kaikki
2015-2019,1,VAS,PS,0.3744673175226032,3677,5880,party,kaikki
2015-2019,1,SDP,VIHR,0.38046175314432906,7365,2956,party,kaikki
2015-2019,1,SDP,KESK,0.47375154485168447,7365,8605,party,kaikki
2015-2019,1,SDP,KOK,0.3775708408928957,7365,6448,party,kaikki
2015-2019,1,SDP,PS,0.4470208191898619,7365,5880,party,kaikki
2015-2019,1,VIHR,KESK,0.5941359187117035,2956,8605,party,kaikki
2015-2019,1,VIHR,KOK,0.3827167249519001,2956,6448,party,kaikki
2015-2019,1,VIHR,PS,0.524025848499075,2956,5880,party,kaikki
2015-2019,1,KESK,KOK,0.2038043227507811,8605,6448,party,kaikki
2015-2019,1,KESK,PS,0.4457207484969583,8605,5880,party,kaikki
2015-2019,1,KOK,PS,0.2821636672659138,6448,5880,party,kaikki
2015-2019,2,VAS,SDP,0.14207981562438476,3566,9060,party,kaikki
2015-2019,2,VAS,VIHR,0.18713243591901696,3566,2972,party,kaikki
2015-2019,2,VAS,KESK,0.40763626582927714,3566,7955,party,kaikki
2015-2019,2,VAS,KOK,0.28614020186051947,3566,6772,party,kaikki
2015-2019,2,VAS,PS,0.38914192360625277,3566,6427,party,kaikki
2015-2019,2,SDP,VIHR,0.41574912576245104,9060,2972,party,kaikki
2015-2019,2,SDP,KESK,0.47818664035974967,9060,7955,party,kaikki
2015-2019,2,SDP,KOK,0.3745863371967939,9060,6772,party,kaikki
2015-2019,2,SDP,PS,0.41368679182161605,9060,6427,party,kaikki
2015-2019,2,VIHR,KESK,0.5450627816460862,2972,7955,party,kaikki
2015-2019,2,VIHR,KOK,0.471503425553244,2972,6772,party,kaikki
2015-2019,2,VIHR,PS,0.5577057463455923,2972,6427,party,kaikki
2015-2019,2,KESK,KOK,0.1914470535866435,7955,6772,party,kaikki
2015-2019,2,KESK,PS,0.41606727276123445,7955,6427,party,kaikki
2015-2019,2,KOK,PS,0.2797803878737728,6772,6427,party,kaikki
2015-2019,3,VAS,SDP,0.06636035234350635,3301,8555,party,kaikki
2015-2019,3,VAS,VIHR,0.19632023470136106,3301,3409,party,kaikki
2015-2019,3,VAS,KESK,0.5123167182948265,3301,9296,party,kaikki
2015-2019,3,VAS,KOK,0.34230560421326706,3301,5691,party,kaikki
2015-2019,3,VAS,PS,0.4405795005608182,3301,5987,party,kaikki
2015-2019,3,SDP,VIHR,0.3736145888106206,8555,3409,party,kaikki
2015-2019,3,SDP,KESK,0.48136302410946286,8555,9296,party,kaikki
2015-2019,3,SDP,KOK,0.39234471646711944,8555,5691,party,kaikki
2015-2019,3,SDP,PS,0.4126412994763542,8555,5987,party,kaikki
2015-2019,3,VIHR,KESK,0.615288407117133,3409,9296,party,kaikki
2015-2019,3,VIHR,KOK,0.5535209469347344,3409,5691,party,kaikki
2015-2019,3,VIHR,PS,0.5240492466247515,3409,5987,party,kaikki
2015-2019,3,KESK,KOK,0.21443746217644133,9296,5691,party,kaikki
2015-2019,3,KESK,PS,0.43126670465296724,9296,5987,party,kaikki
2015-2019,3,KOK,PS,0.36186149472747675,5691,5987,party,kaikki
2015-2019,4,VAS,SDP,0.14182101152499782,3470,8477,party,kaikki
2015-2019,4,VAS,VIHR,0.1548649675216054,3470,3437,party,kaikki
2015-2019,4,VAS,KESK,0.48146065013026096,3470,9501,party,kaikki
2015-2019,4,VAS,KOK,0.3757771556541045,3470,6514,party,kaikki
2015-2019,4,VAS,PS,0.3253992196276543,3470,5854,party,kaikki
2015-2019,4,SDP,VIHR,0.3353005817758292,8477,3437,party,kaikki
2015-2019,4,SDP,KESK,0.50106018778724,8477,9501,party,kaikki
2015-2019,4,SDP,KOK,0.4495289118573986,8477,6514,party,kaikki
2015-2019,4,SDP,PS,0.47515260550071003,8477,5854,party,kaikki
2015-2019,4,VIHR,KESK,0.5498179647383794,3437,9501,party,kaikki
2015-2019,4,VIHR,KOK,0.46777295498989724,3437,6514,party,kaikki
2015-2019,4,VIHR,PS,0.5089392758460924,3437,5854,party,kaikki
2015-2019,4,KESK,KOK,0.20408237492380366,9501,6514,party,kaikki
2015-2019,4,KESK,PS,0.43449415552503123,9501,5854,party,kaikki
2015-2019,4,KOK,PS,0.3253975380245895,6514,5854,party,kaikki
2015-2019,5,VAS,SDP,-0.025737428409354446,3094,8575,party,kaikki
2015-2019,5,VAS,VIHR,0.12273003958969686,3094,3429,party,kaikki
2015-2019,5,VAS,KESK,0.35141169345713275,3094,8746,party,kaikki
2015-2019,5,VAS,KOK,0.19840913385111603,3094,6206,party,kaikki
2015-2019,5,VAS,PS,0.2184790809719881,3094,5598,party,kaikki
2015-2019,5,SDP,VIHR,0.35516424392529156,8575,3429,party,kaikki
2015-2019,5,SDP,KESK,0.47010257083788076,8575,8746,party,kaikki
2015-2019,5,SDP,KOK,0.36033070601289663,8575,6206,party,kaikki
2015-2019,5,SDP,PS,0.4661974028625382,8575,5598,party,kaikki
2015-2019,5,VIHR,KESK,0.5728303275681514,3429,8746,party,kaikki
2015-2019,5,VIHR,KOK,0.42236489828609214,3429,6206,party,kaikki
2015-2019,5,VIHR,PS,0.498585348618966,3429,5598,party,kaikki
2015-2019,5,KESK,KOK,0.21359138515805287,8746,6206,party,kaikki
2015-2019,5,KESK,PS,0.38271051199478556,8746,5598,party,kaikki
2015-2019,5,KOK,PS,0.23460490182431304,6206,5598,party,kaikki
2015-2019,6,VAS,SDP,0.043430868195498684,3566,8349,party,kaikki
2015-2019,6,VAS,VIHR,0.20519879961961474,3566,3091,party,kaikki
2015-2019,6,VAS,KESK,0.4222146582202646,3566,9032,party,kaikki
2015-2019,6,VAS,KOK,0.37102460689856653,3566,6251,party,kaikki
2015-2019,6,VAS,PS,0.370825864636426,3566,5857,party,kaikki
2015-2019,6,SDP,VIHR,0.4003211716744439,8349,3091,party,kaikki
2015-2019,6,SDP,KESK,0.46256268949538737,8349,9032,party,kaikki
2015-2019,6,SDP,KOK,0.3972119617167398,8349,6251,party,kaikki
2015-2019,6,SDP,PS,0.4673768820848663,8349,5857,party,kaikki
2015-2019,6,VIHR,KESK,0.6131269774043275,3091,9032,party,kaikki
2015-2019,6,VIHR,KOK,0.496728184441638,3091,6251,party,kaikki
2015-2019,6,VIHR,PS,0.4876766095777687,3091,5857,party,kaikki
2015-2019,6,KESK,KOK,0.1959771644685655,9032,6251,party,kaikki
2015-2019,6,KESK,PS,0.4902804559751732,9032,5857,party,kaikki
2015-2019,6,KOK,PS,0.3059143523206682,6251,5857,party,kaikki
2015-2019,7,VAS,SDP,0.15744890688768165,3088,8901,party,kaikki
2015-2019,7,VAS,VIHR,0.23834327469496897,3088,2976,party,kaikki
2015-2019,7,VAS,KESK,0.44729754186456727,3088,9097,party,kaikki
2015-2019,7,VAS,KOK,0.3138893016285378,3088,6486,party,kaikki
2015-2019,7,VAS,PS,0.3506429864535865,3088,5810,party,kaikki
2015-2019,7,SDP,VIHR,0.4095077211331819,8901,2976,party,kaikki
2015-2019,7,SDP,KESK,0.45675949299117313,8901,9097,party,kaikki
2015-2019,7,SDP,KOK,0.4048399181000253,8901,6486,party,kaikki
2015-2019,7,SDP,PS,0.4974609014322977,8901,5810,party,kaikki
2015-2019,7,VIHR,KESK,0.6580266255211158,2976,9097,party,kaikki
2015-2019,7,VIHR,KOK,0.5263946809339555,2976,6486,party,kaikki
2015-2019,7,VIHR,PS,0.5779176035940998,2976,5810,party,kaikki
2015-2019,7,KESK,KOK,0.22948111814113226,9097,6486,party,kaikki
2015-2019,7,KESK,PS,0.5161477833947639,9097,5810,party,kaikki
2015-2019,7,KOK,PS,0.39034350697357967,6486,5810,party,kaikki
2019-2023,0,VAS,SDP,0.18010787859939437,2157,6091,party,kaikki
2019-2023,0,VAS,VIHR,0.4609660309752246,2157,2950,party,kaikki
2019-2023,0,VAS,KESK,0.31371541956420956,2157,6250,party,kaikki
2019-2023,0,VAS,KOK,0.3416015574295175,2157,6661,party,kaikki
2019-2023,0,VAS,PS,0.5095980459316769,2157,7705,party,kaikki
2019-2023,0,SDP,VIHR,0.539492109781311,6091,2950,party,kaikki
2019-2023,0,SDP,KESK,0.26040518798226886,6091,6250,party,kaikki
2019-2023,0,SDP,KOK,0.3518976600476518,6091,6661,party,kaikki
2019-2023,0,SDP,PS,0.7029033698403544,6091,7705,party,kaikki
2019-2023,0,VIHR,KESK,0.5058032271186441,2950,6250,party,kaikki
2019-2023,0,VIHR,KOK,0.6557418212260082,2950,6661,party,kaikki
2019-2023,0,VIHR,PS,0.8336641626062757,2950,7705,party,kaikki
2019-2023,0,KESK,KOK,0.20954038132412567,6250,6661,party,kaikki
2019-2023,0,KESK,PS,0.5486603504218039,6250,7705,party,kaikki
2019-2023,0,KOK,PS,0.3776200750521137,6661,7705,party,kaikki
2019-2023,1,VAS,SDP,0.2784253009966644,1873,6641,party,kaikki
2019-2023,1,VAS,VIHR,0.2903514130919975,1873,3050,party,kaikki
2019-2023,1,VAS,KESK,0.27143921196851406,1873,6343,party,kaikki
2019-2023,1,VAS,KOK,0.41045618179856236,1873,6833,party,kaikki
2019-2023,1,VAS,PS,0.5721841522710989,1873,8068,party,kaikki
2019-2023,1,SDP,VIHR,0.5255167476752711,6641,3050,party,kaikki
2019-2023,1,SDP,KESK,0.2268939104659038,6641,6343,party,kaikki
2019-2023,1,SDP,KOK,0.41732237238643166,6641,6833,party,kaikki
2019-2023,1,SDP,PS,0.6569718117280037,6641,8068,party,kaikki
2019-2023,1,VIHR,KESK,0.5138458039454881,3050,6343,party,kaikki
2019-2023,1,VIHR,KOK,0.5853135098953248,3050,6833,party,kaikki
2019-2023,1,VIHR,PS,0.80675406585011,3050,8068,party,kaikki
2019-2023,1,KESK,KOK,0.3555009435597145,6343,6833,party,kaikki
2019-2023,1,KESK,PS,0.6039444713627997,6343,8068,party,kaikki
2019-2023,1,KOK,PS,0.4401328463656753,6833,8068,party,kaikki
2019-2023,2,VAS,SDP,0.16041065110085673,2215,6964,party,kaikki
2019-2023,2,VAS,VIHR,0.4991545079969324,2215,2908,party,kaikki
2019-2023,2,VAS,KESK,0.37412787486074306,2215,6334,party,kaikki
2019-2023,2,VAS,KOK,0.43249211422270895,2215,7575,party,kaikki
2019-2023,2,VAS,PS,0.5779443290797763,2215,7792,party,kaikki
2019-2023,2,SDP,VIHR,0.5114519493848102,6964,2908,party,kaikki
2019-2023,2,SDP,KESK,0.22580569982627052,6964,6334,party,kaikki
2019-2023,2,SDP,KOK,0.4111163304727945,6964,7575,party,kaikki
2019-2023,2,SDP,PS,0.6634593412056371,6964,7792,party,kaikki
2019-2023,2,VIHR,KESK,0.5449646435537736,2908,6334,party,kaikki
2019-2023,2,VIHR,KOK,0.6533860841379875,2908,7575,party,kaikki
2019-2023,2,VIHR,PS,0.8047443644806225,2908,7792,party,kaikki
2019-2023,2,KESK,KOK,0.34482315045524126,6334,7575,party,kaikki
2019-2023,2,KESK,PS,0.5742281640298537,6334,7792,party,kaikki
2019-2023,2,KOK,PS,0.4178653065511888,7575,7792,party,kaikki
2019-2023,3,VAS,SDP,0.18782561549793186,2325,7219,party,kaikki
2019-2023,3,VAS,VIHR,0.33975864709211345,2325,2584,party,kaikki
2019-2023,3,VAS,KESK,0.28434875754566447,2325,5782,party,kaikki
2019-2023,3,VAS,KOK,0.358130183509475,2325,7005,party,kaikki
2019-2023,3,VAS,PS,0.5508883101453135,2325,7023,party,kaikki
2019-2023,3,SDP,VIHR,0.584541213267191,7219,2584,party,kaikki
2019-2023,3,SDP,KESK,0.2724340132253138,7219,5782,party,kaikki
2019-2023,3,SDP,KOK,0.4440512530429901,7219,7005,party,kaikki
2019-2023,3,SDP,PS,0.7089213154088114,7219,7023,party,kaikki
2019-2023,3,VIHR,KESK,0.5363601060406322,2584,5782,party,kaikki
2019-2023,3,VIHR,KOK,0.6886417927928528,2584,7005,party,kaikki
2019-2023,3,VIHR,PS,0.8506669704011012,2584,7023,party,kaikki
2019-2023,3,KESK,KOK,0.352759863427097,5782,7005,party,kaikki
2019-2023,3,KESK,PS,0.5673395705852189,5782,7023,party,kaikki
2019-2023,3,KOK,PS,0.44643547564680675,7005,7023,party,kaikki
2019-2023,4,VAS,SDP,0.07837840324613787,2165,6777,party,kaikki
2019-2023,4,VAS,VIHR,0.46558030577698295,2165,2790,party,kaikki
2019-2023,4,VAS,KESK,0.25942207116976235,2165,6785,party,kaikki
2019-2023,4,VAS,KOK,0.20121559868375738,2165,6572,party,kaikki
2019-2023,4,VAS,PS,0.47627035828658837,2165,7676,party,kaikki
2019-2023,4,SDP,VIHR,0.6016867615162607,6777,2790,party,kaikki
2019-2023,4,SDP,KESK,0.25340259095173123,6777,6785,party,kaikki
2019-2023,4,SDP,KOK,0.3350340663001159,6777,6572,party,kaikki
2019-2023,4,SDP,PS,0.6578756288992988,6777,7676,party,kaikki
2019-2023,4,VIHR,KESK,0.6131304823258135,2790,6785,party,kaikki
2019-2023,4,VIHR,KOK,0.6458845171325296,2790,6572,party,kaikki
2019-2023,4,VIHR,PS,0.8242467328226879,2790,7676,party,kaikki
2019-2023,4,KESK,KOK,0.28137876191215194,6785,6572,party,kaikki
2019-2023,4,KESK,PS,0.548492194757233,6785,7676,party,kaikki
2019-2023,4,KOK,PS,0.29894025516688183,6572,7676,party,kaikki
2019-2023,5,VAS,SDP,0.15328905393149395,2304,6585,party,kaikki
2019-2023,5,VAS,VIHR,0.4640505033154474,2304,2547,party,kaikki
2019-2023,5,VAS,KESK,0.354753652726838,2304,6271,party,kaikki
2019-2023,5,VAS,KOK,0.38336896886257676,2304,6292,party,kaikki
2019-2023,5,VAS,PS,0.576718436842143,2304,7706,party,kaikki
2019-2023,5,SDP,VIHR,0.49485562093239355,6585,2547,party,kaikki
2019-2023,5,SDP,KESK,0.3430991776514736,6585,6271,party,kaikki
2019-2023,5,SDP,KOK,0.38353580567289414,6585,6292,party,kaikki
2019-2023,5,SDP,PS,0.692699493004199,6585,7706,party,kaikki
2019-2023,5,VIHR,KESK,0.5173457543861892,2547,6271,party,kaikki
2019-2023,5,VIHR,KOK,0.640413624994415,2547,6292,party,kaikki
2019-2023,5,VIHR,PS,0.804495571498751,2547,7706,party,kaikki
2019-2023,5,KESK,KOK,0.38078664713897603,6271,6292,party,kaikki
2019-2023,5,KESK,PS,0.6314640994682472,6271,7706,party,kaikki
2019-2023,5,KOK,PS,0.3984777138016644,6292,7706,party,kaikki
2019-2023,6,VAS,SDP,0.40368502324217514,2098,6931,party,kaikki
2019-2023,6,VAS,VIHR,0.34365899121729404,2098,2619,party,kaikki
2019-2023,6,VAS,KESK,0.5169916964737535,2098,6616,party,kaikki
2019-2023,6,VAS,KOK,0.5499547014035213,2098,7132,party,kaikki
2019-2023,6,VAS,PS,0.7013689008823079,2098,8183,party,kaikki
2019-2023,6,SDP,VIHR,0.5100745145694847,6931,2619,party,kaikki
2019-2023,6,SDP,KESK,0.2846858531417915,6931,6616,party,kaikki
2019-2023,6,SDP,KOK,0.3916028745167188,6931,7132,party,kaikki
2019-2023,6,SDP,PS,0.6856093918417527,6931,8183,party,kaikki
2019-2023,6,VIHR,KESK,0.5737903022882267,2619,6616,party,kaikki
2019-2023,6,VIHR,KOK,0.6141877693039581,2619,7132,party,kaikki
2019-2023,6,VIHR,PS,0.782065623061099,2619,8183,party,kaikki
2019-2023,6,KESK,KOK,0.34893301118788833,6616,7132,party,kaikki
2019-2023,6,KESK,PS,0.5866995064974561,6616,8183,party,kaikki
2019-2023,6,KOK,PS,0.3928666868764559,7132,8183,party,kaikki
2019-2023,7,VAS,SDP,0.13895198208050585,2238,6087,party,kaikki
2019-2023,7,VAS,VIHR,0.43186045625232516,2238,2837,party,kaikki
2019-2023,7,VAS,KESK,0.3141664067402439,2238,6541,party,kaikki
2019-2023,7,VAS,KOK,0.45039668931978305,2238,6880,party,kaikki
2019-2023,7,VAS,PS,0.5527315161788449,2238,7462,party,kaikki
2019-2023,7,SDP,VIHR,0.5558460598840025,6087,2837,party,kaikki
2019-2023,7,SDP,KESK,0.16995827232941751,6087,6541,party,kaikki
2019-2023,7,SDP,KOK,0.4476922797727525,6087,6880,party,kaikki
2019-2023,7,SDP,PS,0.6175812551294888,6087,7462,party,kaikki
2019-2023,7,VIHR,KESK,0.5788694257210165,2837,6541,party,kaikki
2019-2023,7,VIHR,KOK,0.6829966964776091,2837,6880,party,kaikki
2019-2023,7,VIHR,PS,0.8212578320688058,2837,7462,party,kaikki
2019-2023,7,KESK,KOK,0.33313817939081947,6541,6880,party,kaikki
2019-2023,7,KESK,PS,0.5514321945351734,6541,7462,party,kaikki
2019-2023,7,KOK,PS,0.3347023952366408,6880,7462,party,kaikki
2023-2027,0,VAS,SDP,0.5627275448726605,2075,8653,party,kaikki
2023-2027,0,VAS,VIHR,0.3750923132108117,2075,2284,party,kaikki
2023-2027,0,VAS,KESK,0.7170450152977328,2075,3678,party,kaikki
2023-2027,0,VAS,KOK,0.7769869899165203,2075,5887,party,kaikki
2023-2027,0,VAS,PS,0.7698887803466117,2075,6660,party,kaikki
2023-2027,0,SDP,VIHR,0.5542735145661801,8653,2284,party,kaikki
2023-2027,0,SDP,KESK,0.42785677778869147,8653,3678,party,kaikki
2023-2027,0,SDP,KOK,0.5068544965390895,8653,5887,party,kaikki
2023-2027,0,SDP,PS,0.6097161185223128,8653,6660,party,kaikki
2023-2027,0,VIHR,KESK,0.6744884145708518,2284,3678,party,kaikki
2023-2027,0,VIHR,KOK,0.6850650770479763,2284,5887,party,kaikki
2023-2027,0,VIHR,PS,0.7691684679425486,2284,6660,party,kaikki
2023-2027,0,KESK,KOK,0.5710633460903569,3678,5887,party,kaikki
2023-2027,0,KESK,PS,0.6287824529260091,3678,6660,party,kaikki
2023-2027,0,KOK,PS,0.2506306714392328,5887,6660,party,kaikki
2023-2027,1,VAS,SDP,0.42020285987921313,2082,7977,party,kaikki
2023-2027,1,VAS,VIHR,0.3895679581329019,2082,2373,party,kaikki
2023-2027,1,VAS,KESK,0.6766553341250081,2082,3895,party,kaikki
2023-2027,1,VAS,KOK,0.7502707883387054,2082,6585,party,kaikki
2023-2027,1,VAS,PS,0.7551334300760999,2082,7050,party,kaikki
2023-2027,1,SDP,VIHR,0.5488963978348833,7977,2373,party,kaikki
2023-2027,1,SDP,KESK,0.35304375561124623,7977,3895,party,kaikki
2023-2027,1,SDP,KOK,0.45703447525531127,7977,6585,party,kaikki
2023-2027,1,SDP,PS,0.6096878703577748,7977,7050,party,kaikki
2023-2027,1,VIHR,KESK,0.5914859456000243,2373,3895,party,kaikki
2023-2027,1,VIHR,KOK,0.674950763797096,2373,6585,party,kaikki
2023-2027,1,VIHR,PS,0.7340848732639356,2373,7050,party,kaikki
2023-2027,1,KESK,KOK,0.5644262498014021,3895,6585,party,kaikki
2023-2027,1,KESK,PS,0.6286927594023983,3895,7050,party,kaikki
2023-2027,1,KOK,PS,0.13172176179475148,6585,7050,party,kaikki
2023-2027,2,VAS,SDP,0.4846914242654554,2216,8360,party,kaikki
2023-2027,2,VAS,VIHR,0.45575003902239253,2216,2521,party,kaikki
2023-2027,2,VAS,KESK,0.7126962342310124,2216,4381,party,kaikki
2023-2027,2,VAS,KOK,0.7699725875018006,2216,6916,party,kaikki
2023-2027,2,VAS,PS,0.7635648452632522,2216,6801,party,kaikki
2023-2027,2,SDP,VIHR,0.6296128786139017,8360,2521,party,kaikki
2023-2027,2,SDP,KESK,0.4024097915203646,8360,4381,party,kaikki
2023-2027,2,SDP,KOK,0.47322639272085265,8360,6916,party,kaikki
2023-2027,2,SDP,PS,0.6464327473654663,8360,6801,party,kaikki
2023-2027,2,VIHR,KESK,0.6946723985085428,2521,4381,party,kaikki
2023-2027,2,VIHR,KOK,0.7243969625647739,2521,6916,party,kaikki
2023-2027,2,VIHR,PS,0.7538520859422813,2521,6801,party,kaikki
2023-2027,2,KESK,KOK,0.6613246854780273,4381,6916,party,kaikki
2023-2027,2,KESK,PS,0.6213056735584188,4381,6801,party,kaikki
2023-2027,2,KOK,PS,0.28380042093969626,6916,6801,party,kaikki
2023-2027,3,VAS,SDP,0.47726268202125155,2023,8937,party,kaikki
2023-2027,3,VAS,VIHR,0.41909697669624424,2023,2230,party,kaikki
2023-2027,3,VAS,KESK,0.7133749064131436,2023,4586,party,kaikki
2023-2027,3,VAS,KOK,0.7228911224735692,2023,6361,party,kaikki
2023-2027,3,VAS,PS,0.7384617240714832,2023,7375,party,kaikki
2023-2027,3,SDP,VIHR,0.5921908767450881,8937,2230,party,kaikki
2023-2027,3,SDP,KESK,0.3453986013740318,8937,4586,party,kaikki
2023-2027,3,SDP,KOK,0.49025960461725315,8937,6361,party,kaikki
2023-2027,3,SDP,PS,0.6118484229531389,8937,7375,party,kaikki
2023-2027,3,VIHR,KESK,0.6856887505158027,2230,4586,party,kaikki
2023-2027,3,VIHR,KOK,0.7088943766773845,2230,6361,party,kaikki
2023-2027,3,VIHR,PS,0.7747233563882348,2230,7375,party,kaikki
2023-2027,3,KESK,KOK,0.5407794979395331,4586,6361,party,kaikki
2023-2027,3,KESK,PS,0.5986025560475137,4586,7375,party,kaikki
2023-2027,3,KOK,PS,0.24414922501791914,6361,7375,party,kaikki
2023-2027,4,VAS,SDP,0.38432600693477714,2077,7474,party,kaikki
2023-2027,4,VAS,VIHR,0.38321588538247187,2077,2244,party,kaikki
2023-2027,4,VAS,KESK,0.7350495582212895,2077,3966,party,kaikki
2023-2027,4,VAS,KOK,0.7586739850700943,2077,6586,party,kaikki
2023-2027,4,VAS,PS,0.7510945375853422,2077,6594,party,kaikki
2023-2027,4,SDP,VIHR,0.4630746063477571,7474,2244,party,kaikki
2023-2027,4,SDP,KESK,0.32037619471151046,7474,3966,party,kaikki
2023-2027,4,SDP,KOK,0.4675651987930056,7474,6586,party,kaikki
2023-2027,4,SDP,PS,0.6279289181162171,7474,6594,party,kaikki
2023-2027,4,VIHR,KESK,0.6728892331700023,2244,3966,party,kaikki
2023-2027,4,VIHR,KOK,0.6491942883218496,2244,6586,party,kaikki
2023-2027,4,VIHR,PS,0.7440757329760701,2244,6594,party,kaikki
2023-2027,4,KESK,KOK,0.5591032736658192,3966,6586,party,kaikki
2023-2027,4,KESK,PS,0.5848403804188806,3966,6594,party,kaikki
2023-2027,4,KOK,PS,0.21660333898221262,6586,6594,party,kaikki
2023-2027,5,VAS,SDP,0.5064395060049083,2060,8565,party,kaikki
2023-2027,5,VAS,VIHR,0.3859723801471373,2060,1998,party,kaikki
2023-2027,5,VAS,KESK,0.7489482590744401,2060,4148,party,kaikki
2023-2027,5,VAS,KOK,0.7351979875004913,2060,6175,party,kaikki
2023-2027,5,VAS,PS,0.7802227876543928,2060,7017,party,kaikki
2023-2027,5,SDP,VIHR,0.5774529929813059,8565,1998,party,kaikki
2023-2027,5,SDP,KESK,0.42946704563942095,8565,4148,party,kaikki
2023-2027,5,SDP,KOK,0.5019841696387,8565,6175,party,kaikki
2023-2027,5,SDP,PS,0.6279509499114031,8565,7017,party,kaikki
2023-2027,5,VIHR,KESK,0.6561420388566002,1998,4148,party,kaikki
2023-2027,5,VIHR,KOK,0.6755840861104021,1998,6175,party,kaikki
2023-2027,5,VIHR,PS,0.7813816381580383,1998,7017,party,kaikki
2023-2027,5,KESK,KOK,0.5598881857116642,4148,6175,party,kaikki
2023-2027,5,KESK,PS,0.6013632480094835,4148,7017,party,kaikki
2023-2027,5,KOK,PS,0.18758261457570646,6175,7017,party,kaikki
2023-2027,6,VAS,SDP,0.4731756239752234,1996,8250,party,kaikki
2023-2027,6,VAS,VIHR,0.3990875745848812,1996,2481,party,kaikki
2023-2027,6,VAS,KESK,0.6875867074134345,1996,4309,party,kaikki
2023-2027,6,VAS,KOK,0.7407563838626599,1996,6594,party,kaikki
2023-2027,6,VAS,PS,0.7852238765041879,1996,6358,party,kaikki
2023-2027,6,SDP,VIHR,0.553173524849462,8250,2481,party,kaikki
2023-2027,6,SDP,KESK,0.41024390106682995,8250,4309,party,kaikki
2023-2027,6,SDP,KOK,0.4831636841573148,8250,6594,party,kaikki
2023-2027,6,SDP,PS,0.603948754611227,8250,6358,party,kaikki
2023-2027,6,VIHR,KESK,0.6692830702477846,2481,4309,party,kaikki
2023-2027,6,VIHR,KOK,0.7046997887615885,2481,6594,party,kaikki
2023-2027,6,VIHR,PS,0.7583674301539769,2481,6358,party,kaikki
2023-2027,6,KESK,KOK,0.5449488423585005,4309,6594,party,kaikki
2023-2027,6,KESK,PS,0.5507363645050838,4309,6358,party,kaikki
2023-2027,6,KOK,PS,0.2068946213316214,6594,6358,party,kaikki
2023-2027,7,VAS,SDP,0.4098791831316899,2058,8036,party,kaikki
2023-2027,7,VAS,VIHR,0.3812155423097674,2058,2068,party,kaikki
2023-2027,7,VAS,KESK,0.708938834488849,2058,4383,party,kaikki
2023-2027,7,VAS,KOK,0.7551732439698506,2058,5514,party,kaikki
2023-2027,7,VAS,PS,0.7650410455609269,2058,7402,party,kaikki
2023-2027,7,SDP,VIHR,0.5677933944252798,8036,2068,party,kaikki
2023-2027,7,SDP,KESK,0.43166871596637857,8036,4383,party,kaikki
2023-2027,7,SDP,KOK,0.5141756907120714,8036,5514,party,kaikki
2023-2027,7,SDP,PS,0.6352388818003394,8036,7402,party,kaikki
2023-2027,7,VIHR,KESK,0.695614452003984,2068,4383,party,kaikki
2023-2027,7,VIHR,KOK,0.7813441642129162,2068,5514,party,kaikki
2023-2027,7,VIHR,PS,0.8063367133249051,2068,7402,party,kaikki
2023-2027,7,KESK,KOK,0.5631701306470553,4383,5514,party,kaikki
2023-2027,7,KESK,PS,0.5633135392121671,4383,7402,party,kaikki
2023-2027,7,KOK,PS,0.3194505166137984,5514,7402,party,kaikki
2015-2019,0,VAS,SDP,0.05167209233501047,109,155,party,maahanmuutto
2015-2019,0,VAS,VIHR,0.10932138104909317,109,131,party,maahanmuutto
2015-2019,0,VAS,KESK,0.7105862450387144,109,141,party,maahanmuutto
2015-2019,0,VAS,KOK,0.3617448502683056,109,265,party,maahanmuutto
2015-2019,0,VAS,PS,0.5110999780818486,109,293,party,maahanmuutto
2015-2019,0,SDP,VIHR,0.29436099482886013,155,131,party,maahanmuutto
2015-2019,0,SDP,KESK,0.44388011896591184,155,141,party,maahanmuutto
2015-2019,0,SDP,KOK,0.4528545343883139,155,265,party,maahanmuutto
2015-2019,0,SDP,PS,0.6007046130133218,155,293,party,maahanmuutto
2015-2019,0,VIHR,KESK,0.8030426073304098,131,141,party,maahanmuutto
2015-2019,0,VIHR,KOK,0.4591963128330694,131,265,party,maahanmuutto
2015-2019,0,VIHR,PS,0.5950811557199804,131,293,party,maahanmuutto
2015-2019,0,KESK,KOK,0.1819617288906732,141,265,party,maahanmuutto
2015-2019,0,KESK,PS,0.6503763948393968,141,293,party,maahanmuutto
2015-2019,0,KOK,PS,0.22779316118230408,265,293,party,maahanmuutto
2015-2019,1,VAS,SDP,0.12519405633178105,108,167,party,maahanmuutto
2015-2019,1,VAS,VIHR,0.11783021960013107,108,113,party,maahanmuutto
2015-2019,1,VAS,KESK,0.6069511540526031,108,138,party,maahanmuutto
2015-2019,1,VAS,KOK,0.4381858710562414,108,216,party,maahanmuutto
2015-2019,1,VAS,PS,0.47038450664404863,108,262,party,maahanmuutto
2015-2019,1,SDP,VIHR,0.4525992263261087,167,113,party,maahanmuutto
2015-2019,1,SDP,KESK,0.22841273973791543,167,138,party,maahanmuutto
2015-2019,1,SDP,KOK,0.37702373031714354,167,216,party,maahanmuutto
2015-2019,1,SDP,PS,0.5046395758102116,167,262,party,maahanmuutto
2015-2019,1,VIHR,KESK,0.7643965627805567,113,138,party,maahanmuutto
2015-2019,1,VIHR,KOK,0.47861356932153387,113,216,party,maahanmuutto
2015-2019,1,VIHR,PS,0.6373708032155645,113,262,party,maahanmuutto
2015-2019,1,KESK,KOK,0.2844202898550725,138,216,party,maahanmuutto
2015-2019,1,KESK,PS,0.5992366412213741,138,262,party,maahanmuutto
2015-2019,1,KOK,PS,0.237630760531524,216,262,party,maahanmuutto
2015-2019,2,VAS,SDP,0.16285832987120918,83,174,party,maahanmuutto
2015-2019,2,VAS,VIHR,0.21552878179384205,83,126,party,maahanmuutto
2015-2019,2,VAS,KESK,0.4514643941620138,83,123,party,maahanmuutto
2015-2019,2,VAS,KOK,0.41808613765406455,83,261,party,maahanmuutto
2015-2019,2,VAS,PS,0.6184738955823292,83,342,party,maahanmuutto
2015-2019,2,SDP,VIHR,0.46278051450465263,174,126,party,maahanmuutto
2015-2019,2,SDP,KESK,0.27623586580693393,174,123,party,maahanmuutto
2015-2019,2,SDP,KOK,0.33500682608887145,174,261,party,maahanmuutto
2015-2019,2,SDP,PS,0.4763393157222555,174,342,party,maahanmuutto
2015-2019,2,VIHR,KESK,0.6256291134339913,126,123,party,maahanmuutto
2015-2019,2,VIHR,KOK,0.4839749437450589,126,261,party,maahanmuutto
2015-2019,2,VIHR,PS,0.6876450385222315,126,342,party,maahanmuutto
2015-2019,2,KESK,KOK,0.16531165311653107,123,261,party,maahanmuutto
2015-2019,2,KESK,PS,0.5696762230780203,123,342,party,maahanmuutto
2015-2019,2,KOK,PS,0.23208084067128243,261,342,party,maahanmuutto
2015-2019,3,VAS,SDP,0.1751842454995769,89,186,party,maahanmuutto
2015-2019,3,VAS,VIHR,-0.013601419278533311,89,152,party,maahanmuutto
2015-2019,3,VAS,KESK,0.6218468636059231,89,151,party,maahanmuutto
2015-2019,3,VAS,KOK,0.38434715226656335,89,232,party,maahanmuutto
2015-2019,3,VAS,PS,0.5857509303081758,89,311,party,maahanmuutto
2015-2019,3,SDP,VIHR,0.391411997736276,186,152,party,maahanmuutto
2015-2019,3,SDP,KESK,0.32400484227017,186,151,party,maahanmuutto
2015-2019,3,SDP,KOK,0.5037078235076009,186,232,party,maahanmuutto
2015-2019,3,SDP,PS,0.5658818241537875,186,311,party,maahanmuutto
2015-2019,3,VIHR,KESK,0.6590275357267341,152,151,party,maahanmuutto
2015-2019,3,VIHR,KOK,0.6281760435571688,152,232,party,maahanmuutto
2015-2019,3,VIHR,PS,0.5896513792519884,152,311,party,maahanmuutto
2015-2019,3,KESK,KOK,0.437371546015072,151,232,party,maahanmuutto
2015-2019,3,KESK,PS,0.610698238964247,151,311,party,maahanmuutto
2015-2019,3,KOK,PS,0.4183113427209224,232,311,party,maahanmuutto
2015-2019,4,VAS,SDP,0.17137087305687304,107,199,party,maahanmuutto
2015-2019,4,VAS,VIHR,-0.07313247500163389,107,143,party,maahanmuutto
2015-2019,4,VAS,KESK,0.5474925172561236,107,153,party,maahanmuutto
2015-2019,4,VAS,KOK,0.43529166521905305,107,269,party,maahanmuutto
2015-2019,4,VAS,PS,0.46427303915769547,107,316,party,maahanmuutto
2015-2019,4,SDP,VIHR,0.3527778753909405,199,143,party,maahanmuutto
2015-2019,4,SDP,KESK,0.26186487995533225,199,153,party,maahanmuutto
2015-2019,4,SDP,KOK,0.41458220470381657,199,269,party,maahanmuutto
2015-2019,4,SDP,PS,0.598975892118822,199,316,party,maahanmuutto
2015-2019,4,VIHR,KESK,0.5607660313542666,143,153,party,maahanmuutto
2015-2019,4,VIHR,KOK,0.5403332726752801,143,269,party,maahanmuutto
2015-2019,4,VIHR,PS,0.593830220412499,143,316,party,maahanmuutto
2015-2019,4,KESK,KOK,0.18876497315159035,153,269,party,maahanmuutto
2015-2019,4,KESK,PS,0.6322081575246132,153,316,party,maahanmuutto
2015-2019,4,KOK,PS,0.2527175191755684,269,316,party,maahanmuutto
2015-2019,5,VAS,SDP,-0.11059209695745487,89,178,party,maahanmuutto
2015-2019,5,VAS,VIHR,0.021304538158470665,89,154,party,maahanmuutto
2015-2019,5,VAS,KESK,0.42671660424469415,89,135,party,maahanmuutto
2015-2019,5,VAS,KOK,0.12734082397003754,89,168,party,maahanmuutto
2015-2019,5,VAS,PS,0.30074419962060395,89,308,party,maahanmuutto
2015-2019,5,SDP,VIHR,0.4004815409309792,178,154,party,maahanmuutto
2015-2019,5,SDP,KESK,0.25568039950062404,178,135,party,maahanmuutto
2015-2019,5,SDP,KOK,0.3860353130016052,178,168,party,maahanmuutto
2015-2019,5,SDP,PS,0.6736100977674011,178,308,party,maahanmuutto
2015-2019,5,VIHR,KESK,0.6959114959114958,154,135,party,maahanmuutto
2015-2019,5,VIHR,KOK,0.5598330241187384,154,168,party,maahanmuutto
2015-2019,5,VIHR,PS,0.6735958846348455,154,308,party,maahanmuutto
2015-2019,5,KESK,KOK,0.2789241622574956,135,168,party,maahanmuutto
2015-2019,5,KESK,PS,0.6498316498316499,135,308,party,maahanmuutto
2015-2019,5,KOK,PS,0.19693104514533077,168,308,party,maahanmuutto
2015-2019,6,VAS,SDP,0.11979524314876078,83,193,party,maahanmuutto
2015-2019,6,VAS,VIHR,0.21439399984042118,83,151,party,maahanmuutto
2015-2019,6,VAS,KESK,0.4971584451011595,83,159,party,maahanmuutto
2015-2019,6,VAS,KOK,0.49776885319054,83,216,party,maahanmuutto
2015-2019,6,VAS,PS,0.60308314001347,83,322,party,maahanmuutto
2015-2019,6,SDP,VIHR,0.37665991833373336,193,151,party,maahanmuutto
2015-2019,6,SDP,KESK,0.3376348290807183,193,159,party,maahanmuutto
2015-2019,6,SDP,KOK,0.3789579735175592,193,216,party,maahanmuutto
2015-2019,6,SDP,PS,0.5370257136420686,193,322,party,maahanmuutto
2015-2019,6,VIHR,KESK,0.7218543046357615,151,159,party,maahanmuutto
2015-2019,6,VIHR,KOK,0.5301692420897719,151,216,party,maahanmuutto
2015-2019,6,VIHR,PS,0.5997696515980424,151,322,party,maahanmuutto
2015-2019,6,KESK,KOK,0.2843582576286978,159,216,party,maahanmuutto
2015-2019,6,KESK,PS,0.6209617563186063,159,322,party,maahanmuutto
2015-2019,6,KOK,PS,0.2581953071083507,216,322,party,maahanmuutto
2015-2019,7,VAS,SDP,0.10431216051435532,93,194,party,maahanmuutto
2015-2019,7,VAS,VIHR,0.014690292291382967,93,142,party,maahanmuutto
2015-2019,7,VAS,KESK,0.593365661676857,93,153,party,maahanmuutto
2015-2019,7,VAS,KOK,0.2800105764145955,93,244,party,maahanmuutto
2015-2019,7,VAS,PS,0.42485337243401755,93,352,party,maahanmuutto
2015-2019,7,SDP,VIHR,0.5170611296645855,194,142,party,maahanmuutto
2015-2019,7,SDP,KESK,0.4319115962536215,194,153,party,maahanmuutto
2015-2019,7,SDP,KOK,0.4438482339023153,194,244,party,maahanmuutto
2015-2019,7,SDP,PS,0.5613284910965324,194,352,party,maahanmuutto
2015-2019,7,VIHR,KESK,0.7982141213292828,142,153,party,maahanmuutto
2015-2019,7,VIHR,KOK,0.6096744400831215,142,244,party,maahanmuutto
2015-2019,7,VIHR,PS,0.7408770806658129,142,352,party,maahanmuutto
2015-2019,7,KESK,KOK,0.42285438765670214,153,244,party,maahanmuutto
2015-2019,7,KESK,PS,0.6822638146167557,153,352,party,maahanmuutto
2015-2019,7,KOK,PS,0.2581501490312965,244,352,party,maahanmuutto
2019-2023,0,VAS,SDP,0.2338593974175036,41,136,party,maahanmuutto
2019-2023,0,VAS,VIHR,0.14565762480054723,41,214,party,maahanmuutto
2019-2023,0,VAS,KESK,0.4102787456445993,41,112,party,maahanmuutto
2019-2023,0,VAS,KOK,0.33113601406284343,41,222,party,maahanmuutto
2019-2023,0,VAS,PS,0.6915660350341273,41,511,party,maahanmuutto
2019-2023,0,SDP,VIHR,0.1610087960417812,136,214,party,maahanmuutto
2019-2023,0,SDP,KESK,0.19432773109243695,136,112,party,maahanmuutto
2019-2023,0,SDP,KOK,0.23714891361950174,136,222,party,maahanmuutto
2019-2023,0,SDP,PS,0.7569068723379764,136,511,party,maahanmuutto
2019-2023,0,VIHR,KESK,0.32301401869158886,214,112,party,maahanmuutto
2019-2023,0,VIHR,KOK,0.5387303191041508,214,222,party,maahanmuutto
2019-2023,0,VIHR,PS,0.8724692283775628,214,511,party,maahanmuutto
2019-2023,0,KESK,KOK,0.349099099099099,112,222,party,maahanmuutto
2019-2023,0,KESK,PS,0.7704780542353931,112,511,party,maahanmuutto
2019-2023,0,KOK,PS,0.5104458666102503,222,511,party,maahanmuutto
2019-2023,1,SDP,VIHR,0.2511074610522126,181,222,party,maahanmuutto
2019-2023,1,SDP,KESK,0.1229281767955801,181,96,party,maahanmuutto
2019-2023,1,SDP,KOK,0.4439523309437923,181,242,party,maahanmuutto
2019-2023,1,SDP,PS,0.6757014407973132,181,510,party,maahanmuutto
2019-2023,1,VIHR,KESK,0.3307057057057059,222,96,party,maahanmuutto
2019-2023,1,VIHR,KOK,0.513104013104013,222,242,party,maahanmuutto
2019-2023,1,VIHR,PS,0.820084790673026,222,510,party,maahanmuutto
2019-2023,1,KESK,KOK,0.5087809917355373,96,242,party,maahanmuutto
2019-2023,1,KESK,PS,0.781168300653595,96,510,party,maahanmuutto
2019-2023,1,KOK,PS,0.46410630367849626,242,510,party,maahanmuutto
2019-2023,2,VAS,SDP,0.010822510822510845,30,154,party,maahanmuutto
2019-2023,2,VAS,VIHR,0.36395534290271137,30,209,party,maahanmuutto
2019-2023,2,VAS,KESK,0.43137254901960786,30,102,party,maahanmuutto
2019-2023,2,VAS,KOK,0.4262008733624454,30,229,party,maahanmuutto
2019-2023,2,VAS,PS,0.6403397027600848,30,471,party,maahanmuutto
2019-2023,2,SDP,VIHR,0.2640278381905179,154,209,party,maahanmuutto
2019-2023,2,SDP,KESK,0.20244461420932014,154,102,party,maahanmuutto
2019-2023,2,SDP,KOK,0.43293824079850296,154,229,party,maahanmuutto
2019-2023,2,SDP,PS,0.7235503350153032,154,471,party,maahanmuutto
2019-2023,2,VIHR,KESK,0.4985458298151797,209,102,party,maahanmuutto
2019-2023,2,VIHR,KOK,0.5855916090344957,209,229,party,maahanmuutto
2019-2023,2,VIHR,PS,0.8454474344517926,209,471,party,maahanmuutto
2019-2023,2,KESK,KOK,0.462368353454919,102,229,party,maahanmuutto
2019-2023,2,KESK,PS,0.7584197160817618,102,471,party,maahanmuutto
2019-2023,2,KOK,PS,0.529496843100715,229,471,party,maahanmuutto
2019-2023,3,VAS,SDP,0.08013937282229966,41,175,party,maahanmuutto
2019-2023,3,VAS,VIHR,0.017762460233297972,41,184,party,maahanmuutto
2019-2023,3,VAS,KESK,0.5792682926829267,41,88,party,maahanmuutto
2019-2023,3,VAS,KOK,0.395872420262664,41,221,party,maahanmuutto
2019-2023,3,VAS,PS,0.6617811590959948,41,436,party,maahanmuutto
2019-2023,3,SDP,VIHR,0.4438509316770183,175,184,party,maahanmuutto
2019-2023,3,SDP,KESK,0.2915584415584416,175,88,party,maahanmuutto
2019-2023,3,SDP,KOK,0.3990433096315449,175,221,party,maahanmuutto
2019-2023,3,SDP,PS,0.7265006553079947,175,436,party,maahanmuutto
2019-2023,3,VIHR,KESK,0.39908596837944654,184,88,party,maahanmuutto
2019-2023,3,VIHR,KOK,0.5715128860908913,184,221,party,maahanmuutto
2019-2023,3,VIHR,PS,0.888312724371759,184,436,party,maahanmuutto
2019-2023,3,KESK,KOK,0.4404566022213081,88,221,party,maahanmuutto
2019-2023,3,KESK,PS,0.7528148457047539,88,436,party,maahanmuutto
2019-2023,3,KOK,PS,0.455477603885591,221,436,party,maahanmuutto
2019-2023,4,VAS,SDP,0.10956072351421198,43,180,party,maahanmuutto
2019-2023,4,VAS,VIHR,0.014921360397902816,43,173,party,maahanmuutto
2019-2023,4,VAS,KESK,0.45935988947731987,43,101,party,maahanmuutto
2019-2023,4,VAS,KOK,0.29607191713894854,43,238,party,maahanmuutto
2019-2023,4,VAS,PS,0.6474149529117816,43,484,party,maahanmuutto
2019-2023,4,SDP,VIHR,0.4725112395632627,180,173,party,maahanmuutto
2019-2023,4,SDP,KESK,0.08877887788778893,180,101,party,maahanmuutto
2019-2023,4,SDP,KOK,0.3096638655462185,180,238,party,maahanmuutto
2019-2023,4,SDP,PS,0.7443067033976125,180,484,party,maahanmuutto
2019-2023,4,VIHR,KESK,0.35511932696159776,173,101,party,maahanmuutto
2019-2023,4,VIHR,KOK,0.671005974644193,173,238,party,maahanmuutto
2019-2023,4,VIHR,PS,0.8819806047867005,173,484,party,maahanmuutto
2019-2023,4,KESK,KOK,0.3784840668940843,101,238,party,maahanmuutto
2019-2023,4,KESK,PS,0.7492021929465673,101,484,party,maahanmuutto
2019-2023,4,KOK,PS,0.3166539343009933,238,484,party,maahanmuutto
2019-2023,5,VAS,SDP,0.07319347319347314,39,165,party,maahanmuutto
2019-2023,5,VAS,VIHR,0.2794871794871794,39,160,party,maahanmuutto
2019-2023,5,VAS,KESK,0.5123543123543124,39,110,party,maahanmuutto
2019-2023,5,VAS,KOK,0.2990654205607477,39,214,party,maahanmuutto
2019-2023,5,VAS,PS,0.634051282051282,39,500,party,maahanmuutto
2019-2023,5,SDP,VIHR,0.3020454545454543,165,160,party,maahanmuutto
2019-2023,5,SDP,KESK,0.4232506887052343,165,110,party,maahanmuutto
2019-2023,5,SDP,KOK,0.25777400169923537,165,214,party,maahanmuutto
2019-2023,5,SDP,PS,0.7072484848484848,165,500,party,maahanmuutto
2019-2023,5,VIHR,KESK,0.4190909090909092,160,110,party,maahanmuutto
2019-2023,5,VIHR,KOK,0.5895443925233643,160,214,party,maahanmuutto
2019-2023,5,VIHR,PS,0.8383250000000002,160,500,party,maahanmuutto
2019-2023,5,KESK,KOK,0.38895497026338144,110,214,party,maahanmuutto
2019-2023,5,KESK,PS,0.728909090909091,110,500,party,maahanmuutto
2019-2023,5,KOK,PS,0.29067289719626155,214,500,party,maahanmuutto
2019-2023,6,VAS,SDP,0.3065642458100559,32,179,party,maahanmuutto
2019-2023,6,VAS,VIHR,-0.06421703296703296,32,182,party,maahanmuutto
2019-2023,6,VAS,KESK,0.6771844660194177,32,103,party,maahanmuutto
2019-2023,6,VAS,KOK,0.6836099585062241,32,241,party,maahanmuutto
2019-2023,6,VAS,PS,0.7777164310954066,32,566,party,maahanmuutto
2019-2023,6,SDP,VIHR,0.20369574559518688,179,182,party,maahanmuutto
2019-2023,6,SDP,KESK,0.35195530726256985,179,103,party,maahanmuutto
2019-2023,6,SDP,KOK,0.3209392892742069,179,241,party,maahanmuutto
2019-2023,6,SDP,PS,0.7100696843476717,179,566,party,maahanmuutto
2019-2023,6,VIHR,KESK,0.41032753654112875,182,103,party,maahanmuutto
2019-2023,6,VIHR,KOK,0.4215494049518944,182,241,party,maahanmuutto
2019-2023,6,VIHR,PS,0.8036733584436766,182,566,party,maahanmuutto
2019-2023,6,KESK,KOK,0.5037666680095072,103,241,party,maahanmuutto
2019-2023,6,KESK,PS,0.7894610449758139,103,566,party,maahanmuutto
2019-2023,6,KOK,PS,0.44948169435362084,241,566,party,maahanmuutto
2019-2023,7,VAS,SDP,0.08511870295309776,44,157,party,maahanmuutto
2019-2023,7,VAS,VIHR,0.29025191675794093,44,166,party,maahanmuutto
2019-2023,7,VAS,KESK,0.4619834710743802,44,110,party,maahanmuutto
2019-2023,7,VAS,KOK,0.37773654916512034,44,245,party,maahanmuutto
2019-2023,7,VAS,PS,0.637551990493167,44,459,party,maahanmuutto
2019-2023,7,SDP,VIHR,0.3592203207735398,157,166,party,maahanmuutto
2019-2023,7,SDP,KESK,0.14035900405327162,157,110,party,maahanmuutto
2019-2023,7,SDP,KOK,0.38546730794228545,157,245,party,maahanmuutto
2019-2023,7,SDP,PS,0.6522487268084873,157,459,party,maahanmuutto
2019-2023,7,VIHR,KESK,0.41128148959474276,166,110,party,maahanmuutto
2019-2023,7,VIHR,KOK,0.6027538726333908,166,245,party,maahanmuutto
2019-2023,7,VIHR,PS,0.8822216972465025,166,459,party,maahanmuutto
2019-2023,7,KESK,KOK,0.4318367346938776,110,245,party,maahanmuutto
2019-2023,7,KESK,PS,0.753178847296494,110,459,party,maahanmuutto
2019-2023,7,KOK,PS,0.4322351162687297,245,459,party,maahanmuutto
2023-2027,0,VAS,SDP,0.5897346974163344,79,146,party,maahanmuutto
2023-2027,0,VAS,VIHR,0.1409510776599383,79,74,party,maahanmuutto
2023-2027,0,VAS,KESK,0.7304019542527203,79,57,party,maahanmuutto
2023-2027,0,VAS,KOK,0.8229795520934762,79,130,party,maahanmuutto
2023-2027,0,VAS,PS,0.705688190995033,79,395,party,maahanmuutto
2023-2027,0,SDP,VIHR,0.28285820066641976,146,74,party,maahanmuutto
2023-2027,0,SDP,KESK,0.1550108147080027,146,57,party,maahanmuutto
2023-2027,0,SDP,KOK,0.28703898840885134,146,130,party,maahanmuutto
2023-2027,0,SDP,PS,0.5263395179469392,146,395,party,maahanmuutto
2023-2027,0,VIHR,KESK,0.5670934091986726,74,57,party,maahanmuutto
2023-2027,0,VIHR,KOK,0.7201663201663202,74,130,party,maahanmuutto
2023-2027,0,VIHR,PS,0.8056790968183376,74,395,party,maahanmuutto
2023-2027,0,KESK,KOK,0.5390013495276653,57,130,party,maahanmuutto
2023-2027,0,KESK,PS,0.5480346435709527,57,395,party,maahanmuutto
2023-2027,0,KOK,PS,0.3263485881207402,130,395,party,maahanmuutto
2023-2027,1,VAS,SDP,0.7538877620013522,58,153,party,maahanmuutto
2023-2027,1,VAS,VIHR,0.23946360153256707,58,72,party,maahanmuutto
2023-2027,1,VAS,KESK,0.6651193633952257,58,52,party,maahanmuutto
2023-2027,1,VAS,KOK,0.8889106583072099,58,176,party,maahanmuutto
2023-2027,1,VAS,PS,0.8989701981588392,58,442,party,maahanmuutto
2023-2027,1,SDP,VIHR,0.39832970225127085,153,72,party,maahanmuutto
2023-2027,1,SDP,KESK,0.21266968325791868,153,52,party,maahanmuutto
2023-2027,1,SDP,KOK,0.3735888294711822,153,176,party,maahanmuutto
2023-2027,1,SDP,PS,0.6016325082069027,153,442,party,maahanmuutto
2023-2027,1,VIHR,KESK,0.42681623931623935,72,52,party,maahanmuutto
2023-2027,1,VIHR,KOK,0.8287563131313131,72,176,party,maahanmuutto
2023-2027,1,VIHR,PS,0.7881473102061338,72,442,party,maahanmuutto
2023-2027,1,KESK,KOK,0.4956293706293706,52,176,party,maahanmuutto
2023-2027,1,KESK,PS,0.5978941872607031,52,442,party,maahanmuutto
2023-2027,1,KOK,PS,0.2192513368983957,176,442,party,maahanmuutto
2023-2027,2,VAS,SDP,0.7441965291863872,58,153,party,maahanmuutto
2023-2027,2,VAS,VIHR,0.50543221539915,58,73,party,maahanmuutto
2023-2027,2,VAS,KESK,0.6405172413793103,58,40,party,maahanmuutto
2023-2027,2,VAS,KOK,0.8622495035204909,58,191,party,maahanmuutto
2023-2027,2,VAS,PS,0.8758143969489909,58,434,party,maahanmuutto
2023-2027,2,SDP,VIHR,0.555018354373713,153,73,party,maahanmuutto
2023-2027,2,SDP,KESK,0.21372549019607834,153,40,party,maahanmuutto
2023-2027,2,SDP,KOK,0.29487047873250516,153,191,party,maahanmuutto
2023-2027,2,SDP,PS,0.6435649528628655,153,434,party,maahanmuutto
2023-2027,2,VIHR,KESK,0.6363013698630138,73,40,party,maahanmuutto
2023-2027,2,VIHR,KOK,0.778813741662483,73,191,party,maahanmuutto
2023-2027,2,VIHR,PS,0.8601098415504072,73,434,party,maahanmuutto
2023-2027,2,KESK,KOK,0.5811518324607328,40,191,party,maahanmuutto
2023-2027,2,KESK,PS,0.637327188940092,40,434,party,maahanmuutto
2023-2027,2,KOK,PS,0.2563273578304823,191,434,party,maahanmuutto
2023-2027,3,VAS,SDP,0.5623244382022472,64,178,party,maahanmuutto
2023-2027,3,VAS,VIHR,0.24069148936170226,64,47,party,maahanmuutto
2023-2027,3,VAS,KESK,0.6746031746031744,64,63,party,maahanmuutto
2023-2027,3,VAS,KOK,0.786580882352941,64,170,party,maahanmuutto
2023-2027,3,VAS,PS,0.7052765237020318,64,443,party,maahanmuutto
2023-2027,3,SDP,VIHR,0.3978006215634713,178,47,party,maahanmuutto
2023-2027,3,SDP,KESK,0.09559479222400569,178,63,party,maahanmuutto
2023-2027,3,SDP,KOK,0.3288169200264375,178,170,party,maahanmuutto
2023-2027,3,SDP,PS,0.5675805919801153,178,443,party,maahanmuutto
2023-2027,3,VIHR,KESK,0.6345829111786558,47,63,party,maahanmuutto
2023-2027,3,VIHR,KOK,0.8623279098873593,47,170,party,maahanmuutto
2023-2027,3,VIHR,PS,0.8064454156860863,47,443,party,maahanmuutto
2023-2027,3,KESK,KOK,0.4095238095238094,63,170,party,maahanmuutto
2023-2027,3,KESK,PS,0.5510408828693254,63,443,party,maahanmuutto
2023-2027,3,KOK,PS,0.3611472580002657,170,443,party,maahanmuutto
2023-2027,4,VAS,SDP,0.5596872616323416,69,152,party,maahanmuutto
2023-2027,4,VAS,VIHR,0.0724637681159419,69,63,party,maahanmuutto
2023-2027,4,VAS,KESK,0.8422428130197197,69,61,party,maahanmuutto
2023-2027,4,VAS,KOK,0.8130695131476178,69,167,party,maahanmuutto
2023-2027,4,VAS,PS,0.7235947782932357,69,403,party,maahanmuutto
2023-2027,4,SDP,VIHR,0.25250626566416035,152,63,party,maahanmuutto
2023-2027,4,SDP,KESK,0.34124245038826584,152,61,party,maahanmuutto
2023-2027,4,SDP,KOK,0.3176016388276077,152,167,party,maahanmuutto
2023-2027,4,SDP,PS,0.5877628313961083,152,403,party,maahanmuutto
2023-2027,4,VIHR,KESK,0.6518345042935207,63,61,party,maahanmuutto
2023-2027,4,VIHR,KOK,0.569052371447581,63,167,party,maahanmuutto
2023-2027,4,VIHR,PS,0.8243333727204696,63,403,party,maahanmuutto
2023-2027,4,KESK,KOK,0.5396093059782072,61,167,party,maahanmuutto
2023-2027,4,KESK,PS,0.6002928853272587,61,403,party,maahanmuutto
2023-2027,4,KOK,PS,0.21498937608653668,167,403,party,maahanmuutto
2023-2027,5,VAS,SDP,0.7110793266585984,61,149,party,maahanmuutto
2023-2027,5,VAS,VIHR,0.20776179324188693,61,49,party,maahanmuutto
2023-2027,5,VAS,KESK,0.8714965626652562,61,62,party,maahanmuutto
2023-2027,5,VAS,KOK,0.8690523790483806,61,164,party,maahanmuutto
2023-2027,5,VAS,PS,0.9249544626593806,61,360,party,maahanmuutto
2023-2027,5,SDP,VIHR,0.4745925215723874,149,49,party,maahanmuutto
2023-2027,5,SDP,KESK,0.17666161506819655,149,62,party,maahanmuutto
2023-2027,5,SDP,KOK,0.39867408741201515,149,164,party,maahanmuutto
2023-2027,5,SDP,PS,0.6384041759880685,149,360,party,maahanmuutto
2023-2027,5,VIHR,KESK,0.6846609611586572,49,62,party,maahanmuutto
2023-2027,5,VIHR,KOK,0.7857142857142856,49,164,party,maahanmuutto
2023-2027,5,VIHR,PS,0.9213151927437644,49,360,party,maahanmuutto
2023-2027,5,KESK,KOK,0.6123131392604249,62,164,party,maahanmuutto
2023-2027,5,KESK,PS,0.6354838709677422,62,360,party,maahanmuutto
2023-2027,5,KOK,PS,0.18268970189701905,164,360,party,maahanmuutto
2023-2027,6,VAS,SDP,0.635682720395476,79,169,party,maahanmuutto
2023-2027,6,VAS,VIHR,0.2641572285143239,79,76,party,maahanmuutto
2023-2027,6,VAS,KESK,0.7489020924825627,79,49,party,maahanmuutto
2023-2027,6,VAS,KOK,0.8008818091309913,79,178,party,maahanmuutto
2023-2027,6,VAS,PS,0.8058236203367173,79,303,party,maahanmuutto
2023-2027,6,SDP,VIHR,0.3654624727499223,169,76,party,maahanmuutto
2023-2027,6,SDP,KESK,0.24574326772128985,169,49,party,maahanmuutto
2023-2027,6,SDP,KOK,0.2904727079316536,169,178,party,maahanmuutto
2023-2027,6,SDP,PS,0.620247231823774,169,303,party,maahanmuutto
2023-2027,6,VIHR,KESK,0.6160042964554242,76,49,party,maahanmuutto
2023-2027,6,VIHR,KOK,0.7275280898876404,76,178,party,maahanmuutto
2023-2027,6,VIHR,PS,0.8305541080423833,76,303,party,maahanmuutto
2023-2027,6,KESK,KOK,0.2850263700986013,49,178,party,maahanmuutto
2023-2027,6,KESK,PS,0.5306795985721022,49,303,party,maahanmuutto
2023-2027,6,KOK,PS,0.13090073052249052,178,303,party,maahanmuutto
2023-2027,7,VAS,SDP,0.5088477366255144,72,135,party,maahanmuutto
2023-2027,7,VAS,VIHR,0.17229729729729715,72,74,party,maahanmuutto
2023-2027,7,VAS,KESK,0.7561728395061729,72,63,party,maahanmuutto
2023-2027,7,VAS,KOK,0.6908602150537633,72,124,party,maahanmuutto
2023-2027,7,VAS,PS,0.7011709018435475,72,446,party,maahanmuutto
2023-2027,7,SDP,VIHR,0.48108108108108105,135,74,party,maahanmuutto
2023-2027,7,SDP,KESK,0.3267489711934157,135,63,party,maahanmuutto
2023-2027,7,SDP,KOK,0.22664277180406223,135,124,party,maahanmuutto
2023-2027,7,SDP,PS,0.627935558877263,135,446,party,maahanmuutto
2023-2027,7,VIHR,KESK,0.7194337194337197,74,63,party,maahanmuutto
2023-2027,7,VIHR,KOK,0.7992589363557103,74,124,party,maahanmuutto
2023-2027,7,VIHR,PS,0.8654102533026302,74,446,party,maahanmuutto
2023-2027,7,KESK,KOK,0.4554531490015361,63,124,party,maahanmuutto
2023-2027,7,KESK,PS,0.6706527154957647,63,446,party,maahanmuutto
2023-2027,7,KOK,PS,0.3100318240995228,124,446,party,maahanmuutto
2015-2019,0,VAS,SDP,0.20599917819476787,149,196,party,ilmasto
2015-2019,0,VAS,VIHR,0.10266104669042497,149,371,party,ilmasto
2015-2019,0,VAS,KESK,0.5915263135491011,149,473,party,ilmasto
2015-2019,0,VAS,KOK,0.3183384727008889,149,148,party,ilmasto
2015-2019,0,VAS,PS,0.33993471962445443,149,183,party,ilmasto
2015-2019,0,SDP,VIHR,0.3393475988778263,196,371,party,ilmasto
2015-2019,0,SDP,KESK,0.4001164948008802,196,473,party,ilmasto
2015-2019,0,SDP,KOK,0.22200772200772212,196,148,party,ilmasto
2015-2019,0,SDP,PS,0.5578788892606221,196,183,party,ilmasto
2015-2019,0,VIHR,KESK,0.6691645344563291,371,473,party,ilmasto
2015-2019,0,VIHR,KOK,0.48699643039265683,371,148,party,ilmasto
2015-2019,0,VIHR,PS,0.5144713004286157,371,183,party,ilmasto
2015-2019,0,KESK,KOK,0.25078566939032054,473,148,party,ilmasto
2015-2019,0,KESK,PS,0.4079414041289757,473,183,party,ilmasto
2015-2019,0,KOK,PS,0.27795008122876963,148,183,party,ilmasto
2015-2019,1,VAS,SDP,-0.008692810457516242,170,180,party,ilmasto
2015-2019,1,VAS,VIHR,0.08289592760180997,170,390,party,ilmasto
2015-2019,1,VAS,KESK,0.3821165345570854,170,423,party,ilmasto
2015-2019,1,VAS,KOK,0.22045143638850884,170,172,party,ilmasto
2015-2019,1,VAS,PS,0.22004103967168276,170,172,party,ilmasto
2015-2019,1,SDP,VIHR,0.31994301994302,180,390,party,ilmasto
2015-2019,1,SDP,KESK,0.2479117415287626,180,423,party,ilmasto
2015-2019,1,SDP,KOK,0.19386304909560725,180,172,party,ilmasto
2015-2019,1,SDP,PS,0.5253229974160207,180,172,party,ilmasto
2015-2019,1,VIHR,KESK,0.6084863914651149,390,423,party,ilmasto
2015-2019,1,VIHR,KOK,0.44558735837805585,390,172,party,ilmasto
2015-2019,1,VIHR,PS,0.44078711985688734,390,172,party,ilmasto
2015-2019,1,KESK,KOK,0.17513332233767653,423,172,party,ilmasto
2015-2019,1,KESK,PS,0.4606355489581615,423,172,party,ilmasto
2015-2019,1,KOK,PS,0.30570578691184425,172,172,party,ilmasto
2015-2019,2,VAS,SDP,0.0029139815074250563,166,215,party,ilmasto
2015-2019,2,VAS,VIHR,0.10282619841066398,166,376,party,ilmasto
2015-2019,2,VAS,KESK,0.3075579629442138,166,476,party,ilmasto
2015-2019,2,VAS,KOK,0.2747986765715713,166,193,party,ilmasto
2015-2019,2,VAS,PS,0.3639141933588008,166,205,party,ilmasto
2015-2019,2,SDP,VIHR,0.34858980702622455,215,376,party,ilmasto
2015-2019,2,SDP,KESK,0.32665624389290593,215,476,party,ilmasto
2015-2019,2,SDP,KOK,0.18284130618146777,215,193,party,ilmasto
2015-2019,2,SDP,PS,0.4385479296653432,215,205,party,ilmasto
2015-2019,2,VIHR,KESK,0.47950563204005014,376,476,party,ilmasto
2015-2019,2,VIHR,KOK,0.45405688457722393,376,193,party,ilmasto
2015-2019,2,VIHR,PS,0.4277633627400106,376,205,party,ilmasto
2015-2019,2,KESK,KOK,0.24367570862541887,476,193,party,ilmasto
2015-2019,2,KESK,PS,0.4207214593154336,476,205,party,ilmasto
2015-2019,2,KOK,PS,0.3551371161380006,193,205,party,ilmasto
2015-2019,3,VAS,SDP,0.007008448540706702,112,186,party,ilmasto
2015-2019,3,VAS,VIHR,0.2314705882352941,112,425,party,ilmasto
2015-2019,3,VAS,KESK,0.5009415584415584,112,550,party,ilmasto
2015-2019,3,VAS,KOK,0.2150768535262204,112,158,party,ilmasto
2015-2019,3,VAS,PS,0.3691189050470487,112,167,party,ilmasto
2015-2019,3,SDP,VIHR,0.33146110056926004,186,425,party,ilmasto
2015-2019,3,SDP,KESK,0.3890713587487782,186,550,party,ilmasto
2015-2019,3,SDP,KOK,0.0035388593983938232,186,158,party,ilmasto
2015-2019,3,SDP,PS,0.40654175519927893,186,167,party,ilmasto
2015-2019,3,VIHR,KESK,0.6477689839572192,425,550,party,ilmasto
2015-2019,3,VIHR,KOK,0.5571109456440806,425,158,party,ilmasto
2015-2019,3,VIHR,PS,0.5217189151109547,425,167,party,ilmasto
2015-2019,3,KESK,KOK,0.10869965477560406,550,158,party,ilmasto
2015-2019,3,KESK,PS,0.45156232988568323,550,167,party,ilmasto
2015-2019,3,KOK,PS,0.36117638141438624,158,167,party,ilmasto
2015-2019,4,VAS,SDP,0.08231201715002223,123,201,party,ilmasto
2015-2019,4,VAS,VIHR,0.08482041782443162,123,395,party,ilmasto
2015-2019,4,VAS,KESK,0.32195121951219496,123,620,party,ilmasto
2015-2019,4,VAS,KOK,0.34491737074233475,123,153,party,ilmasto
2015-2019,4,VAS,PS,0.24310088171304223,123,213,party,ilmasto
2015-2019,4,SDP,VIHR,0.24352918949556024,201,395,party,ilmasto
2015-2019,4,SDP,KESK,0.44137377627989083,201,620,party,ilmasto
2015-2019,4,SDP,KOK,0.25607257828504526,201,153,party,ilmasto
2015-2019,4,SDP,PS,0.45848223670380484,201,213,party,ilmasto
2015-2019,4,VIHR,KESK,0.5844834626378115,395,620,party,ilmasto
2015-2019,4,VIHR,KOK,0.5533382973442542,395,153,party,ilmasto
2015-2019,4,VIHR,PS,0.5212931598026982,395,213,party,ilmasto
2015-2019,4,KESK,KOK,0.2602150537634409,620,153,party,ilmasto
2015-2019,4,KESK,PS,0.46107829774345,620,213,party,ilmasto
2015-2019,4,KOK,PS,0.4213998588480774,153,213,party,ilmasto
2015-2019,5,VAS,SDP,-0.07286432160804024,108,199,party,ilmasto
2015-2019,5,VAS,VIHR,0.31292403514625744,108,333,party,ilmasto
2015-2019,5,VAS,KESK,0.41930973330605004,108,543,party,ilmasto
2015-2019,5,VAS,KOK,0.24142240399909132,108,163,party,ilmasto
2015-2019,5,VAS,PS,0.21412037037037046,108,192,party,ilmasto
2015-2019,5,SDP,VIHR,0.31226704091025703,199,333,party,ilmasto
2015-2019,5,SDP,KESK,0.19879322949924583,199,543,party,ilmasto
2015-2019,5,SDP,KOK,0.14350895582205503,199,163,party,ilmasto
2015-2019,5,SDP,PS,0.3865159128978224,199,192,party,ilmasto
2015-2019,5,VIHR,KESK,0.6075854860385248,333,543,party,ilmasto
2015-2019,5,VIHR,KOK,0.4372409219034985,333,163,party,ilmasto
2015-2019,5,VIHR,PS,0.5309684684684681,333,192,party,ilmasto
2015-2019,5,KESK,KOK,0.15976906303313787,543,163,party,ilmasto
2015-2019,5,KESK,PS,0.3905578575813382,543,192,party,ilmasto
2015-2019,5,KOK,PS,0.22105061349693278,163,192,party,ilmasto
2015-2019,6,VAS,SDP,0.11542466160940057,166,162,party,ilmasto
2015-2019,6,VAS,VIHR,0.03240896547082195,166,358,party,ilmasto
2015-2019,6,VAS,KESK,0.44560756687954006,166,549,party,ilmasto
2015-2019,6,VAS,KOK,0.3793127053669223,166,176,party,ilmasto
2015-2019,6,VAS,PS,0.3011403904387604,166,187,party,ilmasto
2015-2019,6,SDP,VIHR,0.4032347058417822,162,358,party,ilmasto
2015-2019,6,SDP,KESK,0.36171265375879824,162,549,party,ilmasto
2015-2019,6,SDP,KOK,0.22916666666666674,162,176,party,ilmasto
2015-2019,6,SDP,PS,0.5670429788076845,162,187,party,ilmasto
2015-2019,6,VIHR,KESK,0.5975007886355082,358,549,party,ilmasto
2015-2019,6,VIHR,KOK,0.46886109700355516,358,176,party,ilmasto
2015-2019,6,VIHR,PS,0.3999044005616468,358,187,party,ilmasto
2015-2019,6,KESK,KOK,0.17498758072528564,549,176,party,ilmasto
2015-2019,6,KESK,PS,0.50391085395907,549,187,party,ilmasto
2015-2019,6,KOK,PS,0.3912250850753525,176,187,party,ilmasto
2015-2019,7,VAS,SDP,0.08237210817855978,155,198,party,ilmasto
2015-2019,7,VAS,VIHR,0.023410138248847856,155,315,party,ilmasto
2015-2019,7,VAS,KESK,0.4104050448702403,155,532,party,ilmasto
2015-2019,7,VAS,KOK,0.2678955453149001,155,168,party,ilmasto
2015-2019,7,VAS,PS,0.2957691684227588,155,199,party,ilmasto
2015-2019,7,SDP,VIHR,0.3344236010902679,198,315,party,ilmasto
2015-2019,7,SDP,KESK,0.37747778537252197,198,532,party,ilmasto
2015-2019,7,SDP,KOK,0.16684704184704202,198,168,party,ilmasto
2015-2019,7,SDP,PS,0.5026648393482562,198,199,party,ilmasto
2015-2019,7,VIHR,KESK,0.7529418785057882,315,532,party,ilmasto
2015-2019,7,VIHR,KOK,0.6125850340136056,315,168,party,ilmasto
2015-2019,7,VIHR,PS,0.6361170934035256,315,199,party,ilmasto
2015-2019,7,KESK,KOK,0.3053168635875405,532,168,party,ilmasto
2015-2019,7,KESK,PS,0.5283938489439679,532,199,party,ilmasto
2015-2019,7,KOK,PS,0.5458243598947117,168,199,party,ilmasto
2019-2023,0,VAS,SDP,0.3408564814814814,108,384,party,ilmasto
2019-2023,0,VAS,VIHR,0.3876180101670297,108,612,party,ilmasto
2019-2023,0,VAS,KESK,0.4896960329726945,108,647,party,ilmasto
2019-2023,0,VAS,KOK,0.4896818960079301,108,411,party,ilmasto
2019-2023,0,VAS,PS,0.7204186353706246,108,729,party,ilmasto
2019-2023,0,SDP,VIHR,0.39734817538126377,384,612,party,ilmasto
2019-2023,0,SDP,KESK,0.3580145543534261,384,647,party,ilmasto
2019-2023,0,SDP,KOK,0.4722982562854827,384,411,party,ilmasto
2019-2023,0,SDP,PS,0.8692272519433013,384,729,party,ilmasto
2019-2023,0,VIHR,KESK,0.6769857865866593,612,647,party,ilmasto
2019-2023,0,VIHR,KOK,0.6710557702399695,612,411,party,ilmasto
2019-2023,0,VIHR,PS,0.9161309699920208,612,729,party,ilmasto
2019-2023,0,KESK,KOK,0.14365760744894085,647,411,party,ilmasto
2019-2023,0,KESK,PS,0.5233376372537171,647,729,party,ilmasto
2019-2023,0,KOK,PS,0.4788781752826088,411,729,party,ilmasto
2019-2023,1,VAS,SDP,0.3169243037664089,156,418,party,ilmasto
2019-2023,1,VAS,VIHR,-0.06189355464717772,156,621,party,ilmasto
2019-2023,1,VAS,KESK,0.4470723306544202,156,670,party,ilmasto
2019-2023,1,VAS,KOK,0.5101732092882538,156,339,party,ilmasto
2019-2023,1,VAS,PS,0.7545540349221331,156,815,party,ilmasto
2019-2023,1,SDP,VIHR,0.3792386103598919,418,621,party,ilmasto
2019-2023,1,SDP,KESK,0.1586945654502605,418,670,party,ilmasto
2019-2023,1,SDP,KOK,0.4962244710730972,418,339,party,ilmasto
2019-2023,1,SDP,PS,0.798203540082778,418,815,party,ilmasto
2019-2023,1,VIHR,KESK,0.6345807195904534,621,670,party,ilmasto
2019-2023,1,VIHR,KOK,0.6487917955148941,621,339,party,ilmasto
2019-2023,1,VIHR,PS,0.89909407940883,621,815,party,ilmasto
2019-2023,1,KESK,KOK,0.3039668912076783,670,339,party,ilmasto
2019-2023,1,KESK,PS,0.4132661844153467,670,815,party,ilmasto
2019-2023,1,KOK,PS,0.5840599381073892,339,815,party,ilmasto
2019-2023,2,VAS,SDP,0.07818965704010239,101,457,party,ilmasto
2019-2023,2,VAS,VIHR,0.41980198019801995,101,620,party,ilmasto
2019-2023,2,VAS,KESK,0.4760043867101218,101,641,party,ilmasto
2019-2023,2,VAS,KOK,0.4426109277594428,101,405,party,ilmasto
2019-2023,2,VAS,PS,0.6684443904513151,101,815,party,ilmasto
2019-2023,2,SDP,VIHR,0.4418154866944308,457,620,party,ilmasto
2019-2023,2,SDP,KESK,0.30532503575854175,457,641,party,ilmasto
2019-2023,2,SDP,KOK,0.5424372585568793,457,405,party,ilmasto
2019-2023,2,SDP,PS,0.8211649729497525,457,815,party,ilmasto
2019-2023,2,VIHR,KESK,0.6382265613205176,620,641,party,ilmasto
2019-2023,2,VIHR,KOK,0.6852887295898049,620,405,party,ilmasto
2019-2023,2,VIHR,PS,0.9054977241242828,620,815,party,ilmasto
2019-2023,2,KESK,KOK,0.15975424202153254,641,405,party,ilmasto
2019-2023,2,KESK,PS,0.4349319985069342,641,815,party,ilmasto
2019-2023,2,KOK,PS,0.4824933727183214,405,815,party,ilmasto
2019-2023,3,VAS,SDP,0.1644654990908221,172,486,party,ilmasto
2019-2023,3,VAS,VIHR,0.038453046806005364,172,632,party,ilmasto
2019-2023,3,VAS,KESK,0.4389663321574133,172,679,party,ilmasto
2019-2023,3,VAS,KOK,0.4925351708297445,172,405,party,ilmasto
2019-2023,3,VAS,PS,0.7030399756801946,172,765,party,ilmasto
2019-2023,3,SDP,VIHR,0.4397497004740325,486,632,party,ilmasto
2019-2023,3,SDP,KESK,0.4234319411868097,486,679,party,ilmasto
2019-2023,3,SDP,KOK,0.5033277447543565,486,405,party,ilmasto
2019-2023,3,SDP,PS,0.8547728556443153,486,765,party,ilmasto
2019-2023,3,VIHR,KESK,0.7043492850617996,632,679,party,ilmasto
2019-2023,3,VIHR,KOK,0.7000625097671511,632,405,party,ilmasto
2019-2023,3,VIHR,PS,0.9179904029122199,632,765,party,ilmasto
2019-2023,3,KESK,KOK,0.3056019200349098,679,405,party,ilmasto
2019-2023,3,KESK,PS,0.5310943621434829,679,765,party,ilmasto
2019-2023,3,KOK,PS,0.5323037198418463,405,765,party,ilmasto
2019-2023,4,VAS,SDP,0.1803926291701794,95,437,party,ilmasto
2019-2023,4,VAS,VIHR,0.35291997116077867,95,584,party,ilmasto
2019-2023,4,VAS,KESK,0.3880067911714771,95,775,party,ilmasto
2019-2023,4,VAS,KOK,0.3335678527939385,95,389,party,ilmasto
2019-2023,4,VAS,PS,0.6517168784029037,95,725,party,ilmasto
2019-2023,4,SDP,VIHR,0.3786009842951632,437,584,party,ilmasto
2019-2023,4,SDP,KESK,0.2678880933047909,437,775,party,ilmasto
2019-2023,4,SDP,KOK,0.4392592636167374,437,389,party,ilmasto
2019-2023,4,SDP,PS,0.8469691470054446,437,725,party,ilmasto
2019-2023,4,VIHR,KESK,0.7232655766681395,584,775,party,ilmasto
2019-2023,4,VIHR,KOK,0.6704933619748563,584,389,party,ilmasto
2019-2023,4,VIHR,PS,0.903547472838923,584,725,party,ilmasto
2019-2023,4,KESK,KOK,0.21355999668297554,775,389,party,ilmasto
2019-2023,4,KESK,PS,0.43413748609566194,775,725,party,ilmasto
2019-2023,4,KOK,PS,0.41869692403155745,389,725,party,ilmasto
2019-2023,5,VAS,SDP,0.2296564966929806,109,430,party,ilmasto
2019-2023,5,VAS,VIHR,0.3993239980685659,109,532,party,ilmasto
2019-2023,5,VAS,KESK,0.449569687846167,109,646,party,ilmasto
2019-2023,5,VAS,KOK,0.4026252646436135,109,325,party,ilmasto
2019-2023,5,VAS,PS,0.7116817955958454,109,757,party,ilmasto
2019-2023,5,SDP,VIHR,0.3281255464242001,430,532,party,ilmasto
2019-2023,5,SDP,KESK,0.40992152062783505,430,646,party,ilmasto
2019-2023,5,SDP,KOK,0.3883792486583184,430,325,party,ilmasto
2019-2023,5,SDP,PS,0.8599551473073024,430,757,party,ilmasto
2019-2023,5,VIHR,KESK,0.6549908051863405,532,646,party,ilmasto
2019-2023,5,VIHR,KOK,0.641897050318103,532,325,party,ilmasto
2019-2023,5,VIHR,PS,0.9197961879599925,532,757,party,ilmasto
2019-2023,5,KESK,KOK,0.4013717551798046,646,325,party,ilmasto
2019-2023,5,KESK,PS,0.5028485426013551,646,757,party,ilmasto
2019-2023,5,KOK,PS,0.5943339091555737,325,757,party,ilmasto
2019-2023,6,VAS,SDP,0.2245285578618912,162,455,party,ilmasto
2019-2023,6,VAS,VIHR,0.15094708064831086,162,569,party,ilmasto
2019-2023,6,VAS,KESK,0.6873648131509766,162,742,party,ilmasto
2019-2023,6,VAS,KOK,0.5836637333591206,162,383,party,ilmasto
2019-2023,6,VAS,PS,0.7917528357460675,162,788,party,ilmasto
2019-2023,6,SDP,VIHR,0.45067305278201597,455,569,party,ilmasto
2019-2023,6,SDP,KESK,0.33662509996741785,455,742,party,ilmasto
2019-2023,6,SDP,KOK,0.49750093248787763,455,383,party,ilmasto
2019-2023,6,SDP,PS,0.8217158476041726,455,788,party,ilmasto
2019-2023,6,VIHR,KESK,0.7673271782433835,569,742,party,ilmasto
2019-2023,6,VIHR,KOK,0.7319102268190725,569,383,party,ilmasto
2019-2023,6,VIHR,PS,0.9084510183508339,569,788,party,ilmasto
2019-2023,6,KESK,KOK,0.2995080686592584,742,383,party,ilmasto
2019-2023,6,KESK,PS,0.4574171877351647,742,788,party,ilmasto
2019-2023,6,KOK,PS,0.49112669149514243,383,788,party,ilmasto
2019-2023,7,VAS,SDP,0.22681414446120307,153,390,party,ilmasto
2019-2023,7,VAS,VIHR,0.055836272920837704,153,617,party,ilmasto
2019-2023,7,VAS,KESK,0.39894089022470314,153,685,party,ilmasto
2019-2023,7,VAS,KOK,0.4240369088811995,153,425,party,ilmasto
2019-2023,7,VAS,PS,0.7470857311494763,153,753,party,ilmasto
2019-2023,7,SDP,VIHR,0.3165108257490752,390,617,party,ilmasto
2019-2023,7,SDP,KESK,0.11977540707467726,390,685,party,ilmasto
2019-2023,7,SDP,KOK,0.5226787330316742,390,425,party,ilmasto
2019-2023,7,SDP,PS,0.8146627166547484,390,753,party,ilmasto
2019-2023,7,VIHR,KESK,0.6826130677045747,617,685,party,ilmasto
2019-2023,7,VIHR,KOK,0.6821203165220706,617,425,party,ilmasto
2019-2023,7,VIHR,PS,0.8963755997081366,617,753,party,ilmasto
2019-2023,7,KESK,KOK,0.19118591670244744,685,425,party,ilmasto
2019-2023,7,KESK,PS,0.3814755576235205,685,753,party,ilmasto
2019-2023,7,KOK,PS,0.46489805483946545,425,753,party,ilmasto
2023-2027,0,VAS,SDP,0.4593236714975846,207,250,party,ilmasto
2023-2027,0,VAS,VIHR,0.16461657126618756,207,476,party,ilmasto
2023-2027,0,VAS,KESK,0.8498363721365123,207,310,party,ilmasto
2023-2027,0,VAS,KOK,0.7199646364181747,207,306,party,ilmasto
2023-2027,0,VAS,PS,0.6763030765319094,207,380,party,ilmasto
2023-2027,0,SDP,VIHR,0.49078991596638644,250,476,party,ilmasto
2023-2027,0,SDP,KESK,0.4243870967741936,250,310,party,ilmasto
2023-2027,0,SDP,KOK,0.20562091503267999,250,306,party,ilmasto
2023-2027,0,SDP,PS,0.5841894736842104,250,380,party,ilmasto
2023-2027,0,VIHR,KESK,0.8925860666847385,476,310,party,ilmasto
2023-2027,0,VIHR,KOK,0.6671335200746966,476,306,party,ilmasto
2023-2027,0,VIHR,PS,0.8027863777089785,476,380,party,ilmasto
2023-2027,0,KESK,KOK,0.6963736032047225,310,306,party,ilmasto
2023-2027,0,KESK,PS,0.5963327674023771,310,380,party,ilmasto
2023-2027,0,KOK,PS,0.17764017887856887,306,380,party,ilmasto
2023-2027,1,VAS,SDP,0.22860243055555562,192,240,party,ilmasto
2023-2027,1,VAS,VIHR,0.1961415418227217,192,534,party,ilmasto
2023-2027,1,VAS,KESK,0.7492474651457539,192,263,party,ilmasto
2023-2027,1,VAS,KOK,0.7081225915221578,192,346,party,ilmasto
2023-2027,1,VAS,PS,0.5929136253041363,192,411,party,ilmasto
2023-2027,1,SDP,VIHR,0.44765917602996286,240,534,party,ilmasto
2023-2027,1,SDP,KESK,0.34363117870722437,240,263,party,ilmasto
2023-2027,1,SDP,KOK,0.2833815028901736,240,346,party,ilmasto
2023-2027,1,SDP,PS,0.5517639902676401,240,411,party,ilmasto
2023-2027,1,VIHR,KESK,0.7515130801327241,534,263,party,ilmasto
2023-2027,1,VIHR,KOK,0.6652161676517072,534,346,party,ilmasto
2023-2027,1,VIHR,PS,0.7666238369920813,534,411,party,ilmasto
2023-2027,1,KESK,KOK,0.597991164640981,263,346,party,ilmasto
2023-2027,1,KESK,PS,0.4886255354185747,263,411,party,ilmasto
2023-2027,1,KOK,PS,0.25586824747197734,346,411,party,ilmasto
2023-2027,2,VAS,SDP,0.3201176470588234,204,250,party,ilmasto
2023-2027,2,VAS,VIHR,0.21091590998815635,204,596,party,ilmasto
2023-2027,2,VAS,KESK,0.7667685886235684,204,404,party,ilmasto
2023-2027,2,VAS,KOK,0.747704519874415,204,331,party,ilmasto
2023-2027,2,VAS,PS,0.6510163698506926,204,436,party,ilmasto
2023-2027,2,SDP,VIHR,0.5873154362416106,250,596,party,ilmasto
2023-2027,2,SDP,KESK,0.46390099009900987,250,404,party,ilmasto
2023-2027,2,SDP,KOK,0.339238670694864,250,331,party,ilmasto
2023-2027,2,SDP,PS,0.5821651376146788,250,436,party,ilmasto
2023-2027,2,VIHR,KESK,0.8807395840255168,596,404,party,ilmasto
2023-2027,2,VIHR,KOK,0.7906689105618523,596,331,party,ilmasto
2023-2027,2,VIHR,PS,0.8224324241118155,596,436,party,ilmasto
2023-2027,2,KESK,KOK,0.763737249857916,404,331,party,ilmasto
2023-2027,2,KESK,PS,0.5450881097284039,404,436,party,ilmasto
2023-2027,2,KOK,PS,0.447185343274481,331,436,party,ilmasto
2023-2027,3,VAS,SDP,0.33712121212121215,202,264,party,ilmasto
2023-2027,3,VAS,VIHR,0.22957359256796828,202,551,party,ilmasto
2023-2027,3,VAS,KESK,0.8037913547452304,202,410,party,ilmasto
2023-2027,3,VAS,KOK,0.6490464482689877,202,298,party,ilmasto
2023-2027,3,VAS,PS,0.600697065222217,202,446,party,ilmasto
2023-2027,3,SDP,VIHR,0.4917642853214541,264,551,party,ilmasto
2023-2027,3,SDP,KESK,0.3107723577235775,264,410,party,ilmasto
2023-2027,3,SDP,KOK,0.26151616839536307,264,298,party,ilmasto
2023-2027,3,SDP,PS,0.5375220818045929,264,446,party,ilmasto
2023-2027,3,VIHR,KESK,0.839343101235005,551,410,party,ilmasto
2023-2027,3,VIHR,KOK,0.6738693528544806,551,298,party,ilmasto
2023-2027,3,VIHR,PS,0.8132868897153971,551,446,party,ilmasto
2023-2027,3,KESK,KOK,0.6137338353249306,410,298,party,ilmasto
2023-2027,3,KESK,PS,0.5578694082904954,410,446,party,ilmasto
2023-2027,3,KOK,PS,0.5592515123243147,298,446,party,ilmasto
2023-2027,4,VAS,SDP,0.3664184600278211,202,242,party,ilmasto
2023-2027,4,VAS,VIHR,0.22536347321086492,202,491,party,ilmasto
2023-2027,4,VAS,KESK,0.8426214049976428,202,315,party,ilmasto
2023-2027,4,VAS,KOK,0.7567800258286699,202,368,party,ilmasto
2023-2027,4,VAS,PS,0.7110891089108908,202,450,party,ilmasto
2023-2027,4,SDP,VIHR,0.3485213176011177,242,491,party,ilmasto
2023-2027,4,SDP,KESK,0.35566050111504643,242,315,party,ilmasto
2023-2027,4,SDP,KOK,0.3327793747754222,242,368,party,ilmasto
2023-2027,4,SDP,PS,0.6039302112029383,242,450,party,ilmasto
2023-2027,4,VIHR,KESK,0.8775676462030839,491,315,party,ilmasto
2023-2027,4,VIHR,KOK,0.769049411139644,491,368,party,ilmasto
2023-2027,4,VIHR,PS,0.8133785924417289,491,450,party,ilmasto
2023-2027,4,KESK,KOK,0.6435990338164252,315,368,party,ilmasto
2023-2027,4,KESK,PS,0.4995837742504412,315,450,party,ilmasto
2023-2027,4,KOK,PS,0.39241545893719776,368,450,party,ilmasto
2023-2027,5,VAS,SDP,0.34022885683402304,198,271,party,ilmasto
2023-2027,5,VAS,VIHR,0.16669752514966363,198,491,party,ilmasto
2023-2027,5,VAS,KESK,0.7663592446201142,198,345,party,ilmasto
2023-2027,5,VAS,KOK,0.711189913317573,198,282,party,ilmasto
2023-2027,5,VAS,PS,0.6276242820360467,198,408,party,ilmasto
2023-2027,5,SDP,VIHR,0.49768902984345553,271,491,party,ilmasto
2023-2027,5,SDP,KESK,0.34214663885769303,271,345,party,ilmasto
2023-2027,5,SDP,KOK,0.3713328622647929,271,282,party,ilmasto
2023-2027,5,SDP,PS,0.6404565516243401,271,408,party,ilmasto
2023-2027,5,VIHR,KESK,0.8313645621181265,491,345,party,ilmasto
2023-2027,5,VIHR,KOK,0.7401741994193354,491,282,party,ilmasto
2023-2027,5,VIHR,PS,0.8158420190886944,491,408,party,ilmasto
2023-2027,5,KESK,KOK,0.6258608284510225,345,282,party,ilmasto
2023-2027,5,KESK,PS,0.48263711281614086,345,408,party,ilmasto
2023-2027,5,KOK,PS,0.47792379363092774,282,408,party,ilmasto
2023-2027,6,VAS,SDP,0.38178688090403456,188,241,party,ilmasto
2023-2027,6,VAS,VIHR,0.0771276595744681,188,584,party,ilmasto
2023-2027,6,VAS,KESK,0.7001887851420991,188,417,party,ilmasto
2023-2027,6,VAS,KOK,0.6139106631827795,188,342,party,ilmasto
2023-2027,6,VAS,PS,0.6393940903881608,188,427,party,ilmasto
2023-2027,6,SDP,VIHR,0.5111407946342297,241,584,party,ilmasto
2023-2027,6,SDP,KESK,0.48428311292874415,241,417,party,ilmasto
2023-2027,6,SDP,KOK,0.3725461648588968,241,342,party,ilmasto
2023-2027,6,SDP,PS,0.6641044826882525,241,427,party,ilmasto
2023-2027,6,VIHR,KESK,0.8507276370684274,584,417,party,ilmasto
2023-2027,6,VIHR,KOK,0.7191780821917808,584,342,party,ilmasto
2023-2027,6,VIHR,PS,0.8447114304962946,584,427,party,ilmasto
2023-2027,6,KESK,KOK,0.695597907638801,417,342,party,ilmasto
2023-2027,6,KESK,PS,0.3901684273190349,417,427,party,ilmasto
2023-2027,6,KOK,PS,0.44853938123998516,342,427,party,ilmasto
2023-2027,7,VAS,SDP,0.3978561121418265,198,245,party,ilmasto
2023-2027,7,VAS,VIHR,0.1121974897718605,198,437,party,ilmasto
2023-2027,7,VAS,KESK,0.7987786023500307,198,392,party,ilmasto
2023-2027,7,VAS,KOK,0.7666289450521815,198,241,party,ilmasto
2023-2027,7,VAS,PS,0.7510426460307129,198,419,party,ilmasto
2023-2027,7,SDP,VIHR,0.5118853033204132,245,437,party,ilmasto
2023-2027,7,SDP,KESK,0.38284048313202845,245,392,party,ilmasto
2023-2027,7,SDP,KOK,0.3505631298162415,245,241,party,ilmasto
2023-2027,7,SDP,PS,0.592557595830695,245,419,party,ilmasto
2023-2027,7,VIHR,KESK,0.8497991874095177,437,392,party,ilmasto
2023-2027,7,VIHR,KOK,0.841279185696516,437,241,party,ilmasto
2023-2027,7,VIHR,PS,0.8483367285079981,437,419,party,ilmasto
2023-2027,7,KESK,KOK,0.5866923532898636,392,241,party,ilmasto
2023-2027,7,KESK,PS,0.4240173396327507,392,419,party,ilmasto
2023-2027,7,KOK,PS,0.5342595985303875,241,419,party,ilmasto
2019-2023,0,VAS,SDP,0.21523821392963982,272,826,party,korona
2019-2023,0,VAS,VIHR,0.39439537424877047,272,323,party,korona
2019-2023,0,VAS,KESK,0.435359964881475,272,737,party,korona
2019-2023,0,VAS,KOK,0.43368579420240705,272,694,party,korona
2019-2023,0,VAS,PS,0.6325425832701195,272,853,party,korona
2019-2023,0,SDP,VIHR,0.6027631391539665,826,323,party,korona
2019-2023,0,SDP,KESK,0.28365765274442234,826,737,party,korona
2019-2023,0,SDP,KOK,0.3665175736684554,826,694,party,korona
2019-2023,0,SDP,PS,0.7083871480517416,826,853,party,korona
2019-2023,0,VIHR,KESK,0.6100919550852546,323,737,party,korona
2019-2023,0,VIHR,KOK,0.7158840481437532,323,694,party,korona
2019-2023,0,VIHR,PS,0.8949183177929654,323,853,party,korona
2019-2023,0,KESK,KOK,0.26913767552074574,737,694,party,korona
2019-2023,0,KESK,PS,0.6515991925696043,737,853,party,korona
2019-2023,0,KOK,PS,0.4045122993604535,694,853,party,korona
2019-2023,1,VAS,SDP,0.39263850627486985,242,864,party,korona
2019-2023,1,VAS,VIHR,0.3408739015905575,242,411,party,korona
2019-2023,1,VAS,KESK,0.32601455532256063,242,737,party,korona
2019-2023,1,VAS,KOK,0.49502788416313925,242,738,party,korona
2019-2023,1,VAS,PS,0.7081576432225782,242,882,party,korona
2019-2023,1,SDP,VIHR,0.5361865819590881,864,411,party,korona
2019-2023,1,SDP,KESK,0.24567503392130252,864,737,party,korona
2019-2023,1,SDP,KOK,0.4598545869717956,864,738,party,korona
2019-2023,1,SDP,PS,0.7015542328042328,864,882,party,korona
2019-2023,1,VIHR,KESK,0.5512484029751707,411,737,party,korona
2019-2023,1,VIHR,KOK,0.6377597109304427,411,738,party,korona
2019-2023,1,VIHR,PS,0.8656614308334849,411,882,party,korona
2019-2023,1,KESK,KOK,0.45208547065117877,737,738,party,korona
2019-2023,1,KESK,PS,0.7178116836965454,737,882,party,korona
2019-2023,1,KOK,PS,0.51430599340007,738,882,party,korona
2019-2023,2,VAS,SDP,0.20929148293901045,276,917,party,korona
2019-2023,2,VAS,VIHR,0.5145951035781542,276,354,party,korona
2019-2023,2,VAS,KESK,0.4709948814496676,276,739,party,korona
2019-2023,2,VAS,KOK,0.549714486074935,276,868,party,korona
2019-2023,2,VAS,PS,0.7132969763679724,276,869,party,korona
2019-2023,2,SDP,VIHR,0.5136190845855744,917,354,party,korona
2019-2023,2,SDP,KESK,0.2706315676080884,917,739,party,korona
2019-2023,2,SDP,KOK,0.4658297694847453,917,868,party,korona
2019-2023,2,SDP,PS,0.6958135110613608,917,869,party,korona
2019-2023,2,VIHR,KESK,0.5544291797588743,354,739,party,korona
2019-2023,2,VIHR,KOK,0.7416490926605745,354,868,party,korona
2019-2023,2,VIHR,PS,0.8580028996248692,354,869,party,korona
2019-2023,2,KESK,KOK,0.46779494022935464,739,868,party,korona
2019-2023,2,KESK,PS,0.6985569713683311,739,869,party,korona
2019-2023,2,KOK,PS,0.4779236688179116,868,869,party,korona
2019-2023,3,VAS,SDP,0.19126064962726308,256,939,party,korona
2019-2023,3,VAS,VIHR,0.2717650993883791,256,327,party,korona
2019-2023,3,VAS,KESK,0.3796641791044775,256,603,party,korona
2019-2023,3,VAS,KOK,0.41369426751592364,256,785,party,korona
2019-2023,3,VAS,PS,0.7109809631432544,256,719,party,korona
2019-2023,3,SDP,VIHR,0.5751417507726679,939,327,party,korona
2019-2023,3,SDP,KESK,0.2606968706344033,939,603,party,korona
2019-2023,3,SDP,KOK,0.4834835812593692,939,785,party,korona
2019-2023,3,SDP,PS,0.7772672671338283,939,719,party,korona
2019-2023,3,VIHR,KESK,0.5603126061841661,327,603,party,korona
2019-2023,3,VIHR,KOK,0.7689008356220417,327,785,party,korona
2019-2023,3,VIHR,PS,0.9051902702104946,327,719,party,korona
2019-2023,3,KESK,KOK,0.431580948759388,603,785,party,korona
2019-2023,3,KESK,PS,0.7116273062134855,603,719,party,korona
2019-2023,3,KOK,PS,0.5569040510971537,785,719,party,korona
2019-2023,4,VAS,SDP,0.17450603252316843,228,903,party,korona
2019-2023,4,VAS,VIHR,0.4855563566450374,228,365,party,korona
2019-2023,4,VAS,KESK,0.33774819129510214,228,759,party,korona
2019-2023,4,VAS,KOK,0.2423796922473782,228,716,party,korona
2019-2023,4,VAS,PS,0.5975989461708879,228,879,party,korona
2019-2023,4,SDP,VIHR,0.6449946146027701,903,365,party,korona
2019-2023,4,SDP,KESK,0.24702754834200724,903,759,party,korona
2019-2023,4,SDP,KOK,0.37964698676664366,903,716,party,korona
2019-2023,4,SDP,PS,0.6751921606275126,903,879,party,korona
2019-2023,4,VIHR,KESK,0.6631689136751675,365,759,party,korona
2019-2023,4,VIHR,KOK,0.7204025407515116,365,716,party,korona
2019-2023,4,VIHR,PS,0.884956441784718,365,879,party,korona
2019-2023,4,KESK,KOK,0.34293137839409393,759,716,party,korona
2019-2023,4,KESK,PS,0.6662964411888586,759,879,party,korona
2019-2023,4,KOK,PS,0.33546564468256856,716,879,party,korona
2019-2023,5,VAS,SDP,0.22785559758765306,291,853,party,korona
2019-2023,5,VAS,VIHR,0.4901722969357545,291,289,party,korona
2019-2023,5,VAS,KESK,0.46991279606843306,291,744,party,korona
2019-2023,5,VAS,KOK,0.5168505456080059,291,684,party,korona
2019-2023,5,VAS,PS,0.7131176679701385,291,870,party,korona
2019-2023,5,SDP,VIHR,0.4960266431929643,853,289,party,korona
2019-2023,5,SDP,KESK,0.37725800148747624,853,744,party,korona
2019-2023,5,SDP,KOK,0.4619368859820516,853,684,party,korona
2019-2023,5,SDP,PS,0.7212946867715029,853,870,party,korona
2019-2023,5,VIHR,KESK,0.6442869367860997,289,744,party,korona
2019-2023,5,VIHR,KOK,0.7592120439507073,289,684,party,korona
2019-2023,5,VIHR,PS,0.880865449628127,289,870,party,korona
2019-2023,5,KESK,KOK,0.44097025718417915,744,684,party,korona
2019-2023,5,KESK,PS,0.7478309232480533,744,870,party,korona
2019-2023,5,KOK,PS,0.5003898635477584,684,870,party,korona
2019-2023,6,VAS,SDP,0.46916260594072146,294,846,party,korona
2019-2023,6,VAS,VIHR,0.4358408270960099,294,379,party,korona
2019-2023,6,VAS,KESK,0.5943434908209859,294,730,party,korona
2019-2023,6,VAS,KOK,0.6676171115276643,294,773,party,korona
2019-2023,6,VAS,PS,0.8082730850187607,294,892,party,korona
2019-2023,6,SDP,VIHR,0.6018513320483789,846,379,party,korona
2019-2023,6,SDP,KESK,0.342138670293727,846,730,party,korona
2019-2023,6,SDP,KOK,0.4773792812382447,846,773,party,korona
2019-2023,6,SDP,PS,0.7168739200033922,846,892,party,korona
2019-2023,6,VIHR,KESK,0.6731340586257994,379,730,party,korona
2019-2023,6,VIHR,KOK,0.7456027470670756,379,773,party,korona
2019-2023,6,VIHR,PS,0.8792728090206703,379,892,party,korona
2019-2023,6,KESK,KOK,0.3759166386078079,730,773,party,korona
2019-2023,6,KESK,PS,0.7013729344554336,730,892,party,korona
2019-2023,6,KOK,PS,0.4681631753287814,773,892,party,korona
2019-2023,7,VAS,SDP,0.2409448818897637,250,762,party,korona
2019-2023,7,VAS,VIHR,0.47699706744868053,250,341,party,korona
2019-2023,7,VAS,KESK,0.4316812749003984,250,753,party,korona
2019-2023,7,VAS,KOK,0.5457142857142856,250,714,party,korona
2019-2023,7,VAS,PS,0.6630411622276027,250,826,party,korona
2019-2023,7,SDP,VIHR,0.6206002108973914,762,341,party,korona
2019-2023,7,SDP,KESK,0.21182461754033732,762,753,party,korona
2019-2023,7,SDP,KOK,0.5359256563517794,762,714,party,korona
2019-2023,7,SDP,PS,0.6540104097157347,762,826,party,korona
2019-2023,7,VIHR,KESK,0.6758927145766884,341,753,party,korona
2019-2023,7,VIHR,KOK,0.7603193770176693,341,714,party,korona
2019-2023,7,VIHR,PS,0.8833228007640257,341,826,party,korona
2019-2023,7,KESK,KOK,0.42865326741586407,753,714,party,korona
2019-2023,7,KESK,PS,0.6436819308721531,753,826,party,korona
2019-2023,7,KOK,PS,0.41859794765363767,714,826,party,korona
2015-2019,0,VAS,SDP,0.3047352786999826,59,194,party,turvallisuus
2015-2019,0,VAS,KESK,0.6012457327663652,59,283,party,turvallisuus
2015-2019,0,VAS,KOK,0.5117650710871049,59,273,party,turvallisuus
2015-2019,0,VAS,PS,0.35992894678410203,59,229,party,turvallisuus
2015-2019,0,SDP,KESK,0.41426541838184394,194,283,party,turvallisuus
2015-2019,0,SDP,KOK,0.454590083456063,194,273,party,turvallisuus
2015-2019,0,SDP,PS,0.4231756178814208,194,229,party,turvallisuus
2015-2019,0,KESK,KOK,0.17601832796179084,283,273,party,turvallisuus
2015-2019,0,KESK,PS,0.37568472541546427,283,229,party,turvallisuus
2015-2019,0,KOK,PS,0.1474958811203353,273,229,party,turvallisuus
2015-2019,1,VAS,SDP,0.33020683020683017,84,99,party,turvallisuus
2015-2019,1,VAS,VIHR,-0.02936507936507926,84,30,party,turvallisuus
2015-2019,1,VAS,KESK,0.6606681432262826,84,258,party,turvallisuus
2015-2019,1,VAS,KOK,0.42143821091189504,84,247,party,turvallisuus
2015-2019,1,VAS,PS,0.4039726387792686,84,181,party,turvallisuus
2015-2019,1,SDP,VIHR,0.2585858585858587,99,30,party,turvallisuus
2015-2019,1,SDP,KESK,0.39707149009474585,99,258,party,turvallisuus
2015-2019,1,SDP,KOK,0.2785343311659103,99,247,party,turvallisuus
2015-2019,1,SDP,PS,0.4279814721803672,99,181,party,turvallisuus
2015-2019,1,VIHR,KESK,0.5635658914728683,30,258,party,turvallisuus
2015-2019,1,VIHR,KOK,-0.062078272604588425,30,247,party,turvallisuus
2015-2019,1,VIHR,PS,0.4184162062615102,30,181,party,turvallisuus
2015-2019,1,KESK,KOK,0.11430185481593069,258,247,party,turvallisuus
2015-2019,1,KESK,PS,0.37042271617628164,258,181,party,turvallisuus
2015-2019,1,KOK,PS,0.00856689109088049,247,181,party,turvallisuus
2015-2019,2,VAS,SDP,0.38876863876863865,84,198,party,turvallisuus
2015-2019,2,VAS,VIHR,0.12010582010582027,84,45,party,turvallisuus
2015-2019,2,VAS,KESK,0.5523560209424085,84,191,party,turvallisuus
2015-2019,2,VAS,KOK,0.2014243197278911,84,224,party,turvallisuus
2015-2019,2,VAS,PS,0.20965250965250948,84,185,party,turvallisuus
2015-2019,2,SDP,VIHR,0.399102132435466,198,45,party,turvallisuus
2015-2019,2,SDP,KESK,0.3356602675974403,198,191,party,turvallisuus
2015-2019,2,SDP,KOK,0.09979256854256846,198,224,party,turvallisuus
2015-2019,2,SDP,PS,0.21545181545181524,198,185,party,turvallisuus
2015-2019,2,VIHR,KESK,0.3847585805700988,45,191,party,turvallisuus
2015-2019,2,VIHR,KOK,0.1529761904761906,45,224,party,turvallisuus
2015-2019,2,VIHR,PS,0.436156156156156,45,185,party,turvallisuus
2015-2019,2,KESK,KOK,-0.02220456245325364,191,224,party,turvallisuus
2015-2019,2,KESK,PS,0.300297155794538,191,185,party,turvallisuus
2015-2019,2,KOK,PS,0.03817567567567548,224,185,party,turvallisuus
2015-2019,3,VAS,SDP,0.18976757369614505,84,168,party,turvallisuus
2015-2019,3,VAS,VIHR,-0.05423280423280419,84,54,party,turvallisuus
2015-2019,3,VAS,KESK,0.6362637362637364,84,260,party,turvallisuus
2015-2019,3,VAS,KOK,0.4910204081632652,84,175,party,turvallisuus
2015-2019,3,VAS,PS,0.4012490241998439,84,244,party,turvallisuus
2015-2019,3,SDP,VIHR,0.19223985890652573,168,54,party,turvallisuus
2015-2019,3,SDP,KESK,0.4534340659340659,168,260,party,turvallisuus
2015-2019,3,SDP,KOK,0.2538095238095237,168,175,party,turvallisuus
2015-2019,3,SDP,PS,0.34045667447306793,168,244,party,turvallisuus
2015-2019,3,VIHR,KESK,0.4709401709401708,54,260,party,turvallisuus
2015-2019,3,VIHR,KOK,0.23576719576719563,54,175,party,turvallisuus
2015-2019,3,VIHR,PS,0.4242562234365512,54,244,party,turvallisuus
2015-2019,3,KESK,KOK,0.19186813186813167,260,175,party,turvallisuus
2015-2019,3,KESK,PS,0.27222572509457743,260,244,party,turvallisuus
2015-2019,3,KOK,PS,0.1401405152224824,175,244,party,turvallisuus
2015-2019,4,VAS,SDP,0.19969135802469107,81,160,party,turvallisuus
2015-2019,4,VAS,VIHR,0.27825261158594494,81,39,party,turvallisuus
2015-2019,4,VAS,KESK,0.5266595097512972,81,276,party,turvallisuus
2015-2019,4,VAS,KOK,0.49925002884504455,81,214,party,turvallisuus
2015-2019,4,VAS,PS,0.31062145126842733,81,237,party,turvallisuus
2015-2019,4,SDP,VIHR,0.3967948717948717,160,39,party,turvallisuus
2015-2019,4,SDP,KESK,0.38654891304347827,160,276,party,turvallisuus
2015-2019,4,SDP,KOK,0.3158294392523362,160,214,party,turvallisuus
2015-2019,4,SDP,PS,0.42473628691983123,160,237,party,turvallisuus
2015-2019,4,VIHR,KESK,0.6235600148643627,39,276,party,turvallisuus
2015-2019,4,VIHR,KOK,0.49532710280373826,39,214,party,turvallisuus
2015-2019,4,VIHR,PS,0.40019474196689386,39,237,party,turvallisuus
2015-2019,4,KESK,KOK,-0.01814980360287133,276,214,party,turvallisuus
2015-2019,4,KESK,PS,0.27499541368556235,276,237,party,turvallisuus
2015-2019,4,KOK,PS,0.14472179502346316,214,237,party,turvallisuus
2015-2019,5,VAS,SDP,-0.11642565813867256,62,87,party,turvallisuus
2015-2019,5,VAS,VIHR,0.06571087216248506,62,54,party,turvallisuus
2015-2019,5,VAS,KESK,0.3952326577219527,62,226,party,turvallisuus
2015-2019,5,VAS,KOK,0.3468376936753872,62,254,party,turvallisuus
2015-2019,5,VAS,PS,0.22190860215053765,62,240,party,turvallisuus
2015-2019,5,SDP,VIHR,0.13409961685823757,87,54,party,turvallisuus
2015-2019,5,SDP,KESK,0.2006916895534534,87,226,party,turvallisuus
2015-2019,5,SDP,KOK,0.19422572178477693,87,254,party,turvallisuus
2015-2019,5,SDP,PS,0.381800766283525,87,240,party,turvallisuus
2015-2019,5,VIHR,KESK,0.4008521796132416,54,226,party,turvallisuus
2015-2019,5,VIHR,KOK,0.30883639545056885,54,254,party,turvallisuus
2015-2019,5,VIHR,PS,0.3646604938271605,54,240,party,turvallisuus
2015-2019,5,KESK,KOK,0.005888091422200592,226,254,party,turvallisuus
2015-2019,5,KESK,PS,0.34528023598820057,226,240,party,turvallisuus
2015-2019,5,KOK,PS,0.10449475065616798,254,240,party,turvallisuus
2015-2019,6,VAS,SDP,0.11312964492155242,84,173,party,turvallisuus
2015-2019,6,VAS,VIHR,0.06200396825396837,84,48,party,turvallisuus
2015-2019,6,VAS,KESK,0.5372632324305189,84,269,party,turvallisuus
2015-2019,6,VAS,KOK,0.48809523809523814,84,266,party,turvallisuus
2015-2019,6,VAS,PS,0.40220174091141825,84,186,party,turvallisuus
2015-2019,6,SDP,VIHR,0.42870905587668595,173,48,party,turvallisuus
2015-2019,6,SDP,KESK,0.24868384296366353,173,269,party,turvallisuus
2015-2019,6,SDP,KOK,0.27058976922073974,173,266,party,turvallisuus
2015-2019,6,SDP,PS,0.36285661010628356,173,186,party,turvallisuus
2015-2019,6,VIHR,KESK,0.41682156133828996,48,269,party,turvallisuus
2015-2019,6,VIHR,KOK,0.34555137844611505,48,266,party,turvallisuus
2015-2019,6,VIHR,PS,0.226478494623656,48,186,party,turvallisuus
2015-2019,6,KESK,KOK,0.20767532213433215,269,266,party,turvallisuus
2015-2019,6,KESK,PS,0.3384498540992127,269,186,party,turvallisuus
2015-2019,6,KOK,PS,0.2346996523566982,266,186,party,turvallisuus
2015-2019,7,VAS,SDP,0.10342857142857143,70,200,party,turvallisuus
2015-2019,7,VAS,VIHR,0.22930402930402916,70,39,party,turvallisuus
2015-2019,7,VAS,KESK,0.5876728110599079,70,248,party,turvallisuus
2015-2019,7,VAS,KOK,0.453061224489796,70,245,party,turvallisuus
2015-2019,7,VAS,PS,0.3094198378041171,70,229,party,turvallisuus
2015-2019,7,SDP,VIHR,0.4787179487179487,200,39,party,turvallisuus
2015-2019,7,SDP,KESK,0.2801612903225805,200,248,party,turvallisuus
2015-2019,7,SDP,KOK,0.17012244897959183,200,245,party,turvallisuus
2015-2019,7,SDP,PS,0.225589519650655,200,229,party,turvallisuus
2015-2019,7,VIHR,KESK,0.5773366418527708,39,248,party,turvallisuus
2015-2019,7,VIHR,KOK,0.40073260073260064,39,245,party,turvallisuus
2015-2019,7,VIHR,PS,0.56936513268391,39,229,party,turvallisuus
2015-2019,7,KESK,KOK,0.07024358130348896,248,245,party,turvallisuus
2015-2019,7,KESK,PS,0.3103253979433722,248,229,party,turvallisuus
2015-2019,7,KOK,PS,0.055235718741645234,245,229,party,turvallisuus
2019-2023,0,VAS,SDP,0.22621356234801615,147,221,party,turvallisuus
2019-2023,0,VAS,VIHR,0.47059571492148256,147,214,party,turvallisuus
2019-2023,0,VAS,KESK,0.4673012061967643,147,476,party,turvallisuus
2019-2023,0,VAS,KOK,0.18975686951517767,147,331,party,turvallisuus
2019-2023,0,VAS,PS,0.08503401360544216,147,352,party,turvallisuus
2019-2023,0,SDP,VIHR,0.12306000761195923,221,214,party,turvallisuus
2019-2023,0,SDP,KESK,0.16886573633978474,221,476,party,turvallisuus
2019-2023,0,SDP,KOK,0.27180763079110326,221,331,party,turvallisuus
2019-2023,0,SDP,PS,0.6368521184697653,221,352,party,turvallisuus
2019-2023,0,VIHR,KESK,0.4277860676981071,214,476,party,turvallisuus
2019-2023,0,VIHR,KOK,0.31117824773413894,214,331,party,turvallisuus
2019-2023,0,VIHR,PS,0.5959005947323703,214,352,party,turvallisuus
2019-2023,0,KESK,KOK,0.2132702023407551,476,331,party,turvallisuus
2019-2023,0,KESK,PS,0.5078900878533232,476,352,party,turvallisuus
2019-2023,0,KOK,PS,0.32182092831639664,331,352,party,turvallisuus
2019-2023,1,VAS,SDP,0.19160513019821201,83,279,party,turvallisuus
2019-2023,1,VAS,VIHR,-0.06450581085403562,83,226,party,turvallisuus
2019-2023,1,VAS,KESK,0.17051255870941384,83,413,party,turvallisuus
2019-2023,1,VAS,KOK,0.0055502910518479,83,356,party,turvallisuus
2019-2023,1,VAS,PS,0.10810898580846295,83,371,party,turvallisuus
2019-2023,1,SDP,VIHR,0.2822977130713358,279,226,party,turvallisuus
2019-2023,1,SDP,KESK,0.2445347010683261,279,413,party,turvallisuus
2019-2023,1,SDP,KOK,0.34050179211469533,279,356,party,turvallisuus
2019-2023,1,SDP,PS,0.5686751876648408,279,371,party,turvallisuus
2019-2023,1,VIHR,KESK,0.33386187833465475,226,413,party,turvallisuus
2019-2023,1,VIHR,KOK,0.26533757581783823,226,356,party,turvallisuus
2019-2023,1,VIHR,PS,0.6478305464780667,226,371,party,turvallisuus
2019-2023,1,KESK,KOK,0.2914818946051092,413,356,party,turvallisuus
2019-2023,1,KESK,PS,0.58303909987404,413,371,party,turvallisuus
2019-2023,1,KOK,PS,0.3713316575305128,356,371,party,turvallisuus
2019-2023,2,VAS,SDP,-0.03729752770673489,136,276,party,turvallisuus
2019-2023,2,VAS,VIHR,0.2734576757532281,136,205,party,turvallisuus
2019-2023,2,VAS,KESK,0.498109243697479,136,350,party,turvallisuus
2019-2023,2,VAS,KOK,0.10622740716398305,136,358,party,turvallisuus
2019-2023,2,VAS,PS,0.08371672691422938,136,358,party,turvallisuus
2019-2023,2,SDP,VIHR,0.05843054082714749,276,205,party,turvallisuus
2019-2023,2,SDP,KESK,0.2726915113871635,276,350,party,turvallisuus
2019-2023,2,SDP,KOK,0.3068577443122016,276,358,party,turvallisuus
2019-2023,2,SDP,PS,0.588919925512104,276,358,party,turvallisuus
2019-2023,2,VIHR,KESK,0.387595818815331,205,350,party,turvallisuus
2019-2023,2,VIHR,KOK,0.2986782940455104,205,358,party,turvallisuus
2019-2023,2,VIHR,PS,0.5735113775718763,205,358,party,turvallisuus
2019-2023,2,KESK,KOK,0.2266879489225857,350,358,party,turvallisuus
2019-2023,2,KESK,PS,0.543463687150838,350,358,party,turvallisuus
2019-2023,2,KOK,PS,0.3172497737274116,358,358,party,turvallisuus
2019-2023,3,VAS,SDP,0.15489139001860086,109,291,party,turvallisuus
2019-2023,3,VAS,VIHR,0.42858913959831413,109,148,party,turvallisuus
2019-2023,3,VAS,KESK,0.18008219519282642,109,442,party,turvallisuus
2019-2023,3,VAS,KOK,-0.03620063253090766,109,351,party,turvallisuus
2019-2023,3,VAS,PS,0.15712997825741115,109,346,party,turvallisuus
2019-2023,3,SDP,VIHR,0.3745240085446271,291,148,party,turvallisuus
2019-2023,3,SDP,KESK,0.17455800718384085,291,442,party,turvallisuus
2019-2023,3,SDP,KOK,0.2625096680079497,291,351,party,turvallisuus
2019-2023,3,SDP,PS,0.5707446914168803,291,346,party,turvallisuus
2019-2023,3,VIHR,KESK,0.4246361746361744,148,442,party,turvallisuus
2019-2023,3,VIHR,KOK,0.39551089551089547,148,351,party,turvallisuus
2019-2023,3,VIHR,PS,0.6764568036244336,148,346,party,turvallisuus
2019-2023,3,KESK,KOK,0.23004731149527524,442,351,party,turvallisuus
2019-2023,3,KESK,PS,0.4618654042319461,442,346,party,turvallisuus
2019-2023,3,KOK,PS,0.20807601732457237,351,346,party,turvallisuus
2019-2023,4,VAS,SDP,0.07622988505747141,150,290,party,turvallisuus
2019-2023,4,VAS,VIHR,0.4774358974358974,150,156,party,turvallisuus
2019-2023,4,VAS,KESK,0.26413502109704634,150,474,party,turvallisuus
2019-2023,4,VAS,KOK,0.05264853977844908,150,331,party,turvallisuus
2019-2023,4,VAS,PS,0.018801498127341,150,356,party,turvallisuus
2019-2023,4,SDP,VIHR,0.5619363395225465,290,156,party,turvallisuus
2019-2023,4,SDP,KESK,0.18547941219263775,290,474,party,turvallisuus
2019-2023,4,SDP,KOK,0.15691217835191162,290,331,party,turvallisuus
2019-2023,4,SDP,PS,0.5586013173188686,290,356,party,turvallisuus
2019-2023,4,VIHR,KESK,0.5279671102455914,156,474,party,turvallisuus
2019-2023,4,VIHR,KOK,0.5261445503137345,156,331,party,turvallisuus
2019-2023,4,VIHR,PS,0.7273840391817923,156,356,party,turvallisuus
2019-2023,4,KESK,KOK,0.2258977398753299,474,331,party,turvallisuus
2019-2023,4,KESK,PS,0.4782747831033993,474,356,party,turvallisuus
2019-2023,4,KOK,PS,0.2639261346277877,331,356,party,turvallisuus
2019-2023,5,VAS,SDP,0.14824424839993067,141,246,party,turvallisuus
2019-2023,5,VAS,VIHR,0.14842958459979738,141,196,party,turvallisuus
2019-2023,5,VAS,KESK,0.3296670272869333,141,472,party,turvallisuus
2019-2023,5,VAS,KOK,0.11054758370443674,141,344,party,turvallisuus
2019-2023,5,VAS,PS,0.1338061465721041,141,390,party,turvallisuus
2019-2023,5,SDP,VIHR,0.024265803882528747,246,196,party,turvallisuus
2019-2023,5,SDP,KESK,0.39324100868127343,246,472,party,turvallisuus
2019-2023,5,SDP,KOK,0.35722726413310646,246,344,party,turvallisuus
2019-2023,5,SDP,PS,0.6441942880967271,246,390,party,turvallisuus
2019-2023,5,VIHR,KESK,0.3042416118989968,196,472,party,turvallisuus
2019-2023,5,VIHR,KOK,0.22885026103464634,196,344,party,turvallisuus
2019-2023,5,VIHR,PS,0.42532705389848235,196,390,party,turvallisuus
2019-2023,5,KESK,KOK,0.29907370910524245,472,344,party,turvallisuus
2019-2023,5,KESK,PS,0.4996197305519341,472,390,party,turvallisuus
2019-2023,5,KOK,PS,0.23545020870602262,344,390,party,turvallisuus
2019-2023,6,VAS,SDP,0.4202695115103874,137,260,party,turvallisuus
2019-2023,6,VAS,VIHR,0.13177929518876064,137,186,party,turvallisuus
2019-2023,6,VAS,KESK,0.4674857893820161,137,461,party,turvallisuus
2019-2023,6,VAS,KOK,0.22772662201092242,137,413,party,turvallisuus
2019-2023,6,VAS,PS,0.32983115829831156,137,396,party,turvallisuus
2019-2023,6,SDP,VIHR,0.05450785773366418,260,186,party,turvallisuus
2019-2023,6,SDP,KESK,0.2895294510261972,260,461,party,turvallisuus
2019-2023,6,SDP,KOK,0.20376233935555965,260,413,party,turvallisuus
2019-2023,6,SDP,PS,0.5666278166278167,260,396,party,turvallisuus
2019-2023,6,VIHR,KESK,0.28220558393394435,186,461,party,turvallisuus
2019-2023,6,VIHR,KOK,0.15699445442474413,186,413,party,turvallisuus
2019-2023,6,VIHR,PS,0.4994026284348865,186,396,party,turvallisuus
2019-2023,6,KESK,KOK,0.23577022264474,461,413,party,turvallisuus
2019-2023,6,KESK,PS,0.5854641863318655,461,396,party,turvallisuus
2019-2023,6,KOK,PS,0.14891041162227592,413,396,party,turvallisuus
2019-2023,7,VAS,SDP,0.17899572311104084,59,214,party,turvallisuus
2019-2023,7,VAS,VIHR,0.22206848841231408,59,196,party,turvallisuus
2019-2023,7,VAS,KESK,0.42266505921565845,59,478,party,turvallisuus
2019-2023,7,VAS,KOK,0.30451707079717805,59,418,party,turvallisuus
2019-2023,7,VAS,PS,0.35093245337733103,59,339,party,turvallisuus
2019-2023,7,SDP,VIHR,0.23564753004005357,214,196,party,turvallisuus
2019-2023,7,SDP,KESK,0.11860165017792212,214,478,party,turvallisuus
2019-2023,7,SDP,KOK,0.36343513839824704,214,418,party,turvallisuus
2019-2023,7,SDP,PS,0.5612163317067793,214,339,party,turvallisuus
2019-2023,7,VIHR,KESK,0.3821834172999745,196,478,party,turvallisuus
2019-2023,7,VIHR,KOK,0.3486720046870424,196,418,party,turvallisuus
2019-2023,7,VIHR,PS,0.6573054000361207,196,339,party,turvallisuus
2019-2023,7,KESK,KOK,0.2765310003803727,478,418,party,turvallisuus
2019-2023,7,KESK,PS,0.5199886449192186,478,339,party,turvallisuus
2019-2023,7,KOK,PS,0.24416028002427637,418,339,party,turvallisuus
2023-2027,0,VAS,SDP,0.639457497226984,94,422,party,turvallisuus
2023-2027,0,VAS,VIHR,0.5216706067769896,94,108,party,turvallisuus
2023-2027,0,VAS,KESK,0.7766933437438999,94,218,party,turvallisuus
2023-2027,0,VAS,KOK,0.6483304308321347,94,562,party,turvallisuus
2023-2027,0,VAS,PS,0.7641091768751342,94,495,party,turvallisuus
2023-2027,0,SDP,VIHR,0.2162102861154993,422,108,party,turvallisuus
2023-2027,0,SDP,KESK,0.23907561198312988,422,218,party,turvallisuus
2023-2027,0,SDP,KOK,0.19524885733079222,422,562,party,turvallisuus
2023-2027,0,SDP,PS,0.3556704485614439,422,495,party,turvallisuus
2023-2027,0,VIHR,KESK,0.6009174311926604,108,218,party,turvallisuus
2023-2027,0,VIHR,KOK,0.3272044286279163,108,562,party,turvallisuus
2023-2027,0,VIHR,PS,0.627833894500561,108,495,party,turvallisuus
2023-2027,0,KESK,KOK,0.36831107773678573,218,562,party,turvallisuus
2023-2027,0,KESK,PS,0.5181169493096098,218,495,party,turvallisuus
2023-2027,0,KOK,PS,0.2593047916891331,562,495,party,turvallisuus
2023-2027,1,VAS,SDP,0.26750749076719393,113,381,party,turvallisuus
2023-2027,1,VAS,VIHR,0.21948497169736125,113,111,party,turvallisuus
2023-2027,1,VAS,KESK,0.5630004214075011,113,168,party,turvallisuus
2023-2027,1,VAS,KOK,0.709770029893154,113,598,party,turvallisuus
2023-2027,1,VAS,PS,0.6574314393820946,113,566,party,turvallisuus
2023-2027,1,SDP,VIHR,0.28429216618193,381,111,party,turvallisuus
2023-2027,1,SDP,KESK,0.1659167604049494,381,168,party,turvallisuus
2023-2027,1,SDP,KOK,0.2679798804413662,381,598,party,turvallisuus
2023-2027,1,SDP,PS,0.39315359431661134,381,566,party,turvallisuus
2023-2027,1,VIHR,KESK,0.45967395967395963,111,168,party,turvallisuus
2023-2027,1,VIHR,KOK,0.3975413540630932,111,598,party,turvallisuus
2023-2027,1,VIHR,PS,0.6490624900518895,111,566,party,turvallisuus
2023-2027,1,KESK,KOK,0.4234551680203853,168,598,party,turvallisuus
2023-2027,1,KESK,PS,0.477115934713108,168,566,party,turvallisuus
2023-2027,1,KOK,PS,0.08185116465958386,598,566,party,turvallisuus
2023-2027,2,VAS,SDP,0.37376099788395156,123,438,party,turvallisuus
2023-2027,2,VAS,VIHR,0.41898954703832736,123,112,party,turvallisuus
2023-2027,2,VAS,KESK,0.6393900033674895,123,169,party,turvallisuus
2023-2027,2,VAS,KOK,0.7234855000172005,123,709,party,turvallisuus
2023-2027,2,VAS,PS,0.6208682550145965,123,518,party,turvallisuus
2023-2027,2,SDP,VIHR,0.4319960861056751,438,112,party,turvallisuus
2023-2027,2,SDP,KESK,0.24106346761773545,438,169,party,turvallisuus
2023-2027,2,SDP,KOK,0.18464491115533477,438,709,party,turvallisuus
2023-2027,2,SDP,PS,0.36283739708397267,438,518,party,turvallisuus
2023-2027,2,VIHR,KESK,0.6297548605240912,112,169,party,turvallisuus
2023-2027,2,VIHR,KOK,0.5037275841225064,112,709,party,turvallisuus
2023-2027,2,VIHR,PS,0.5624310535024821,112,518,party,turvallisuus
2023-2027,2,KESK,KOK,0.4651188022133015,169,709,party,turvallisuus
2023-2027,2,KESK,PS,0.3855520778597701,169,518,party,turvallisuus
2023-2027,2,KOK,PS,0.13086025779960897,709,518,party,turvallisuus
2023-2027,3,VAS,SDP,0.481912471540602,118,469,party,turvallisuus
2023-2027,3,VAS,VIHR,0.5046004842615013,118,105,party,turvallisuus
2023-2027,3,VAS,KESK,0.696207986210859,118,236,party,turvallisuus
2023-2027,3,VAS,KOK,0.755233607614225,118,723,party,turvallisuus
2023-2027,3,VAS,PS,0.7598965814421144,118,590,party,turvallisuus
2023-2027,3,SDP,VIHR,0.3758148035333537,469,105,party,turvallisuus
2023-2027,3,SDP,KESK,0.010317661089227048,469,236,party,turvallisuus
2023-2027,3,SDP,KOK,0.2282570549740921,469,723,party,turvallisuus
2023-2027,3,SDP,PS,0.4075241227277653,469,590,party,turvallisuus
2023-2027,3,VIHR,KESK,0.6627118644067795,105,236,party,turvallisuus
2023-2027,3,VIHR,KOK,0.533715339524468,105,723,party,turvallisuus
2023-2027,3,VIHR,PS,0.6681194511702986,105,590,party,turvallisuus
2023-2027,3,KESK,KOK,0.30467449656562784,236,723,party,turvallisuus
2023-2027,3,KESK,PS,0.42910083309393854,236,590,party,turvallisuus
2023-2027,3,KOK,PS,0.24040134092880416,723,590,party,turvallisuus
2023-2027,4,VAS,SDP,0.3181057358644621,115,426,party,turvallisuus
2023-2027,4,VAS,VIHR,0.4560386473429954,115,108,party,turvallisuus
2023-2027,4,VAS,KESK,0.6892850645806805,115,239,party,turvallisuus
2023-2027,4,VAS,KOK,0.7147383935151068,115,708,party,turvallisuus
2023-2027,4,VAS,PS,0.6389714820009349,115,465,party,turvallisuus
2023-2027,4,SDP,VIHR,0.19287949921752734,426,108,party,turvallisuus
2023-2027,4,SDP,KESK,0.1442237806195612,426,239,party,turvallisuus
2023-2027,4,SDP,KOK,0.03594069122834931,426,708,party,turvallisuus
2023-2027,4,SDP,PS,0.31374627694482293,426,465,party,turvallisuus
2023-2027,4,VIHR,KESK,0.6126607779327444,108,239,party,turvallisuus
2023-2027,4,VIHR,KOK,0.4548545720862105,108,708,party,turvallisuus
2023-2027,4,VIHR,PS,0.6108721624850659,108,465,party,turvallisuus
2023-2027,4,KESK,KOK,0.2269578989669765,239,708,party,turvallisuus
2023-2027,4,KESK,PS,0.41123858370450384,239,465,party,turvallisuus
2023-2027,4,KOK,PS,0.04184435939493336,708,465,party,turvallisuus
2023-2027,5,VAS,SDP,0.37660666016953814,119,457,party,turvallisuus
2023-2027,5,VAS,VIHR,0.3514025328441235,119,71,party,turvallisuus
2023-2027,5,VAS,KESK,0.7955536645037764,119,237,party,turvallisuus
2023-2027,5,VAS,KOK,0.7277950711763475,119,683,party,turvallisuus
2023-2027,5,VAS,PS,0.7570396579684506,119,513,party,turvallisuus
2023-2027,5,SDP,VIHR,0.3120473387370173,457,71,party,turvallisuus
2023-2027,5,SDP,KESK,0.2058647019176616,457,237,party,turvallisuus
2023-2027,5,SDP,KOK,0.409779868068215,457,683,party,turvallisuus
2023-2027,5,SDP,PS,0.45797023558166017,457,513,party,turvallisuus
2023-2027,5,VIHR,KESK,0.5345575563083138,71,237,party,turvallisuus
2023-2027,5,VIHR,KOK,0.38894273400284596,71,683,party,turvallisuus
2023-2027,5,VIHR,PS,0.5326579359196113,71,513,party,turvallisuus
2023-2027,5,KESK,KOK,0.44773307139635876,237,683,party,turvallisuus
2023-2027,5,KESK,PS,0.5548975580065965,237,513,party,turvallisuus
2023-2027,5,KOK,PS,0.27197691642478583,683,513,party,turvallisuus
2023-2027,6,VAS,SDP,0.6221439126975106,95,463,party,turvallisuus
2023-2027,6,VAS,VIHR,0.4623617868199912,95,119,party,turvallisuus
2023-2027,6,VAS,KESK,0.6364848773517502,95,221,party,turvallisuus
2023-2027,6,VAS,KOK,0.7289983022071307,95,620,party,turvallisuus
2023-2027,6,VAS,PS,0.7426253380486789,95,506,party,turvallisuus
2023-2027,6,SDP,VIHR,0.3728152167994625,463,119,party,turvallisuus
2023-2027,6,SDP,KESK,0.1836244050702187,463,221,party,turvallisuus
2023-2027,6,SDP,KOK,0.3212986832021181,463,620,party,turvallisuus
2023-2027,6,SDP,PS,0.43231545428934837,463,506,party,turvallisuus
2023-2027,6,VIHR,KESK,0.6885813148788928,119,221,party,turvallisuus
2023-2027,6,VIHR,KOK,0.579032258064516,119,620,party,turvallisuus
2023-2027,6,VIHR,PS,0.7247483973826685,119,506,party,turvallisuus
2023-2027,6,KESK,KOK,0.35368559334403726,221,620,party,turvallisuus
2023-2027,6,KESK,PS,0.4584622538586731,221,506,party,turvallisuus
2023-2027,6,KOK,PS,0.19713119979599658,620,506,party,turvallisuus
2023-2027,7,VAS,SDP,0.4225777152735053,93,367,party,turvallisuus
2023-2027,7,VAS,VIHR,0.21863799283154117,93,75,party,turvallisuus
2023-2027,7,VAS,KESK,0.6920284923551565,93,237,party,turvallisuus
2023-2027,7,VAS,KOK,0.7015606041588218,93,514,party,turvallisuus
2023-2027,7,VAS,PS,0.6992392522262194,93,547,party,turvallisuus
2023-2027,7,SDP,VIHR,0.37751135331516816,367,75,party,turvallisuus
2023-2027,7,SDP,KESK,0.19100012646730846,367,237,party,turvallisuus
2023-2027,7,SDP,KOK,0.2510310753930809,367,514,party,turvallisuus
2023-2027,7,SDP,PS,0.4520819530856941,367,547,party,turvallisuus
2023-2027,7,VIHR,KESK,0.6454571026722926,75,237,party,turvallisuus
2023-2027,7,VIHR,KOK,0.36612191958495455,75,514,party,turvallisuus
2023-2027,7,VIHR,PS,0.737720901889092,75,547,party,turvallisuus
2023-2027,7,KESK,KOK,0.27151980823851973,237,514,party,turvallisuus
2023-2027,7,KESK,PS,0.3174739083146274,237,547,party,turvallisuus
2023-2027,7,KOK,PS,0.24070451489909583,514,547,party,turvallisuus
2015-2019,0,VAS,SDP,0.16514644904264397,544,1447,party,eriarvoisuus
2015-2019,0,VAS,VIHR,0.0146694816540478,544,404,party,eriarvoisuus
2015-2019,0,VAS,KESK,0.600900955950247,544,1083,party,eriarvoisuus
2015-2019,0,VAS,KOK,0.37842480742296924,544,1008,party,eriarvoisuus
2015-2019,0,VAS,PS,0.4536969190920863,544,863,party,eriarvoisuus
2015-2019,0,SDP,VIHR,0.47679049176514043,1447,404,party,eriarvoisuus
2015-2019,0,SDP,KESK,0.6629291921835287,1447,1083,party,eriarvoisuus
2015-2019,0,SDP,KOK,0.5442650914316429,1447,1008,party,eriarvoisuus
2015-2019,0,SDP,PS,0.4825895427547786,1447,863,party,eriarvoisuus
2015-2019,0,VIHR,KESK,0.7829324483694904,404,1083,party,eriarvoisuus
2015-2019,0,VIHR,KOK,0.6652031274556025,404,1008,party,eriarvoisuus
2015-2019,0,VIHR,PS,0.7134334522675905,404,863,party,eriarvoisuus
2015-2019,0,KESK,KOK,0.2149635785369859,1083,1008,party,eriarvoisuus
2015-2019,0,KESK,PS,0.34616837269119616,1083,863,party,eriarvoisuus
2015-2019,0,KOK,PS,0.4142066250988614,1008,863,party,eriarvoisuus
2015-2019,1,VAS,SDP,0.045639273699826566,688,1113,party,eriarvoisuus
2015-2019,1,VAS,VIHR,0.20209694277501944,688,445,party,eriarvoisuus
2015-2019,1,VAS,KESK,0.5776135163674763,688,947,party,eriarvoisuus
2015-2019,1,VAS,KOK,0.3859981977287039,688,1071,party,eriarvoisuus
2015-2019,1,VAS,PS,0.49735669461583076,688,882,party,eriarvoisuus
2015-2019,1,SDP,VIHR,0.45817862442835944,1113,445,party,eriarvoisuus
2015-2019,1,SDP,KESK,0.618732631822628,1113,947,party,eriarvoisuus
2015-2019,1,SDP,KOK,0.5823939638748579,1113,1071,party,eriarvoisuus
2015-2019,1,SDP,PS,0.5481701515586768,1113,882,party,eriarvoisuus
2015-2019,1,VIHR,KESK,0.7117520733718543,445,947,party,eriarvoisuus
2015-2019,1,VIHR,KOK,0.5453792003692863,445,1071,party,eriarvoisuus
2015-2019,1,VIHR,PS,0.6438584422533056,445,882,party,eriarvoisuus
2015-2019,1,KESK,KOK,0.23015823717730655,947,1071,party,eriarvoisuus
2015-2019,1,KESK,PS,0.4383696456407271,947,882,party,eriarvoisuus
2015-2019,1,KOK,PS,0.4698599016326108,1071,882,party,eriarvoisuus
2015-2019,2,VAS,SDP,0.1579080444474017,665,1808,party,eriarvoisuus
2015-2019,2,VAS,VIHR,0.1621244893054552,665,438,party,eriarvoisuus
2015-2019,2,VAS,KESK,0.47054808072813614,665,912,party,eriarvoisuus
2015-2019,2,VAS,KOK,0.4166174243196068,665,1107,party,eriarvoisuus
2015-2019,2,VAS,PS,0.4920883289304343,665,888,party,eriarvoisuus
2015-2019,2,SDP,VIHR,0.505669879177274,1808,438,party,eriarvoisuus
2015-2019,2,SDP,KESK,0.5925467706877814,1808,912,party,eriarvoisuus
2015-2019,2,SDP,KOK,0.5213809346795533,1808,1107,party,eriarvoisuus
2015-2019,2,SDP,PS,0.4579135274655186,1808,888,party,eriarvoisuus
2015-2019,2,VIHR,KESK,0.7347392453737083,438,912,party,eriarvoisuus
2015-2019,2,VIHR,KOK,0.7000284614718293,438,1107,party,eriarvoisuus
2015-2019,2,VIHR,PS,0.7435003496647332,438,888,party,eriarvoisuus
2015-2019,2,KESK,KOK,0.2013601641864371,912,1107,party,eriarvoisuus
2015-2019,2,KESK,PS,0.4114533941836571,912,888,party,eriarvoisuus
2015-2019,2,KOK,PS,0.43573044589304755,1107,888,party,eriarvoisuus
2015-2019,3,VAS,SDP,0.01609859426150595,577,1620,party,eriarvoisuus
2015-2019,3,VAS,VIHR,0.22902961943832456,577,553,party,eriarvoisuus
2015-2019,3,VAS,KESK,0.5785045312263144,577,1109,party,eriarvoisuus
2015-2019,3,VAS,KOK,0.4997253263300405,577,978,party,eriarvoisuus
2015-2019,3,VAS,PS,0.5427105719237435,577,875,party,eriarvoisuus
2015-2019,3,SDP,VIHR,0.4619538767218092,1620,553,party,eriarvoisuus
2015-2019,3,SDP,KESK,0.6392167340168542,1620,1109,party,eriarvoisuus
2015-2019,3,SDP,KOK,0.5534108409704865,1620,978,party,eriarvoisuus
2015-2019,3,SDP,PS,0.41792169312169314,1620,875,party,eriarvoisuus
2015-2019,3,VIHR,KESK,0.7246823213653866,553,1109,party,eriarvoisuus
2015-2019,3,VIHR,KOK,0.7068268636956996,553,978,party,eriarvoisuus
2015-2019,3,VIHR,PS,0.6732627228106431,553,875,party,eriarvoisuus
2015-2019,3,KESK,KOK,0.23746959714254623,1109,978,party,eriarvoisuus
2015-2019,3,KESK,PS,0.3894071879428056,1109,875,party,eriarvoisuus
2015-2019,3,KOK,PS,0.5051078001752849,978,875,party,eriarvoisuus
2015-2019,4,VAS,SDP,0.18451058747620852,633,1709,party,eriarvoisuus
2015-2019,4,VAS,VIHR,0.11454950868595737,633,559,party,eriarvoisuus
2015-2019,4,VAS,KESK,0.5978142825135466,633,1107,party,eriarvoisuus
2015-2019,4,VAS,KOK,0.5471140504207739,633,1052,party,eriarvoisuus
2015-2019,4,VAS,PS,0.46301135520585124,633,905,party,eriarvoisuus
2015-2019,4,SDP,VIHR,0.38416109181006375,1709,559,party,eriarvoisuus
2015-2019,4,SDP,KESK,0.6625717612744686,1709,1107,party,eriarvoisuus
2015-2019,4,SDP,KOK,0.5898975898119327,1709,1052,party,eriarvoisuus
2015-2019,4,SDP,PS,0.48436001797438966,1709,905,party,eriarvoisuus
2015-2019,4,VIHR,KESK,0.675782506185229,559,1107,party,eriarvoisuus
2015-2019,4,VIHR,KOK,0.5986620594897187,559,1052,party,eriarvoisuus
2015-2019,4,VIHR,PS,0.645108174621216,559,905,party,eriarvoisuus
2015-2019,4,KESK,KOK,0.25290666721622856,1107,1052,party,eriarvoisuus
2015-2019,4,KESK,PS,0.37426422514685553,1107,905,party,eriarvoisuus
2015-2019,4,KOK,PS,0.4374986870575386,1052,905,party,eriarvoisuus
2015-2019,5,VAS,SDP,-0.03213525999643907,501,1704,party,eriarvoisuus
2015-2019,5,VAS,VIHR,0.09960746345621585,501,569,party,eriarvoisuus
2015-2019,5,VAS,KESK,0.4769550908075044,501,1011,party,eriarvoisuus
2015-2019,5,VAS,KOK,0.28148269670704273,501,876,party,eriarvoisuus
2015-2019,5,VAS,PS,0.29932461216655426,501,834,party,eriarvoisuus
2015-2019,5,SDP,VIHR,0.46328085678688424,1704,569,party,eriarvoisuus
2015-2019,5,SDP,KESK,0.6239801154437339,1704,1011,party,eriarvoisuus
2015-2019,5,SDP,KOK,0.44418317362316984,1704,876,party,eriarvoisuus
2015-2019,5,SDP,PS,0.48851059997072777,1704,834,party,eriarvoisuus
2015-2019,5,VIHR,KESK,0.7441256894720467,569,1011,party,eriarvoisuus
2015-2019,5,VIHR,KOK,0.5922992352200047,569,876,party,eriarvoisuus
2015-2019,5,VIHR,PS,0.6494333531417398,569,834,party,eriarvoisuus
2015-2019,5,KESK,KOK,0.2847038738262673,1011,876,party,eriarvoisuus
2015-2019,5,KESK,PS,0.2837800975836542,1011,834,party,eriarvoisuus
2015-2019,5,KOK,PS,0.26450620325657304,876,834,party,eriarvoisuus
2015-2019,6,VAS,SDP,0.014244539921231647,665,1680,party,eriarvoisuus
2015-2019,6,VAS,VIHR,0.23790134677352714,665,455,party,eriarvoisuus
2015-2019,6,VAS,KESK,0.5213255145585973,665,1036,party,eriarvoisuus
2015-2019,6,VAS,KOK,0.4997474380933027,665,1036,party,eriarvoisuus
2015-2019,6,VAS,PS,0.4317902034780441,665,783,party,eriarvoisuus
2015-2019,6,SDP,VIHR,0.5158267922553637,1680,455,party,eriarvoisuus
2015-2019,6,SDP,KESK,0.6106924526567383,1680,1036,party,eriarvoisuus
2015-2019,6,SDP,KOK,0.5340032634675493,1680,1036,party,eriarvoisuus
2015-2019,6,SDP,PS,0.49779085325062344,1680,783,party,eriarvoisuus
2015-2019,6,VIHR,KESK,0.760851117993975,455,1036,party,eriarvoisuus
2015-2019,6,VIHR,KOK,0.7410199838771268,455,1036,party,eriarvoisuus
2015-2019,6,VIHR,PS,0.6286303734579597,455,783,party,eriarvoisuus
2015-2019,6,KESK,KOK,0.1706369911003116,1036,1036,party,eriarvoisuus
2015-2019,6,KESK,PS,0.44350261591640905,1036,783,party,eriarvoisuus
2015-2019,6,KOK,PS,0.4294713432644466,1036,783,party,eriarvoisuus
2015-2019,7,VAS,SDP,0.22951297977384955,525,1495,party,eriarvoisuus
2015-2019,7,VAS,VIHR,0.24023606023606026,525,468,party,eriarvoisuus
2015-2019,7,VAS,KESK,0.5099372394118937,525,1085,party,eriarvoisuus
2015-2019,7,VAS,KOK,0.43485820302146827,525,1078,party,eriarvoisuus
2015-2019,7,VAS,PS,0.4299872676343264,525,748,party,eriarvoisuus
2015-2019,7,SDP,VIHR,0.5078866878197983,1495,468,party,eriarvoisuus
2015-2019,7,SDP,KESK,0.6490815776089267,1495,1085,party,eriarvoisuus
2015-2019,7,SDP,KOK,0.5753637666681146,1495,1078,party,eriarvoisuus
2015-2019,7,SDP,PS,0.641067372525173,1495,748,party,eriarvoisuus
2015-2019,7,VIHR,KESK,0.7794832407735635,468,1085,party,eriarvoisuus
2015-2019,7,VIHR,KOK,0.7017704517704519,468,1078,party,eriarvoisuus
2015-2019,7,VIHR,PS,0.6943016134192603,468,748,party,eriarvoisuus
2015-2019,7,KESK,KOK,0.2501953609261047,1085,1078,party,eriarvoisuus
2015-2019,7,KESK,PS,0.5530422139530298,1085,748,party,eriarvoisuus
2015-2019,7,KOK,PS,0.5728522814084311,1078,748,party,eriarvoisuus
2019-2023,0,VAS,SDP,0.2825396825396824,329,630,party,eriarvoisuus
2019-2023,0,VAS,VIHR,0.45704154002026365,329,240,party,eriarvoisuus
2019-2023,0,VAS,KESK,0.41500523758006613,329,885,party,eriarvoisuus
2019-2023,0,VAS,KOK,0.5595823580464456,329,809,party,eriarvoisuus
2019-2023,0,VAS,PS,0.7187370239340942,329,1098,party,eriarvoisuus
2019-2023,0,SDP,VIHR,0.610489417989418,630,240,party,eriarvoisuus
2019-2023,0,SDP,KESK,0.1813433772755806,630,885,party,eriarvoisuus
2019-2023,0,SDP,KOK,0.43363745168442325,630,809,party,eriarvoisuus
2019-2023,0,SDP,PS,0.7706594963425564,630,1098,party,eriarvoisuus
2019-2023,0,VIHR,KESK,0.7157438794726931,240,885,party,eriarvoisuus
2019-2023,0,VIHR,KOK,0.807210548001648,240,809,party,eriarvoisuus
2019-2023,0,VIHR,PS,0.9196721311475411,240,1098,party,eriarvoisuus
2019-2023,0,KESK,KOK,0.3318807483606041,885,809,party,eriarvoisuus
2019-2023,0,KESK,PS,0.6199396951828184,885,1098,party,eriarvoisuus
2019-2023,0,KOK,PS,0.5339002704096221,809,1098,party,eriarvoisuus
2019-2023,1,VAS,SDP,0.4036246476037051,325,764,party,eriarvoisuus
2019-2023,1,VAS,VIHR,0.3185669125395152,325,292,party,eriarvoisuus
2019-2023,1,VAS,KESK,0.44638893690579073,325,890,party,eriarvoisuus
2019-2023,1,VAS,KOK,0.6621431305013397,325,804,party,eriarvoisuus
2019-2023,1,VAS,PS,0.7402318229715488,325,1168,party,eriarvoisuus
2019-2023,1,SDP,VIHR,0.5506705873915227,764,292,party,eriarvoisuus
2019-2023,1,SDP,KESK,0.20394729101711873,764,890,party,eriarvoisuus
2019-2023,1,SDP,KOK,0.5721979109687167,764,804,party,eriarvoisuus
2019-2023,1,SDP,PS,0.7398313669941905,764,1168,party,eriarvoisuus
2019-2023,1,VIHR,KESK,0.7319609050330922,292,890,party,eriarvoisuus
2019-2023,1,VIHR,KOK,0.7625741157227559,292,804,party,eriarvoisuus
2019-2023,1,VIHR,PS,0.8972250891349218,292,1168,party,eriarvoisuus
2019-2023,1,KESK,KOK,0.45896360892168353,890,804,party,eriarvoisuus
2019-2023,1,KESK,PS,0.6548089502847465,890,1168,party,eriarvoisuus
2019-2023,1,KOK,PS,0.5984908505418116,804,1168,party,eriarvoisuus
2019-2023,2,VAS,SDP,0.31964906082553135,333,765,party,eriarvoisuus
2019-2023,2,VAS,VIHR,0.44565939985787306,333,262,party,eriarvoisuus
2019-2023,2,VAS,KESK,0.48935876626324015,333,827,party,eriarvoisuus
2019-2023,2,VAS,KOK,0.6030049983538357,333,903,party,eriarvoisuus
2019-2023,2,VAS,PS,0.7459352843968226,333,1183,party,eriarvoisuus
2019-2023,2,SDP,VIHR,0.5608840991867483,765,262,party,eriarvoisuus
2019-2023,2,SDP,KESK,0.1557673613580861,765,827,party,eriarvoisuus
2019-2023,2,SDP,KOK,0.4782301551111401,765,903,party,eriarvoisuus
2019-2023,2,SDP,PS,0.775278316454787,765,1183,party,eriarvoisuus
2019-2023,2,VIHR,KESK,0.6443412684493757,262,827,party,eriarvoisuus
2019-2023,2,VIHR,KOK,0.7695552568621982,262,903,party,eriarvoisuus
2019-2023,2,VIHR,PS,0.8996212243423047,262,1183,party,eriarvoisuus
2019-2023,2,KESK,KOK,0.3868965600356731,827,903,party,eriarvoisuus
2019-2023,2,KESK,PS,0.6312369613457882,827,1183,party,eriarvoisuus
2019-2023,2,KOK,PS,0.5778755702088185,903,1183,party,eriarvoisuus
2019-2023,3,VAS,SDP,0.23068165337200863,350,788,party,eriarvoisuus
2019-2023,3,VAS,VIHR,0.2670785070785069,350,222,party,eriarvoisuus
2019-2023,3,VAS,KESK,0.4335068783068783,350,675,party,eriarvoisuus
2019-2023,3,VAS,KOK,0.5521335807050092,350,770,party,eriarvoisuus
2019-2023,3,VAS,PS,0.6919936034115137,350,1072,party,eriarvoisuus
2019-2023,3,SDP,VIHR,0.581058215575982,788,222,party,eriarvoisuus
2019-2023,3,SDP,KESK,0.28076706147772135,788,675,party,eriarvoisuus
2019-2023,3,SDP,KOK,0.560015492122091,788,770,party,eriarvoisuus
2019-2023,3,SDP,PS,0.7657848132434277,788,1072,party,eriarvoisuus
2019-2023,3,VIHR,KESK,0.6660527193860528,222,675,party,eriarvoisuus
2019-2023,3,VIHR,KOK,0.8222183222183221,222,770,party,eriarvoisuus
2019-2023,3,VIHR,PS,0.9175238671507329,222,1072,party,eriarvoisuus
2019-2023,3,KESK,KOK,0.5147166907166907,675,770,party,eriarvoisuus
2019-2023,3,KESK,PS,0.6302874516307351,675,1072,party,eriarvoisuus
2019-2023,3,KOK,PS,0.604550300445823,770,1072,party,eriarvoisuus
2019-2023,4,VAS,SDP,0.10707720588235303,306,640,party,eriarvoisuus
2019-2023,4,VAS,VIHR,0.4453781512605042,306,273,party,eriarvoisuus
2019-2023,4,VAS,KESK,0.38231031543051985,306,920,party,eriarvoisuus
2019-2023,4,VAS,KOK,0.42745930644019836,306,785,party,eriarvoisuus
2019-2023,4,VAS,PS,0.6834656228480298,306,1082,party,eriarvoisuus
2019-2023,4,SDP,VIHR,0.6475274725274727,640,273,party,eriarvoisuus
2019-2023,4,SDP,KESK,0.18809442934782616,640,920,party,eriarvoisuus
2019-2023,4,SDP,KOK,0.5077070063694267,640,785,party,eriarvoisuus
2019-2023,4,SDP,PS,0.757058687615527,640,1082,party,eriarvoisuus
2019-2023,4,VIHR,KESK,0.7629956999522214,273,920,party,eriarvoisuus
2019-2023,4,VIHR,KOK,0.7891976388791675,273,785,party,eriarvoisuus
2019-2023,4,VIHR,PS,0.912995199501669,273,1082,party,eriarvoisuus
2019-2023,4,KESK,KOK,0.3668180559401828,920,785,party,eriarvoisuus
2019-2023,4,KESK,PS,0.6366933215462507,920,1082,party,eriarvoisuus
2019-2023,4,KOK,PS,0.5310100427375586,785,1082,party,eriarvoisuus
2019-2023,5,VAS,SDP,0.3222621150226668,353,733,party,eriarvoisuus
2019-2023,5,VAS,VIHR,0.5095550373280326,353,181,party,eriarvoisuus
2019-2023,5,VAS,KESK,0.532133726841113,353,861,party,eriarvoisuus
2019-2023,5,VAS,KOK,0.6420672696682534,353,788,party,eriarvoisuus
2019-2023,5,VAS,PS,0.7809172398089224,353,1157,party,eriarvoisuus
2019-2023,5,SDP,VIHR,0.6325853790899427,733,181,party,eriarvoisuus
2019-2023,5,SDP,KESK,0.3024561370150829,733,861,party,eriarvoisuus
2019-2023,5,SDP,KOK,0.49314062922001933,733,788,party,eriarvoisuus
2019-2023,5,SDP,PS,0.7754601270397521,733,1157,party,eriarvoisuus
2019-2023,5,VIHR,KESK,0.7615390044981747,181,861,party,eriarvoisuus
2019-2023,5,VIHR,KOK,0.8253358386852512,181,788,party,eriarvoisuus
2019-2023,5,VIHR,PS,0.9473013174670633,181,1157,party,eriarvoisuus
2019-2023,5,KESK,KOK,0.4783748091288018,861,788,party,eriarvoisuus
2019-2023,5,KESK,PS,0.6708235584640081,861,1157,party,eriarvoisuus
2019-2023,5,KOK,PS,0.6237337065489692,788,1157,party,eriarvoisuus
2019-2023,6,VAS,SDP,0.4679786779081134,372,704,party,eriarvoisuus
2019-2023,6,VAS,VIHR,0.385647681451613,372,256,party,eriarvoisuus
2019-2023,6,VAS,KESK,0.6673057304675132,372,917,party,eriarvoisuus
2019-2023,6,VAS,KOK,0.7132326434209708,372,865,party,eriarvoisuus
2019-2023,6,VAS,PS,0.8066980667068295,372,1178,party,eriarvoisuus
2019-2023,6,SDP,VIHR,0.6433993252840908,704,256,party,eriarvoisuus
2019-2023,6,SDP,KESK,0.28004485972043236,704,917,party,eriarvoisuus
2019-2023,6,SDP,KOK,0.43839004203888576,704,865,party,eriarvoisuus
2019-2023,6,SDP,PS,0.7586698371662295,704,1178,party,eriarvoisuus
2019-2023,6,VIHR,KESK,0.7532715376226824,256,917,party,eriarvoisuus
2019-2023,6,VIHR,KOK,0.8034591763005783,256,865,party,eriarvoisuus
2019-2023,6,VIHR,PS,0.8879456706281834,256,1178,party,eriarvoisuus
2019-2023,6,KESK,KOK,0.4514608455569493,917,865,party,eriarvoisuus
2019-2023,6,KESK,PS,0.6311734766613655,917,1178,party,eriarvoisuus
2019-2023,6,KOK,PS,0.5762524902597719,865,1178,party,eriarvoisuus
2019-2023,7,VAS,SDP,0.24327787681592117,313,733,party,eriarvoisuus
2019-2023,7,VAS,VIHR,0.5268043571230914,313,254,party,eriarvoisuus
2019-2023,7,VAS,KESK,0.5286359558696234,313,812,party,eriarvoisuus
2019-2023,7,VAS,KOK,0.6822730967729742,313,845,party,eriarvoisuus
2019-2023,7,VAS,PS,0.7532644377611768,313,1091,party,eriarvoisuus
2019-2023,7,SDP,VIHR,0.6653059909121182,733,254,party,eriarvoisuus
2019-2023,7,SDP,KESK,0.19578088562423135,733,812,party,eriarvoisuus
2019-2023,7,SDP,KOK,0.5574707169208164,733,845,party,eriarvoisuus
2019-2023,7,SDP,PS,0.7442600565459929,733,1091,party,eriarvoisuus
2019-2023,7,VIHR,KESK,0.7459563244249641,254,812,party,eriarvoisuus
2019-2023,7,VIHR,KOK,0.8335181475096678,254,845,party,eriarvoisuus
2019-2023,7,VIHR,PS,0.913501302712963,254,1091,party,eriarvoisuus
2019-2023,7,KESK,KOK,0.4172064010260297,812,845,party,eriarvoisuus
2019-2023,7,KESK,PS,0.5997096711563037,812,1091,party,eriarvoisuus
2019-2023,7,KOK,PS,0.5076706132477127,845,1091,party,eriarvoisuus
2023-2027,0,VAS,SDP,0.645926676685423,403,1420,party,eriarvoisuus
2023-2027,0,VAS,VIHR,0.5772913523215653,403,347,party,eriarvoisuus
2023-2027,0,VAS,KESK,0.8280983532596438,403,550,party,eriarvoisuus
2023-2027,0,VAS,KOK,0.9113684896786167,403,746,party,eriarvoisuus
2023-2027,0,VAS,PS,0.847552198291817,403,1086,party,eriarvoisuus
2023-2027,0,SDP,VIHR,0.6928846856354263,1420,347,party,eriarvoisuus
2023-2027,0,SDP,KESK,0.584371318822023,1420,550,party,eriarvoisuus
2023-2027,0,SDP,KOK,0.6810633236415811,1420,746,party,eriarvoisuus
2023-2027,0,SDP,PS,0.7282961118460303,1420,1086,party,eriarvoisuus
2023-2027,0,VIHR,KESK,0.8186219544144615,347,550,party,eriarvoisuus
2023-2027,0,VIHR,KOK,0.8397756333490434,347,746,party,eriarvoisuus
2023-2027,0,VIHR,PS,0.8528826404700112,347,1086,party,eriarvoisuus
2023-2027,0,KESK,KOK,0.7218961735315621,550,746,party,eriarvoisuus
2023-2027,0,KESK,PS,0.7776360287962494,550,1086,party,eriarvoisuus
2023-2027,0,KOK,PS,0.28426870874251375,746,1086,party,eriarvoisuus
2023-2027,1,VAS,SDP,0.5245496090946862,415,1276,party,eriarvoisuus
2023-2027,1,VAS,VIHR,0.5937391795922693,415,341,party,eriarvoisuus
2023-2027,1,VAS,KESK,0.7987116416358808,415,649,party,eriarvoisuus
2023-2027,1,VAS,KOK,0.8626832051453046,415,813,party,eriarvoisuus
2023-2027,1,VAS,PS,0.850540282677672,415,1086,party,eriarvoisuus
2023-2027,1,SDP,VIHR,0.721876465126541,1276,341,party,eriarvoisuus
2023-2027,1,SDP,KESK,0.5097594080113605,1276,649,party,eriarvoisuus
2023-2027,1,SDP,KOK,0.5938896536300786,1276,813,party,eriarvoisuus
2023-2027,1,SDP,PS,0.7259275937119336,1276,1086,party,eriarvoisuus
2023-2027,1,VIHR,KESK,0.7886394136704789,341,649,party,eriarvoisuus
2023-2027,1,VIHR,KOK,0.830056306428167,341,813,party,eriarvoisuus
2023-2027,1,VIHR,PS,0.8467080356226677,341,1086,party,eriarvoisuus
2023-2027,1,KESK,KOK,0.6906471684131326,649,813,party,eriarvoisuus
2023-2027,1,KESK,PS,0.7791076794728824,649,1086,party,eriarvoisuus
2023-2027,1,KOK,PS,0.23823503428404447,813,1086,party,eriarvoisuus
2023-2027,2,VAS,SDP,0.5804152922982584,442,1343,party,eriarvoisuus
2023-2027,2,VAS,VIHR,0.631907823858288,442,399,party,eriarvoisuus
2023-2027,2,VAS,KESK,0.8203293246545842,442,748,party,eriarvoisuus
2023-2027,2,VAS,KOK,0.8815512668069148,442,841,party,eriarvoisuus
2023-2027,2,VAS,PS,0.8614399715832257,442,1121,party,eriarvoisuus
2023-2027,2,SDP,VIHR,0.7442937201529511,1343,399,party,eriarvoisuus
2023-2027,2,SDP,KESK,0.5235206517454336,1343,748,party,eriarvoisuus
2023-2027,2,SDP,KOK,0.5811584797377163,1343,841,party,eriarvoisuus
2023-2027,2,SDP,PS,0.7626334852869772,1343,1121,party,eriarvoisuus
2023-2027,2,VIHR,KESK,0.8384061758674761,399,748,party,eriarvoisuus
2023-2027,2,VIHR,KOK,0.8578551014873688,399,841,party,eriarvoisuus
2023-2027,2,VIHR,PS,0.8580304463209765,399,1121,party,eriarvoisuus
2023-2027,2,KESK,KOK,0.7563220510342286,748,841,party,eriarvoisuus
2023-2027,2,KESK,PS,0.7395850725335953,748,1121,party,eriarvoisuus
2023-2027,2,KOK,PS,0.40699710743231865,841,1121,party,eriarvoisuus
2023-2027,3,VAS,SDP,0.5414075679463632,357,1423,party,eriarvoisuus
2023-2027,3,VAS,VIHR,0.6517604316931132,357,367,party,eriarvoisuus
2023-2027,3,VAS,KESK,0.8246762724941095,357,806,party,eriarvoisuus
2023-2027,3,VAS,KOK,0.8218343747755514,357,780,party,eriarvoisuus
2023-2027,3,VAS,PS,0.8412795169881424,357,1158,party,eriarvoisuus
2023-2027,3,SDP,VIHR,0.7326253587902904,1423,367,party,eriarvoisuus
2023-2027,3,SDP,KESK,0.447389484000007,1423,806,party,eriarvoisuus
2023-2027,3,SDP,KOK,0.599306268807323,1423,780,party,eriarvoisuus
2023-2027,3,SDP,PS,0.7534205508564575,1423,1158,party,eriarvoisuus
2023-2027,3,VIHR,KESK,0.8512112832232372,367,806,party,eriarvoisuus
2023-2027,3,VIHR,KOK,0.8625864598616642,367,780,party,eriarvoisuus
2023-2027,3,VIHR,PS,0.8801842884236184,367,1158,party,eriarvoisuus
2023-2027,3,KESK,KOK,0.6828529617611503,806,780,party,eriarvoisuus
2023-2027,3,KESK,PS,0.7110188268470066,806,1158,party,eriarvoisuus
2023-2027,3,KOK,PS,0.2952271821442807,780,1158,party,eriarvoisuus
2023-2027,4,VAS,SDP,0.5049602397915245,371,1205,party,eriarvoisuus
2023-2027,4,VAS,VIHR,0.5589680400462074,371,350,party,eriarvoisuus
2023-2027,4,VAS,KESK,0.8395853686287895,371,687,party,eriarvoisuus
2023-2027,4,VAS,KOK,0.8596725050808458,371,813,party,eriarvoisuus
2023-2027,4,VAS,PS,0.8178801066120558,371,895,party,eriarvoisuus
2023-2027,4,SDP,VIHR,0.6075494961470065,1205,350,party,eriarvoisuus
2023-2027,4,SDP,KESK,0.4432803638406204,1205,687,party,eriarvoisuus
2023-2027,4,SDP,KOK,0.5901884827976911,1205,813,party,eriarvoisuus
2023-2027,4,SDP,PS,0.7781793736526113,1205,895,party,eriarvoisuus
2023-2027,4,VIHR,KESK,0.8038427947598252,350,687,party,eriarvoisuus
2023-2027,4,VIHR,KOK,0.7921700931295028,350,813,party,eriarvoisuus
2023-2027,4,VIHR,PS,0.8549337589784518,350,895,party,eriarvoisuus
2023-2027,4,KESK,KOK,0.6381472111664348,687,813,party,eriarvoisuus
2023-2027,4,KESK,PS,0.6624722500060989,687,895,party,eriarvoisuus
2023-2027,4,KOK,PS,0.34956399843328056,813,895,party,eriarvoisuus
2023-2027,5,VAS,SDP,0.5777272475181632,377,1387,party,eriarvoisuus
2023-2027,5,VAS,VIHR,0.5689480664526037,377,304,party,eriarvoisuus
2023-2027,5,VAS,KESK,0.8422111059854689,377,736,party,eriarvoisuus
2023-2027,5,VAS,KOK,0.8250846434193784,377,738,party,eriarvoisuus
2023-2027,5,VAS,PS,0.8386746097317039,377,1037,party,eriarvoisuus
2023-2027,5,SDP,VIHR,0.6550487610518727,1387,304,party,eriarvoisuus
2023-2027,5,SDP,KESK,0.5522750070530704,1387,736,party,eriarvoisuus
2023-2027,5,SDP,KOK,0.5904088096396465,1387,738,party,eriarvoisuus
2023-2027,5,SDP,PS,0.7602534625489896,1387,1037,party,eriarvoisuus
2023-2027,5,VIHR,KESK,0.7795516304347827,304,736,party,eriarvoisuus
2023-2027,5,VIHR,KOK,0.8150941377834833,304,738,party,eriarvoisuus
2023-2027,5,VIHR,PS,0.8631743896868496,304,1037,party,eriarvoisuus
2023-2027,5,KESK,KOK,0.675363791681395,736,738,party,eriarvoisuus
2023-2027,5,KESK,PS,0.681169028552262,736,1037,party,eriarvoisuus
2023-2027,5,KOK,PS,0.2033304325328693,738,1037,party,eriarvoisuus
2023-2027,6,VAS,SDP,0.5415705614567525,400,1318,party,eriarvoisuus
2023-2027,6,VAS,VIHR,0.5660880829015544,400,386,party,eriarvoisuus
2023-2027,6,VAS,KESK,0.7818046971569839,400,809,party,eriarvoisuus
2023-2027,6,VAS,KOK,0.8412358845671264,400,797,party,eriarvoisuus
2023-2027,6,VAS,PS,0.8556208053691274,400,894,party,eriarvoisuus
2023-2027,6,SDP,VIHR,0.6998553311266089,1318,386,party,eriarvoisuus
2023-2027,6,SDP,KESK,0.5204199343125797,1318,809,party,eriarvoisuus
2023-2027,6,SDP,KOK,0.5817814528305121,1318,797,party,eriarvoisuus
2023-2027,6,SDP,PS,0.669740607591327,1318,894,party,eriarvoisuus
2023-2027,6,VIHR,KESK,0.8393526198146499,386,809,party,eriarvoisuus
2023-2027,6,VIHR,KOK,0.8418421411900847,386,797,party,eriarvoisuus
2023-2027,6,VIHR,PS,0.8346605464176837,386,894,party,eriarvoisuus
2023-2027,6,KESK,KOK,0.6379594058684219,809,797,party,eriarvoisuus
2023-2027,6,KESK,PS,0.5860357333466069,809,894,party,eriarvoisuus
2023-2027,6,KOK,PS,0.2992120900805313,797,894,party,eriarvoisuus
2023-2027,7,VAS,SDP,0.46955876527919593,401,1341,party,eriarvoisuus
2023-2027,7,VAS,VIHR,0.5399451012755878,401,278,party,eriarvoisuus
2023-2027,7,VAS,KESK,0.7970176599318028,401,735,party,eriarvoisuus
2023-2027,7,VAS,KOK,0.8674131535456482,401,759,party,eriarvoisuus
2023-2027,7,VAS,PS,0.8369930950209188,401,1151,party,eriarvoisuus
2023-2027,7,SDP,VIHR,0.6658404819768347,1341,278,party,eriarvoisuus
2023-2027,7,SDP,KESK,0.5606385731026191,1341,735,party,eriarvoisuus
2023-2027,7,SDP,KOK,0.6697546420336034,1341,759,party,eriarvoisuus
2023-2027,7,SDP,PS,0.7737090789645031,1341,1151,party,eriarvoisuus
2023-2027,7,VIHR,KESK,0.8098174521607202,278,735,party,eriarvoisuus
2023-2027,7,VIHR,KOK,0.9028445228007318,278,759,party,eriarvoisuus
2023-2027,7,VIHR,PS,0.9124752326722461,278,1151,party,eriarvoisuus
2023-2027,7,KESK,KOK,0.6803061672626889,735,759,party,eriarvoisuus
2023-2027,7,KESK,PS,0.6384403978793949,735,1151,party,eriarvoisuus
2023-2027,7,KOK,PS,0.4512167342598348,759,1151,party,eriarvoisuus
2015-2019,0,VAS,SDP,0.11975294249992552,3241,8467,party_nostyle,kaikki
2015-2019,0,VAS,VIHR,0.1359633866720904,3241,3251,party_nostyle,kaikki
2015-2019,0,VAS,KESK,0.4906776338019898,3241,8913,party_nostyle,kaikki
2015-2019,0,VAS,KOK,0.3849301208147409,3241,6331,party_nostyle,kaikki
2015-2019,0,VAS,PS,0.38266395557364996,3241,5634,party_nostyle,kaikki
2015-2019,0,SDP,VIHR,0.2969686317593152,8467,3251,party_nostyle,kaikki
2015-2019,0,SDP,KESK,0.4839875498982189,8467,8913,party_nostyle,kaikki
2015-2019,0,SDP,KOK,0.3898397519301384,8467,6331,party_nostyle,kaikki
2015-2019,0,SDP,PS,0.4695781894828672,8467,5634,party_nostyle,kaikki
2015-2019,0,VIHR,KESK,0.5838865207929704,3251,8913,party_nostyle,kaikki
2015-2019,0,VIHR,KOK,0.47674950846806996,3251,6331,party_nostyle,kaikki
2015-2019,0,VIHR,PS,0.48876001889918497,3251,5634,party_nostyle,kaikki
2015-2019,0,KESK,KOK,0.2651672249779069,8913,6331,party_nostyle,kaikki
2015-2019,0,KESK,PS,0.41134441198855143,8913,5634,party_nostyle,kaikki
2015-2019,0,KOK,PS,0.2859131386727478,6331,5634,party_nostyle,kaikki
2015-2019,1,VAS,SDP,0.09698749647080795,3670,7354,party_nostyle,kaikki
2015-2019,1,VAS,VIHR,0.0792738128567112,3670,2949,party_nostyle,kaikki
2015-2019,1,VAS,KESK,0.4677465635608056,3670,8592,party_nostyle,kaikki
2015-2019,1,VAS,KOK,0.24165108299296323,3670,6433,party_nostyle,kaikki
2015-2019,1,VAS,PS,0.3823650389190094,3670,5860,party_nostyle,kaikki
2015-2019,1,SDP,VIHR,0.2743731643911502,7354,2949,party_nostyle,kaikki
2015-2019,1,SDP,KESK,0.4631735841956821,7354,8592,party_nostyle,kaikki
2015-2019,1,SDP,KOK,0.30571414535831165,7354,6433,party_nostyle,kaikki
2015-2019,1,SDP,PS,0.4147901678267545,7354,5860,party_nostyle,kaikki
2015-2019,1,VIHR,KESK,0.5029548728129916,2949,8592,party_nostyle,kaikki
2015-2019,1,VIHR,KOK,0.34849406594314836,2949,6433,party_nostyle,kaikki
2015-2019,1,VIHR,PS,0.4118867736734959,2949,5860,party_nostyle,kaikki
2015-2019,1,KESK,KOK,0.20499775873413428,8592,6433,party_nostyle,kaikki
2015-2019,1,KESK,PS,0.3531280387820086,8592,5860,party_nostyle,kaikki
2015-2019,1,KOK,PS,0.1928101369378985,6433,5860,party_nostyle,kaikki
2015-2019,2,VAS,SDP,0.14178611134613628,3561,9051,party_nostyle,kaikki
2015-2019,2,VAS,VIHR,0.23348511999494193,3561,2967,party_nostyle,kaikki
2015-2019,2,VAS,KESK,0.42123122913518385,3561,7942,party_nostyle,kaikki
2015-2019,2,VAS,KOK,0.3318054680893605,3561,6757,party_nostyle,kaikki
2015-2019,2,VAS,PS,0.41793179252817114,3561,6405,party_nostyle,kaikki
2015-2019,2,SDP,VIHR,0.3909442567465038,9051,2967,party_nostyle,kaikki
2015-2019,2,SDP,KESK,0.47252676090140966,9051,7942,party_nostyle,kaikki
2015-2019,2,SDP,KOK,0.37768452908891614,9051,6757,party_nostyle,kaikki
2015-2019,2,SDP,PS,0.44921739770927727,9051,6405,party_nostyle,kaikki
2015-2019,2,VIHR,KESK,0.5516221965501995,2967,7942,party_nostyle,kaikki
2015-2019,2,VIHR,KOK,0.4772189711113102,2967,6757,party_nostyle,kaikki
2015-2019,2,VIHR,PS,0.5513040005241101,2967,6405,party_nostyle,kaikki
2015-2019,2,KESK,KOK,0.24768432687971975,7942,6757,party_nostyle,kaikki
2015-2019,2,KESK,PS,0.4214336924749713,7942,6405,party_nostyle,kaikki
2015-2019,2,KOK,PS,0.31049998515432065,6757,6405,party_nostyle,kaikki
2015-2019,3,VAS,SDP,0.12088354697780201,3294,8545,party_nostyle,kaikki
2015-2019,3,VAS,VIHR,0.2465944960293296,3294,3401,party_nostyle,kaikki
2015-2019,3,VAS,KESK,0.5301496695910493,3294,9284,party_nostyle,kaikki
2015-2019,3,VAS,KOK,0.35037406857385234,3294,5674,party_nostyle,kaikki
2015-2019,3,VAS,PS,0.41496063809360706,3294,5967,party_nostyle,kaikki
2015-2019,3,SDP,VIHR,0.2840883029446646,8545,3401,party_nostyle,kaikki
2015-2019,3,SDP,KESK,0.496801534013229,8545,9284,party_nostyle,kaikki
2015-2019,3,SDP,KOK,0.3694197898578777,8545,5674,party_nostyle,kaikki
2015-2019,3,SDP,PS,0.3831903830733556,8545,5967,party_nostyle,kaikki
2015-2019,3,VIHR,KESK,0.6087262268326941,3401,9284,party_nostyle,kaikki
2015-2019,3,VIHR,KOK,0.5270796797516581,3401,5674,party_nostyle,kaikki
2015-2019,3,VIHR,PS,0.4842786950298581,3401,5967,party_nostyle,kaikki
2015-2019,3,KESK,KOK,0.2554888037788339,9284,5674,party_nostyle,kaikki
2015-2019,3,KESK,PS,0.41228819399993055,9284,5967,party_nostyle,kaikki
2015-2019,3,KOK,PS,0.28218407680971724,5674,5967,party_nostyle,kaikki
2015-2019,4,VAS,SDP,0.10405441597275322,3464,8468,party_nostyle,kaikki
2015-2019,4,VAS,VIHR,0.2084086823635114,3464,3429,party_nostyle,kaikki
2015-2019,4,VAS,KESK,0.4734093131861712,3464,9488,party_nostyle,kaikki
2015-2019,4,VAS,KOK,0.3834984541315314,3464,6495,party_nostyle,kaikki
2015-2019,4,VAS,PS,0.3367397339365372,3464,5840,party_nostyle,kaikki
2015-2019,4,SDP,VIHR,0.32133261920436595,8468,3429,party_nostyle,kaikki
2015-2019,4,SDP,KESK,0.4744264639579536,8468,9488,party_nostyle,kaikki
2015-2019,4,SDP,KOK,0.40113515247185183,8468,6495,party_nostyle,kaikki
2015-2019,4,SDP,PS,0.42091053102412945,8468,5840,party_nostyle,kaikki
2015-2019,4,VIHR,KESK,0.5214787127157166,3429,9488,party_nostyle,kaikki
2015-2019,4,VIHR,KOK,0.4646279492199734,3429,6495,party_nostyle,kaikki
2015-2019,4,VIHR,PS,0.47421274823523785,3429,5840,party_nostyle,kaikki
2015-2019,4,KESK,KOK,0.23505235574907157,9488,6495,party_nostyle,kaikki
2015-2019,4,KESK,PS,0.42974378955970316,9488,5840,party_nostyle,kaikki
2015-2019,4,KOK,PS,0.28073183270587476,6495,5840,party_nostyle,kaikki
2015-2019,5,VAS,SDP,0.0786489806709858,3088,8564,party_nostyle,kaikki
2015-2019,5,VAS,VIHR,0.16932510116863964,3088,3425,party_nostyle,kaikki
2015-2019,5,VAS,KESK,0.4604162934206264,3088,8734,party_nostyle,kaikki
2015-2019,5,VAS,KOK,0.299708549222798,3088,6190,party_nostyle,kaikki
2015-2019,5,VAS,PS,0.3449724929647209,3088,5577,party_nostyle,kaikki
2015-2019,5,SDP,VIHR,0.2455368423923605,8564,3425,party_nostyle,kaikki
2015-2019,5,SDP,KESK,0.5085499639722872,8564,8734,party_nostyle,kaikki
2015-2019,5,SDP,KOK,0.36799030619213013,8564,6190,party_nostyle,kaikki
2015-2019,5,SDP,PS,0.4460199138099472,8564,5577,party_nostyle,kaikki
2015-2019,5,VIHR,KESK,0.5692965656491371,3425,8734,party_nostyle,kaikki
2015-2019,5,VIHR,KOK,0.44140688419041774,3425,6190,party_nostyle,kaikki
2015-2019,5,VIHR,PS,0.5128378939047105,3425,5577,party_nostyle,kaikki
2015-2019,5,KESK,KOK,0.25426049313159016,8734,6190,party_nostyle,kaikki
2015-2019,5,KESK,PS,0.3815477090124355,8734,5577,party_nostyle,kaikki
2015-2019,5,KOK,PS,0.257861925986693,6190,5577,party_nostyle,kaikki
2015-2019,6,VAS,SDP,0.07329795762287916,3561,8341,party_nostyle,kaikki
2015-2019,6,VAS,VIHR,0.18807127463786033,3561,3361,party_nostyle,kaikki
2015-2019,6,VAS,KESK,0.4867189458384278,3561,9017,party_nostyle,kaikki
2015-2019,6,VAS,KOK,0.370959789594437,3561,6235,party_nostyle,kaikki
2015-2019,6,VAS,PS,0.4134648378745387,3561,5840,party_nostyle,kaikki
2015-2019,6,SDP,VIHR,0.2505729361537221,8341,3361,party_nostyle,kaikki
2015-2019,6,SDP,KESK,0.4866047091616379,8341,9017,party_nostyle,kaikki
2015-2019,6,SDP,KOK,0.37418310358960527,8341,6235,party_nostyle,kaikki
2015-2019,6,SDP,PS,0.4394881777258073,8341,5840,party_nostyle,kaikki
2015-2019,6,VIHR,KESK,0.5610755009785642,3361,9017,party_nostyle,kaikki
2015-2019,6,VIHR,KOK,0.4111342258611981,3361,6235,party_nostyle,kaikki
2015-2019,6,VIHR,PS,0.5065064417390455,3361,5840,party_nostyle,kaikki
2015-2019,6,KESK,KOK,0.22056843711143848,9017,6235,party_nostyle,kaikki
2015-2019,6,KESK,PS,0.5140744423395076,9017,5840,party_nostyle,kaikki
2015-2019,6,KOK,PS,0.3284280904307322,6235,5840,party_nostyle,kaikki
2015-2019,7,VAS,SDP,0.10580577379831446,3082,8887,party_nostyle,kaikki
2015-2019,7,VAS,VIHR,0.19272300703838674,3082,3250,party_nostyle,kaikki
2015-2019,7,VAS,KESK,0.45095504341210346,3082,9083,party_nostyle,kaikki
2015-2019,7,VAS,KOK,0.2625376172893772,3082,6471,party_nostyle,kaikki
2015-2019,7,VAS,PS,0.32065598586796207,3082,5788,party_nostyle,kaikki
2015-2019,7,SDP,VIHR,0.30317802148341144,8887,3250,party_nostyle,kaikki
2015-2019,7,SDP,KESK,0.48723256229656586,8887,9083,party_nostyle,kaikki
2015-2019,7,SDP,KOK,0.38522735803194075,8887,6471,party_nostyle,kaikki
2015-2019,7,SDP,PS,0.471015275179286,8887,5788,party_nostyle,kaikki
2015-2019,7,VIHR,KESK,0.5610244666706188,3250,9083,party_nostyle,kaikki
2015-2019,7,VIHR,KOK,0.4631093517825089,3250,6471,party_nostyle,kaikki
2015-2019,7,VIHR,PS,0.515057785338366,3250,5788,party_nostyle,kaikki
2015-2019,7,KESK,KOK,0.2002176973552836,9083,6471,party_nostyle,kaikki
2015-2019,7,KESK,PS,0.4500033135254762,9083,5788,party_nostyle,kaikki
2015-2019,7,KOK,PS,0.34192367691824144,6471,5788,party_nostyle,kaikki
2019-2023,0,VAS,SDP,0.19527051107739024,2155,6087,party_nostyle,kaikki
2019-2023,0,VAS,VIHR,0.4573577578305281,2155,2949,party_nostyle,kaikki
2019-2023,0,VAS,KESK,0.3581667039611167,2155,6242,party_nostyle,kaikki
2019-2023,0,VAS,KOK,0.36444167351843215,2155,6654,party_nostyle,kaikki
2019-2023,0,VAS,PS,0.5170638689902634,2155,8117,party_nostyle,kaikki
2019-2023,0,SDP,VIHR,0.5517870943657868,6087,2949,party_nostyle,kaikki
2019-2023,0,SDP,KESK,0.21948533090649125,6087,6242,party_nostyle,kaikki
2019-2023,0,SDP,KOK,0.3453471897245475,6087,6654,party_nostyle,kaikki
2019-2023,0,SDP,PS,0.6682354555103112,6087,8117,party_nostyle,kaikki
2019-2023,0,VIHR,KESK,0.5390077868678349,2949,6242,party_nostyle,kaikki
2019-2023,0,VIHR,KOK,0.6442136804587923,2949,6654,party_nostyle,kaikki
2019-2023,0,VIHR,PS,0.8114986932591022,2949,8117,party_nostyle,kaikki
2019-2023,0,KESK,KOK,0.16687097988581368,6242,6654,party_nostyle,kaikki
2019-2023,0,KESK,PS,0.5053415174429308,6242,8117,party_nostyle,kaikki
2019-2023,0,KOK,PS,0.36508146431774646,6654,8117,party_nostyle,kaikki
2019-2023,1,VAS,SDP,0.18626275386311142,2213,6848,party_nostyle,kaikki
2019-2023,1,VAS,VIHR,0.37522660827189647,2213,2611,party_nostyle,kaikki
2019-2023,1,VAS,KESK,0.28208907978741893,2213,6491,party_nostyle,kaikki
2019-2023,1,VAS,KOK,0.3840778282871309,2213,6906,party_nostyle,kaikki
2019-2023,1,VAS,PS,0.5738252623693954,2213,7771,party_nostyle,kaikki
2019-2023,1,SDP,VIHR,0.4856838273193569,6848,2611,party_nostyle,kaikki
2019-2023,1,SDP,KESK,0.24298469250018373,6848,6491,party_nostyle,kaikki
2019-2023,1,SDP,KOK,0.40011563830449504,6848,6906,party_nostyle,kaikki
2019-2023,1,SDP,PS,0.6474795233777153,6848,7771,party_nostyle,kaikki
2019-2023,1,VIHR,KESK,0.4732151007071572,2611,6491,party_nostyle,kaikki
2019-2023,1,VIHR,KOK,0.655709548466284,2611,6906,party_nostyle,kaikki
2019-2023,1,VIHR,PS,0.787873394886891,2611,7771,party_nostyle,kaikki
2019-2023,1,KESK,KOK,0.38859459351657266,6491,6906,party_nostyle,kaikki
2019-2023,1,KESK,PS,0.543733549403834,6491,7771,party_nostyle,kaikki
2019-2023,1,KOK,PS,0.37565630762088054,6906,7771,party_nostyle,kaikki
2019-2023,2,VAS,SDP,0.1815942816964018,2384,6462,party_nostyle,kaikki
2019-2023,2,VAS,VIHR,0.3784243581060278,2384,2725,party_nostyle,kaikki
2019-2023,2,VAS,KESK,0.35465724891247485,2384,6594,party_nostyle,kaikki
2019-2023,2,VAS,KOK,0.45691307847024887,2384,7034,party_nostyle,kaikki
2019-2023,2,VAS,PS,0.5809201088412896,2384,6662,party_nostyle,kaikki
2019-2023,2,SDP,VIHR,0.4477804752696781,6462,2725,party_nostyle,kaikki
2019-2023,2,SDP,KESK,0.22052174646074896,6462,6594,party_nostyle,kaikki
2019-2023,2,SDP,KOK,0.3446845964690053,6462,7034,party_nostyle,kaikki
2019-2023,2,SDP,PS,0.6684485778856715,6462,6662,party_nostyle,kaikki
2019-2023,2,VIHR,KESK,0.5094611448272408,2725,6594,party_nostyle,kaikki
2019-2023,2,VIHR,KOK,0.6282562025078713,2725,7034,party_nostyle,kaikki
2019-2023,2,VIHR,PS,0.7915904803086933,2725,6662,party_nostyle,kaikki
2019-2023,2,KESK,KOK,0.3434184099433324,6594,7034,party_nostyle,kaikki
2019-2023,2,KESK,PS,0.6059774826910229,6594,6662,party_nostyle,kaikki
2019-2023,2,KOK,PS,0.37657267821339,7034,6662,party_nostyle,kaikki
2019-2023,3,VAS,SDP,0.4543655068684118,1941,6205,party_nostyle,kaikki
2019-2023,3,VAS,VIHR,0.47422587257621784,1941,2828,party_nostyle,kaikki
2019-2023,3,VAS,KESK,0.5381871364193664,1941,6933,party_nostyle,kaikki
2019-2023,3,VAS,KOK,0.49393197349481177,1941,6794,party_nostyle,kaikki
2019-2023,3,VAS,PS,0.721506069916449,1941,7167,party_nostyle,kaikki
2019-2023,3,SDP,VIHR,0.5588258089075859,6205,2828,party_nostyle,kaikki
2019-2023,3,SDP,KESK,0.28425299688407035,6205,6933,party_nostyle,kaikki
2019-2023,3,SDP,KOK,0.39327140101103564,6205,6794,party_nostyle,kaikki
2019-2023,3,SDP,PS,0.6840881077397558,6205,7167,party_nostyle,kaikki
2019-2023,3,VIHR,KESK,0.5117176813187285,2828,6933,party_nostyle,kaikki
2019-2023,3,VIHR,KOK,0.6072111427047495,2828,6794,party_nostyle,kaikki
2019-2023,3,VIHR,PS,0.8298684111070918,2828,7167,party_nostyle,kaikki
2019-2023,3,KESK,KOK,0.27897722517654033,6933,6794,party_nostyle,kaikki
2019-2023,3,KESK,PS,0.6337634442490485,6933,7167,party_nostyle,kaikki
2019-2023,3,KOK,PS,0.41591596735093095,6794,7167,party_nostyle,kaikki
2019-2023,4,VAS,SDP,0.23654146826367772,2417,6696,party_nostyle,kaikki
2019-2023,4,VAS,VIHR,0.37713033657633943,2417,2893,party_nostyle,kaikki
2019-2023,4,VAS,KESK,0.3691985405095115,2417,5988,party_nostyle,kaikki
2019-2023,4,VAS,KOK,0.47688570320392687,2417,6908,party_nostyle,kaikki
2019-2023,4,VAS,PS,0.6146356601512613,2417,7138,party_nostyle,kaikki
2019-2023,4,SDP,VIHR,0.5008968316799791,6696,2893,party_nostyle,kaikki
2019-2023,4,SDP,KESK,0.2562549431798682,6696,5988,party_nostyle,kaikki
2019-2023,4,SDP,KOK,0.43355735199401746,6696,6908,party_nostyle,kaikki
2019-2023,4,SDP,PS,0.6867210025397916,6696,7138,party_nostyle,kaikki
2019-2023,4,VIHR,KESK,0.5395063661139539,2893,5988,party_nostyle,kaikki
2019-2023,4,VIHR,KOK,0.6767896211749262,2893,6908,party_nostyle,kaikki
2019-2023,4,VIHR,PS,0.8113321137184208,2893,7138,party_nostyle,kaikki
2019-2023,4,KESK,KOK,0.3485814033007144,5988,6908,party_nostyle,kaikki
2019-2023,4,KESK,PS,0.5709769684133374,5988,7138,party_nostyle,kaikki
2019-2023,4,KOK,PS,0.40521873924645124,6908,7138,party_nostyle,kaikki
2019-2023,5,VAS,SDP,0.08270398373880572,2097,6538,party_nostyle,kaikki
2019-2023,5,VAS,VIHR,0.4651579545573403,2097,2462,party_nostyle,kaikki
2019-2023,5,VAS,KESK,0.21003491162364485,2097,6119,party_nostyle,kaikki
2019-2023,5,VAS,KOK,0.30096814629223334,2097,6559,party_nostyle,kaikki
2019-2023,5,VAS,PS,0.5229416014129715,2097,7730,party_nostyle,kaikki
2019-2023,5,SDP,VIHR,0.5067385843282253,6538,2462,party_nostyle,kaikki
2019-2023,5,SDP,KESK,0.15468966147146546,6538,6119,party_nostyle,kaikki
2019-2023,5,SDP,KOK,0.36443812291667355,6538,6559,party_nostyle,kaikki
2019-2023,5,SDP,PS,0.6957308393521486,6538,7730,party_nostyle,kaikki
2019-2023,5,VIHR,KESK,0.5973363519017418,2462,6119,party_nostyle,kaikki
2019-2023,5,VIHR,KOK,0.6700333249567847,2462,6559,party_nostyle,kaikki
2019-2023,5,VIHR,PS,0.8546581781763267,2462,7730,party_nostyle,kaikki
2019-2023,5,KESK,KOK,0.3811081238517833,6119,6559,party_nostyle,kaikki
2019-2023,5,KESK,PS,0.6559662426133519,6119,7730,party_nostyle,kaikki
2019-2023,5,KOK,PS,0.3156694128940474,6559,7730,party_nostyle,kaikki
2019-2023,6,VAS,SDP,0.31472737784556326,2153,7011,party_nostyle,kaikki
2019-2023,6,VAS,VIHR,0.3794369224002292,2153,2849,party_nostyle,kaikki
2019-2023,6,VAS,KESK,0.43304619690031343,2153,5949,party_nostyle,kaikki
2019-2023,6,VAS,KOK,0.42846136347096087,2153,6899,party_nostyle,kaikki
2019-2023,6,VAS,PS,0.6021165332529226,2153,7526,party_nostyle,kaikki
2019-2023,6,SDP,VIHR,0.5085802839333007,7011,2849,party_nostyle,kaikki
2019-2023,6,SDP,KESK,0.27412833647406476,7011,5949,party_nostyle,kaikki
2019-2023,6,SDP,KOK,0.38800256503720787,7011,6899,party_nostyle,kaikki
2019-2023,6,SDP,PS,0.6652167034279264,7011,7526,party_nostyle,kaikki
2019-2023,6,VIHR,KESK,0.5814433212315209,2849,5949,party_nostyle,kaikki
2019-2023,6,VIHR,KOK,0.5711398445127975,2849,6899,party_nostyle,kaikki
2019-2023,6,VIHR,PS,0.7853575488441287,2849,7526,party_nostyle,kaikki
2019-2023,6,KESK,KOK,0.3396502293459229,5949,6899,party_nostyle,kaikki
2019-2023,6,KESK,PS,0.5679192393025188,5949,7526,party_nostyle,kaikki
2019-2023,6,KOK,PS,0.417958931913744,6899,7526,party_nostyle,kaikki
2019-2023,7,VAS,SDP,0.26549583412213273,2384,6594,party_nostyle,kaikki
2019-2023,7,VAS,VIHR,0.3181706390179544,2384,2340,party_nostyle,kaikki
2019-2023,7,VAS,KESK,0.3983537245510105,2384,5728,party_nostyle,kaikki
2019-2023,7,VAS,KOK,0.4113910171542925,2384,6144,party_nostyle,kaikki
2019-2023,7,VAS,PS,0.5333152222421762,2384,6241,party_nostyle,kaikki
2019-2023,7,SDP,VIHR,0.4473530715568932,6594,2340,party_nostyle,kaikki
2019-2023,7,SDP,KESK,0.2619205414436352,6594,5728,party_nostyle,kaikki
2019-2023,7,SDP,KOK,0.3565906713252578,6594,6144,party_nostyle,kaikki
2019-2023,7,SDP,PS,0.7071890528730798,6594,6241,party_nostyle,kaikki
2019-2023,7,VIHR,KESK,0.5148257323449363,2340,5728,party_nostyle,kaikki
2019-2023,7,VIHR,KOK,0.5308176415598291,2340,6144,party_nostyle,kaikki
2019-2023,7,VIHR,PS,0.7672202843890075,2340,6241,party_nostyle,kaikki
2019-2023,7,KESK,KOK,0.2396207841414979,5728,6144,party_nostyle,kaikki
2019-2023,7,KESK,PS,0.5961290962897183,5728,6241,party_nostyle,kaikki
2019-2023,7,KOK,PS,0.3496566305479891,6144,6241,party_nostyle,kaikki
2023-2027,0,VAS,SDP,0.5316716327676294,2075,8649,party_nostyle,kaikki
2023-2027,0,VAS,VIHR,0.33568588112308984,2075,2282,party_nostyle,kaikki
2023-2027,0,VAS,KESK,0.6902005629261676,2075,3677,party_nostyle,kaikki
2023-2027,0,VAS,KOK,0.7682630470836895,2075,5877,party_nostyle,kaikki
2023-2027,0,VAS,PS,0.7510811129044823,2075,6651,party_nostyle,kaikki
2023-2027,0,SDP,VIHR,0.5282268071093617,8649,2282,party_nostyle,kaikki
2023-2027,0,SDP,KESK,0.4476975979119546,8649,3677,party_nostyle,kaikki
2023-2027,0,SDP,KOK,0.5162392620619252,8649,5877,party_nostyle,kaikki
2023-2027,0,SDP,PS,0.575824293576203,8649,6651,party_nostyle,kaikki
2023-2027,0,VIHR,KESK,0.6431442391138797,2282,3677,party_nostyle,kaikki
2023-2027,0,VIHR,KOK,0.6753289051318907,2282,5877,party_nostyle,kaikki
2023-2027,0,VIHR,PS,0.759176791138404,2282,6651,party_nostyle,kaikki
2023-2027,0,KESK,KOK,0.5767459647457867,3677,5877,party_nostyle,kaikki
2023-2027,0,KESK,PS,0.5896252031272675,3677,6651,party_nostyle,kaikki
2023-2027,0,KOK,PS,0.26733014007112743,5877,6651,party_nostyle,kaikki
2023-2027,1,VAS,SDP,0.4684270573824332,1948,8675,party_nostyle,kaikki
2023-2027,1,VAS,VIHR,0.39241152825761816,1948,2356,party_nostyle,kaikki
2023-2027,1,VAS,KESK,0.7335831363207677,1948,4361,party_nostyle,kaikki
2023-2027,1,VAS,KOK,0.7471658918865736,1948,6741,party_nostyle,kaikki
2023-2027,1,VAS,PS,0.7367746351990017,1948,7148,party_nostyle,kaikki
2023-2027,1,SDP,VIHR,0.611606493690767,8675,2356,party_nostyle,kaikki
2023-2027,1,SDP,KESK,0.3965452230174846,8675,4361,party_nostyle,kaikki
2023-2027,1,SDP,KOK,0.4880757821187136,8675,6741,party_nostyle,kaikki
2023-2027,1,SDP,PS,0.6186125701310619,8675,7148,party_nostyle,kaikki
2023-2027,1,VIHR,KESK,0.6948669893550217,2356,4361,party_nostyle,kaikki
2023-2027,1,VIHR,KOK,0.7219553758277717,2356,6741,party_nostyle,kaikki
2023-2027,1,VIHR,PS,0.7721918486940678,2356,7148,party_nostyle,kaikki
2023-2027,1,KESK,KOK,0.5683437173792427,4361,6741,party_nostyle,kaikki
2023-2027,1,KESK,PS,0.6044211570558442,4361,7148,party_nostyle,kaikki
2023-2027,1,KOK,PS,0.3207563451511173,6741,7148,party_nostyle,kaikki
2023-2027,2,VAS,SDP,0.4550496544030065,1993,8717,party_nostyle,kaikki
2023-2027,2,VAS,VIHR,0.31132844842554275,1993,2098,party_nostyle,kaikki
2023-2027,2,VAS,KESK,0.6780101919427586,1993,4473,party_nostyle,kaikki
2023-2027,2,VAS,KOK,0.743043139250287,1993,6816,party_nostyle,kaikki
2023-2027,2,VAS,PS,0.7109450732869751,1993,6777,party_nostyle,kaikki
2023-2027,2,SDP,VIHR,0.4942997876343225,8717,2098,party_nostyle,kaikki
2023-2027,2,SDP,KESK,0.4103246683650523,8717,4473,party_nostyle,kaikki
2023-2027,2,SDP,KOK,0.5085763087184345,8717,6816,party_nostyle,kaikki
2023-2027,2,SDP,PS,0.6189080412868981,8717,6777,party_nostyle,kaikki
2023-2027,2,VIHR,KESK,0.6417602106655396,2098,4473,party_nostyle,kaikki
2023-2027,2,VIHR,KOK,0.6760746597474905,2098,6816,party_nostyle,kaikki
2023-2027,2,VIHR,PS,0.7188390807071472,2098,6777,party_nostyle,kaikki
2023-2027,2,KESK,KOK,0.5984378821179557,4473,6816,party_nostyle,kaikki
2023-2027,2,KESK,PS,0.5814971147693468,4473,6777,party_nostyle,kaikki
2023-2027,2,KOK,PS,0.23024871475669206,6816,6777,party_nostyle,kaikki
2023-2027,3,VAS,SDP,0.4736368299398215,2068,8379,party_nostyle,kaikki
2023-2027,3,VAS,VIHR,0.3321657697684661,2068,2020,party_nostyle,kaikki
2023-2027,3,VAS,KESK,0.7178176497397395,2068,4435,party_nostyle,kaikki
2023-2027,3,VAS,KOK,0.7492711409993524,2068,6387,party_nostyle,kaikki
2023-2027,3,VAS,PS,0.7177408966912933,2068,7433,party_nostyle,kaikki
2023-2027,3,SDP,VIHR,0.5715102229879272,8379,2020,party_nostyle,kaikki
2023-2027,3,SDP,KESK,0.3959605622743174,8379,4435,party_nostyle,kaikki
2023-2027,3,SDP,KOK,0.5211525761326754,8379,6387,party_nostyle,kaikki
2023-2027,3,SDP,PS,0.6165288776899873,8379,7433,party_nostyle,kaikki
2023-2027,3,VIHR,KESK,0.653074106734236,2020,4435,party_nostyle,kaikki
2023-2027,3,VIHR,KOK,0.7244103508519004,2020,6387,party_nostyle,kaikki
2023-2027,3,VIHR,PS,0.7622389717782487,2020,7433,party_nostyle,kaikki
2023-2027,3,KESK,KOK,0.564417788458059,4435,6387,party_nostyle,kaikki
2023-2027,3,KESK,PS,0.5429291751901353,4435,7433,party_nostyle,kaikki
2023-2027,3,KOK,PS,0.3209498617691564,6387,7433,party_nostyle,kaikki
2023-2027,4,VAS,SDP,0.4695920898962458,1778,8366,party_nostyle,kaikki
2023-2027,4,VAS,VIHR,0.480704475047415,1778,2163,party_nostyle,kaikki
2023-2027,4,VAS,KESK,0.7197129104278415,1778,3818,party_nostyle,kaikki
2023-2027,4,VAS,KOK,0.764832918484514,1778,6217,party_nostyle,kaikki
2023-2027,4,VAS,PS,0.7757206327722788,1778,7307,party_nostyle,kaikki
2023-2027,4,SDP,VIHR,0.6312965242822337,8366,2163,party_nostyle,kaikki
2023-2027,4,SDP,KESK,0.4653680985935864,8366,3818,party_nostyle,kaikki
2023-2027,4,SDP,KOK,0.4663600814451869,8366,6217,party_nostyle,kaikki
2023-2027,4,SDP,PS,0.6243127269555511,8366,7307,party_nostyle,kaikki
2023-2027,4,VIHR,KESK,0.728408417484689,2163,3818,party_nostyle,kaikki
2023-2027,4,VIHR,KOK,0.7058136493742904,2163,6217,party_nostyle,kaikki
2023-2027,4,VIHR,PS,0.7739788843319042,2163,7307,party_nostyle,kaikki
2023-2027,4,KESK,KOK,0.5946402979444407,3818,6217,party_nostyle,kaikki
2023-2027,4,KESK,PS,0.5923788572752162,3818,7307,party_nostyle,kaikki
2023-2027,4,KOK,PS,0.3168507246659791,6217,7307,party_nostyle,kaikki
2023-2027,5,VAS,SDP,0.3936286198171137,2013,8074,party_nostyle,kaikki
2023-2027,5,VAS,VIHR,0.18078473167388798,2013,2029,party_nostyle,kaikki
2023-2027,5,VAS,KESK,0.6685478971285046,2013,3623,party_nostyle,kaikki
2023-2027,5,VAS,KOK,0.7336638560175635,2013,6342,party_nostyle,kaikki
2023-2027,5,VAS,PS,0.7419459943431486,2013,6678,party_nostyle,kaikki
2023-2027,5,SDP,VIHR,0.4978216529140933,8074,2029,party_nostyle,kaikki
2023-2027,5,SDP,KESK,0.41909487393418776,8074,3623,party_nostyle,kaikki
2023-2027,5,SDP,KOK,0.5419445968374998,8074,6342,party_nostyle,kaikki
2023-2027,5,SDP,PS,0.5976532921034488,8074,6678,party_nostyle,kaikki
2023-2027,5,VIHR,KESK,0.5971480058609178,2029,3623,party_nostyle,kaikki
2023-2027,5,VIHR,KOK,0.6692243453836122,2029,6342,party_nostyle,kaikki
2023-2027,5,VIHR,PS,0.7201124278967255,2029,6678,party_nostyle,kaikki
2023-2027,5,KESK,KOK,0.5642554623814893,3623,6342,party_nostyle,kaikki
2023-2027,5,KESK,PS,0.6169658144775192,3623,6678,party_nostyle,kaikki
2023-2027,5,KOK,PS,0.22466471142860334,6342,6678,party_nostyle,kaikki
2023-2027,6,VAS,SDP,0.4737466804185009,2159,8877,party_nostyle,kaikki
2023-2027,6,VAS,VIHR,0.32013433362330956,2159,2282,party_nostyle,kaikki
2023-2027,6,VAS,KESK,0.6812797455964268,2159,3999,party_nostyle,kaikki
2023-2027,6,VAS,KOK,0.7747482783616828,2159,5897,party_nostyle,kaikki
2023-2027,6,VAS,PS,0.7385806800035126,2159,6772,party_nostyle,kaikki
2023-2027,6,SDP,VIHR,0.509918096742737,8877,2282,party_nostyle,kaikki
2023-2027,6,SDP,KESK,0.34644258676474915,8877,3999,party_nostyle,kaikki
2023-2027,6,SDP,KOK,0.4688383354758354,8877,5897,party_nostyle,kaikki
2023-2027,6,SDP,PS,0.5743832941384857,8877,6772,party_nostyle,kaikki
2023-2027,6,VIHR,KESK,0.5932475669311721,2282,3999,party_nostyle,kaikki
2023-2027,6,VIHR,KOK,0.706165005840103,2282,5897,party_nostyle,kaikki
2023-2027,6,VIHR,PS,0.763786209442086,2282,6772,party_nostyle,kaikki
2023-2027,6,KESK,KOK,0.5952475909379245,3999,5897,party_nostyle,kaikki
2023-2027,6,KESK,PS,0.553116276706507,3999,6772,party_nostyle,kaikki
2023-2027,6,KOK,PS,0.27001615946759205,5897,6772,party_nostyle,kaikki
2023-2027,7,VAS,SDP,0.42740642209607715,2175,8140,party_nostyle,kaikki
2023-2027,7,VAS,VIHR,0.36791925366956413,2175,2166,party_nostyle,kaikki
2023-2027,7,VAS,KESK,0.7327405575173715,2175,4238,party_nostyle,kaikki
2023-2027,7,VAS,KOK,0.7861095196660246,2175,7054,party_nostyle,kaikki
2023-2027,7,VAS,PS,0.8110018396337331,2175,6648,party_nostyle,kaikki
2023-2027,7,SDP,VIHR,0.41524005118187945,8140,2166,party_nostyle,kaikki
2023-2027,7,SDP,KESK,0.3568183847324953,8140,4238,party_nostyle,kaikki
2023-2027,7,SDP,KOK,0.48068553642696,8140,7054,party_nostyle,kaikki
2023-2027,7,SDP,PS,0.6187492423503254,8140,6648,party_nostyle,kaikki
2023-2027,7,VIHR,KESK,0.6318188295058953,2166,4238,party_nostyle,kaikki
2023-2027,7,VIHR,KOK,0.6758123129290703,2166,7054,party_nostyle,kaikki
2023-2027,7,VIHR,PS,0.7588220702176618,2166,6648,party_nostyle,kaikki
2023-2027,7,KESK,KOK,0.5262213039221602,4238,7054,party_nostyle,kaikki
2023-2027,7,KESK,PS,0.528611293783992,4238,6648,party_nostyle,kaikki
2023-2027,7,KOK,PS,0.23349218185174236,7054,6648,party_nostyle,kaikki
2015-2019,0,VAS,SDP,0.1139390352175198,109,155,party_nostyle,maahanmuutto
2015-2019,0,VAS,VIHR,0.2071865443425076,109,120,party_nostyle,maahanmuutto
2015-2019,0,VAS,KESK,0.6937992061942873,109,141,party_nostyle,maahanmuutto
2015-2019,0,VAS,KOK,0.44815648260342744,109,265,party_nostyle,maahanmuutto
2015-2019,0,VAS,PS,0.5931991107492878,109,293,party_nostyle,maahanmuutto
2015-2019,0,SDP,VIHR,0.35655913978494613,155,120,party_nostyle,maahanmuutto
2015-2019,0,SDP,KESK,0.4689544726607182,155,141,party_nostyle,maahanmuutto
2015-2019,0,SDP,KOK,0.37699330493000605,155,265,party_nostyle,maahanmuutto
2015-2019,0,SDP,PS,0.6489706044258503,155,293,party_nostyle,maahanmuutto
2015-2019,0,VIHR,KESK,0.7853427895981089,120,141,party_nostyle,maahanmuutto
2015-2019,0,VIHR,KOK,0.5206918238993712,120,265,party_nostyle,maahanmuutto
2015-2019,0,VIHR,PS,0.6165529010238906,120,293,party_nostyle,maahanmuutto
2015-2019,0,KESK,KOK,0.31995182657567245,141,265,party_nostyle,maahanmuutto
2015-2019,0,KESK,PS,0.7044997942536246,141,293,party_nostyle,maahanmuutto
2015-2019,0,KOK,PS,0.1598686328804173,265,293,party_nostyle,maahanmuutto
2015-2019,1,VAS,SDP,0.08782435129740529,108,167,party_nostyle,maahanmuutto
2015-2019,1,VAS,VIHR,0.13257948213700432,108,113,party_nostyle,maahanmuutto
2015-2019,1,VAS,KESK,0.5810520665593129,108,138,party_nostyle,maahanmuutto
2015-2019,1,VAS,KOK,0.3931755829903978,108,216,party_nostyle,maahanmuutto
2015-2019,1,VAS,PS,0.6130901894260672,108,262,party_nostyle,maahanmuutto
2015-2019,1,SDP,VIHR,0.32944730009008505,167,113,party_nostyle,maahanmuutto
2015-2019,1,SDP,KESK,0.32066302178252193,167,138,party_nostyle,maahanmuutto
2015-2019,1,SDP,KOK,0.281049013084941,167,216,party_nostyle,maahanmuutto
2015-2019,1,SDP,PS,0.515655711477808,167,262,party_nostyle,maahanmuutto
2015-2019,1,VIHR,KESK,0.6439656278055663,113,138,party_nostyle,maahanmuutto
2015-2019,1,VIHR,KOK,0.51679777122255,113,216,party_nostyle,maahanmuutto
2015-2019,1,VIHR,PS,0.5871782746740526,113,262,party_nostyle,maahanmuutto
2015-2019,1,KESK,KOK,0.28207192699946315,138,216,party_nostyle,maahanmuutto
2015-2019,1,KESK,PS,0.5612346498506469,138,262,party_nostyle,maahanmuutto
2015-2019,1,KOK,PS,0.14005513146734505,216,262,party_nostyle,maahanmuutto
2015-2019,2,VAS,SDP,0.13308406037944898,83,174,party_nostyle,maahanmuutto
2015-2019,2,VAS,VIHR,0.22336966915280154,83,126,party_nostyle,maahanmuutto
2015-2019,2,VAS,KESK,0.38955823293172687,83,123,party_nostyle,maahanmuutto
2015-2019,2,VAS,KOK,0.3833725707427411,83,261,party_nostyle,maahanmuutto
2015-2019,2,VAS,PS,0.5677446628619742,83,342,party_nostyle,maahanmuutto
2015-2019,2,SDP,VIHR,0.40813720124064945,174,126,party_nostyle,maahanmuutto
2015-2019,2,SDP,KESK,0.4125782637136717,174,123,party_nostyle,maahanmuutto
2015-2019,2,SDP,KOK,0.2906152287840753,174,261,party_nostyle,maahanmuutto
2015-2019,2,SDP,PS,0.575283995429186,174,342,party_nostyle,maahanmuutto
2015-2019,2,VIHR,KESK,0.6349206349206351,126,123,party_nostyle,maahanmuutto
2015-2019,2,VIHR,KOK,0.49005655902207623,126,261,party_nostyle,maahanmuutto
2015-2019,2,VIHR,PS,0.7013830873479994,126,342,party_nostyle,maahanmuutto
2015-2019,2,KESK,KOK,0.17322368625985107,123,261,party_nostyle,maahanmuutto
2015-2019,2,KESK,PS,0.6417058907431179,123,342,party_nostyle,maahanmuutto
2015-2019,2,KOK,PS,0.22349936143039595,261,342,party_nostyle,maahanmuutto
2015-2019,3,VAS,SDP,0.10801014860456681,89,186,party_nostyle,maahanmuutto
2015-2019,3,VAS,VIHR,0.1079243051448846,89,152,party_nostyle,maahanmuutto
2015-2019,3,VAS,KESK,0.6303296376218468,89,151,party_nostyle,maahanmuutto
2015-2019,3,VAS,KOK,0.39645486245641215,89,232,party_nostyle,maahanmuutto
2015-2019,3,VAS,PS,0.5595939159651722,89,311,party_nostyle,maahanmuutto
2015-2019,3,SDP,VIHR,0.3263299377475948,186,152,party_nostyle,maahanmuutto
2015-2019,3,SDP,KESK,0.34223456526383256,186,151,party_nostyle,maahanmuutto
2015-2019,3,SDP,KOK,0.4702910641453468,186,232,party_nostyle,maahanmuutto
2015-2019,3,SDP,PS,0.5005013311205615,186,311,party_nostyle,maahanmuutto
2015-2019,3,VIHR,KESK,0.6874346462181946,152,151,party_nostyle,maahanmuutto
2015-2019,3,VIHR,KOK,0.5502495462794919,152,232,party_nostyle,maahanmuutto
2015-2019,3,VIHR,PS,0.6189710610932475,152,311,party_nostyle,maahanmuutto
2015-2019,3,KESK,KOK,0.31451244576387305,151,232,party_nostyle,maahanmuutto
2015-2019,3,KESK,PS,0.6034156001788717,151,311,party_nostyle,maahanmuutto
2015-2019,3,KOK,PS,0.2614480541079942,232,311,party_nostyle,maahanmuutto
2015-2019,4,VAS,SDP,0.08711783215141122,107,199,party_nostyle,maahanmuutto
2015-2019,4,VAS,VIHR,-0.03601071825370905,107,143,party_nostyle,maahanmuutto
2015-2019,4,VAS,KESK,0.465029625557388,107,153,party_nostyle,maahanmuutto
2015-2019,4,VAS,KOK,0.3804676371469271,107,269,party_nostyle,maahanmuutto
2015-2019,4,VAS,PS,0.5705666627232935,107,316,party_nostyle,maahanmuutto
2015-2019,4,SDP,VIHR,0.34012720947394337,199,143,party_nostyle,maahanmuutto
2015-2019,4,SDP,KESK,0.29786185831116363,199,153,party_nostyle,maahanmuutto
2015-2019,4,SDP,KOK,0.3603332648371973,199,269,party_nostyle,maahanmuutto
2015-2019,4,SDP,PS,0.5191145601424845,199,316,party_nostyle,maahanmuutto
2015-2019,4,VIHR,KESK,0.6141505553270259,143,153,party_nostyle,maahanmuutto
2015-2019,4,VIHR,KOK,0.5019107286765279,143,269,party_nostyle,maahanmuutto
2015-2019,4,VIHR,PS,0.6557935735150926,143,316,party_nostyle,maahanmuutto
2015-2019,4,KESK,KOK,0.21539470806910122,153,269,party_nostyle,maahanmuutto
2015-2019,4,KESK,PS,0.5921237693389594,153,316,party_nostyle,maahanmuutto
2015-2019,4,KOK,PS,0.32266716860383027,269,316,party_nostyle,maahanmuutto
2015-2019,5,VAS,SDP,-0.030677944703951576,89,178,party_nostyle,maahanmuutto
2015-2019,5,VAS,VIHR,0.11950970377936665,89,154,party_nostyle,maahanmuutto
2015-2019,5,VAS,KESK,0.5723678734914688,89,135,party_nostyle,maahanmuutto
2015-2019,5,VAS,KOK,0.12921348314606718,89,168,party_nostyle,maahanmuutto
2015-2019,5,VAS,PS,0.5342185903983656,89,308,party_nostyle,maahanmuutto
2015-2019,5,SDP,VIHR,0.26156427841821106,178,154,party_nostyle,maahanmuutto
2015-2019,5,SDP,KESK,0.40474406991260947,178,135,party_nostyle,maahanmuutto
2015-2019,5,SDP,KOK,0.3306581059390048,178,168,party_nostyle,maahanmuutto
2015-2019,5,SDP,PS,0.5859842404786222,178,308,party_nostyle,maahanmuutto
2015-2019,5,VIHR,KESK,0.7673881673881675,154,135,party_nostyle,maahanmuutto
2015-2019,5,VIHR,KOK,0.5654761904761907,154,168,party_nostyle,maahanmuutto
2015-2019,5,VIHR,PS,0.7366334963737562,154,308,party_nostyle,maahanmuutto
2015-2019,5,KESK,KOK,0.41587301587301595,135,168,party_nostyle,maahanmuutto
2015-2019,5,KESK,PS,0.6748436748436748,135,308,party_nostyle,maahanmuutto
2015-2019,5,KOK,PS,0.2317563388991961,168,308,party_nostyle,maahanmuutto
2015-2019,6,VAS,SDP,0.07310069292714916,83,193,party_nostyle,maahanmuutto
2015-2019,6,VAS,VIHR,-0.013253012048192736,83,140,party_nostyle,maahanmuutto
2015-2019,6,VAS,KESK,0.5203455330756992,83,159,party_nostyle,maahanmuutto
2015-2019,6,VAS,KOK,0.47099509147701935,83,216,party_nostyle,maahanmuutto
2015-2019,6,VAS,PS,0.5726259073561326,83,322,party_nostyle,maahanmuutto
2015-2019,6,SDP,VIHR,0.3693560325684677,193,140,party_nostyle,maahanmuutto
2015-2019,6,SDP,KESK,0.4224916088245838,193,159,party_nostyle,maahanmuutto
2015-2019,6,SDP,KOK,0.35943197083093437,193,216,party_nostyle,maahanmuutto
2015-2019,6,SDP,PS,0.5374440832877418,193,322,party_nostyle,maahanmuutto
2015-2019,6,VIHR,KESK,0.6172506738544472,140,159,party_nostyle,maahanmuutto
2015-2019,6,VIHR,KOK,0.5009920634920635,140,216,party_nostyle,maahanmuutto
2015-2019,6,VIHR,PS,0.6756876663708962,140,322,party_nostyle,maahanmuutto
2015-2019,6,KESK,KOK,0.1977055672024226,159,216,party_nostyle,maahanmuutto
2015-2019,6,KESK,PS,0.6649478495253722,159,322,party_nostyle,maahanmuutto
2015-2019,6,KOK,PS,0.27556360708534644,216,322,party_nostyle,maahanmuutto
2015-2019,7,VAS,SDP,-0.10065402948675306,93,194,party_nostyle,maahanmuutto
2015-2019,7,VAS,VIHR,0.17064762373799525,93,131,party_nostyle,maahanmuutto
2015-2019,7,VAS,KESK,0.5655351746433341,93,153,party_nostyle,maahanmuutto
2015-2019,7,VAS,KOK,0.23682355014983236,93,244,party_nostyle,maahanmuutto
2015-2019,7,VAS,PS,0.4453812316715542,93,352,party_nostyle,maahanmuutto
2015-2019,7,SDP,VIHR,0.5046824584874479,194,131,party_nostyle,maahanmuutto
2015-2019,7,SDP,KESK,0.40677851896772443,194,153,party_nostyle,maahanmuutto
2015-2019,7,SDP,KOK,0.3828375866148388,194,244,party_nostyle,maahanmuutto
2015-2019,7,SDP,PS,0.5583411433926897,194,352,party_nostyle,maahanmuutto
2015-2019,7,VIHR,KESK,0.7200019957092252,131,153,party_nostyle,maahanmuutto
2015-2019,7,VIHR,KOK,0.5604429983731698,131,244,party_nostyle,maahanmuutto
2015-2019,7,VIHR,PS,0.6629077029840389,131,352,party_nostyle,maahanmuutto
2015-2019,7,KESK,KOK,0.2719382835101254,153,244,party_nostyle,maahanmuutto
2015-2019,7,KESK,PS,0.6763220439691029,153,352,party_nostyle,maahanmuutto
2015-2019,7,KOK,PS,0.2754750372578241,244,352,party_nostyle,maahanmuutto
2019-2023,0,VAS,SDP,0.240674318507891,41,136,party_nostyle,maahanmuutto
2019-2023,0,VAS,VIHR,0.11556872578071586,41,214,party_nostyle,maahanmuutto
2019-2023,0,VAS,KESK,0.5113240418118465,41,112,party_nostyle,maahanmuutto
2019-2023,0,VAS,KOK,0.31464518265092156,41,221,party_nostyle,maahanmuutto
2019-2023,0,VAS,PS,0.702849327558696,41,535,party_nostyle,maahanmuutto
2019-2023,0,SDP,VIHR,0.2051951621770205,136,214,party_nostyle,maahanmuutto
2019-2023,0,SDP,KESK,0.09637605042016784,136,112,party_nostyle,maahanmuutto
2019-2023,0,SDP,KOK,0.15158371040723972,136,221,party_nostyle,maahanmuutto
2019-2023,0,SDP,PS,0.6747388675096206,136,535,party_nostyle,maahanmuutto
2019-2023,0,VIHR,KESK,0.4203938584779707,214,112,party_nostyle,maahanmuutto
2019-2023,0,VIHR,KOK,0.46661310102761444,214,221,party_nostyle,maahanmuutto
2019-2023,0,VIHR,PS,0.8737007598916937,214,535,party_nostyle,maahanmuutto
2019-2023,0,KESK,KOK,0.20984162895927594,112,221,party_nostyle,maahanmuutto
2019-2023,0,KESK,PS,0.6821428571428569,112,535,party_nostyle,maahanmuutto
2019-2023,0,KOK,PS,0.38990992514906764,221,535,party_nostyle,maahanmuutto
2019-2023,1,VAS,SDP,0.22146892655367223,40,177,party_nostyle,maahanmuutto
2019-2023,1,VAS,VIHR,0.06553030303030316,40,132,party_nostyle,maahanmuutto
2019-2023,1,VAS,KESK,0.43598130841121496,40,107,party_nostyle,maahanmuutto
2019-2023,1,VAS,KOK,0.3389961389961389,40,259,party_nostyle,maahanmuutto
2019-2023,1,VAS,PS,0.6282105263157893,40,475,party_nostyle,maahanmuutto
2019-2023,1,SDP,VIHR,0.16016093134737197,177,132,party_nostyle,maahanmuutto
2019-2023,1,SDP,KESK,0.2457891124135383,177,107,party_nostyle,maahanmuutto
2019-2023,1,SDP,KOK,0.4316689570926857,177,259,party_nostyle,maahanmuutto
2019-2023,1,SDP,PS,0.6932738626226584,177,475,party_nostyle,maahanmuutto
2019-2023,1,VIHR,KESK,0.215378079864061,132,107,party_nostyle,maahanmuutto
2019-2023,1,VIHR,KOK,0.5204165204165203,132,259,party_nostyle,maahanmuutto
2019-2023,1,VIHR,PS,0.8396491228070175,132,475,party_nostyle,maahanmuutto
2019-2023,1,KESK,KOK,0.46263486450402347,107,259,party_nostyle,maahanmuutto
2019-2023,1,KESK,PS,0.7630693556320707,107,475,party_nostyle,maahanmuutto
2019-2023,1,KOK,PS,0.4949156675472468,259,475,party_nostyle,maahanmuutto
2019-2023,2,VAS,SDP,0.21710628999531756,43,149,party_nostyle,maahanmuutto
2019-2023,2,VAS,VIHR,0.059666431759455074,43,198,party_nostyle,maahanmuutto
2019-2023,2,VAS,KESK,0.5493919351397483,43,109,party_nostyle,maahanmuutto
2019-2023,2,VAS,KOK,0.37880704485744876,43,239,party_nostyle,maahanmuutto
2019-2023,2,VAS,PS,0.7250372195697932,43,453,party_nostyle,maahanmuutto
2019-2023,2,SDP,VIHR,0.13253338756694477,149,198,party_nostyle,maahanmuutto
2019-2023,2,SDP,KESK,0.0909426759435994,149,109,party_nostyle,maahanmuutto
2019-2023,2,SDP,KOK,0.3567156215776024,149,239,party_nostyle,maahanmuutto
2019-2023,2,SDP,PS,0.7621227610116004,149,453,party_nostyle,maahanmuutto
2019-2023,2,VIHR,KESK,0.27699008432953387,198,109,party_nostyle,maahanmuutto
2019-2023,2,VIHR,KOK,0.49549892227716485,198,239,party_nostyle,maahanmuutto
2019-2023,2,VIHR,PS,0.8624657167703527,198,453,party_nostyle,maahanmuutto
2019-2023,2,KESK,KOK,0.5082722352308933,109,239,party_nostyle,maahanmuutto
2019-2023,2,KESK,PS,0.8199161552949754,109,453,party_nostyle,maahanmuutto
2019-2023,2,KOK,PS,0.41335771749471206,239,453,party_nostyle,maahanmuutto
2019-2023,3,VAS,SDP,0.3646825396825397,36,140,party_nostyle,maahanmuutto
2019-2023,3,VAS,VIHR,-0.04748062015503873,36,172,party_nostyle,maahanmuutto
2019-2023,3,VAS,KESK,0.5050968399592253,36,109,party_nostyle,maahanmuutto
2019-2023,3,VAS,KOK,0.2653013182674202,36,236,party_nostyle,maahanmuutto
2019-2023,3,VAS,PS,0.6521138729551732,36,523,party_nostyle,maahanmuutto
2019-2023,3,SDP,VIHR,0.257059800664452,140,172,party_nostyle,maahanmuutto
2019-2023,3,SDP,KESK,0.21114023591087805,140,109,party_nostyle,maahanmuutto
2019-2023,3,SDP,KOK,0.40308716707021786,140,236,party_nostyle,maahanmuutto
2019-2023,3,SDP,PS,0.6810707456978966,140,523,party_nostyle,maahanmuutto
2019-2023,3,VIHR,KESK,0.36185193087262624,172,109,party_nostyle,maahanmuutto
2019-2023,3,VIHR,KOK,0.5742018131651556,172,236,party_nostyle,maahanmuutto
2019-2023,3,VIHR,PS,0.867446307083463,172,523,party_nostyle,maahanmuutto
2019-2023,3,KESK,KOK,0.4963458249105892,109,236,party_nostyle,maahanmuutto
2019-2023,3,KESK,PS,0.7807988492641253,109,523,party_nostyle,maahanmuutto
2019-2023,3,KOK,PS,0.5051041902971773,236,523,party_nostyle,maahanmuutto
2019-2023,4,VAS,SDP,0.14164777021919894,45,147,party_nostyle,maahanmuutto
2019-2023,4,VAS,VIHR,-0.02427035330261129,45,217,party_nostyle,maahanmuutto
2019-2023,4,VAS,KESK,0.4592592592592595,45,90,party_nostyle,maahanmuutto
2019-2023,4,VAS,KOK,0.5665338645418325,45,251,party_nostyle,maahanmuutto
2019-2023,4,VAS,PS,0.7391621129326047,45,488,party_nostyle,maahanmuutto
2019-2023,4,SDP,VIHR,0.3321420734192291,147,217,party_nostyle,maahanmuutto
2019-2023,4,SDP,KESK,0.11882086167800465,147,90,party_nostyle,maahanmuutto
2019-2023,4,SDP,KOK,0.45225899124590074,147,251,party_nostyle,maahanmuutto
2019-2023,4,SDP,PS,0.6868517898962865,147,488,party_nostyle,maahanmuutto
2019-2023,4,VIHR,KESK,0.3219662058371737,217,90,party_nostyle,maahanmuutto
2019-2023,4,VIHR,KOK,0.6618502946738392,217,251,party_nostyle,maahanmuutto
2019-2023,4,VIHR,PS,0.8496260481982321,217,488,party_nostyle,maahanmuutto
2019-2023,4,KESK,KOK,0.43089862771137666,90,251,party_nostyle,maahanmuutto
2019-2023,4,KESK,PS,0.7873406193078323,90,488,party_nostyle,maahanmuutto
2019-2023,4,KOK,PS,0.45666514270785696,251,488,party_nostyle,maahanmuutto
2019-2023,5,VAS,SDP,-0.005906406179009616,31,142,party_nostyle,maahanmuutto
2019-2023,5,VAS,VIHR,0.3663082437275986,31,135,party_nostyle,maahanmuutto
2019-2023,5,VAS,KESK,0.32258064516129026,31,110,party_nostyle,maahanmuutto
2019-2023,5,VAS,KOK,0.30705898231880147,31,239,party_nostyle,maahanmuutto
2019-2023,5,VAS,PS,0.6743176178660051,31,520,party_nostyle,maahanmuutto
2019-2023,5,SDP,VIHR,0.18153364632237867,142,135,party_nostyle,maahanmuutto
2019-2023,5,SDP,KESK,0.09705505761843791,142,110,party_nostyle,maahanmuutto
2019-2023,5,SDP,KOK,0.35594319052389656,142,239,party_nostyle,maahanmuutto
2019-2023,5,SDP,PS,0.7151950162513543,142,520,party_nostyle,maahanmuutto
2019-2023,5,VIHR,KESK,0.3845117845117847,135,110,party_nostyle,maahanmuutto
2019-2023,5,VIHR,KOK,0.6507670850767084,135,239,party_nostyle,maahanmuutto
2019-2023,5,VIHR,PS,0.8913675213675212,135,520,party_nostyle,maahanmuutto
2019-2023,5,KESK,KOK,0.41255230125523035,110,239,party_nostyle,maahanmuutto
2019-2023,5,KESK,PS,0.7774475524475526,110,520,party_nostyle,maahanmuutto
2019-2023,5,KOK,PS,0.1919697457354359,239,520,party_nostyle,maahanmuutto
2019-2023,6,VAS,SDP,0.09185185185185185,36,150,party_nostyle,maahanmuutto
2019-2023,6,VAS,VIHR,-0.12983425414364658,36,181,party_nostyle,maahanmuutto
2019-2023,6,VAS,KESK,0.40061728395061724,36,90,party_nostyle,maahanmuutto
2019-2023,6,VAS,KOK,0.39933523266856596,36,234,party_nostyle,maahanmuutto
2019-2023,6,VAS,PS,0.7292644757433489,36,497,party_nostyle,maahanmuutto
2019-2023,6,SDP,VIHR,0.3133701657458563,150,181,party_nostyle,maahanmuutto
2019-2023,6,SDP,KESK,0.21199999999999997,150,90,party_nostyle,maahanmuutto
2019-2023,6,SDP,KOK,0.33868945868945843,150,234,party_nostyle,maahanmuutto
2019-2023,6,SDP,PS,0.7228973843058348,150,497,party_nostyle,maahanmuutto
2019-2023,6,VIHR,KESK,0.3594843462246775,181,90,party_nostyle,maahanmuutto
2019-2023,6,VIHR,KOK,0.48236294092647647,181,234,party_nostyle,maahanmuutto
2019-2023,6,VIHR,PS,0.8419467078715386,181,497,party_nostyle,maahanmuutto
2019-2023,6,KESK,KOK,0.4599240265906932,90,234,party_nostyle,maahanmuutto
2019-2023,6,KESK,PS,0.7251509054325955,90,497,party_nostyle,maahanmuutto
2019-2023,6,KOK,PS,0.4865603879688387,234,497,party_nostyle,maahanmuutto
2019-2023,7,VAS,SDP,0.13375453690012096,43,173,party_nostyle,maahanmuutto
2019-2023,7,VAS,VIHR,0.008033826638477848,43,110,party_nostyle,maahanmuutto
2019-2023,7,VAS,KESK,0.5267712276906436,43,86,party_nostyle,maahanmuutto
2019-2023,7,VAS,KOK,0.37481123527635174,43,231,party_nostyle,maahanmuutto
2019-2023,7,VAS,PS,0.627906976744186,43,438,party_nostyle,maahanmuutto
2019-2023,7,SDP,VIHR,0.0019968470835523,173,110,party_nostyle,maahanmuutto
2019-2023,7,SDP,KESK,0.185777658287404,173,86,party_nostyle,maahanmuutto
2019-2023,7,SDP,KOK,0.37752420989415225,173,231,party_nostyle,maahanmuutto
2019-2023,7,SDP,PS,0.7550083141974819,173,438,party_nostyle,maahanmuutto
2019-2023,7,VIHR,KESK,0.1752642706131078,110,86,party_nostyle,maahanmuutto
2019-2023,7,VIHR,KOK,0.4144824872097599,110,231,party_nostyle,maahanmuutto
2019-2023,7,VIHR,PS,0.828310502283105,110,438,party_nostyle,maahanmuutto
2019-2023,7,KESK,KOK,0.2800765126346523,86,231,party_nostyle,maahanmuutto
2019-2023,7,KESK,PS,0.714240203886588,86,438,party_nostyle,maahanmuutto
2019-2023,7,KOK,PS,0.3186068117574967,231,438,party_nostyle,maahanmuutto
2023-2027,0,VAS,SDP,0.5847060863533899,79,146,party_nostyle,maahanmuutto
2023-2027,0,VAS,VIHR,0.017789941840574697,79,74,party_nostyle,maahanmuutto
2023-2027,0,VAS,KESK,0.6229180546302466,79,57,party_nostyle,maahanmuutto
2023-2027,0,VAS,KOK,0.7920155793573513,79,130,party_nostyle,maahanmuutto
2023-2027,0,VAS,PS,0.7430539977567698,79,395,party_nostyle,maahanmuutto
2023-2027,0,SDP,VIHR,0.20881155127730477,146,74,party_nostyle,maahanmuutto
2023-2027,0,SDP,KESK,0.08363374188896922,146,57,party_nostyle,maahanmuutto
2023-2027,0,SDP,KOK,0.3258166491043202,146,130,party_nostyle,maahanmuutto
2023-2027,0,SDP,PS,0.6178255592162303,146,395,party_nostyle,maahanmuutto
2023-2027,0,VIHR,KESK,0.6159317211948792,74,57,party_nostyle,maahanmuutto
2023-2027,0,VIHR,KOK,0.7311850311850312,74,130,party_nostyle,maahanmuutto
2023-2027,0,VIHR,PS,0.7919945261717416,74,395,party_nostyle,maahanmuutto
2023-2027,0,KESK,KOK,0.4847503373819162,57,130,party_nostyle,maahanmuutto
2023-2027,0,KESK,PS,0.5120586275816121,57,395,party_nostyle,maahanmuutto
2023-2027,0,KOK,PS,0.3873417721518988,130,395,party_nostyle,maahanmuutto
2023-2027,1,VAS,SDP,0.5912384716732542,69,176,party_nostyle,maahanmuutto
2023-2027,1,VAS,VIHR,0.20308676830415973,69,77,party_nostyle,maahanmuutto
2023-2027,1,VAS,KESK,0.6622558286074354,69,46,party_nostyle,maahanmuutto
2023-2027,1,VAS,KOK,0.776325709977381,69,173,party_nostyle,maahanmuutto
2023-2027,1,VAS,PS,0.8034880864652421,69,472,party_nostyle,maahanmuutto
2023-2027,1,SDP,VIHR,0.4071723730814638,176,77,party_nostyle,maahanmuutto
2023-2027,1,SDP,KESK,0.062252964426877444,176,46,party_nostyle,maahanmuutto
2023-2027,1,SDP,KOK,0.42058591697320025,176,173,party_nostyle,maahanmuutto
2023-2027,1,SDP,PS,0.5947611710323575,176,472,party_nostyle,maahanmuutto
2023-2027,1,VIHR,KESK,0.517786561264822,77,46,party_nostyle,maahanmuutto
2023-2027,1,VIHR,KOK,0.6880114105547632,77,173,party_nostyle,maahanmuutto
2023-2027,1,VIHR,PS,0.8378824565265242,77,472,party_nostyle,maahanmuutto
2023-2027,1,KESK,KOK,0.3686855993968332,46,173,party_nostyle,maahanmuutto
2023-2027,1,KESK,PS,0.5918386145910097,46,472,party_nostyle,maahanmuutto
2023-2027,1,KOK,PS,0.409694327422357,173,472,party_nostyle,maahanmuutto
2023-2027,2,VAS,SDP,0.5191570881226053,58,162,party_nostyle,maahanmuutto
2023-2027,2,VAS,VIHR,0.1859979101358411,58,66,party_nostyle,maahanmuutto
2023-2027,2,VAS,KESK,0.6785946649316852,58,53,party_nostyle,maahanmuutto
2023-2027,2,VAS,KOK,0.8173821252638986,58,196,party_nostyle,maahanmuutto
2023-2027,2,VAS,PS,0.7355335207932514,58,466,party_nostyle,maahanmuutto
2023-2027,2,SDP,VIHR,0.22109988776655443,162,66,party_nostyle,maahanmuutto
2023-2027,2,SDP,KESK,0.30118798043326356,162,53,party_nostyle,maahanmuutto
2023-2027,2,SDP,KOK,0.2776518014613252,162,196,party_nostyle,maahanmuutto
2023-2027,2,SDP,PS,0.4400201345837971,162,466,party_nostyle,maahanmuutto
2023-2027,2,VIHR,KESK,0.5465980560320185,66,53,party_nostyle,maahanmuutto
2023-2027,2,VIHR,KOK,0.6881570810142239,66,196,party_nostyle,maahanmuutto
2023-2027,2,VIHR,PS,0.7735726362335804,66,466,party_nostyle,maahanmuutto
2023-2027,2,KESK,KOK,0.41393916056988833,53,196,party_nostyle,maahanmuutto
2023-2027,2,KESK,PS,0.5274921046238563,53,466,party_nostyle,maahanmuutto
2023-2027,2,KOK,PS,0.13028816676885335,196,466,party_nostyle,maahanmuutto
2023-2027,3,VAS,SDP,0.5764840182648401,73,144,party_nostyle,maahanmuutto
2023-2027,3,VAS,VIHR,0.2766362252663621,73,72,party_nostyle,maahanmuutto
2023-2027,3,VAS,KESK,0.7879873551106427,73,65,party_nostyle,maahanmuutto
2023-2027,3,VAS,KOK,0.821221267703738,73,177,party_nostyle,maahanmuutto
2023-2027,3,VAS,PS,0.7960426179604261,73,477,party_nostyle,maahanmuutto
2023-2027,3,SDP,VIHR,0.4284336419753083,144,72,party_nostyle,maahanmuutto
2023-2027,3,SDP,KESK,0.29337606837606844,144,65,party_nostyle,maahanmuutto
2023-2027,3,SDP,KOK,0.3141086001255493,144,177,party_nostyle,maahanmuutto
2023-2027,3,SDP,PS,0.5778884230142094,144,477,party_nostyle,maahanmuutto
2023-2027,3,VIHR,KESK,0.747008547008547,72,65,party_nostyle,maahanmuutto
2023-2027,3,VIHR,KOK,0.7834274952919023,72,177,party_nostyle,maahanmuutto
2023-2027,3,VIHR,PS,0.8483577917540182,72,477,party_nostyle,maahanmuutto
2023-2027,3,KESK,KOK,0.44910908300738805,65,177,party_nostyle,maahanmuutto
2023-2027,3,KESK,PS,0.584454120303177,65,477,party_nostyle,maahanmuutto
2023-2027,3,KOK,PS,0.39480510251216994,177,477,party_nostyle,maahanmuutto
2023-2027,4,VAS,SDP,0.6605681271064034,62,134,party_nostyle,maahanmuutto
2023-2027,4,VAS,VIHR,0.4927934111187371,62,47,party_nostyle,maahanmuutto
2023-2027,4,VAS,KESK,0.6232501521606817,62,53,party_nostyle,maahanmuutto
2023-2027,4,VAS,KOK,0.859995611147685,62,147,party_nostyle,maahanmuutto
2023-2027,4,VAS,PS,0.8727910238429173,62,460,party_nostyle,maahanmuutto
2023-2027,4,SDP,VIHR,0.6367100666878374,134,47,party_nostyle,maahanmuutto
2023-2027,4,SDP,KESK,0.2999155167558434,134,53,party_nostyle,maahanmuutto
2023-2027,4,SDP,KOK,0.32084475581277294,134,147,party_nostyle,maahanmuutto
2023-2027,4,SDP,PS,0.6731018818948733,134,460,party_nostyle,maahanmuutto
2023-2027,4,VIHR,KESK,0.7382577278201525,47,53,party_nostyle,maahanmuutto
2023-2027,4,VIHR,KOK,0.8674193081487913,47,147,party_nostyle,maahanmuutto
2023-2027,4,VIHR,PS,0.8792784458834411,47,460,party_nostyle,maahanmuutto
2023-2027,4,KESK,KOK,0.42369400590424844,53,147,party_nostyle,maahanmuutto
2023-2027,4,KESK,PS,0.5256767842493848,53,460,party_nostyle,maahanmuutto
2023-2027,4,KOK,PS,0.3075421472937001,147,460,party_nostyle,maahanmuutto
2023-2027,5,VAS,SDP,0.45827604442094105,61,155,party_nostyle,maahanmuutto
2023-2027,5,VAS,VIHR,0.10937919914001615,61,61,party_nostyle,maahanmuutto
2023-2027,5,VAS,KESK,0.4745470232959448,61,38,party_nostyle,maahanmuutto
2023-2027,5,VAS,KOK,0.7400933666268592,61,151,party_nostyle,maahanmuutto
2023-2027,5,VAS,PS,0.756174016181641,61,387,party_nostyle,maahanmuutto
2023-2027,5,SDP,VIHR,0.3654151242728716,155,61,party_nostyle,maahanmuutto
2023-2027,5,SDP,KESK,0.06791171477079794,155,38,party_nostyle,maahanmuutto
2023-2027,5,SDP,KOK,0.4380687887203587,155,151,party_nostyle,maahanmuutto
2023-2027,5,SDP,PS,0.5339168125364673,155,387,party_nostyle,maahanmuutto
2023-2027,5,VIHR,KESK,0.32010353753235554,61,38,party_nostyle,maahanmuutto
2023-2027,5,VIHR,KOK,0.5687764629247638,61,151,party_nostyle,maahanmuutto
2023-2027,5,VIHR,PS,0.7916719617062737,61,387,party_nostyle,maahanmuutto
2023-2027,5,KESK,KOK,0.3060299756012548,38,151,party_nostyle,maahanmuutto
2023-2027,5,KESK,PS,0.499660002719978,38,387,party_nostyle,maahanmuutto
2023-2027,5,KOK,PS,0.11655286890155203,151,387,party_nostyle,maahanmuutto
2023-2027,6,VAS,SDP,0.6170865279299014,83,165,party_nostyle,maahanmuutto
2023-2027,6,VAS,VIHR,0.15174210354933226,83,74,party_nostyle,maahanmuutto
2023-2027,6,VAS,KESK,0.6375288387592926,83,47,party_nostyle,maahanmuutto
2023-2027,6,VAS,KOK,0.8034136546184738,83,120,party_nostyle,maahanmuutto
2023-2027,6,VAS,PS,0.791039156626506,83,320,party_nostyle,maahanmuutto
2023-2027,6,SDP,VIHR,0.41474201474201466,165,74,party_nostyle,maahanmuutto
2023-2027,6,SDP,KESK,0.13604126370083813,165,47,party_nostyle,maahanmuutto
2023-2027,6,SDP,KOK,0.16494949494949496,165,120,party_nostyle,maahanmuutto
2023-2027,6,SDP,PS,0.6810227272727274,165,320,party_nostyle,maahanmuutto
2023-2027,6,VIHR,KESK,0.6313973548016103,74,47,party_nostyle,maahanmuutto
2023-2027,6,VIHR,KOK,0.7117117117117115,74,120,party_nostyle,maahanmuutto
2023-2027,6,VIHR,PS,0.8345439189189188,74,320,party_nostyle,maahanmuutto
2023-2027,6,KESK,KOK,0.5691489361702127,47,120,party_nostyle,maahanmuutto
2023-2027,6,KESK,PS,0.5984042553191489,47,320,party_nostyle,maahanmuutto
2023-2027,6,KOK,PS,0.25119791666666647,120,320,party_nostyle,maahanmuutto
2023-2027,7,VAS,SDP,0.5772357723577235,82,159,party_nostyle,maahanmuutto
2023-2027,7,VAS,VIHR,0.24499453949763383,82,67,party_nostyle,maahanmuutto
2023-2027,7,VAS,KESK,0.7214791502753737,82,62,party_nostyle,maahanmuutto
2023-2027,7,VAS,KOK,0.780621817207183,82,182,party_nostyle,maahanmuutto
2023-2027,7,VAS,PS,0.87640818112217,82,446,party_nostyle,maahanmuutto
2023-2027,7,SDP,VIHR,0.2788885759879849,159,67,party_nostyle,maahanmuutto
2023-2027,7,SDP,KESK,0.32947859606411023,159,62,party_nostyle,maahanmuutto
2023-2027,7,SDP,KOK,0.35026608611514276,159,182,party_nostyle,maahanmuutto
2023-2027,7,SDP,PS,0.625490030177398,159,446,party_nostyle,maahanmuutto
2023-2027,7,VIHR,KESK,0.6403466538276361,67,62,party_nostyle,maahanmuutto
2023-2027,7,VIHR,KOK,0.6947679186485156,67,182,party_nostyle,maahanmuutto
2023-2027,7,VIHR,PS,0.8011511946991501,67,446,party_nostyle,maahanmuutto
2023-2027,7,KESK,KOK,0.5095710740872033,62,182,party_nostyle,maahanmuutto
2023-2027,7,KESK,PS,0.5900477361492837,62,446,party_nostyle,maahanmuutto
2023-2027,7,KOK,PS,0.2311880944167939,182,446,party_nostyle,maahanmuutto
2015-2019,0,VAS,SDP,0.15634844541843584,149,196,party_nostyle,ilmasto
2015-2019,0,VAS,VIHR,0.12918575334682703,149,378,party_nostyle,ilmasto
2015-2019,0,VAS,KESK,0.4861586049349431,149,473,party_nostyle,ilmasto
2015-2019,0,VAS,KOK,0.42345365499727894,149,148,party_nostyle,ilmasto
2015-2019,0,VAS,PS,0.41330481598937996,149,182,party_nostyle,ilmasto
2015-2019,0,SDP,VIHR,0.3370046431270921,196,378,party_nostyle,ilmasto
2015-2019,0,SDP,KESK,0.3027138973982828,196,473,party_nostyle,ilmasto
2015-2019,0,SDP,KOK,0.1695394373965804,196,148,party_nostyle,ilmasto
2015-2019,0,SDP,PS,0.47499439336174043,196,182,party_nostyle,ilmasto
2015-2019,0,VIHR,KESK,0.5978835978835977,378,473,party_nostyle,ilmasto
2015-2019,0,VIHR,KOK,0.4714714714714714,378,148,party_nostyle,ilmasto
2015-2019,0,VIHR,PS,0.44740973312401877,378,182,party_nostyle,ilmasto
2015-2019,0,KESK,KOK,0.24181475344266046,473,148,party_nostyle,ilmasto
2015-2019,0,KESK,PS,0.45289594126803445,473,182,party_nostyle,ilmasto
2015-2019,0,KOK,PS,0.3981288981288982,148,182,party_nostyle,ilmasto
2015-2019,1,VAS,SDP,0.0034640522875815094,170,180,party_nostyle,ilmasto
2015-2019,1,VAS,VIHR,0.021478129713423888,170,390,party_nostyle,ilmasto
2015-2019,1,VAS,KESK,0.41924628007231246,170,423,party_nostyle,ilmasto
2015-2019,1,VAS,KOK,0.2325581395348839,170,172,party_nostyle,ilmasto
2015-2019,1,VAS,PS,0.3553491572067422,170,171,party_nostyle,ilmasto
2015-2019,1,SDP,VIHR,0.17592592592592604,180,390,party_nostyle,ilmasto
2015-2019,1,SDP,KESK,0.2206987128972946,180,423,party_nostyle,ilmasto
2015-2019,1,SDP,KOK,0.11091731266149885,180,172,party_nostyle,ilmasto
2015-2019,1,SDP,PS,0.4325536062378166,180,171,party_nostyle,ilmasto
2015-2019,1,VIHR,KESK,0.5313450930472208,390,423,party_nostyle,ilmasto
2015-2019,1,VIHR,KOK,0.3861955873583782,390,172,party_nostyle,ilmasto
2015-2019,1,VIHR,PS,0.3927725296146347,390,171,party_nostyle,ilmasto
2015-2019,1,KESK,KOK,0.2421793391610314,423,172,party_nostyle,ilmasto
2015-2019,1,KESK,PS,0.35470670371752844,423,171,party_nostyle,ilmasto
2015-2019,1,KOK,PS,0.18400652794777628,172,171,party_nostyle,ilmasto
2015-2019,2,VAS,SDP,-0.08607453068086302,166,215,party_nostyle,ilmasto
2015-2019,2,VAS,VIHR,0.15326198410663916,166,376,party_nostyle,ilmasto
2015-2019,2,VAS,KESK,0.341272653639769,166,476,party_nostyle,ilmasto
2015-2019,2,VAS,KOK,0.2799800237218302,166,193,party_nostyle,ilmasto
2015-2019,2,VAS,PS,0.4023151429246399,166,204,party_nostyle,ilmasto
2015-2019,2,SDP,VIHR,0.2552696684809501,215,376,party_nostyle,ilmasto
2015-2019,2,SDP,KESK,0.25763142466288835,215,476,party_nostyle,ilmasto
2015-2019,2,SDP,KOK,0.14625858537173153,215,193,party_nostyle,ilmasto
2015-2019,2,SDP,PS,0.5264021887824897,215,204,party_nostyle,ilmasto
2015-2019,2,VIHR,KESK,0.49751922045413943,376,476,party_nostyle,ilmasto
2015-2019,2,VIHR,KOK,0.4328354095469078,376,193,party_nostyle,ilmasto
2015-2019,2,VIHR,PS,0.4085836462244474,376,204,party_nostyle,ilmasto
2015-2019,2,KESK,KOK,0.2832324639700441,476,193,party_nostyle,ilmasto
2015-2019,2,KESK,PS,0.44274180260339424,476,204,party_nostyle,ilmasto
2015-2019,2,KOK,PS,0.37031392868028057,193,204,party_nostyle,ilmasto
2015-2019,3,VAS,SDP,0.04973118279569899,112,186,party_nostyle,ilmasto
2015-2019,3,VAS,VIHR,0.13861344537815135,112,425,party_nostyle,ilmasto
2015-2019,3,VAS,KESK,0.5495779220779222,112,550,party_nostyle,ilmasto
2015-2019,3,VAS,KOK,0.3423372513562388,112,158,party_nostyle,ilmasto
2015-2019,3,VAS,PS,0.31013339070568,112,166,party_nostyle,ilmasto
2015-2019,3,SDP,VIHR,0.22378241619228345,186,425,party_nostyle,ilmasto
2015-2019,3,SDP,KESK,0.3737438905180843,186,550,party_nostyle,ilmasto
2015-2019,3,SDP,KOK,0.07969239145229334,186,158,party_nostyle,ilmasto
2015-2019,3,SDP,PS,0.24491514444876272,186,166,party_nostyle,ilmasto
2015-2019,3,VIHR,KESK,0.6201497326203209,425,550,party_nostyle,ilmasto
2015-2019,3,VIHR,KOK,0.6040208488458674,425,158,party_nostyle,ilmasto
2015-2019,3,VIHR,PS,0.4227356484762579,425,166,party_nostyle,ilmasto
2015-2019,3,KESK,KOK,0.3493670886075948,550,158,party_nostyle,ilmasto
2015-2019,3,KESK,PS,0.44133625410733845,550,166,party_nostyle,ilmasto
2015-2019,3,KOK,PS,0.22975446088150075,158,166,party_nostyle,ilmasto
2015-2019,4,VAS,SDP,0.030619261416494847,123,201,party_nostyle,ilmasto
2015-2019,4,VAS,VIHR,0.07531131007512615,123,395,party_nostyle,ilmasto
2015-2019,4,VAS,KESK,0.4334120115394704,123,620,party_nostyle,ilmasto
2015-2019,4,VAS,KOK,0.2922046867527497,123,153,party_nostyle,ilmasto
2015-2019,4,VAS,PS,0.3232566128478187,123,213,party_nostyle,ilmasto
2015-2019,4,SDP,VIHR,0.26758612003274784,201,395,party_nostyle,ilmasto
2015-2019,4,SDP,KESK,0.3797143315679665,201,620,party_nostyle,ilmasto
2015-2019,4,SDP,KOK,0.20228920755698643,201,153,party_nostyle,ilmasto
2015-2019,4,SDP,PS,0.42919206782986463,201,213,party_nostyle,ilmasto
2015-2019,4,VIHR,KESK,0.5819028174765211,395,620,party_nostyle,ilmasto
2015-2019,4,VIHR,KOK,0.47642922147762046,395,153,party_nostyle,ilmasto
2015-2019,4,VIHR,PS,0.5241932608308075,395,213,party_nostyle,ilmasto
2015-2019,4,KESK,KOK,0.22656546489563567,620,153,party_nostyle,ilmasto
2015-2019,4,KESK,PS,0.44134484325306667,620,213,party_nostyle,ilmasto
2015-2019,4,KOK,PS,0.31909540028844097,153,213,party_nostyle,ilmasto
2015-2019,5,VAS,SDP,0.01609901358645094,108,199,party_nostyle,ilmasto
2015-2019,5,VAS,VIHR,0.1859081303525747,108,333,party_nostyle,ilmasto
2015-2019,5,VAS,KESK,0.34168883432235186,108,543,party_nostyle,ilmasto
2015-2019,5,VAS,KOK,0.41467848216314485,108,163,party_nostyle,ilmasto
2015-2019,5,VAS,PS,0.3024044987395773,108,191,party_nostyle,ilmasto
2015-2019,5,SDP,VIHR,0.15161392548327202,199,333,party_nostyle,ilmasto
2015-2019,5,SDP,KESK,0.26150087453843796,199,543,party_nostyle,ilmasto
2015-2019,5,SDP,KOK,0.1373431575053179,199,163,party_nostyle,ilmasto
2015-2019,5,SDP,PS,0.4717040700886632,199,191,party_nostyle,ilmasto
2015-2019,5,VIHR,KESK,0.5827982678811408,333,543,party_nostyle,ilmasto
2015-2019,5,VIHR,KOK,0.5143241400910115,333,163,party_nostyle,ilmasto
2015-2019,5,VIHR,PS,0.587220728581985,333,191,party_nostyle,ilmasto
2015-2019,5,KESK,KOK,0.24809906337208631,543,163,party_nostyle,ilmasto
2015-2019,5,KESK,PS,0.36283783132297764,543,191,party_nostyle,ilmasto
2015-2019,5,KOK,PS,0.3880448398805125,163,191,party_nostyle,ilmasto
2015-2019,6,VAS,SDP,0.1564777629034657,166,162,party_nostyle,ilmasto
2015-2019,6,VAS,VIHR,0.11543158937118325,166,365,party_nostyle,ilmasto
2015-2019,6,VAS,KESK,0.42616367107775366,166,549,party_nostyle,ilmasto
2015-2019,6,VAS,KOK,0.2993565169769987,166,176,party_nostyle,ilmasto
2015-2019,6,VAS,PS,0.33657209483093653,166,186,party_nostyle,ilmasto
2015-2019,6,SDP,VIHR,0.3261626923727379,162,365,party_nostyle,ilmasto
2015-2019,6,SDP,KESK,0.32503541793159285,162,549,party_nostyle,ilmasto
2015-2019,6,SDP,KOK,0.17206790123456783,162,176,party_nostyle,ilmasto
2015-2019,6,SDP,PS,0.46800743395725486,162,186,party_nostyle,ilmasto
2015-2019,6,VIHR,KESK,0.54245078224418,365,549,party_nostyle,ilmasto
2015-2019,6,VIHR,KOK,0.40084059775840597,365,176,party_nostyle,ilmasto
2015-2019,6,VIHR,PS,0.4447488584474888,365,186,party_nostyle,ilmasto
2015-2019,6,KESK,KOK,0.1072197383672795,549,176,party_nostyle,ilmasto
2015-2019,6,KESK,PS,0.5057288912392033,549,186,party_nostyle,ilmasto
2015-2019,6,KOK,PS,0.4153225806451615,176,186,party_nostyle,ilmasto
2015-2019,7,VAS,SDP,0.04216357119582925,155,198,party_nostyle,ilmasto
2015-2019,7,VAS,VIHR,0.2482067721899417,155,322,party_nostyle,ilmasto
2015-2019,7,VAS,KESK,0.4989570700945911,155,532,party_nostyle,ilmasto
2015-2019,7,VAS,KOK,0.35115207373271895,155,168,party_nostyle,ilmasto
2015-2019,7,VAS,PS,0.2864125122189636,155,198,party_nostyle,ilmasto
2015-2019,7,SDP,VIHR,0.3738628521237217,198,322,party_nostyle,ilmasto
2015-2019,7,SDP,KESK,0.30948583580162525,198,532,party_nostyle,ilmasto
2015-2019,7,SDP,KOK,0.19751082251082241,198,168,party_nostyle,ilmasto
2015-2019,7,SDP,PS,0.467707376798286,198,198,party_nostyle,ilmasto
2015-2019,7,VIHR,KESK,0.6455190771960959,322,532,party_nostyle,ilmasto
2015-2019,7,VIHR,KOK,0.5248077491866314,322,168,party_nostyle,ilmasto
2015-2019,7,VIHR,PS,0.599159294811469,322,198,party_nostyle,ilmasto
2015-2019,7,KESK,KOK,0.23619316147511626,532,168,party_nostyle,ilmasto
2015-2019,7,KESK,PS,0.39031290347079795,532,198,party_nostyle,ilmasto
2015-2019,7,KOK,PS,0.4887566137566137,168,198,party_nostyle,ilmasto
2019-2023,0,VAS,SDP,0.16468942901234573,108,384,party_nostyle,ilmasto
2019-2023,0,VAS,VIHR,0.3372670055676592,108,612,party_nostyle,ilmasto
2019-2023,0,VAS,KESK,0.5087583719732094,108,647,party_nostyle,ilmasto
2019-2023,0,VAS,KOK,0.4162386230512749,108,411,party_nostyle,ilmasto
2019-2023,0,VAS,PS,0.6638555999408196,108,751,party_nostyle,ilmasto
2019-2023,0,SDP,VIHR,0.3768297249455339,384,612,party_nostyle,ilmasto
2019-2023,0,SDP,KESK,0.29054772024729525,384,647,party_nostyle,ilmasto
2019-2023,0,SDP,KOK,0.46911749797242486,384,411,party_nostyle,ilmasto
2019-2023,0,SDP,PS,0.8238459831335996,384,751,party_nostyle,ilmasto
2019-2023,0,VIHR,KESK,0.660812599125173,612,647,party_nostyle,ilmasto
2019-2023,0,VIHR,KOK,0.6518534421067699,612,411,party_nostyle,ilmasto
2019-2023,0,VIHR,PS,0.8975048519185749,612,751,party_nostyle,ilmasto
2019-2023,0,KESK,KOK,0.12295941966854307,647,411,party_nostyle,ilmasto
2019-2023,0,KESK,PS,0.39106024527832006,647,751,party_nostyle,ilmasto
2019-2023,0,KOK,PS,0.47966863322544784,411,751,party_nostyle,ilmasto
2019-2023,1,VAS,SDP,0.13247863247863245,108,455,party_nostyle,ilmasto
2019-2023,1,VAS,VIHR,0.3154471544715447,108,615,party_nostyle,ilmasto
2019-2023,1,VAS,KESK,0.2435497295047857,108,712,party_nostyle,ilmasto
2019-2023,1,VAS,KOK,0.48788294467306814,108,324,party_nostyle,ilmasto
2019-2023,1,VAS,PS,0.6818245028507859,108,799,party_nostyle,ilmasto
2019-2023,1,SDP,VIHR,0.3352774055213077,455,615,party_nostyle,ilmasto
2019-2023,1,SDP,KESK,0.18132485492036055,455,712,party_nostyle,ilmasto
2019-2023,1,SDP,KOK,0.455297788631122,455,324,party_nostyle,ilmasto
2019-2023,1,SDP,PS,0.7789874706019888,455,799,party_nostyle,ilmasto
2019-2023,1,VIHR,KESK,0.6255458116378918,615,712,party_nostyle,ilmasto
2019-2023,1,VIHR,KOK,0.6509886580347288,615,324,party_nostyle,ilmasto
2019-2023,1,VIHR,PS,0.8766466212847361,615,799,party_nostyle,ilmasto
2019-2023,1,KESK,KOK,0.2748387432376198,712,324,party_nostyle,ilmasto
2019-2023,1,KESK,PS,0.381347470855423,712,799,party_nostyle,ilmasto
2019-2023,1,KOK,PS,0.5205967335712851,324,799,party_nostyle,ilmasto
2019-2023,2,VAS,SDP,0.17296694099595467,107,402,party_nostyle,ilmasto
2019-2023,2,VAS,VIHR,0.2843604993137703,107,572,party_nostyle,ilmasto
2019-2023,2,VAS,KESK,0.45757009345794364,107,650,party_nostyle,ilmasto
2019-2023,2,VAS,KOK,0.505901201602136,107,350,party_nostyle,ilmasto
2019-2023,2,VAS,PS,0.6779153814281111,107,609,party_nostyle,ilmasto
2019-2023,2,SDP,VIHR,0.2632901923946702,402,572,party_nostyle,ilmasto
2019-2023,2,SDP,KESK,0.20197091465748174,402,650,party_nostyle,ilmasto
2019-2023,2,SDP,KOK,0.43837953091684434,402,350,party_nostyle,ilmasto
2019-2023,2,SDP,PS,0.8464491989968057,402,609,party_nostyle,ilmasto
2019-2023,2,VIHR,KESK,0.6049757934373321,572,650,party_nostyle,ilmasto
2019-2023,2,VIHR,KOK,0.641128871128871,572,350,party_nostyle,ilmasto
2019-2023,2,VIHR,PS,0.8817446920895198,572,609,party_nostyle,ilmasto
2019-2023,2,KESK,KOK,0.22773626373626366,650,350,party_nostyle,ilmasto
2019-2023,2,KESK,PS,0.505701654667172,650,609,party_nostyle,ilmasto
2019-2023,2,KOK,PS,0.5103917429040581,350,609,party_nostyle,ilmasto
2019-2023,3,VAS,SDP,0.5053708439897697,85,414,party_nostyle,ilmasto
2019-2023,3,VAS,VIHR,0.33726819541375863,85,590,party_nostyle,ilmasto
2019-2023,3,VAS,KESK,0.7329442481953616,85,766,party_nostyle,ilmasto
2019-2023,3,VAS,KOK,0.6043789227849949,85,403,party_nostyle,ilmasto
2019-2023,3,VAS,PS,0.7771222774824216,85,686,party_nostyle,ilmasto
2019-2023,3,SDP,VIHR,0.4964955375419633,414,590,party_nostyle,ilmasto
2019-2023,3,SDP,KESK,0.4327833907241332,414,766,party_nostyle,ilmasto
2019-2023,3,SDP,KOK,0.44800469905659246,414,403,party_nostyle,ilmasto
2019-2023,3,SDP,PS,0.848579597470458,414,686,party_nostyle,ilmasto
2019-2023,3,VIHR,KESK,0.6978138690976681,590,766,party_nostyle,ilmasto
2019-2023,3,VIHR,KOK,0.5733187534171678,590,403,party_nostyle,ilmasto
2019-2023,3,VIHR,PS,0.9168503236645749,590,686,party_nostyle,ilmasto
2019-2023,3,KESK,KOK,0.2660399484285614,766,403,party_nostyle,ilmasto
2019-2023,3,KESK,PS,0.5978883907162267,766,686,party_nostyle,ilmasto
2019-2023,3,KOK,PS,0.5222782484138639,403,686,party_nostyle,ilmasto
2019-2023,4,VAS,SDP,0.15500907075186454,164,484,party_nostyle,ilmasto
2019-2023,4,VAS,VIHR,0.09880584628152511,164,529,party_nostyle,ilmasto
2019-2023,4,VAS,KESK,0.5789796507432532,164,676,party_nostyle,ilmasto
2019-2023,4,VAS,KOK,0.5914056178476477,164,422,party_nostyle,ilmasto
2019-2023,4,VAS,PS,0.7732138367039043,164,679,party_nostyle,ilmasto
2019-2023,4,SDP,VIHR,0.3525207392710399,484,529,party_nostyle,ilmasto
2019-2023,4,SDP,KESK,0.3354075993936134,484,676,party_nostyle,ilmasto
2019-2023,4,SDP,KOK,0.5140907132505581,484,422,party_nostyle,ilmasto
2019-2023,4,SDP,PS,0.8200744897089791,484,679,party_nostyle,ilmasto
2019-2023,4,VIHR,KESK,0.6984485632151765,529,676,party_nostyle,ilmasto
2019-2023,4,VIHR,KOK,0.6877592524570191,529,422,party_nostyle,ilmasto
2019-2023,4,VIHR,PS,0.9028427772410779,529,679,party_nostyle,ilmasto
2019-2023,4,KESK,KOK,0.2655220280994979,676,422,party_nostyle,ilmasto
2019-2023,4,KESK,PS,0.4136390968270427,676,679,party_nostyle,ilmasto
2019-2023,4,KOK,PS,0.438427014915997,422,679,party_nostyle,ilmasto
2019-2023,5,VAS,SDP,0.17266643743222154,154,491,party_nostyle,ilmasto
2019-2023,5,VAS,VIHR,0.1561479456216297,154,513,party_nostyle,ilmasto
2019-2023,5,VAS,KESK,0.38140559801209606,154,554,party_nostyle,ilmasto
2019-2023,5,VAS,KOK,0.36144330603433517,154,379,party_nostyle,ilmasto
2019-2023,5,VAS,PS,0.6534546913760395,154,712,party_nostyle,ilmasto
2019-2023,5,SDP,VIHR,0.4627982039280143,491,513,party_nostyle,ilmasto
2019-2023,5,SDP,KESK,0.3117192497444985,491,554,party_nostyle,ilmasto
2019-2023,5,SDP,KOK,0.4081864054296598,491,379,party_nostyle,ilmasto
2019-2023,5,SDP,PS,0.8575882743312204,491,712,party_nostyle,ilmasto
2019-2023,5,VIHR,KESK,0.715821845025721,513,554,party_nostyle,ilmasto
2019-2023,5,VIHR,KOK,0.6880577286076519,513,379,party_nostyle,ilmasto
2019-2023,5,VIHR,PS,0.9315110497842609,513,712,party_nostyle,ilmasto
2019-2023,5,KESK,KOK,0.4272691769143575,554,379,party_nostyle,ilmasto
2019-2023,5,KESK,PS,0.7096398004299682,554,712,party_nostyle,ilmasto
2019-2023,5,KOK,PS,0.3942738134060657,379,712,party_nostyle,ilmasto
2019-2023,6,VAS,SDP,0.28131451443016653,94,505,party_nostyle,ilmasto
2019-2023,6,VAS,VIHR,0.2857248030626518,94,578,party_nostyle,ilmasto
2019-2023,6,VAS,KESK,0.5810832299716946,94,669,party_nostyle,ilmasto
2019-2023,6,VAS,KOK,0.5684764000978233,94,348,party_nostyle,ilmasto
2019-2023,6,VAS,PS,0.7948030275940163,94,714,party_nostyle,ilmasto
2019-2023,6,SDP,VIHR,0.3395251635890233,505,578,party_nostyle,ilmasto
2019-2023,6,SDP,KESK,0.3465938522103329,505,669,party_nostyle,ilmasto
2019-2023,6,SDP,KOK,0.3462160009104358,505,348,party_nostyle,ilmasto
2019-2023,6,SDP,PS,0.8293812574534765,505,714,party_nostyle,ilmasto
2019-2023,6,VIHR,KESK,0.6644477891393961,578,669,party_nostyle,ilmasto
2019-2023,6,VIHR,KOK,0.5351588911426641,578,348,party_nostyle,ilmasto
2019-2023,6,VIHR,PS,0.8875674837409011,578,714,party_nostyle,ilmasto
2019-2023,6,KESK,KOK,0.3080124735838359,669,348,party_nostyle,ilmasto
2019-2023,6,KESK,PS,0.5288255810545444,669,714,party_nostyle,ilmasto
2019-2023,6,KOK,PS,0.5664300202839758,348,714,party_nostyle,ilmasto
2019-2023,7,VAS,SDP,0.20010513404590857,182,439,party_nostyle,ilmasto
2019-2023,7,VAS,VIHR,0.09803001876172601,182,492,party_nostyle,ilmasto
2019-2023,7,VAS,KESK,0.5636043956043957,182,625,party_nostyle,ilmasto
2019-2023,7,VAS,KOK,0.4863667582417581,182,320,party_nostyle,ilmasto
2019-2023,7,VAS,PS,0.715968890264665,182,568,party_nostyle,ilmasto
2019-2023,7,SDP,VIHR,0.34132451802877917,439,492,party_nostyle,ilmasto
2019-2023,7,SDP,KESK,0.3182323462414578,439,625,party_nostyle,ilmasto
2019-2023,7,SDP,KOK,0.41113325740318896,439,320,party_nostyle,ilmasto
2019-2023,7,SDP,PS,0.8815569957329397,439,568,party_nostyle,ilmasto
2019-2023,7,VIHR,KESK,0.6136325203252031,492,625,party_nostyle,ilmasto
2019-2023,7,VIHR,KOK,0.5454522357723579,492,320,party_nostyle,ilmasto
2019-2023,7,VIHR,PS,0.8509532806595672,492,568,party_nostyle,ilmasto
2019-2023,7,KESK,KOK,0.16923,625,320,party_nostyle,ilmasto
2019-2023,7,KESK,PS,0.5567774647887325,625,568,party_nostyle,ilmasto
2019-2023,7,KOK,PS,0.541098151408451,320,568,party_nostyle,ilmasto
2023-2027,0,VAS,SDP,0.4160386473429951,207,250,party_nostyle,ilmasto
2023-2027,0,VAS,VIHR,0.0522044241037376,207,475,party_nostyle,ilmasto
2023-2027,0,VAS,KESK,0.7965092722455975,207,310,party_nostyle,ilmasto
2023-2027,0,VAS,KOK,0.719806763285024,207,306,party_nostyle,ilmasto
2023-2027,0,VAS,PS,0.6521993389270277,207,380,party_nostyle,ilmasto
2023-2027,0,SDP,VIHR,0.4225010526315791,250,475,party_nostyle,ilmasto
2023-2027,0,SDP,KESK,0.40281290322580676,250,310,party_nostyle,ilmasto
2023-2027,0,SDP,KOK,0.29751633986928105,250,306,party_nostyle,ilmasto
2023-2027,0,SDP,PS,0.5584842105263159,250,380,party_nostyle,ilmasto
2023-2027,0,VIHR,KESK,0.859246179966044,475,310,party_nostyle,ilmasto
2023-2027,0,VIHR,KOK,0.6670244238046095,475,306,party_nostyle,ilmasto
2023-2027,0,VIHR,PS,0.8061828254847647,475,380,party_nostyle,ilmasto
2023-2027,0,KESK,KOK,0.6509382247522666,310,306,party_nostyle,ilmasto
2023-2027,0,KESK,PS,0.44202037351443146,310,380,party_nostyle,ilmasto
2023-2027,0,KOK,PS,0.25877192982456143,306,380,party_nostyle,ilmasto
2023-2027,1,VAS,SDP,0.29768142125865693,205,243,party_nostyle,ilmasto
2023-2027,1,VAS,VIHR,0.2609710337253466,205,533,party_nostyle,ilmasto
2023-2027,1,VAS,KESK,0.7662222768323401,205,397,party_nostyle,ilmasto
2023-2027,1,VAS,KOK,0.7212590639419909,205,296,party_nostyle,ilmasto
2023-2027,1,VAS,PS,0.6641814889764617,205,458,party_nostyle,ilmasto
2023-2027,1,SDP,VIHR,0.5715532084095769,243,533,party_nostyle,ilmasto
2023-2027,1,SDP,KESK,0.42121466554715914,243,397,party_nostyle,ilmasto
2023-2027,1,SDP,KOK,0.30366477588699814,243,296,party_nostyle,ilmasto
2023-2027,1,SDP,PS,0.5712976440778479,243,458,party_nostyle,ilmasto
2023-2027,1,VIHR,KESK,0.8519194143694973,533,397,party_nostyle,ilmasto
2023-2027,1,VIHR,KOK,0.7097256731403074,533,296,party_nostyle,ilmasto
2023-2027,1,VIHR,PS,0.8380838460719173,533,458,party_nostyle,ilmasto
2023-2027,1,KESK,KOK,0.5827489958472327,397,296,party_nostyle,ilmasto
2023-2027,1,KESK,PS,0.5043943110446252,397,458,party_nostyle,ilmasto
2023-2027,1,KOK,PS,0.4093738935441993,296,458,party_nostyle,ilmasto
2023-2027,2,VAS,SDP,0.2768020863045515,194,253,party_nostyle,ilmasto
2023-2027,2,VAS,VIHR,-0.10231896358053971,194,413,party_nostyle,ilmasto
2023-2027,2,VAS,KESK,0.7532848190822721,194,408,party_nostyle,ilmasto
2023-2027,2,VAS,KOK,0.7403043691703486,194,252,party_nostyle,ilmasto
2023-2027,2,VAS,PS,0.6264402668283808,194,425,party_nostyle,ilmasto
2023-2027,2,SDP,VIHR,0.3791882399104214,253,413,party_nostyle,ilmasto
2023-2027,2,SDP,KESK,0.3916918546074557,253,408,party_nostyle,ilmasto
2023-2027,2,SDP,KOK,0.38797917058786613,253,252,party_nostyle,ilmasto
2023-2027,2,SDP,PS,0.6445663799116486,253,425,party_nostyle,ilmasto
2023-2027,2,VIHR,KESK,0.8252385700042728,413,408,party_nostyle,ilmasto
2023-2027,2,VIHR,KOK,0.7051001191437027,413,252,party_nostyle,ilmasto
2023-2027,2,VIHR,PS,0.790103973792907,413,425,party_nostyle,ilmasto
2023-2027,2,KESK,KOK,0.6644296607531901,408,252,party_nostyle,ilmasto
2023-2027,2,KESK,PS,0.47728950403690873,408,425,party_nostyle,ilmasto
2023-2027,2,KOK,PS,0.49389355742296903,252,425,party_nostyle,ilmasto
2023-2027,3,VAS,SDP,0.34007414897202537,207,258,party_nostyle,ilmasto
2023-2027,3,VAS,VIHR,0.12499696550384787,207,398,party_nostyle,ilmasto
2023-2027,3,VAS,KESK,0.7165233539219247,207,359,party_nostyle,ilmasto
2023-2027,3,VAS,KOK,0.6780748905672358,207,213,party_nostyle,ilmasto
2023-2027,3,VAS,PS,0.6541666666666666,207,480,party_nostyle,ilmasto
2023-2027,3,SDP,VIHR,0.4751665303260486,258,398,party_nostyle,ilmasto
2023-2027,3,SDP,KESK,0.18984690462309173,258,359,party_nostyle,ilmasto
2023-2027,3,SDP,KOK,0.3356261600611421,258,213,party_nostyle,ilmasto
2023-2027,3,SDP,PS,0.5130167958656331,258,480,party_nostyle,ilmasto
2023-2027,3,VIHR,KESK,0.8176257331224366,398,359,party_nostyle,ilmasto
2023-2027,3,VIHR,KOK,0.7607285252553853,398,213,party_nostyle,ilmasto
2023-2027,3,VIHR,PS,0.8195247068676716,398,480,party_nostyle,ilmasto
2023-2027,3,KESK,KOK,0.4845096577608643,359,213,party_nostyle,ilmasto
2023-2027,3,KESK,PS,0.35248375116063135,359,480,party_nostyle,ilmasto
2023-2027,3,KOK,PS,0.42429577464788726,213,480,party_nostyle,ilmasto
2023-2027,4,VAS,SDP,0.3260340632603407,177,274,party_nostyle,ilmasto
2023-2027,4,VAS,VIHR,0.17385903754457654,177,564,party_nostyle,ilmasto
2023-2027,4,VAS,KESK,0.8350413874655105,177,344,party_nostyle,ilmasto
2023-2027,4,VAS,KOK,0.6158568738229757,177,300,party_nostyle,ilmasto
2023-2027,4,VAS,PS,0.6314827264899803,177,479,party_nostyle,ilmasto
2023-2027,4,SDP,VIHR,0.5227260961847078,274,564,party_nostyle,ilmasto
2023-2027,4,SDP,KESK,0.5265871668647089,274,344,party_nostyle,ilmasto
2023-2027,4,SDP,KOK,0.3149878345498782,274,300,party_nostyle,ilmasto
2023-2027,4,SDP,PS,0.5881322097435353,274,479,party_nostyle,ilmasto
2023-2027,4,VIHR,KESK,0.910254824344384,564,344,party_nostyle,ilmasto
2023-2027,4,VIHR,KOK,0.6983569739952715,564,300,party_nostyle,ilmasto
2023-2027,4,VIHR,PS,0.8264188098728142,564,479,party_nostyle,ilmasto
2023-2027,4,KESK,KOK,0.6744961240310074,344,300,party_nostyle,ilmasto
2023-2027,4,KESK,PS,0.5758726999077539,344,479,party_nostyle,ilmasto
2023-2027,4,KOK,PS,0.3486430062630481,300,479,party_nostyle,ilmasto
2023-2027,5,VAS,SDP,0.2441142946979522,198,257,party_nostyle,ilmasto
2023-2027,5,VAS,VIHR,-0.02729358481570865,198,339,party_nostyle,ilmasto
2023-2027,5,VAS,KESK,0.7039627039627039,198,325,party_nostyle,ilmasto
2023-2027,5,VAS,KOK,0.6890201655544617,198,277,party_nostyle,ilmasto
2023-2027,5,VAS,PS,0.6630228009538355,198,377,party_nostyle,ilmasto
2023-2027,5,SDP,VIHR,0.33813114791731214,257,339,party_nostyle,ilmasto
2023-2027,5,SDP,KESK,0.36656090990721335,257,325,party_nostyle,ilmasto
2023-2027,5,SDP,KOK,0.3332115916784897,257,277,party_nostyle,ilmasto
2023-2027,5,SDP,PS,0.5174478010919712,257,377,party_nostyle,ilmasto
2023-2027,5,VIHR,KESK,0.7800045382346268,339,325,party_nostyle,ilmasto
2023-2027,5,VIHR,KOK,0.6599043694024687,339,277,party_nostyle,ilmasto
2023-2027,5,VIHR,PS,0.7852789058159824,339,377,party_nostyle,ilmasto
2023-2027,5,KESK,KOK,0.5827381282976949,325,277,party_nostyle,ilmasto
2023-2027,5,KESK,PS,0.517078147316874,325,377,party_nostyle,ilmasto
2023-2027,5,KOK,PS,0.308104070708328,277,377,party_nostyle,ilmasto
2023-2027,6,VAS,SDP,0.3323058684054536,210,241,party_nostyle,ilmasto
2023-2027,6,VAS,VIHR,0.08046115288220568,210,475,party_nostyle,ilmasto
2023-2027,6,VAS,KESK,0.6718095238095239,210,250,party_nostyle,ilmasto
2023-2027,6,VAS,KOK,0.762324455205811,210,295,party_nostyle,ilmasto
2023-2027,6,VAS,PS,0.6986167217529686,210,389,party_nostyle,ilmasto
2023-2027,6,SDP,VIHR,0.41527844507534395,241,475,party_nostyle,ilmasto
2023-2027,6,SDP,KESK,0.29175103734439833,241,250,party_nostyle,ilmasto
2023-2027,6,SDP,KOK,0.1270272171038751,241,295,party_nostyle,ilmasto
2023-2027,6,SDP,PS,0.5090934303299235,241,389,party_nostyle,ilmasto
2023-2027,6,VIHR,KESK,0.7586694736842106,475,250,party_nostyle,ilmasto
2023-2027,6,VIHR,KOK,0.7069330954504907,475,295,party_nostyle,ilmasto
2023-2027,6,VIHR,PS,0.8216858341225814,475,389,party_nostyle,ilmasto
2023-2027,6,KESK,KOK,0.6166237288135594,250,295,party_nostyle,ilmasto
2023-2027,6,KESK,PS,0.35872493573264785,250,389,party_nostyle,ilmasto
2023-2027,6,KOK,PS,0.3994858611825194,295,389,party_nostyle,ilmasto
2023-2027,7,VAS,SDP,0.30430492167262857,201,242,party_nostyle,ilmasto
2023-2027,7,VAS,VIHR,0.16045365589116023,201,422,party_nostyle,ilmasto
2023-2027,7,VAS,KESK,0.7895450284807846,201,345,party_nostyle,ilmasto
2023-2027,7,VAS,KOK,0.825376043757819,201,342,party_nostyle,ilmasto
2023-2027,7,VAS,PS,0.7745098039215688,201,408,party_nostyle,ilmasto
2023-2027,7,SDP,VIHR,0.2602914104422076,242,422,party_nostyle,ilmasto
2023-2027,7,SDP,KESK,0.2978560306623548,242,345,party_nostyle,ilmasto
2023-2027,7,SDP,KOK,0.2881446039340776,242,342,party_nostyle,ilmasto
2023-2027,7,SDP,PS,0.5353265273051371,242,408,party_nostyle,ilmasto
2023-2027,7,VIHR,KESK,0.7879387320557729,422,345,party_nostyle,ilmasto
2023-2027,7,VIHR,KOK,0.6870513566697154,422,342,party_nostyle,ilmasto
2023-2027,7,VIHR,PS,0.781618808660905,422,408,party_nostyle,ilmasto
2023-2027,7,KESK,KOK,0.58635477582846,345,342,party_nostyle,ilmasto
2023-2027,7,KESK,PS,0.37208013640238713,345,408,party_nostyle,ilmasto
2023-2027,7,KOK,PS,0.4336085311317508,342,408,party_nostyle,ilmasto
2019-2023,0,VAS,SDP,0.19309927360774837,272,826,party_nostyle,korona
2019-2023,0,VAS,VIHR,0.4119695865962485,272,323,party_nostyle,korona
2019-2023,0,VAS,KESK,0.39792680980126116,272,737,party_nostyle,korona
2019-2023,0,VAS,KOK,0.44766997708174183,272,693,party_nostyle,korona
2019-2023,0,VAS,PS,0.6068163751987281,272,888,party_nostyle,korona
2019-2023,0,SDP,VIHR,0.5751842217707779,826,323,party_nostyle,korona
2019-2023,0,SDP,KESK,0.19352062053807573,826,737,party_nostyle,korona
2019-2023,0,SDP,KOK,0.3817524955539484,826,693,party_nostyle,korona
2019-2023,0,SDP,PS,0.6850473354710642,826,888,party_nostyle,korona
2019-2023,0,VIHR,KESK,0.6432613179528759,323,737,party_nostyle,korona
2019-2023,0,VIHR,KOK,0.7154383284414245,323,693,party_nostyle,korona
2019-2023,0,VIHR,PS,0.8776671408250356,323,888,party_nostyle,korona
2019-2023,0,KESK,KOK,0.2147252717130601,737,693,party_nostyle,korona
2019-2023,0,KESK,PS,0.6349456647964111,737,888,party_nostyle,korona
2019-2023,0,KOK,PS,0.39969189969189967,693,888,party_nostyle,korona
2019-2023,1,VAS,SDP,0.2012865497076024,247,900,party_nostyle,korona
2019-2023,1,VAS,VIHR,0.3977586105732558,247,345,party_nostyle,korona
2019-2023,1,VAS,KESK,0.29737355610449545,247,749,party_nostyle,korona
2019-2023,1,VAS,KOK,0.4416612250228549,247,775,party_nostyle,korona
2019-2023,1,VAS,PS,0.6924079950395741,247,888,party_nostyle,korona
2019-2023,1,SDP,VIHR,0.5421964573268918,900,345,party_nostyle,korona
2019-2023,1,SDP,KESK,0.24225485832962468,900,749,party_nostyle,korona
2019-2023,1,SDP,KOK,0.4395125448028674,900,775,party_nostyle,korona
2019-2023,1,SDP,PS,0.7108083083083083,900,888,party_nostyle,korona
2019-2023,1,VIHR,KESK,0.5267506433699041,345,749,party_nostyle,korona
2019-2023,1,VIHR,KOK,0.7170490883590463,345,775,party_nostyle,korona
2019-2023,1,VIHR,PS,0.8642969056012535,345,888,party_nostyle,korona
2019-2023,1,KESK,KOK,0.4536302166329298,749,775,party_nostyle,korona
2019-2023,1,KESK,PS,0.6543198739460421,749,888,party_nostyle,korona
2019-2023,1,KOK,PS,0.40957861086893343,775,888,party_nostyle,korona
2019-2023,2,VAS,SDP,0.2102911972157211,289,859,party_nostyle,korona
2019-2023,2,VAS,VIHR,0.3737747249909622,289,335,party_nostyle,korona
2019-2023,2,VAS,KESK,0.41654655027138454,289,809,party_nostyle,korona
2019-2023,2,VAS,KOK,0.5964679032181233,289,799,party_nostyle,korona
2019-2023,2,VAS,PS,0.7260014982342242,289,776,party_nostyle,korona
2019-2023,2,SDP,VIHR,0.46432679443295743,859,335,party_nostyle,korona
2019-2023,2,SDP,KESK,0.2500550414357685,859,809,party_nostyle,korona
2019-2023,2,SDP,KOK,0.4410999779992746,859,799,party_nostyle,korona
2019-2023,2,SDP,PS,0.7290108973512719,859,776,party_nostyle,korona
2019-2023,2,VIHR,KESK,0.582790620445363,335,809,party_nostyle,korona
2019-2023,2,VIHR,KOK,0.7306932172678533,335,799,party_nostyle,korona
2019-2023,2,VIHR,PS,0.8600246191721803,335,776,party_nostyle,korona
2019-2023,2,KESK,KOK,0.4626812563912557,809,799,party_nostyle,korona
2019-2023,2,KESK,PS,0.7034202846839042,809,776,party_nostyle,korona
2019-2023,2,KOK,PS,0.4859005457853245,799,776,party_nostyle,korona
2019-2023,3,VAS,SDP,0.5236491228070175,266,750,party_nostyle,korona
2019-2023,3,VAS,VIHR,0.502492418892535,266,362,party_nostyle,korona
2019-2023,3,VAS,KESK,0.5283509525693935,266,798,party_nostyle,korona
2019-2023,3,VAS,KOK,0.5385063536033068,266,684,party_nostyle,korona
2019-2023,3,VAS,PS,0.8192257988721803,266,768,party_nostyle,korona
2019-2023,3,SDP,VIHR,0.6398453038674032,750,362,party_nostyle,korona
2019-2023,3,SDP,KESK,0.31589974937343346,750,798,party_nostyle,korona
2019-2023,3,SDP,KOK,0.47187134502923955,750,684,party_nostyle,korona
2019-2023,3,SDP,PS,0.7367083333333335,750,768,party_nostyle,korona
2019-2023,3,VIHR,KESK,0.5914163862695412,362,798,party_nostyle,korona
2019-2023,3,VIHR,KOK,0.70746502536267,362,684,party_nostyle,korona
2019-2023,3,VIHR,PS,0.8939485497237569,362,768,party_nostyle,korona
2019-2023,3,KESK,KOK,0.2824861862257986,798,684,party_nostyle,korona
2019-2023,3,KESK,PS,0.7322277046783625,798,768,party_nostyle,korona
2019-2023,3,KOK,PS,0.4410788255360625,684,768,party_nostyle,korona
2019-2023,4,VAS,SDP,0.34767512077294693,272,828,party_nostyle,korona
2019-2023,4,VAS,VIHR,0.44750298596595983,272,394,party_nostyle,korona
2019-2023,4,VAS,KESK,0.45907325194228643,272,636,party_nostyle,korona
2019-2023,4,VAS,KOK,0.529756280022049,272,747,party_nostyle,korona
2019-2023,4,VAS,PS,0.7245051290270879,272,734,party_nostyle,korona
2019-2023,4,SDP,VIHR,0.5432085141862233,828,394,party_nostyle,korona
2019-2023,4,SDP,KESK,0.29212621152735996,828,636,party_nostyle,korona
2019-2023,4,SDP,KOK,0.5213996080942127,828,747,party_nostyle,korona
2019-2023,4,SDP,PS,0.7605075754584107,828,734,party_nostyle,korona
2019-2023,4,VIHR,KESK,0.6330891038533986,394,636,party_nostyle,korona
2019-2023,4,VIHR,KOK,0.7517243253895447,394,747,party_nostyle,korona
2019-2023,4,VIHR,PS,0.8569413131578585,394,734,party_nostyle,korona
2019-2023,4,KESK,KOK,0.3848938731866669,636,747,party_nostyle,korona
2019-2023,4,KESK,PS,0.7244914571658696,636,734,party_nostyle,korona
2019-2023,4,KOK,PS,0.49122922206537334,747,734,party_nostyle,korona
2019-2023,5,VAS,SDP,0.11591917839285504,221,838,party_nostyle,korona
2019-2023,5,VAS,VIHR,0.4701947668699584,221,276,party_nostyle,korona
2019-2023,5,VAS,KESK,0.2824485466010962,221,691,party_nostyle,korona
2019-2023,5,VAS,KOK,0.33430603010434945,221,735,party_nostyle,korona
2019-2023,5,VAS,PS,0.6388754064308715,221,867,party_nostyle,korona
2019-2023,5,SDP,VIHR,0.5121147660060186,838,276,party_nostyle,korona
2019-2023,5,SDP,KESK,0.08472381005011576,838,691,party_nostyle,korona
2019-2023,5,SDP,KOK,0.4369067913561606,838,735,party_nostyle,korona
2019-2023,5,SDP,PS,0.7384473935580129,838,867,party_nostyle,korona
2019-2023,5,VIHR,KESK,0.6360557058663143,276,691,party_nostyle,korona
2019-2023,5,VIHR,KOK,0.7454697821157448,276,735,party_nostyle,korona
2019-2023,5,VIHR,PS,0.8857630008525148,276,867,party_nostyle,korona
2019-2023,5,KESK,KOK,0.4254998670958976,691,735,party_nostyle,korona
2019-2023,5,KESK,PS,0.7308415832494575,691,867,party_nostyle,korona
2019-2023,5,KOK,PS,0.3458246043515447,735,867,party_nostyle,korona
2019-2023,6,VAS,SDP,0.4091680384956311,265,894,party_nostyle,korona
2019-2023,6,VAS,VIHR,0.4312233718807059,265,372,party_nostyle,korona
2019-2023,6,VAS,KESK,0.5315601110888426,265,659,party_nostyle,korona
2019-2023,6,VAS,KOK,0.5493706756086618,265,799,party_nostyle,korona
2019-2023,6,VAS,PS,0.687871960949967,265,804,party_nostyle,korona
2019-2023,6,SDP,VIHR,0.5716364773520002,894,372,party_nostyle,korona
2019-2023,6,SDP,KESK,0.27894613559287507,894,659,party_nostyle,korona
2019-2023,6,SDP,KOK,0.4486032596674254,894,799,party_nostyle,korona
2019-2023,6,SDP,PS,0.7177896869121951,894,804,party_nostyle,korona
2019-2023,6,VIHR,KESK,0.6482614583843229,372,659,party_nostyle,korona
2019-2023,6,VIHR,KOK,0.6690486764369441,372,799,party_nostyle,korona
2019-2023,6,VIHR,PS,0.8438051677098379,372,804,party_nostyle,korona
2019-2023,6,KESK,KOK,0.3409516068074472,659,799,party_nostyle,korona
2019-2023,6,KESK,PS,0.6538815784506906,659,804,party_nostyle,korona
2019-2023,6,KOK,PS,0.4521634630352618,799,804,party_nostyle,korona
2019-2023,7,VAS,SDP,0.3298562317587288,308,841,party_nostyle,korona
2019-2023,7,VAS,VIHR,0.3938887199756764,308,299,party_nostyle,korona
2019-2023,7,VAS,KESK,0.5070945583342277,308,605,party_nostyle,korona
2019-2023,7,VAS,KOK,0.4563575958924795,308,645,party_nostyle,korona
2019-2023,7,VAS,PS,0.6794077922077921,308,625,party_nostyle,korona
2019-2023,7,SDP,VIHR,0.5333553382459963,841,299,party_nostyle,korona
2019-2023,7,SDP,KESK,0.26725955916313726,841,605,party_nostyle,korona
2019-2023,7,SDP,KOK,0.3193964365050834,841,645,party_nostyle,korona
2019-2023,7,SDP,PS,0.7553008323424495,841,625,party_nostyle,korona
2019-2023,7,VIHR,KESK,0.6186074794770446,299,605,party_nostyle,korona
2019-2023,7,VIHR,KOK,0.5961836612999405,299,645,party_nostyle,korona
2019-2023,7,VIHR,PS,0.8530033444816054,299,625,party_nostyle,korona
2019-2023,7,KESK,KOK,0.2105990133897111,605,645,party_nostyle,korona
2019-2023,7,KESK,PS,0.663529256198347,605,625,party_nostyle,korona
2019-2023,7,KOK,PS,0.34449612403100804,645,625,party_nostyle,korona
2015-2019,0,VAS,SDP,0.09295823868600372,59,194,party_nostyle,turvallisuus
2015-2019,0,VAS,KESK,0.3962987362999342,59,283,party_nostyle,turvallisuus
2015-2019,0,VAS,KOK,0.49636803874092017,59,273,party_nostyle,turvallisuus
2015-2019,0,VAS,PS,0.5402264821256755,59,229,party_nostyle,turvallisuus
2015-2019,0,SDP,KESK,0.360132599905286,194,283,party_nostyle,turvallisuus
2015-2019,0,SDP,KOK,0.22865450700502254,194,273,party_nostyle,turvallisuus
2015-2019,0,SDP,PS,0.5007878269481836,194,229,party_nostyle,turvallisuus
2015-2019,0,KESK,KOK,0.20234535782238972,283,273,party_nostyle,turvallisuus
2015-2019,0,KESK,PS,0.3222028484577284,283,229,party_nostyle,turvallisuus
2015-2019,0,KOK,PS,0.21883647647839766,273,229,party_nostyle,turvallisuus
2015-2019,1,VAS,SDP,0.2640692640692641,84,99,party_nostyle,turvallisuus
2015-2019,1,VAS,VIHR,-0.12460317460317438,84,30,party_nostyle,turvallisuus
2015-2019,1,VAS,KESK,0.5237172388335181,84,258,party_nostyle,turvallisuus
2015-2019,1,VAS,KOK,0.23607094659726235,84,247,party_nostyle,turvallisuus
2015-2019,1,VAS,PS,0.5861615364377795,84,181,party_nostyle,turvallisuus
2015-2019,1,SDP,VIHR,0.20538720538720523,99,30,party_nostyle,turvallisuus
2015-2019,1,SDP,KESK,0.17257849815989368,99,258,party_nostyle,turvallisuus
2015-2019,1,SDP,KOK,0.10726700200384398,99,247,party_nostyle,turvallisuus
2015-2019,1,SDP,PS,0.35409342039176295,99,181,party_nostyle,turvallisuus
2015-2019,1,VIHR,KESK,0.5354005167958655,30,258,party_nostyle,turvallisuus
2015-2019,1,VIHR,KOK,0.30688259109311744,30,247,party_nostyle,turvallisuus
2015-2019,1,VIHR,PS,0.3178637200736649,30,181,party_nostyle,turvallisuus
2015-2019,1,KESK,KOK,0.03540156294134267,258,247,party_nostyle,turvallisuus
2015-2019,1,KESK,PS,0.24420746070495536,258,181,party_nostyle,turvallisuus
2015-2019,1,KOK,PS,0.14268459077996742,247,181,party_nostyle,turvallisuus
2015-2019,2,VAS,SDP,0.31240981240981247,84,198,party_nostyle,turvallisuus
2015-2019,2,VAS,VIHR,0.1878306878306879,84,45,party_nostyle,turvallisuus
2015-2019,2,VAS,KESK,0.5081027175268014,84,191,party_nostyle,turvallisuus
2015-2019,2,VAS,KOK,0.28199404761904767,84,224,party_nostyle,turvallisuus
2015-2019,2,VAS,PS,0.2684684684684684,84,185,party_nostyle,turvallisuus
2015-2019,2,SDP,VIHR,0.42985409652076334,198,45,party_nostyle,turvallisuus
2015-2019,2,SDP,KESK,0.2749484372521023,198,191,party_nostyle,turvallisuus
2015-2019,2,SDP,KOK,0.214556277056277,198,224,party_nostyle,turvallisuus
2015-2019,2,SDP,PS,0.3062517062517063,198,185,party_nostyle,turvallisuus
2015-2019,2,VIHR,KESK,0.36637579988365343,45,191,party_nostyle,turvallisuus
2015-2019,2,VIHR,KOK,0.366468253968254,45,224,party_nostyle,turvallisuus
2015-2019,2,VIHR,PS,0.4099699699699697,45,185,party_nostyle,turvallisuus
2015-2019,2,KESK,KOK,-0.019820493642483172,191,224,party_nostyle,turvallisuus
2015-2019,2,KESK,PS,0.2459034951181549,191,185,party_nostyle,turvallisuus
2015-2019,2,KOK,PS,0.2654440154440154,224,185,party_nostyle,turvallisuus
2015-2019,3,VAS,SDP,0.20379818594104315,84,168,party_nostyle,turvallisuus
2015-2019,3,VAS,VIHR,0.10405643738977077,84,54,party_nostyle,turvallisuus
2015-2019,3,VAS,KESK,0.6048534798534799,84,260,party_nostyle,turvallisuus
2015-2019,3,VAS,KOK,0.35292517006802737,84,175,party_nostyle,turvallisuus
2015-2019,3,VAS,PS,0.5236143637782984,84,244,party_nostyle,turvallisuus
2015-2019,3,SDP,VIHR,0.2585978835978837,168,54,party_nostyle,turvallisuus
2015-2019,3,SDP,KESK,0.2280219780219781,168,260,party_nostyle,turvallisuus
2015-2019,3,SDP,KOK,0.14414965986394557,168,175,party_nostyle,turvallisuus
2015-2019,3,SDP,PS,0.3122560499609681,168,244,party_nostyle,turvallisuus
2015-2019,3,VIHR,KESK,0.47948717948717956,54,260,party_nostyle,turvallisuus
2015-2019,3,VIHR,KOK,0.41587301587301595,54,175,party_nostyle,turvallisuus
2015-2019,3,VIHR,PS,0.4817850637522769,54,244,party_nostyle,turvallisuus
2015-2019,3,KESK,KOK,0.23529670329670327,260,175,party_nostyle,turvallisuus
2015-2019,3,KESK,PS,0.3816834804539724,260,244,party_nostyle,turvallisuus
2015-2019,3,KOK,PS,0.2758782201405152,175,244,party_nostyle,turvallisuus
2015-2019,4,VAS,SDP,0.31805555555555576,81,160,party_nostyle,turvallisuus
2015-2019,4,VAS,VIHR,0.35169357391579603,81,39,party_nostyle,turvallisuus
2015-2019,4,VAS,KESK,0.553855788155305,81,276,party_nostyle,turvallisuus
2015-2019,4,VAS,KOK,0.4105226722049151,81,214,party_nostyle,turvallisuus
2015-2019,4,VAS,PS,0.2685315413866751,81,237,party_nostyle,turvallisuus
2015-2019,4,SDP,VIHR,0.4753205128205127,160,39,party_nostyle,turvallisuus
2015-2019,4,SDP,KESK,0.4101449275362319,160,276,party_nostyle,turvallisuus
2015-2019,4,SDP,KOK,0.32307242990654217,160,214,party_nostyle,turvallisuus
2015-2019,4,SDP,PS,0.3405590717299578,160,237,party_nostyle,turvallisuus
2015-2019,4,VIHR,KESK,0.5104050538833147,39,276,party_nostyle,turvallisuus
2015-2019,4,VIHR,KOK,0.37455068296189786,39,214,party_nostyle,turvallisuus
2015-2019,4,VIHR,PS,0.47462944931299345,39,237,party_nostyle,turvallisuus
2015-2019,4,KESK,KOK,0.11015169985100903,276,214,party_nostyle,turvallisuus
2015-2019,4,KESK,PS,0.2967651195499297,276,237,party_nostyle,turvallisuus
2015-2019,4,KOK,PS,0.11901100201112014,214,237,party_nostyle,turvallisuus
2015-2019,5,VAS,SDP,-0.018909899888765236,62,87,party_nostyle,turvallisuus
2015-2019,5,VAS,VIHR,0.27658303464755063,62,54,party_nostyle,turvallisuus
2015-2019,5,VAS,KESK,0.5448187268055953,62,226,party_nostyle,turvallisuus
2015-2019,5,VAS,KOK,0.23660147320294622,62,254,party_nostyle,turvallisuus
2015-2019,5,VAS,PS,0.17029569892473106,62,240,party_nostyle,turvallisuus
2015-2019,5,SDP,VIHR,0.2481907194550872,87,54,party_nostyle,turvallisuus
2015-2019,5,SDP,KESK,0.3308920760858509,87,226,party_nostyle,turvallisuus
2015-2019,5,SDP,KOK,0.09448818897637801,87,254,party_nostyle,turvallisuus
2015-2019,5,SDP,PS,0.20488505747126462,87,240,party_nostyle,turvallisuus
2015-2019,5,VIHR,KESK,0.5257292690921009,54,226,party_nostyle,turvallisuus
2015-2019,5,VIHR,KOK,0.30796150481189843,54,254,party_nostyle,turvallisuus
2015-2019,5,VIHR,PS,0.351388888888889,54,240,party_nostyle,turvallisuus
2015-2019,5,KESK,KOK,0.1950735140408335,226,254,party_nostyle,turvallisuus
2015-2019,5,KESK,PS,0.2615412979351035,226,240,party_nostyle,turvallisuus
2015-2019,5,KOK,PS,-0.04570209973753292,254,240,party_nostyle,turvallisuus
2015-2019,6,VAS,SDP,0.2030002752546105,84,173,party_nostyle,turvallisuus
2015-2019,6,VAS,VIHR,0.1593780369290574,84,49,party_nostyle,turvallisuus
2015-2019,6,VAS,KESK,0.5780669144981414,84,269,party_nostyle,turvallisuus
2015-2019,6,VAS,KOK,0.4855889724310778,84,266,party_nostyle,turvallisuus
2015-2019,6,VAS,PS,0.42588325652841785,84,186,party_nostyle,turvallisuus
2015-2019,6,SDP,VIHR,0.29173056505839345,173,49,party_nostyle,turvallisuus
2015-2019,6,SDP,KESK,0.3956636654704859,173,269,party_nostyle,turvallisuus
2015-2019,6,SDP,KOK,0.26932939284627766,173,266,party_nostyle,turvallisuus
2015-2019,6,SDP,PS,0.34178631363043066,173,186,party_nostyle,turvallisuus
2015-2019,6,VIHR,KESK,0.41051513542219853,49,269,party_nostyle,turvallisuus
2015-2019,6,VIHR,KOK,0.18336657971459247,49,266,party_nostyle,turvallisuus
2015-2019,6,VIHR,PS,0.09545753785385136,49,186,party_nostyle,turvallisuus
2015-2019,6,KESK,KOK,0.14682617323979086,269,266,party_nostyle,turvallisuus
2015-2019,6,KESK,PS,0.31386657073190216,269,186,party_nostyle,turvallisuus
2015-2019,6,KOK,PS,0.17758104939768793,266,186,party_nostyle,turvallisuus
2015-2019,7,VAS,SDP,0.15828571428571414,70,200,party_nostyle,turvallisuus
2015-2019,7,VAS,VIHR,0.2885714285714287,70,40,party_nostyle,turvallisuus
2015-2019,7,VAS,KESK,0.5655529953917051,70,248,party_nostyle,turvallisuus
2015-2019,7,VAS,KOK,0.42775510204081635,70,245,party_nostyle,turvallisuus
2015-2019,7,VAS,PS,0.4520274485339988,70,229,party_nostyle,turvallisuus
2015-2019,7,SDP,VIHR,0.39025,200,40,party_nostyle,turvallisuus
2015-2019,7,SDP,KESK,0.4173790322580644,200,248,party_nostyle,turvallisuus
2015-2019,7,SDP,KOK,0.2836326530612243,200,245,party_nostyle,turvallisuus
2015-2019,7,SDP,PS,0.41235807860261997,200,229,party_nostyle,turvallisuus
2015-2019,7,VIHR,KESK,0.45786290322580636,40,248,party_nostyle,turvallisuus
2015-2019,7,VIHR,KOK,0.3500000000000001,40,245,party_nostyle,turvallisuus
2015-2019,7,VIHR,PS,0.43930131004366824,40,229,party_nostyle,turvallisuus
2015-2019,7,KESK,KOK,0.19799210006583268,248,245,party_nostyle,turvallisuus
2015-2019,7,KESK,PS,0.34867586984082255,248,229,party_nostyle,turvallisuus
2015-2019,7,KOK,PS,0.24488013546029763,245,229,party_nostyle,turvallisuus
2019-2023,0,VAS,SDP,0.33548804137039423,147,221,party_nostyle,turvallisuus
2019-2023,0,VAS,VIHR,0.5142094220865916,147,214,party_nostyle,turvallisuus
2019-2023,0,VAS,KESK,0.41882467272623325,147,476,party_nostyle,turvallisuus
2019-2023,0,VAS,KOK,0.16982140288139425,147,331,party_nostyle,turvallisuus
2019-2023,0,VAS,PS,0.19512054113430066,147,353,party_nostyle,turvallisuus
2019-2023,0,SDP,VIHR,0.2835031927940119,221,214,party_nostyle,turvallisuus
2019-2023,0,SDP,KESK,0.15420738431119063,221,476,party_nostyle,turvallisuus
2019-2023,0,SDP,KOK,0.20706483848477797,221,331,party_nostyle,turvallisuus
2019-2023,0,SDP,PS,0.5604322356530322,221,353,party_nostyle,turvallisuus
2019-2023,0,VIHR,KESK,0.48270242676509856,214,476,party_nostyle,turvallisuus
2019-2023,0,VIHR,KOK,0.3633001101166109,214,331,party_nostyle,turvallisuus
2019-2023,0,VIHR,PS,0.6128776045113977,214,353,party_nostyle,turvallisuus
2019-2023,0,KESK,KOK,0.17092335423595428,476,331,party_nostyle,turvallisuus
2019-2023,0,KESK,PS,0.5307567786321328,476,353,party_nostyle,turvallisuus
2019-2023,0,KOK,PS,0.3100485266554265,331,353,party_nostyle,turvallisuus
2019-2023,1,VAS,SDP,0.1250222380359367,146,308,party_nostyle,turvallisuus
2019-2023,1,VAS,VIHR,0.019691780821917693,146,208,party_nostyle,turvallisuus
2019-2023,1,VAS,KESK,0.2805404391067743,146,438,party_nostyle,turvallisuus
2019-2023,1,VAS,KOK,0.0888412485011445,146,377,party_nostyle,turvallisuus
2019-2023,1,VAS,PS,0.17256468797564684,146,360,party_nostyle,turvallisuus
2019-2023,1,SDP,VIHR,0.07823426573426584,308,208,party_nostyle,turvallisuus
2019-2023,1,SDP,KESK,0.2616230801162309,308,438,party_nostyle,turvallisuus
2019-2023,1,SDP,KOK,0.26773226773226777,308,377,party_nostyle,turvallisuus
2019-2023,1,SDP,PS,0.55755772005772,308,360,party_nostyle,turvallisuus
2019-2023,1,VIHR,KESK,0.24809009483667022,208,438,party_nostyle,turvallisuus
2019-2023,1,VIHR,KOK,0.29274637829014516,208,377,party_nostyle,turvallisuus
2019-2023,1,VIHR,PS,0.5284455128205128,208,360,party_nostyle,turvallisuus
2019-2023,1,KESK,KOK,0.3030655378317162,438,377,party_nostyle,turvallisuus
2019-2023,1,KESK,PS,0.4951293759512936,438,360,party_nostyle,turvallisuus
2019-2023,1,KOK,PS,0.25906277630415553,377,360,party_nostyle,turvallisuus
2019-2023,2,VAS,SDP,0.09100182540534729,139,268,party_nostyle,turvallisuus
2019-2023,2,VAS,VIHR,0.15385123094185205,139,218,party_nostyle,turvallisuus
2019-2023,2,VAS,KESK,0.40278701408621,139,476,party_nostyle,turvallisuus
2019-2023,2,VAS,KOK,0.1661758675960785,139,386,party_nostyle,turvallisuus
2019-2023,2,VAS,PS,0.1318944844124701,139,306,party_nostyle,turvallisuus
2019-2023,2,SDP,VIHR,0.058332192249760384,268,218,party_nostyle,turvallisuus
2019-2023,2,SDP,KESK,0.28234353442869664,268,476,party_nostyle,turvallisuus
2019-2023,2,SDP,KOK,0.20435387827700868,268,386,party_nostyle,turvallisuus
2019-2023,2,SDP,PS,0.5291922739244952,268,306,party_nostyle,turvallisuus
2019-2023,2,VIHR,KESK,0.3046218487394958,218,476,party_nostyle,turvallisuus
2019-2023,2,VIHR,KOK,0.18084802966202407,218,386,party_nostyle,turvallisuus
2019-2023,2,VIHR,PS,0.5690172093302155,218,306,party_nostyle,turvallisuus
2019-2023,2,KESK,KOK,0.27193364392389063,476,386,party_nostyle,turvallisuus
2019-2023,2,KESK,PS,0.5604300543746912,476,306,party_nostyle,turvallisuus
2019-2023,2,KOK,PS,0.15444139659317946,386,306,party_nostyle,turvallisuus
2019-2023,3,VAS,SDP,0.4565102793885081,126,271,party_nostyle,turvallisuus
2019-2023,3,VAS,VIHR,0.5549613784907899,126,187,party_nostyle,turvallisuus
2019-2023,3,VAS,KESK,0.5742714996446339,126,469,party_nostyle,turvallisuus
2019-2023,3,VAS,KOK,0.3689416419386746,126,337,party_nostyle,turvallisuus
2019-2023,3,VAS,PS,0.4700366300366303,126,325,party_nostyle,turvallisuus
2019-2023,3,SDP,VIHR,0.2563095684432779,271,187,party_nostyle,turvallisuus
2019-2023,3,SDP,KESK,0.3247625866450563,271,469,party_nostyle,turvallisuus
2019-2023,3,SDP,KOK,0.2925421835820732,271,337,party_nostyle,turvallisuus
2019-2023,3,SDP,PS,0.6211410729491911,271,325,party_nostyle,turvallisuus
2019-2023,3,VIHR,KESK,0.43427248782823846,187,469,party_nostyle,turvallisuus
2019-2023,3,VIHR,KOK,0.3303606848728162,187,337,party_nostyle,turvallisuus
2019-2023,3,VIHR,PS,0.6686137392019744,187,325,party_nostyle,turvallisuus
2019-2023,3,KESK,KOK,0.28445521439010957,469,337,party_nostyle,turvallisuus
2019-2023,3,KESK,PS,0.6021256355584714,469,325,party_nostyle,turvallisuus
2019-2023,3,KOK,PS,0.2664323213878108,337,325,party_nostyle,turvallisuus
2019-2023,4,VAS,SDP,0.2590130023640662,94,288,party_nostyle,turvallisuus
2019-2023,4,VAS,VIHR,0.3034946532907066,94,193,party_nostyle,turvallisuus
2019-2023,4,VAS,KESK,0.2776792750197006,94,432,party_nostyle,turvallisuus
2019-2023,4,VAS,KOK,0.23222695035460994,94,375,party_nostyle,turvallisuus
2019-2023,4,VAS,PS,0.21037660712253947,94,374,party_nostyle,turvallisuus
2019-2023,4,SDP,VIHR,0.1831462291306849,288,193,party_nostyle,turvallisuus
2019-2023,4,SDP,KESK,0.16571823559670773,288,432,party_nostyle,turvallisuus
2019-2023,4,SDP,KOK,0.30887037037037035,288,375,party_nostyle,turvallisuus
2019-2023,4,SDP,PS,0.5580622400475344,288,374,party_nostyle,turvallisuus
2019-2023,4,VIHR,KESK,0.25741220495106476,193,432,party_nostyle,turvallisuus
2019-2023,4,VIHR,KOK,0.472,193,375,party_nostyle,turvallisuus
2019-2023,4,VIHR,PS,0.6262503117120612,193,374,party_nostyle,turvallisuus
2019-2023,4,KESK,KOK,0.19797530864197532,432,375,party_nostyle,turvallisuus
2019-2023,4,KESK,PS,0.4753045157456921,432,374,party_nostyle,turvallisuus
2019-2023,4,KOK,PS,0.2766916221033868,375,374,party_nostyle,turvallisuus
2019-2023,5,VAS,SDP,-0.03391812865497068,117,285,party_nostyle,turvallisuus
2019-2023,5,VAS,VIHR,0.42682445759368837,117,130,party_nostyle,turvallisuus
2019-2023,5,VAS,KESK,0.1717480971212315,117,402,party_nostyle,turvallisuus
2019-2023,5,VAS,KOK,0.11800958685231677,117,337,party_nostyle,turvallisuus
2019-2023,5,VAS,PS,0.0012479103388192136,117,363,party_nostyle,turvallisuus
2019-2023,5,SDP,VIHR,0.4287179487179489,285,130,party_nostyle,turvallisuus
2019-2023,5,SDP,KESK,0.32560006982630685,285,402,party_nostyle,turvallisuus
2019-2023,5,SDP,KOK,0.2987662033421834,285,337,party_nostyle,turvallisuus
2019-2023,5,SDP,PS,0.5895993427093904,285,363,party_nostyle,turvallisuus
2019-2023,5,VIHR,KESK,0.5439724454649828,130,402,party_nostyle,turvallisuus
2019-2023,5,VIHR,KOK,0.4820817165030813,130,337,party_nostyle,turvallisuus
2019-2023,5,VIHR,PS,0.7382496291587199,130,363,party_nostyle,turvallisuus
2019-2023,5,KESK,KOK,0.41046990566455555,402,337,party_nostyle,turvallisuus
2019-2023,5,KESK,PS,0.5652042816221923,402,363,party_nostyle,turvallisuus
2019-2023,5,KOK,PS,0.25757167030433825,337,363,party_nostyle,turvallisuus
2019-2023,6,VAS,SDP,0.23275221019581904,91,266,party_nostyle,turvallisuus
2019-2023,6,VAS,VIHR,-0.03967394108239175,91,213,party_nostyle,turvallisuus
2019-2023,6,VAS,KESK,0.4276377217553686,91,306,party_nostyle,turvallisuus
2019-2023,6,VAS,KOK,0.12726589649666575,91,351,party_nostyle,turvallisuus
2019-2023,6,VAS,PS,0.19575243409440302,91,386,party_nostyle,turvallisuus
2019-2023,6,SDP,VIHR,0.19714779907515267,266,213,party_nostyle,turvallisuus
2019-2023,6,SDP,KESK,0.2777286353137747,266,306,party_nostyle,turvallisuus
2019-2023,6,SDP,KOK,0.29723882355461306,266,351,party_nostyle,turvallisuus
2019-2023,6,SDP,PS,0.51003155557287,266,386,party_nostyle,turvallisuus
2019-2023,6,VIHR,KESK,0.2874282733437661,213,306,party_nostyle,turvallisuus
2019-2023,6,VIHR,KOK,0.15498307986570903,213,351,party_nostyle,turvallisuus
2019-2023,6,VIHR,PS,0.44153348415188876,213,386,party_nostyle,turvallisuus
2019-2023,6,KESK,KOK,0.25264882781222653,306,351,party_nostyle,turvallisuus
2019-2023,6,KESK,PS,0.4548748687730706,306,386,party_nostyle,turvallisuus
2019-2023,6,KOK,PS,0.17006923224539827,351,386,party_nostyle,turvallisuus
2019-2023,7,VAS,SDP,0.0856079404466501,124,273,party_nostyle,turvallisuus
2019-2023,7,VAS,VIHR,0.3148419680677743,124,198,party_nostyle,turvallisuus
2019-2023,7,VAS,KESK,0.3118936824670715,124,409,party_nostyle,turvallisuus
2019-2023,7,VAS,KOK,0.20415576867189777,124,333,party_nostyle,turvallisuus
2019-2023,7,VAS,PS,0.19818466762439613,124,247,party_nostyle,turvallisuus
2019-2023,7,SDP,VIHR,0.07684907684907683,273,198,party_nostyle,turvallisuus
2019-2023,7,SDP,KESK,0.06587137393983356,273,409,party_nostyle,turvallisuus
2019-2023,7,SDP,KOK,0.11333311333311324,273,333,party_nostyle,turvallisuus
2019-2023,7,SDP,PS,0.5445714878913259,273,247,party_nostyle,turvallisuus
2019-2023,7,VIHR,KESK,0.2302486972413622,198,409,party_nostyle,turvallisuus
2019-2023,7,VIHR,KOK,0.185215518548852,198,333,party_nostyle,turvallisuus
2019-2023,7,VIHR,PS,0.5312640575798468,198,247,party_nostyle,turvallisuus
2019-2023,7,KESK,KOK,0.1968398716564974,409,333,party_nostyle,turvallisuus
2019-2023,7,KESK,PS,0.3922968036981678,409,247,party_nostyle,turvallisuus
2019-2023,7,KOK,PS,0.09683772841667593,333,247,party_nostyle,turvallisuus
2023-2027,0,VAS,SDP,0.6357265302006656,94,422,party_nostyle,turvallisuus
2023-2027,0,VAS,VIHR,0.4318360914105597,94,108,party_nostyle,turvallisuus
2023-2027,0,VAS,KESK,0.7616630880343549,94,218,party_nostyle,turvallisuus
2023-2027,0,VAS,KOK,0.6538199439691073,94,562,party_nostyle,turvallisuus
2023-2027,0,VAS,PS,0.7927788523533206,94,495,party_nostyle,turvallisuus
2023-2027,0,SDP,VIHR,0.2254695453747586,422,108,party_nostyle,turvallisuus
2023-2027,0,SDP,KESK,0.1814644114961521,422,218,party_nostyle,turvallisuus
2023-2027,0,SDP,KOK,0.22411495842539342,422,562,party_nostyle,turvallisuus
2023-2027,0,SDP,PS,0.3029154100244147,422,495,party_nostyle,turvallisuus
2023-2027,0,VIHR,KESK,0.6139143730886851,108,218,party_nostyle,turvallisuus
2023-2027,0,VIHR,KOK,0.30351258732041675,108,562,party_nostyle,turvallisuus
2023-2027,0,VIHR,PS,0.6644968200523755,108,495,party_nostyle,turvallisuus
2023-2027,0,KESK,KOK,0.4267360997747234,218,562,party_nostyle,turvallisuus
2023-2027,0,KESK,PS,0.5115188583078492,218,495,party_nostyle,turvallisuus
2023-2027,0,KOK,PS,0.21554333369279988,562,495,party_nostyle,turvallisuus
2023-2027,1,VAS,SDP,0.33941299790356405,120,477,party_nostyle,turvallisuus
2023-2027,1,VAS,VIHR,0.30264550264550283,120,63,party_nostyle,turvallisuus
2023-2027,1,VAS,KESK,0.7225710014947684,120,223,party_nostyle,turvallisuus
2023-2027,1,VAS,KOK,0.5921626984126984,120,672,party_nostyle,turvallisuus
2023-2027,1,VAS,PS,0.7249006246450882,120,587,party_nostyle,turvallisuus
2023-2027,1,SDP,VIHR,0.36760839905494014,477,63,party_nostyle,turvallisuus
2023-2027,1,SDP,KESK,0.31263220238598866,477,223,party_nostyle,turvallisuus
2023-2027,1,SDP,KOK,0.2601764500349406,477,672,party_nostyle,turvallisuus
2023-2027,1,SDP,PS,0.44172657759491996,477,587,party_nostyle,turvallisuus
2023-2027,1,VIHR,KESK,0.7464588226920064,63,223,party_nostyle,turvallisuus
2023-2027,1,VIHR,KOK,0.5642951625094483,63,672,party_nostyle,turvallisuus
2023-2027,1,VIHR,PS,0.7622562937724777,63,587,party_nostyle,turvallisuus
2023-2027,1,KESK,KOK,0.3222426863121932,223,672,party_nostyle,turvallisuus
2023-2027,1,KESK,PS,0.491860260807786,223,587,party_nostyle,turvallisuus
2023-2027,1,KOK,PS,0.2986330818528433,672,587,party_nostyle,turvallisuus
2023-2027,2,VAS,SDP,0.3447511362376676,93,388,party_nostyle,turvallisuus
2023-2027,2,VAS,VIHR,0.14607425441265987,93,106,party_nostyle,turvallisuus
2023-2027,2,VAS,KESK,0.5183478409284863,93,189,party_nostyle,turvallisuus
2023-2027,2,VAS,KOK,0.45024331963749753,93,738,party_nostyle,turvallisuus
2023-2027,2,VAS,PS,0.5111662531017371,93,546,party_nostyle,turvallisuus
2023-2027,2,SDP,VIHR,0.17472281657265132,388,106,party_nostyle,turvallisuus
2023-2027,2,SDP,KESK,0.17081219658539237,388,189,party_nostyle,turvallisuus
2023-2027,2,SDP,KOK,0.15403151454194952,388,738,party_nostyle,turvallisuus
2023-2027,2,SDP,PS,0.35748272346210497,388,546,party_nostyle,turvallisuus
2023-2027,2,VIHR,KESK,0.6608765099331138,106,189,party_nostyle,turvallisuus
2023-2027,2,VIHR,KOK,0.4861686352712584,106,738,party_nostyle,turvallisuus
2023-2027,2,VIHR,PS,0.5872209551454837,106,546,party_nostyle,turvallisuus
2023-2027,2,KESK,KOK,0.3632440028103985,189,738,party_nostyle,turvallisuus
2023-2027,2,KESK,PS,0.49369149369149357,189,546,party_nostyle,turvallisuus
2023-2027,2,KOK,PS,0.1622839671620162,738,546,party_nostyle,turvallisuus
2023-2027,3,VAS,SDP,0.36158102766798406,115,385,party_nostyle,turvallisuus
2023-2027,3,VAS,VIHR,0.41068840579710164,115,96,party_nostyle,turvallisuus
2023-2027,3,VAS,KESK,0.7107551487414188,115,228,party_nostyle,turvallisuus
2023-2027,3,VAS,KOK,0.6920448072906777,115,687,party_nostyle,turvallisuus
2023-2027,3,VAS,PS,0.6645962732919253,115,574,party_nostyle,turvallisuus
2023-2027,3,SDP,VIHR,0.23409090909090935,385,96,party_nostyle,turvallisuus
2023-2027,3,SDP,KESK,0.15604921394395066,385,228,party_nostyle,turvallisuus
2023-2027,3,SDP,KOK,0.17091816480462763,385,687,party_nostyle,turvallisuus
2023-2027,3,SDP,PS,0.37179057875921995,385,574,party_nostyle,turvallisuus
2023-2027,3,VIHR,KESK,0.5163559941520466,96,228,party_nostyle,turvallisuus
2023-2027,3,VIHR,KOK,0.48529233381853487,96,687,party_nostyle,turvallisuus
2023-2027,3,VIHR,PS,0.6864837398373984,96,574,party_nostyle,turvallisuus
2023-2027,3,KESK,KOK,0.2795781301871856,228,687,party_nostyle,turvallisuus
2023-2027,3,KESK,PS,0.4286936854330947,228,574,party_nostyle,turvallisuus
2023-2027,3,KOK,PS,0.2831124568263772,687,574,party_nostyle,turvallisuus
2023-2027,4,VAS,SDP,0.4713594743406444,71,463,party_nostyle,turvallisuus
2023-2027,4,VAS,VIHR,0.73682092555332,71,105,party_nostyle,turvallisuus
2023-2027,4,VAS,KESK,0.7136945969602928,71,177,party_nostyle,turvallisuus
2023-2027,4,VAS,KOK,0.752860203290943,71,618,party_nostyle,turvallisuus
2023-2027,4,VAS,PS,0.7947686116700201,71,546,party_nostyle,turvallisuus
2023-2027,4,SDP,VIHR,0.30560526586444503,463,105,party_nostyle,turvallisuus
2023-2027,4,SDP,KESK,0.27817842369220624,463,177,party_nostyle,turvallisuus
2023-2027,4,SDP,KOK,0.2194426387636561,463,618,party_nostyle,turvallisuus
2023-2027,4,SDP,PS,0.3908179653320043,463,546,party_nostyle,turvallisuus
2023-2027,4,VIHR,KESK,0.6108689803605059,105,177,party_nostyle,turvallisuus
2023-2027,4,VIHR,KOK,0.45871474803513634,105,618,party_nostyle,turvallisuus
2023-2027,4,VIHR,PS,0.7034711320425608,105,546,party_nostyle,turvallisuus
2023-2027,4,KESK,KOK,0.37216828478964414,177,618,party_nostyle,turvallisuus
2023-2027,4,KESK,PS,0.39086525527203486,177,546,party_nostyle,turvallisuus
2023-2027,4,KOK,PS,0.3002240477968634,618,546,party_nostyle,turvallisuus
2023-2027,5,VAS,SDP,0.21457450904890263,112,371,party_nostyle,turvallisuus
2023-2027,5,VAS,VIHR,0.2644787644787645,112,111,party_nostyle,turvallisuus
2023-2027,5,VAS,KESK,0.6688095238095237,112,225,party_nostyle,turvallisuus
2023-2027,5,VAS,KOK,0.6937758799171843,112,552,party_nostyle,turvallisuus
2023-2027,5,VAS,PS,0.7649865791828212,112,479,party_nostyle,turvallisuus
2023-2027,5,SDP,VIHR,0.18962628396590664,371,111,party_nostyle,turvallisuus
2023-2027,5,SDP,KESK,0.19666966157532206,371,225,party_nostyle,turvallisuus
2023-2027,5,SDP,KOK,0.3398277276456112,371,552,party_nostyle,turvallisuus
2023-2027,5,SDP,PS,0.461310344439505,371,479,party_nostyle,turvallisuus
2023-2027,5,VIHR,KESK,0.591991991991992,111,225,party_nostyle,turvallisuus
2023-2027,5,VIHR,KOK,0.43422770596683646,111,552,party_nostyle,turvallisuus
2023-2027,5,VIHR,PS,0.5967198931708326,111,479,party_nostyle,turvallisuus
2023-2027,5,KESK,KOK,0.38199677938808385,225,552,party_nostyle,turvallisuus
2023-2027,5,KESK,PS,0.5854511714219441,225,479,party_nostyle,turvallisuus
2023-2027,5,KOK,PS,0.14404254031648067,552,479,party_nostyle,turvallisuus
2023-2027,6,VAS,SDP,0.24381514257620474,113,450,party_nostyle,turvallisuus
2023-2027,6,VAS,VIHR,0.23566043920026236,113,108,party_nostyle,turvallisuus
2023-2027,6,VAS,KESK,0.6474926253687314,113,144,party_nostyle,turvallisuus
2023-2027,6,VAS,KOK,0.7045457743011101,113,629,party_nostyle,turvallisuus
2023-2027,6,VAS,PS,0.6266884024219841,113,456,party_nostyle,turvallisuus
2023-2027,6,SDP,VIHR,0.35123456790123453,450,108,party_nostyle,turvallisuus
2023-2027,6,SDP,KESK,-0.06166666666666665,450,144,party_nostyle,turvallisuus
2023-2027,6,SDP,KOK,0.26653241476770884,450,629,party_nostyle,turvallisuus
2023-2027,6,SDP,PS,0.47485380116959064,450,456,party_nostyle,turvallisuus
2023-2027,6,VIHR,KESK,0.38503086419753085,108,144,party_nostyle,turvallisuus
2023-2027,6,VIHR,KOK,0.47553435788729903,108,629,party_nostyle,turvallisuus
2023-2027,6,VIHR,PS,0.6410412605588043,108,456,party_nostyle,turvallisuus
2023-2027,6,KESK,KOK,0.4118309485956544,144,629,party_nostyle,turvallisuus
2023-2027,6,KESK,PS,0.2763157894736843,144,456,party_nostyle,turvallisuus
2023-2027,6,KOK,PS,0.3086980169023512,629,456,party_nostyle,turvallisuus
2023-2027,7,VAS,SDP,0.3360051593882438,108,402,party_nostyle,turvallisuus
2023-2027,7,VAS,VIHR,0.2897842897842897,108,91,party_nostyle,turvallisuus
2023-2027,7,VAS,KESK,0.7703544061302681,108,232,party_nostyle,turvallisuus
2023-2027,7,VAS,KOK,0.7366666666666666,108,700,party_nostyle,turvallisuus
2023-2027,7,VAS,PS,0.7768943255181788,108,545,party_nostyle,turvallisuus
2023-2027,7,SDP,VIHR,0.2012465146793505,402,91,party_nostyle,turvallisuus
2023-2027,7,SDP,KESK,0.14320638188368506,402,232,party_nostyle,turvallisuus
2023-2027,7,SDP,KOK,0.13209665955934624,402,700,party_nostyle,turvallisuus
2023-2027,7,SDP,PS,0.34433337897667626,402,545,party_nostyle,turvallisuus
2023-2027,7,VIHR,KESK,0.6483516483516483,91,232,party_nostyle,turvallisuus
2023-2027,7,VIHR,KOK,0.3957299843014128,91,700,party_nostyle,turvallisuus
2023-2027,7,VIHR,PS,0.6583929831636253,91,545,party_nostyle,turvallisuus
2023-2027,7,KESK,KOK,0.2725123152709359,232,700,party_nostyle,turvallisuus
2023-2027,7,KESK,PS,0.3636507434356213,232,545,party_nostyle,turvallisuus
2023-2027,7,KOK,PS,0.08781127129750987,700,545,party_nostyle,turvallisuus
2015-2019,0,VAS,SDP,0.20704855888450746,544,1447,party_nostyle,eriarvoisuus
2015-2019,0,VAS,VIHR,0.026881400333412797,544,494,party_nostyle,eriarvoisuus
2015-2019,0,VAS,KESK,0.585519526370105,544,1083,party_nostyle,eriarvoisuus
2015-2019,0,VAS,KOK,0.484677703416696,544,1002,party_nostyle,eriarvoisuus
2015-2019,0,VAS,PS,0.47340416467861757,544,863,party_nostyle,eriarvoisuus
2015-2019,0,SDP,VIHR,0.40408607505686756,1447,494,party_nostyle,eriarvoisuus
2015-2019,0,SDP,KESK,0.6432661328146687,1447,1083,party_nostyle,eriarvoisuus
2015-2019,0,SDP,KOK,0.5644785067046281,1447,1002,party_nostyle,eriarvoisuus
2015-2019,0,SDP,PS,0.5768125365862642,1447,863,party_nostyle,eriarvoisuus
2015-2019,0,VIHR,KESK,0.6933544173666641,494,1083,party_nostyle,eriarvoisuus
2015-2019,0,VIHR,KOK,0.6680646803558874,494,1002,party_nostyle,eriarvoisuus
2015-2019,0,VIHR,PS,0.6349895149675597,494,863,party_nostyle,eriarvoisuus
2015-2019,0,KESK,KOK,0.27437737636453763,1083,1002,party_nostyle,eriarvoisuus
2015-2019,0,KESK,PS,0.3452803197846417,1083,863,party_nostyle,eriarvoisuus
2015-2019,0,KOK,PS,0.35103142498317386,1002,863,party_nostyle,eriarvoisuus
2015-2019,1,VAS,SDP,0.13585219081050592,688,1113,party_nostyle,eriarvoisuus
2015-2019,1,VAS,VIHR,0.05211000783903841,688,445,party_nostyle,eriarvoisuus
2015-2019,1,VAS,KESK,0.5596006974288452,688,947,party_nostyle,eriarvoisuus
2015-2019,1,VAS,KOK,0.43235688729874777,688,1066,party_nostyle,eriarvoisuus
2015-2019,1,VAS,PS,0.49545661287770937,688,882,party_nostyle,eriarvoisuus
2015-2019,1,SDP,VIHR,0.37202620713326673,1113,445,party_nostyle,eriarvoisuus
2015-2019,1,SDP,KESK,0.5997603440571306,1113,947,party_nostyle,eriarvoisuus
2015-2019,1,SDP,KOK,0.5027030033932933,1113,1066,party_nostyle,eriarvoisuus
2015-2019,1,SDP,PS,0.5429687897920477,1113,882,party_nostyle,eriarvoisuus
2015-2019,1,VIHR,KESK,0.595704946430478,445,947,party_nostyle,eriarvoisuus
2015-2019,1,VIHR,KOK,0.4564791196745157,445,1066,party_nostyle,eriarvoisuus
2015-2019,1,VIHR,PS,0.5061173533083647,445,882,party_nostyle,eriarvoisuus
2015-2019,1,KESK,KOK,0.22968354693700443,947,1066,party_nostyle,eriarvoisuus
2015-2019,1,KESK,PS,0.32435163435314296,947,882,party_nostyle,eriarvoisuus
2015-2019,1,KOK,PS,0.34755565766018726,1066,882,party_nostyle,eriarvoisuus
2015-2019,2,VAS,SDP,0.15792800585534628,665,1808,party_nostyle,eriarvoisuus
2015-2019,2,VAS,VIHR,0.22335290280495768,665,438,party_nostyle,eriarvoisuus
2015-2019,2,VAS,KESK,0.5197500329771798,665,912,party_nostyle,eriarvoisuus
2015-2019,2,VAS,KOK,0.4704065062838585,665,1102,party_nostyle,eriarvoisuus
2015-2019,2,VAS,PS,0.5291065501591818,665,888,party_nostyle,eriarvoisuus
2015-2019,2,SDP,VIHR,0.5291979835939711,1808,438,party_nostyle,eriarvoisuus
2015-2019,2,SDP,KESK,0.5787557250426953,1808,912,party_nostyle,eriarvoisuus
2015-2019,2,SDP,KOK,0.539164511828855,1808,1102,party_nostyle,eriarvoisuus
2015-2019,2,SDP,PS,0.5058324364187197,1808,888,party_nostyle,eriarvoisuus
2015-2019,2,VIHR,KESK,0.7433259232556277,438,912,party_nostyle,eriarvoisuus
2015-2019,2,VIHR,KOK,0.684620739377968,438,1102,party_nostyle,eriarvoisuus
2015-2019,2,VIHR,PS,0.7234151960179358,438,888,party_nostyle,eriarvoisuus
2015-2019,2,KESK,KOK,0.27285020059222465,912,1102,party_nostyle,eriarvoisuus
2015-2019,2,KESK,PS,0.3806750829777146,912,888,party_nostyle,eriarvoisuus
2015-2019,2,KOK,PS,0.46638176288811484,1102,888,party_nostyle,eriarvoisuus
2015-2019,3,VAS,SDP,0.07895885486873366,577,1620,party_nostyle,eriarvoisuus
2015-2019,3,VAS,VIHR,0.2569410275133901,577,553,party_nostyle,eriarvoisuus
2015-2019,3,VAS,KESK,0.5883811824789458,577,1109,party_nostyle,eriarvoisuus
2015-2019,3,VAS,KOK,0.4813317072127008,577,972,party_nostyle,eriarvoisuus
2015-2019,3,VAS,PS,0.5321733102253035,577,875,party_nostyle,eriarvoisuus
2015-2019,3,SDP,VIHR,0.3226910454758558,1620,553,party_nostyle,eriarvoisuus
2015-2019,3,SDP,KESK,0.6341281768693852,1620,1109,party_nostyle,eriarvoisuus
2015-2019,3,SDP,KOK,0.5355217700553776,1620,972,party_nostyle,eriarvoisuus
2015-2019,3,SDP,PS,0.48505820105820097,1620,875,party_nostyle,eriarvoisuus
2015-2019,3,VIHR,KESK,0.7237170153128196,553,1109,party_nostyle,eriarvoisuus
2015-2019,3,VIHR,KOK,0.6918045230281518,553,972,party_nostyle,eriarvoisuus
2015-2019,3,VIHR,PS,0.6503766468612764,553,875,party_nostyle,eriarvoisuus
2015-2019,3,KESK,KOK,0.31268113118629115,1109,972,party_nostyle,eriarvoisuus
2015-2019,3,KESK,PS,0.3691160633775603,1109,875,party_nostyle,eriarvoisuus
2015-2019,3,KOK,PS,0.4276002351557908,972,875,party_nostyle,eriarvoisuus
2015-2019,4,VAS,SDP,0.1990918813788538,633,1709,party_nostyle,eriarvoisuus
2015-2019,4,VAS,VIHR,0.20756711233951397,633,559,party_nostyle,eriarvoisuus
2015-2019,4,VAS,KESK,0.6033028366091979,633,1107,party_nostyle,eriarvoisuus
2015-2019,4,VAS,KOK,0.5730428715123286,633,1046,party_nostyle,eriarvoisuus
2015-2019,4,VAS,PS,0.5528126172833039,633,905,party_nostyle,eriarvoisuus
2015-2019,4,SDP,VIHR,0.45351925144269334,1709,559,party_nostyle,eriarvoisuus
2015-2019,4,SDP,KESK,0.6196415913837314,1709,1107,party_nostyle,eriarvoisuus
2015-2019,4,SDP,KOK,0.5589517647545834,1709,1046,party_nostyle,eriarvoisuus
2015-2019,4,SDP,PS,0.4698395559420552,1709,905,party_nostyle,eriarvoisuus
2015-2019,4,VIHR,KESK,0.6754657707578864,559,1107,party_nostyle,eriarvoisuus
2015-2019,4,VIHR,KOK,0.6574085792370288,559,1046,party_nostyle,eriarvoisuus
2015-2019,4,VIHR,PS,0.6408582808685597,559,905,party_nostyle,eriarvoisuus
2015-2019,4,KESK,KOK,0.2549290884878255,1107,1046,party_nostyle,eriarvoisuus
2015-2019,4,KESK,PS,0.3952387369177557,1107,905,party_nostyle,eriarvoisuus
2015-2019,4,KOK,PS,0.38964326083052514,1046,905,party_nostyle,eriarvoisuus
2015-2019,5,VAS,SDP,0.09829870774882155,501,1704,party_nostyle,eriarvoisuus
2015-2019,5,VAS,VIHR,0.14202526405887705,501,569,party_nostyle,eriarvoisuus
2015-2019,5,VAS,KESK,0.5648623623178963,501,1011,party_nostyle,eriarvoisuus
2015-2019,5,VAS,KOK,0.43938529370650214,501,871,party_nostyle,eriarvoisuus
2015-2019,5,VAS,PS,0.48754289981188714,501,834,party_nostyle,eriarvoisuus
2015-2019,5,SDP,VIHR,0.3240385488089641,1704,569,party_nostyle,eriarvoisuus
2015-2019,5,SDP,KESK,0.6158047858532667,1704,1011,party_nostyle,eriarvoisuus
2015-2019,5,SDP,KOK,0.48522285646523633,1704,871,party_nostyle,eriarvoisuus
2015-2019,5,SDP,PS,0.46081866900845525,1704,834,party_nostyle,eriarvoisuus
2015-2019,5,VIHR,KESK,0.7085278109512412,569,1011,party_nostyle,eriarvoisuus
2015-2019,5,VIHR,KOK,0.6430178430545666,569,871,party_nostyle,eriarvoisuus
2015-2019,5,VIHR,PS,0.663240233823486,569,834,party_nostyle,eriarvoisuus
2015-2019,5,KESK,KOK,0.25747659783710986,1011,871,party_nostyle,eriarvoisuus
2015-2019,5,KESK,PS,0.30591669097956053,1011,834,party_nostyle,eriarvoisuus
2015-2019,5,KOK,PS,0.3557503021692865,871,834,party_nostyle,eriarvoisuus
2015-2019,6,VAS,SDP,0.03232545649838903,665,1680,party_nostyle,eriarvoisuus
2015-2019,6,VAS,VIHR,0.10737393943574536,665,545,party_nostyle,eriarvoisuus
2015-2019,6,VAS,KESK,0.6205649258280836,665,1036,party_nostyle,eriarvoisuus
2015-2019,6,VAS,KOK,0.5242577831581865,665,1031,party_nostyle,eriarvoisuus
2015-2019,6,VAS,PS,0.5323711577795063,665,783,party_nostyle,eriarvoisuus
2015-2019,6,SDP,VIHR,0.21180428134556584,1680,545,party_nostyle,eriarvoisuus
2015-2019,6,SDP,KESK,0.5953851810994668,1680,1036,party_nostyle,eriarvoisuus
2015-2019,6,SDP,KOK,0.48201468754330046,1680,1031,party_nostyle,eriarvoisuus
2015-2019,6,SDP,PS,0.4945006993857568,1680,783,party_nostyle,eriarvoisuus
2015-2019,6,VIHR,KESK,0.7139066983103679,545,1036,party_nostyle,eriarvoisuus
2015-2019,6,VIHR,KOK,0.6172416554694382,545,1031,party_nostyle,eriarvoisuus
2015-2019,6,VIHR,PS,0.6400389000199189,545,783,party_nostyle,eriarvoisuus
2015-2019,6,KESK,KOK,0.23412625594972836,1036,1031,party_nostyle,eriarvoisuus
2015-2019,6,KESK,PS,0.5288515116101324,1036,783,party_nostyle,eriarvoisuus
2015-2019,6,KOK,PS,0.5215150265151935,1031,783,party_nostyle,eriarvoisuus
2015-2019,7,VAS,SDP,0.15993756967670003,525,1495,party_nostyle,eriarvoisuus
2015-2019,7,VAS,VIHR,0.12372077146270688,525,558,party_nostyle,eriarvoisuus
2015-2019,7,VAS,KESK,0.5478639455782313,525,1085,party_nostyle,eriarvoisuus
2015-2019,7,VAS,KOK,0.3763919584609239,525,1073,party_nostyle,eriarvoisuus
2015-2019,7,VAS,PS,0.41271199388846447,525,748,party_nostyle,eriarvoisuus
2015-2019,7,SDP,VIHR,0.42403231800146246,1495,558,party_nostyle,eriarvoisuus
2015-2019,7,SDP,KESK,0.6565732164049134,1495,1085,party_nostyle,eriarvoisuus
2015-2019,7,SDP,KOK,0.5613835493895463,1495,1073,party_nostyle,eriarvoisuus
2015-2019,7,SDP,PS,0.5915583138089531,1495,748,party_nostyle,eriarvoisuus
2015-2019,7,VIHR,KESK,0.7137571643294847,558,1085,party_nostyle,eriarvoisuus
2015-2019,7,VIHR,KOK,0.6308076708521646,558,1073,party_nostyle,eriarvoisuus
2015-2019,7,VIHR,PS,0.6602840549709619,558,748,party_nostyle,eriarvoisuus
2015-2019,7,KESK,KOK,0.22514333815779874,1085,1073,party_nostyle,eriarvoisuus
2015-2019,7,KESK,PS,0.46847876980704295,1085,748,party_nostyle,eriarvoisuus
2015-2019,7,KOK,PS,0.5378916626381129,1073,748,party_nostyle,eriarvoisuus
2019-2023,0,VAS,SDP,0.25358228397742066,329,630,party_nostyle,eriarvoisuus
2019-2023,0,VAS,VIHR,0.4442502532928063,329,240,party_nostyle,eriarvoisuus
2019-2023,0,VAS,KESK,0.43155942506826017,329,885,party_nostyle,eriarvoisuus
2019-2023,0,VAS,KOK,0.5537437866554453,329,809,party_nostyle,eriarvoisuus
2019-2023,0,VAS,PS,0.6687088399189463,329,1152,party_nostyle,eriarvoisuus
2019-2023,0,SDP,VIHR,0.5586507936507936,630,240,party_nostyle,eriarvoisuus
2019-2023,0,SDP,KESK,0.14222042866110662,630,885,party_nostyle,eriarvoisuus
2019-2023,0,SDP,KOK,0.42054662821041067,630,809,party_nostyle,eriarvoisuus
2019-2023,0,SDP,PS,0.7458912037037035,630,1152,party_nostyle,eriarvoisuus
2019-2023,0,VIHR,KESK,0.7083239171374767,240,885,party_nostyle,eriarvoisuus
2019-2023,0,VIHR,KOK,0.8063246806757316,240,809,party_nostyle,eriarvoisuus
2019-2023,0,VIHR,PS,0.9130931712962964,240,1152,party_nostyle,eriarvoisuus
2019-2023,0,KESK,KOK,0.24572011201664878,885,809,party_nostyle,eriarvoisuus
2019-2023,0,KESK,PS,0.5583529504080351,885,1152,party_nostyle,eriarvoisuus
2019-2023,0,KOK,PS,0.553632742755116,809,1152,party_nostyle,eriarvoisuus
2019-2023,1,VAS,SDP,0.25674971428571425,350,625,party_nostyle,eriarvoisuus
2019-2023,1,VAS,VIHR,0.47619047619047605,350,243,party_nostyle,eriarvoisuus
2019-2023,1,VAS,KESK,0.4567432567432568,350,858,party_nostyle,eriarvoisuus
2019-2023,1,VAS,KOK,0.5951020408163266,350,819,party_nostyle,eriarvoisuus
2019-2023,1,VAS,PS,0.7542468746207065,350,1177,party_nostyle,eriarvoisuus
2019-2023,1,SDP,VIHR,0.5750584362139919,625,243,party_nostyle,eriarvoisuus
2019-2023,1,SDP,KESK,0.23856783216783217,625,858,party_nostyle,eriarvoisuus
2019-2023,1,SDP,KOK,0.5275409035409035,625,819,party_nostyle,eriarvoisuus
2019-2023,1,SDP,PS,0.720969243840272,625,1177,party_nostyle,eriarvoisuus
2019-2023,1,VIHR,KESK,0.6674340748414822,243,858,party_nostyle,eriarvoisuus
2019-2023,1,VIHR,KOK,0.8255425415919242,243,819,party_nostyle,eriarvoisuus
2019-2023,1,VIHR,PS,0.9162759474285955,243,1177,party_nostyle,eriarvoisuus
2019-2023,1,KESK,KOK,0.48481433096817717,858,819,party_nostyle,eriarvoisuus
2019-2023,1,KESK,PS,0.5987150770498266,858,1177,party_nostyle,eriarvoisuus
2019-2023,1,KOK,PS,0.5517110096549349,819,1177,party_nostyle,eriarvoisuus
2019-2023,2,VAS,SDP,0.3286348761103317,360,713,party_nostyle,eriarvoisuus
2019-2023,2,VAS,VIHR,0.3517740429505136,360,238,party_nostyle,eriarvoisuus
2019-2023,2,VAS,KESK,0.5384377703621308,360,899,party_nostyle,eriarvoisuus
2019-2023,2,VAS,KOK,0.6369881285847674,360,833,party_nostyle,eriarvoisuus
2019-2023,2,VAS,PS,0.7224083474337282,360,985,party_nostyle,eriarvoisuus
2019-2023,2,SDP,VIHR,0.5793604959515362,713,238,party_nostyle,eriarvoisuus
2019-2023,2,SDP,KESK,0.1651999182510724,713,899,party_nostyle,eriarvoisuus
2019-2023,2,SDP,KOK,0.45383033999013356,713,833,party_nostyle,eriarvoisuus
2019-2023,2,SDP,PS,0.795123201458056,713,985,party_nostyle,eriarvoisuus
2019-2023,2,VIHR,KESK,0.6845140725923293,238,899,party_nostyle,eriarvoisuus
2019-2023,2,VIHR,KOK,0.7774874655744652,238,833,party_nostyle,eriarvoisuus
2019-2023,2,VIHR,PS,0.9051657211107795,238,985,party_nostyle,eriarvoisuus
2019-2023,2,KESK,KOK,0.4558205929757886,899,833,party_nostyle,eriarvoisuus
2019-2023,2,KESK,PS,0.6858415724183102,899,985,party_nostyle,eriarvoisuus
2019-2023,2,KOK,PS,0.6241924180839851,833,985,party_nostyle,eriarvoisuus
2019-2023,3,VAS,SDP,0.548080008122652,335,735,party_nostyle,eriarvoisuus
2019-2023,3,VAS,VIHR,0.5209447269148759,335,273,party_nostyle,eriarvoisuus
2019-2023,3,VAS,KESK,0.6668082049644823,335,935,party_nostyle,eriarvoisuus
2019-2023,3,VAS,KOK,0.6762159352491273,335,804,party_nostyle,eriarvoisuus
2019-2023,3,VAS,PS,0.824973117123317,335,1041,party_nostyle,eriarvoisuus
2019-2023,3,SDP,VIHR,0.657431910493135,735,273,party_nostyle,eriarvoisuus
2019-2023,3,SDP,KESK,0.2867401506056968,735,935,party_nostyle,eriarvoisuus
2019-2023,3,SDP,KOK,0.5389075032998276,735,804,party_nostyle,eriarvoisuus
2019-2023,3,SDP,PS,0.7958948420866905,735,1041,party_nostyle,eriarvoisuus
2019-2023,3,VIHR,KESK,0.7223560752972518,273,935,party_nostyle,eriarvoisuus
2019-2023,3,VIHR,KOK,0.7804475789550416,273,804,party_nostyle,eriarvoisuus
2019-2023,3,VIHR,PS,0.9180275376240794,273,1041,party_nostyle,eriarvoisuus
2019-2023,3,KESK,KOK,0.3721366429882671,935,804,party_nostyle,eriarvoisuus
2019-2023,3,KESK,PS,0.6820560238766715,935,1041,party_nostyle,eriarvoisuus
2019-2023,3,KOK,PS,0.6327846836900988,804,1041,party_nostyle,eriarvoisuus
2019-2023,4,VAS,SDP,0.3223566859392297,352,739,party_nostyle,eriarvoisuus
2019-2023,4,VAS,VIHR,0.35332644628099175,352,275,party_nostyle,eriarvoisuus
2019-2023,4,VAS,KESK,0.54245694353608,352,834,party_nostyle,eriarvoisuus
2019-2023,4,VAS,KOK,0.5957700595115945,352,886,party_nostyle,eriarvoisuus
2019-2023,4,VAS,PS,0.7298008520142278,352,1099,party_nostyle,eriarvoisuus
2019-2023,4,SDP,VIHR,0.6234715217123878,739,275,party_nostyle,eriarvoisuus
2019-2023,4,SDP,KESK,0.2672936076037682,739,834,party_nostyle,eriarvoisuus
2019-2023,4,SDP,KOK,0.5246489521255311,739,886,party_nostyle,eriarvoisuus
2019-2023,4,SDP,PS,0.7682823972094202,739,1099,party_nostyle,eriarvoisuus
2019-2023,4,VIHR,KESK,0.7623980815347722,275,834,party_nostyle,eriarvoisuus
2019-2023,4,VIHR,KOK,0.8161543197209109,275,886,party_nostyle,eriarvoisuus
2019-2023,4,VIHR,PS,0.9195036810323434,275,1099,party_nostyle,eriarvoisuus
2019-2023,4,KESK,KOK,0.4512074313461194,834,886,party_nostyle,eriarvoisuus
2019-2023,4,KESK,PS,0.614402017967064,834,1099,party_nostyle,eriarvoisuus
2019-2023,4,KOK,PS,0.5701181250346612,886,1099,party_nostyle,eriarvoisuus
2019-2023,5,VAS,SDP,0.12263099219620965,299,744,party_nostyle,eriarvoisuus
2019-2023,5,VAS,VIHR,0.3997487855445754,299,221,party_nostyle,eriarvoisuus
2019-2023,5,VAS,KESK,0.3080857761164668,299,850,party_nostyle,eriarvoisuus
2019-2023,5,VAS,KOK,0.43333543069275793,299,691,party_nostyle,eriarvoisuus
2019-2023,5,VAS,PS,0.6622160750140202,299,1151,party_nostyle,eriarvoisuus
2019-2023,5,SDP,VIHR,0.5597236413175692,744,221,party_nostyle,eriarvoisuus
2019-2023,5,SDP,KESK,0.06993991144845046,744,850,party_nostyle,eriarvoisuus
2019-2023,5,SDP,KOK,0.4279795527753141,744,691,party_nostyle,eriarvoisuus
2019-2023,5,SDP,PS,0.7717739599973841,744,1151,party_nostyle,eriarvoisuus
2019-2023,5,VIHR,KESK,0.7307532605802503,221,850,party_nostyle,eriarvoisuus
2019-2023,5,VIHR,KOK,0.8021360609255392,221,691,party_nostyle,eriarvoisuus
2019-2023,5,VIHR,PS,0.9307075098969615,221,1151,party_nostyle,eriarvoisuus
2019-2023,5,KESK,KOK,0.41617434238528994,850,691,party_nostyle,eriarvoisuus
2019-2023,5,KESK,PS,0.7364971635917619,850,1151,party_nostyle,eriarvoisuus
2019-2023,5,KOK,PS,0.43598531950446406,691,1151,party_nostyle,eriarvoisuus
2019-2023,6,VAS,SDP,0.4380268250967685,345,805,party_nostyle,eriarvoisuus
2019-2023,6,VAS,VIHR,0.46245636305934634,345,274,party_nostyle,eriarvoisuus
2019-2023,6,VAS,KESK,0.596374388056808,345,897,party_nostyle,eriarvoisuus
2019-2023,6,VAS,KOK,0.6399621012738184,345,826,party_nostyle,eriarvoisuus
2019-2023,6,VAS,PS,0.7699142930877576,345,1067,party_nostyle,eriarvoisuus
2019-2023,6,SDP,VIHR,0.6111710568073627,805,274,party_nostyle,eriarvoisuus
2019-2023,6,SDP,KESK,0.22274524467341106,805,897,party_nostyle,eriarvoisuus
2019-2023,6,SDP,KOK,0.5145323567894364,805,826,party_nostyle,eriarvoisuus
2019-2023,6,SDP,PS,0.793746907507553,805,1067,party_nostyle,eriarvoisuus
2019-2023,6,VIHR,KESK,0.7705164823539943,274,897,party_nostyle,eriarvoisuus
2019-2023,6,VIHR,KOK,0.7463724571852743,274,826,party_nostyle,eriarvoisuus
2019-2023,6,VIHR,PS,0.9076748370148926,274,1067,party_nostyle,eriarvoisuus
2019-2023,6,KESK,KOK,0.4549952626592275,897,826,party_nostyle,eriarvoisuus
2019-2023,6,KESK,PS,0.6489913791572239,897,1067,party_nostyle,eriarvoisuus
2019-2023,6,KOK,PS,0.613480351554788,826,1067,party_nostyle,eriarvoisuus
2019-2023,7,VAS,SDP,0.35325809910527495,378,602,party_nostyle,eriarvoisuus
2019-2023,7,VAS,VIHR,0.4098397652900023,378,211,party_nostyle,eriarvoisuus
2019-2023,7,VAS,KESK,0.5782868176233105,378,844,party_nostyle,eriarvoisuus
2019-2023,7,VAS,KOK,0.6033130306386123,378,688,party_nostyle,eriarvoisuus
2019-2023,7,VAS,PS,0.7422180190871779,378,856,party_nostyle,eriarvoisuus
2019-2023,7,SDP,VIHR,0.529845223662043,602,211,party_nostyle,eriarvoisuus
2019-2023,7,SDP,KESK,0.3152131126891402,602,844,party_nostyle,eriarvoisuus
2019-2023,7,SDP,KOK,0.5185621571505834,602,688,party_nostyle,eriarvoisuus
2019-2023,7,SDP,PS,0.8272192380538392,602,856,party_nostyle,eriarvoisuus
2019-2023,7,VIHR,KESK,0.698456907976011,211,844,party_nostyle,eriarvoisuus
2019-2023,7,VIHR,KOK,0.6407610492670561,211,688,party_nostyle,eriarvoisuus
2019-2023,7,VIHR,PS,0.8860898259290428,211,856,party_nostyle,eriarvoisuus
2019-2023,7,KESK,KOK,0.36284856166648294,844,688,party_nostyle,eriarvoisuus
2019-2023,7,KESK,PS,0.702443305133543,844,856,party_nostyle,eriarvoisuus
2019-2023,7,KOK,PS,0.5696248098239514,688,856,party_nostyle,eriarvoisuus
2023-2027,0,VAS,SDP,0.5920752804669207,403,1420,party_nostyle,eriarvoisuus
2023-2027,0,VAS,VIHR,0.5399346400554916,403,347,party_nostyle,eriarvoisuus
2023-2027,0,VAS,KESK,0.7976178660049629,403,550,party_nostyle,eriarvoisuus
2023-2027,0,VAS,KOK,0.9029996208064184,403,746,party_nostyle,eriarvoisuus
2023-2027,0,VAS,PS,0.8398417399457982,403,1085,party_nostyle,eriarvoisuus
2023-2027,0,SDP,VIHR,0.6697081625197874,1420,347,party_nostyle,eriarvoisuus
2023-2027,0,SDP,KESK,0.5745403329065302,1420,550,party_nostyle,eriarvoisuus
2023-2027,0,SDP,KOK,0.6800154816297246,1420,746,party_nostyle,eriarvoisuus
2023-2027,0,SDP,PS,0.69540858051535,1420,1085,party_nostyle,eriarvoisuus
2023-2027,0,VIHR,KESK,0.7883678281372806,347,550,party_nostyle,eriarvoisuus
2023-2027,0,VIHR,KOK,0.8548724803176984,347,746,party_nostyle,eriarvoisuus
2023-2027,0,VIHR,PS,0.8374161675453855,347,1085,party_nostyle,eriarvoisuus
2023-2027,0,KESK,KOK,0.7257031440409456,550,746,party_nostyle,eriarvoisuus
2023-2027,0,KESK,PS,0.7203720150816926,550,1085,party_nostyle,eriarvoisuus
2023-2027,0,KOK,PS,0.37810009760195684,746,1085,party_nostyle,eriarvoisuus
2023-2027,1,VAS,SDP,0.5518783763455397,377,1393,party_nostyle,eriarvoisuus
2023-2027,1,VAS,VIHR,0.6218791872897813,377,388,party_nostyle,eriarvoisuus
2023-2027,1,VAS,KESK,0.8401514944351776,377,776,party_nostyle,eriarvoisuus
2023-2027,1,VAS,KOK,0.8904031381202713,377,827,party_nostyle,eriarvoisuus
2023-2027,1,VAS,PS,0.8005820807544946,377,1152,party_nostyle,eriarvoisuus
2023-2027,1,SDP,VIHR,0.7124706744325457,1393,388,party_nostyle,eriarvoisuus
2023-2027,1,SDP,KESK,0.5233050377069439,1393,776,party_nostyle,eriarvoisuus
2023-2027,1,SDP,KOK,0.6614702463778559,1393,827,party_nostyle,eriarvoisuus
2023-2027,1,SDP,PS,0.8142037070271995,1393,1152,party_nostyle,eriarvoisuus
2023-2027,1,VIHR,KESK,0.8468753321288129,388,776,party_nostyle,eriarvoisuus
2023-2027,1,VIHR,KOK,0.852241987559057,388,827,party_nostyle,eriarvoisuus
2023-2027,1,VIHR,PS,0.8529853951890034,388,1152,party_nostyle,eriarvoisuus
2023-2027,1,KESK,KOK,0.7071329734850846,776,827,party_nostyle,eriarvoisuus
2023-2027,1,KESK,PS,0.6982477806414662,776,1152,party_nostyle,eriarvoisuus
2023-2027,1,KOK,PS,0.4887625117560124,827,1152,party_nostyle,eriarvoisuus
2023-2027,2,VAS,SDP,0.5660225614746806,435,1292,party_nostyle,eriarvoisuus
2023-2027,2,VAS,VIHR,0.5250707979343661,435,276,party_nostyle,eriarvoisuus
2023-2027,2,VAS,KESK,0.8142642259117356,435,810,party_nostyle,eriarvoisuus
2023-2027,2,VAS,KOK,0.8728457427337286,435,785,party_nostyle,eriarvoisuus
2023-2027,2,VAS,PS,0.8141867841589407,435,1127,party_nostyle,eriarvoisuus
2023-2027,2,SDP,VIHR,0.641315565127653,1292,276,party_nostyle,eriarvoisuus
2023-2027,2,SDP,KESK,0.5560562626610097,1292,810,party_nostyle,eriarvoisuus
2023-2027,2,SDP,KOK,0.6468695154897359,1292,785,party_nostyle,eriarvoisuus
2023-2027,2,SDP,PS,0.7528521706165303,1292,1127,party_nostyle,eriarvoisuus
2023-2027,2,VIHR,KESK,0.7941134371086063,276,810,party_nostyle,eriarvoisuus
2023-2027,2,VIHR,KOK,0.8076433121019109,276,785,party_nostyle,eriarvoisuus
2023-2027,2,VIHR,PS,0.809408073248203,276,1127,party_nostyle,eriarvoisuus
2023-2027,2,KESK,KOK,0.7073366359990565,810,785,party_nostyle,eriarvoisuus
2023-2027,2,KESK,PS,0.677244295463757,810,1127,party_nostyle,eriarvoisuus
2023-2027,2,KOK,PS,0.3084271980739124,785,1127,party_nostyle,eriarvoisuus
2023-2027,3,VAS,SDP,0.5424214889024357,383,1362,party_nostyle,eriarvoisuus
2023-2027,3,VAS,VIHR,0.5452521643534423,383,285,party_nostyle,eriarvoisuus
2023-2027,3,VAS,KESK,0.8129341522554501,383,701,party_nostyle,eriarvoisuus
2023-2027,3,VAS,KOK,0.8569255469244117,383,805,party_nostyle,eriarvoisuus
2023-2027,3,VAS,PS,0.7751577903791669,383,1222,party_nostyle,eriarvoisuus
2023-2027,3,SDP,VIHR,0.7169693690908623,1362,285,party_nostyle,eriarvoisuus
2023-2027,3,SDP,KESK,0.4995862843305454,1362,701,party_nostyle,eriarvoisuus
2023-2027,3,SDP,KOK,0.6700066580932318,1362,805,party_nostyle,eriarvoisuus
2023-2027,3,SDP,PS,0.7684160436058458,1362,1222,party_nostyle,eriarvoisuus
2023-2027,3,VIHR,KESK,0.8025177065345246,285,701,party_nostyle,eriarvoisuus
2023-2027,3,VIHR,KOK,0.8651498310994876,285,805,party_nostyle,eriarvoisuus
2023-2027,3,VIHR,PS,0.8630832400149311,285,1222,party_nostyle,eriarvoisuus
2023-2027,3,KESK,KOK,0.6787836365086257,701,805,party_nostyle,eriarvoisuus
2023-2027,3,KESK,PS,0.6016072433348667,701,1222,party_nostyle,eriarvoisuus
2023-2027,3,KOK,PS,0.42610525459739135,805,1222,party_nostyle,eriarvoisuus
2023-2027,4,VAS,SDP,0.5248916601273921,403,1404,party_nostyle,eriarvoisuus
2023-2027,4,VAS,VIHR,0.5958760004193899,403,355,party_nostyle,eriarvoisuus
2023-2027,4,VAS,KESK,0.8122322021458777,403,710,party_nostyle,eriarvoisuus
2023-2027,4,VAS,KOK,0.8624554253693326,403,755,party_nostyle,eriarvoisuus
2023-2027,4,VAS,PS,0.8358449152578076,403,1178,party_nostyle,eriarvoisuus
2023-2027,4,SDP,VIHR,0.7490108743629871,1404,355,party_nostyle,eriarvoisuus
2023-2027,4,SDP,KESK,0.5665583243048031,1404,710,party_nostyle,eriarvoisuus
2023-2027,4,SDP,KOK,0.6255693288805872,1404,755,party_nostyle,eriarvoisuus
2023-2027,4,SDP,PS,0.7284402072177965,1404,1178,party_nostyle,eriarvoisuus
2023-2027,4,VIHR,KESK,0.848593533029161,355,710,party_nostyle,eriarvoisuus
2023-2027,4,VIHR,KOK,0.8345303609737895,355,755,party_nostyle,eriarvoisuus
2023-2027,4,VIHR,PS,0.8621631315909037,355,1178,party_nostyle,eriarvoisuus
2023-2027,4,KESK,KOK,0.6790896371607125,710,755,party_nostyle,eriarvoisuus
2023-2027,4,KESK,PS,0.6357899519357229,710,1178,party_nostyle,eriarvoisuus
2023-2027,4,KOK,PS,0.3281485062795848,755,1178,party_nostyle,eriarvoisuus
2023-2027,5,VAS,SDP,0.44160524160524184,390,1221,party_nostyle,eriarvoisuus
2023-2027,5,VAS,VIHR,0.3465402177730945,390,292,party_nostyle,eriarvoisuus
2023-2027,5,VAS,KESK,0.7997412797412795,390,555,party_nostyle,eriarvoisuus
2023-2027,5,VAS,KOK,0.8755502755502753,390,777,party_nostyle,eriarvoisuus
2023-2027,5,VAS,PS,0.8315617715617714,390,990,party_nostyle,eriarvoisuus
2023-2027,5,SDP,VIHR,0.6137850178946069,1221,292,party_nostyle,eriarvoisuus
2023-2027,5,SDP,KESK,0.5529672178320828,1221,555,party_nostyle,eriarvoisuus
2023-2027,5,SDP,KOK,0.7085010598524113,1221,777,party_nostyle,eriarvoisuus
2023-2027,5,SDP,PS,0.7369336278427188,1221,990,party_nostyle,eriarvoisuus
2023-2027,5,VIHR,KESK,0.7384178699247193,292,555,party_nostyle,eriarvoisuus
2023-2027,5,VIHR,KOK,0.8253027979055374,292,777,party_nostyle,eriarvoisuus
2023-2027,5,VIHR,PS,0.8168257921682578,292,990,party_nostyle,eriarvoisuus
2023-2027,5,KESK,KOK,0.7439168898628359,555,777,party_nostyle,eriarvoisuus
2023-2027,5,KESK,PS,0.7412175812175814,555,990,party_nostyle,eriarvoisuus
2023-2027,5,KOK,PS,0.3569101569101567,777,990,party_nostyle,eriarvoisuus
2023-2027,6,VAS,SDP,0.5513959034792368,405,1408,party_nostyle,eriarvoisuus
2023-2027,6,VAS,VIHR,0.5033408047817267,405,347,party_nostyle,eriarvoisuus
2023-2027,6,VAS,KESK,0.7988818388995456,405,753,party_nostyle,eriarvoisuus
2023-2027,6,VAS,KOK,0.9084326138610572,405,743,party_nostyle,eriarvoisuus
2023-2027,6,VAS,PS,0.8206225637223512,405,1099,party_nostyle,eriarvoisuus
2023-2027,6,SDP,VIHR,0.6878274823159549,1408,347,party_nostyle,eriarvoisuus
2023-2027,6,SDP,KESK,0.4438363968368948,1408,753,party_nostyle,eriarvoisuus
2023-2027,6,SDP,KOK,0.6481096292670987,1408,743,party_nostyle,eriarvoisuus
2023-2027,6,SDP,PS,0.7332259698899826,1408,1099,party_nostyle,eriarvoisuus
2023-2027,6,VIHR,KESK,0.7605964231450759,347,753,party_nostyle,eriarvoisuus
2023-2027,6,VIHR,KOK,0.8575213035400531,347,743,party_nostyle,eriarvoisuus
2023-2027,6,VIHR,PS,0.8940194517940072,347,1099,party_nostyle,eriarvoisuus
2023-2027,6,KESK,KOK,0.7123681139059732,753,743,party_nostyle,eriarvoisuus
2023-2027,6,KESK,PS,0.642555649407224,753,1099,party_nostyle,eriarvoisuus
2023-2027,6,KOK,PS,0.3143356801790935,743,1099,party_nostyle,eriarvoisuus
2023-2027,7,VAS,SDP,0.5055682365590959,373,1319,party_nostyle,eriarvoisuus
2023-2027,7,VAS,VIHR,0.5428915342467895,373,343,party_nostyle,eriarvoisuus
2023-2027,7,VAS,KESK,0.8270300047743213,373,730,party_nostyle,eriarvoisuus
2023-2027,7,VAS,KOK,0.8726314354523561,373,826,party_nostyle,eriarvoisuus
2023-2027,7,VAS,PS,0.8915145438210983,373,1131,party_nostyle,eriarvoisuus
2023-2027,7,SDP,VIHR,0.5567894221481513,1319,343,party_nostyle,eriarvoisuus
2023-2027,7,SDP,KESK,0.4677890057847893,1319,730,party_nostyle,eriarvoisuus
2023-2027,7,SDP,KOK,0.6223769933565491,1319,826,party_nostyle,eriarvoisuus
2023-2027,7,SDP,PS,0.6831777148108746,1319,1131,party_nostyle,eriarvoisuus
2023-2027,7,VIHR,KESK,0.7987699189264745,343,730,party_nostyle,eriarvoisuus
2023-2027,7,VIHR,KOK,0.8061612746101552,343,826,party_nostyle,eriarvoisuus
2023-2027,7,VIHR,PS,0.8704879450833007,343,1131,party_nostyle,eriarvoisuus
2023-2027,7,KESK,KOK,0.6561378486848652,730,826,party_nostyle,eriarvoisuus
2023-2027,7,KESK,PS,0.6424621198357618,730,1131,party_nostyle,eriarvoisuus
2023-2027,7,KOK,PS,0.31451307313376287,826,1131,party_nostyle,eriarvoisuus
